ST_CASE,VEH_NO,PER_NO,P1,P2,P3,P4,P5,P6,P7,P8,P9,P10
10001,1,1,11,11,11,11,11,11,11,11,11,11
10002,1,1,0,0,0,0,0,0,0,0,0,0
10003,1,1,0,0,0,0,0,0,0,0,0,0
10003,2,1,0,0,0,0,0,0,0,0,0,0
10003,3,1,0,0,0,0,0,0,0,0,0,0
10004,1,1,0,0,0,0,0,0,0,0,0,0
10004,2,1,0,0,0,0,0,0,0,0,0,0
10005,1,1,0,0,0,0,0,0,0,0,0,0
10005,2,1,0,0,0,0,0,0,0,0,0,0
10006,1,1,0,0,0,0,0,0,0,0,0,0
10007,1,1,0,0,0,0,0,0,0,0,0,0
10008,1,1,0,0,0,0,0,0,0,0,0,0
10009,1,1,0,0,0,0,0,0,0,0,0,0
10010,1,1,19,19,19,19,19,19,19,19,19,19
10010,2,1,0,0,0,0,0,0,0,0,0,0
10011,1,1,0,0,0,0,0,0,0,0,0,0
10012,1,1,8,8,8,8,8,8,8,8,8,8
10013,1,1,20,20,20,20,20,20,20,20,20,20
10014,1,1,0,0,0,0,0,0,0,0,0,0
10014,2,1,0,0,0,0,0,0,0,0,0,0
10015,1,1,0,0,0,0,0,0,0,0,0,0
10016,1,1,0,0,0,0,0,0,0,0,0,0
10016,2,1,0,0,0,0,0,0,0,0,0,0
10017,1,1,0,0,0,0,0,0,0,0,0,0
10018,1,1,0,0,0,0,0,0,0,0,0,0
10018,2,1,0,0,0,0,0,0,0,0,0,0
10019,1,1,8,8,8,8,8,8,8,8,8,8
10020,1,1,0,0,0,0,0,0,0,0,0,0
10020,2,1,0,0,0,0,0,0,0,0,0,0
10021,1,1,0,0,0,0,0,0,0,0,0,0
10021,2,1,0,0,0,0,0,0,0,0,0,0
10022,0,1,0,0,0,0,0,0,0,0,0,0
10022,1,1,0,0,0,0,0,0,0,0,0,0
10023,1,1,0,0,0,0,0,0,0,0,0,0
10023,2,1,0,0,0,0,0,0,0,0,0,0
10024,0,1,0,0,0,0,0,0,0,0,0,0
10024,1,1,0,0,0,0,0,0,0,0,0,0
10024,2,1,0,0,0,0,0,0,0,0,0,0
10025,1,1,0,25,20,0,18,30,15,17,9,26
10026,1,1,0,0,0,0,0,0,0,0,0,0
10027,1,1,0,0,0,0,0,0,0,0,0,0
10028,1,1,0,0,0,0,0,0,0,0,0,0
10028,2,1,0,0,0,0,0,0,0,14,0,0
10029,1,1,7,0,0,0,0,0,0,43,0,0
10030,1,1,12,12,12,12,12,12,12,12,12,12
10031,1,1,16,16,16,16,16,16,16,16,16,16
10032,1,1,0,0,0,0,0,0,0,0,0,0
10033,1,1,0,0,0,0,0,0,0,0,0,0
10034,1,1,0,0,0,0,0,0,0,0,0,0
10034,2,1,0,0,0,0,0,0,0,0,0,4
10035,1,1,0,18,0,0,0,0,0,0,0,0
10036,0,1,0,0,0,0,0,0,0,0,0,0
10036,1,1,0,0,0,0,0,0,0,0,0,0
10036,2,1,0,0,0,0,0,0,0,0,0,0
10036,3,1,0,0,0,0,0,0,0,0,0,0
10037,1,1,0,0,0,0,0,0,0,0,0,0
10038,1,1,0,0,0,0,0,0,0,0,0,0
10038,2,1,0,0,0,0,0,0,0,0,0,0
10039,1,1,10,21,6,16,15,25,18,40,14,25
10040,1,1,0,0,0,0,0,0,0,0,0,0
10040,2,1,0,0,0,0,0,20,0,0,0,0
10041,1,1,13,13,13,13,13,13,13,13,13,13
10042,1,1,0,0,0,32,0,0,0,0,0,0
10042,2,1,0,0,0,0,0,0,0,0,0,0
10043,1,1,34,34,34,34,34,34,34,34,34,34
10043,2,1,0,0,0,0,0,0,0,0,0,0
10044,1,1,21,21,21,21,21,21,21,21,21,21
10045,1,1,27,27,27,27,27,27,27,27,27,27
10046,1,1,14,14,14,14,14,14,14,14,14,14
10047,1,1,0,0,0,0,0,0,0,0,0,0
10047,2,1,0,0,0,0,0,0,0,0,0,0
10048,1,1,0,0,41,0,0,0,0,0,0,0
10049,1,1,0,0,0,0,0,0,0,0,0,0
10049,2,1,0,0,0,0,12,0,0,13,0,0
10050,1,1,0,0,0,0,0,0,0,0,0,0
10050,2,1,0,0,0,0,0,0,0,0,0,0
10051,1,1,0,0,0,0,0,0,0,0,0,0
10051,2,1,0,0,0,0,0,0,0,0,0,0
10052,1,1,18,18,18,18,18,18,18,18,18,18
10053,1,1,0,0,0,0,0,0,0,0,0,0
10053,2,1,0,0,0,0,0,0,0,0,0,0
10054,1,1,0,0,0,0,0,0,0,0,0,0
10054,2,1,0,0,0,0,0,0,0,0,0,0
10055,1,1,0,0,0,0,0,0,0,0,0,0
10055,2,1,0,0,0,0,0,0,0,0,0,0
10056,1,1,0,0,0,0,0,0,0,28,0,0
10056,2,1,0,0,0,0,0,0,0,0,0,0
10057,1,1,0,0,0,0,0,0,0,0,0,0
10057,2,1,0,0,0,0,0,0,0,0,0,0
10058,1,1,0,0,0,0,0,0,0,0,0,0
10059,1,1,0,0,0,0,0,0,0,0,0,0
10060,1,1,0,0,0,0,0,0,0,0,0,0
10060,2,1,0,0,0,0,0,0,0,0,0,0
10061,1,1,25,15,22,13,31,28,16,12,13,30
10062,1,1,0,0,0,0,0,0,0,0,0,0
10062,2,1,0,0,0,0,0,0,0,0,0,0
10063,1,1,0,0,0,0,0,0,0,0,0,0
10063,2,1,0,0,0,0,0,0,0,0,0,0
10064,1,1,0,0,0,0,0,0,0,0,0,0
10065,1,1,0,0,0,0,0,0,0,0,0,0
10065,2,1,0,0,0,0,0,0,0,0,0,0
10066,1,1,0,0,0,0,0,0,0,0,0,0
10066,2,1,0,0,0,0,0,0,0,0,0,0
10067,1,1,0,0,0,0,0,0,0,0,0,0
10067,2,1,0,0,0,0,0,0,0,0,0,0
10068,1,1,0,0,0,0,0,0,0,0,0,0
10068,2,1,0,0,0,0,0,0,0,0,0,0
10069,1,1,0,0,0,0,0,0,0,0,0,0
10070,1,1,0,0,0,0,0,0,0,0,0,0
10070,2,1,0,0,8,0,0,0,0,0,0,0
10070,3,1,0,0,0,0,0,0,0,0,0,0
10071,1,1,0,23,29,11,17,15,0,20,16,0
10072,1,1,0,0,0,0,0,0,0,0,0,0
10072,2,1,0,0,0,0,0,0,0,0,0,0
10072,3,1,0,0,0,0,0,0,0,0,0,0
10073,1,1,0,0,0,0,0,0,0,0,0,0
10073,2,1,0,0,0,0,0,0,0,0,0,0
10074,1,1,19,19,19,19,19,19,19,19,19,19
10074,2,1,0,0,0,0,0,0,0,0,0,0
10075,1,1,18,18,18,18,18,18,18,18,18,18
10075,2,1,0,20,0,0,15,0,7,0,0,0
10076,1,1,14,14,14,14,14,14,14,14,14,14
10076,2,1,0,0,0,0,2,0,0,0,0,0
10077,1,1,0,23,0,0,16,0,0,0,0,0
10078,1,1,28,28,28,28,28,28,28,28,28,28
10079,1,1,0,0,0,0,0,0,0,0,0,0
10080,1,1,0,0,0,0,0,0,0,0,0,0
10080,2,1,0,0,0,0,0,0,0,0,0,0
10081,1,1,16,23,37,33,15,24,10,15,25,43
10082,1,1,0,0,0,0,0,0,0,0,0,0
10083,0,1,17,17,17,17,17,17,17,17,17,17
10083,1,1,0,0,0,0,0,0,0,0,0,0
10084,1,1,0,0,0,0,0,0,0,0,0,0
10085,1,1,23,23,23,23,23,23,23,23,23,23
10086,1,1,0,0,0,0,0,0,0,0,0,0
10087,1,1,0,0,0,0,0,0,0,0,0,0
10087,2,1,0,0,0,0,0,0,0,0,0,0
10088,1,1,10,10,10,10,10,10,10,10,10,10
10089,1,1,0,0,0,0,0,0,0,0,0,33
10089,2,1,0,0,0,15,0,0,0,0,0,0
10090,1,1,20,20,20,20,20,20,20,20,20,20
10091,1,1,22,22,22,22,22,22,22,22,22,22
10091,2,1,0,0,0,0,0,0,0,0,0,0
10092,1,1,0,0,0,0,0,0,0,0,0,0
10092,2,1,0,0,0,0,0,0,0,0,0,0
10093,1,1,0,0,0,0,0,0,0,0,0,0
10093,2,1,0,0,0,0,0,0,0,0,0,0
10094,1,1,0,0,0,0,21,7,0,0,0,0
10094,2,1,0,0,0,0,0,0,0,0,0,0
10095,0,1,12,12,12,12,12,12,12,12,12,12
10095,1,1,9,9,9,9,9,9,9,9,9,9
10096,1,1,16,16,16,16,16,16,16,16,16,16
10097,0,1,30,0,0,18,9,0,0,0,12,0
10097,1,1,4,4,4,4,4,4,4,4,4,4
10098,1,1,4,18,17,14,6,13,19,29,0,13
10099,1,1,30,0,0,9,28,21,8,0,0,10
10100,1,1,8,8,8,8,8,8,8,8,8,8
10100,2,1,20,0,0,0,0,0,0,0,20,0
10101,1,1,13,13,13,13,13,13,13,13,13,13
10102,1,1,0,0,0,0,0,0,0,0,0,0
10102,2,1,0,0,0,0,0,0,0,0,0,0
10102,3,1,0,0,0,0,0,0,0,10,13,0
10103,1,1,0,0,0,0,0,0,0,0,0,0
10104,1,1,0,0,0,0,0,0,0,0,0,0
10104,2,1,0,0,0,0,0,0,0,0,0,0
10105,1,1,0,0,0,0,0,0,0,0,0,0
10105,2,1,0,0,0,0,0,0,0,0,0,0
10105,3,1,0,0,0,0,0,0,0,0,0,0
10106,1,1,0,0,0,0,0,0,0,0,0,0
10106,2,1,0,0,0,0,0,0,0,0,0,0
10107,0,1,3,3,3,3,3,3,3,3,3,3
10107,1,1,0,0,21,8,0,0,0,0,14,0
10108,1,1,0,0,0,0,0,0,0,0,0,0
10108,2,1,0,0,0,0,0,0,0,0,0,0
10108,3,1,0,0,0,0,0,0,0,0,0,0
10109,1,1,13,17,0,0,18,0,15,13,0,19
10110,1,1,31,0,0,0,17,0,0,0,0,0
10111,1,1,26,10,0,10,16,16,0,26,25,10
10112,1,1,20,20,20,20,20,20,20,20,20,20
10113,1,1,0,0,0,0,0,0,0,0,0,0
10113,2,1,0,0,0,0,0,0,0,0,0,0
10114,1,1,14,14,14,14,14,14,14,14,14,14
10115,1,1,0,0,0,0,0,0,0,0,0,0
10115,2,1,0,0,0,0,0,0,0,0,0,0
10117,1,1,28,28,28,28,28,28,28,28,28,28
10118,1,1,0,0,0,0,0,0,0,0,0,0
10118,2,1,0,0,0,0,0,0,0,0,0,0
10119,1,1,0,0,0,0,0,0,0,0,0,0
10120,0,1,15,0,0,0,0,30,0,0,10,0
10120,1,1,0,0,0,0,0,0,0,0,0,0
10121,1,1,0,0,0,0,0,0,0,0,0,0
10121,2,1,14,0,0,0,0,0,0,0,0,0
10122,1,1,14,14,14,14,14,14,14,14,14,14
10122,2,1,0,0,0,0,0,0,0,0,0,0
10122,3,1,17,0,0,0,0,0,0,0,0,0
10123,0,1,0,0,0,0,0,0,0,0,0,0
10123,1,1,0,0,0,0,0,0,0,0,0,0
10124,1,1,0,0,0,0,0,0,0,0,0,0
10125,1,1,15,15,15,15,15,15,15,15,15,15
10126,1,1,0,0,0,0,0,0,0,0,0,0
10126,2,1,0,0,0,0,0,0,0,0,0,0
10126,3,1,0,0,0,0,0,0,0,0,0,0
10126,4,1,0,0,0,0,0,0,0,0,0,0
10126,5,1,0,0,0,0,0,0,0,0,0,0
10127,0,1,0,24,32,0,25,9,0,5,0,19
10127,1,1,0,0,28,0,0,0,0,0,0,0
10128,1,1,19,19,19,19,19,19,19,19,19,19
10129,1,1,0,0,0,0,0,0,0,0,0,0
10130,1,1,0,0,0,0,0,0,0,0,0,0
10130,2,1,0,0,0,0,0,0,0,0,0,0
10131,1,1,0,0,0,0,26,0,0,0,0,0
10132,1,1,0,0,0,0,0,0,0,0,0,0
10132,2,1,0,0,0,0,0,0,0,0,0,0
10133,1,1,0,0,0,0,0,0,0,0,0,0
10134,1,1,11,11,11,11,11,11,11,11,11,11
10135,1,1,0,0,0,0,0,0,0,0,0,0
10135,2,1,0,0,0,0,0,0,0,0,0,0
10136,1,1,12,0,0,0,0,0,0,22,0,0
10136,2,1,0,0,0,0,0,0,0,0,0,0
10137,1,1,0,0,30,0,0,0,0,0,0,0
10138,1,1,0,0,0,0,0,0,0,0,0,0
10138,2,1,0,0,0,0,0,0,0,0,0,0
10139,1,1,0,0,0,0,0,0,0,0,0,0
10140,1,1,0,0,0,0,0,0,0,0,0,0
10140,2,1,0,0,0,0,0,0,0,0,0,0
10141,0,1,0,0,0,0,0,0,0,0,0,0
10141,0,2,0,0,0,0,0,0,0,0,0,0
10141,1,1,0,0,0,0,0,0,0,0,0,0
10142,1,1,2,2,2,2,2,2,2,2,2,2
10143,1,1,0,0,0,0,0,0,0,0,0,0
10144,1,1,16,16,16,16,16,16,16,16,16,16
10145,1,1,20,20,20,20,20,20,20,20,20,20
10146,1,1,12,12,12,12,12,12,12,12,12,12
10147,1,1,0,0,0,0,0,0,0,0,0,0
10148,1,1,6,6,6,6,6,6,6,6,6,6
10149,1,1,0,0,0,0,0,0,0,0,0,0
10150,1,1,22,28,0,7,0,0,29,20,0,0
10151,1,1,0,0,0,0,0,0,0,0,0,0
10151,2,1,0,0,0,0,0,0,0,0,0,0
10151,3,1,0,0,0,0,0,0,0,0,0,0
10152,1,1,7,7,7,7,7,7,7,7,7,7
10152,2,1,0,0,0,0,0,0,0,0,0,0
10153,1,1,0,0,0,0,0,0,0,0,0,0
10153,2,1,0,0,0,0,0,0,0,0,0,0
10154,1,1,0,0,0,0,0,0,0,0,0,19
10154,2,1,0,7,0,0,0,0,0,0,0,0
10154,3,1,0,0,0,0,0,0,0,0,0,0
10155,1,1,0,0,0,0,0,0,0,0,0,0
10155,2,1,0,0,0,0,0,0,0,0,0,0
10156,1,1,0,0,0,0,0,0,0,0,0,0
10156,2,1,0,0,0,0,0,0,0,0,0,0
10157,0,1,23,25,0,34,14,0,22,0,23,0
10157,1,1,0,21,0,0,0,0,0,0,26,0
10158,1,1,0,0,0,0,0,0,0,0,0,0
10158,2,1,0,0,0,0,0,0,0,0,0,0
10159,1,1,31,31,31,31,31,31,31,31,31,31
10160,1,1,0,0,0,0,0,0,0,0,0,0
10161,1,1,0,0,0,0,0,0,0,0,0,0
10161,2,1,0,0,0,0,0,0,0,0,0,0
10162,1,1,24,24,24,24,24,24,24,24,24,24
10163,1,1,0,0,0,0,0,0,0,0,0,0
10163,2,1,0,0,0,0,0,0,0,0,15,0
10164,1,1,0,8,0,19,0,0,19,36,0,14
10165,1,1,0,0,0,0,0,0,0,0,0,0
10165,2,1,0,0,0,0,0,0,0,0,0,0
10166,1,1,0,0,0,0,0,0,0,0,0,0
10166,2,1,0,0,0,0,0,0,0,0,0,0
10167,1,1,0,0,0,0,0,0,0,0,0,0
10167,2,1,0,0,0,0,0,0,0,0,0,0
10168,1,1,0,0,0,0,0,0,0,0,0,0
10169,1,1,0,0,0,0,0,0,0,0,0,0
10170,1,1,13,13,13,13,13,13,13,13,13,13
10171,1,1,0,0,0,0,0,0,0,0,0,0
10171,2,1,0,0,0,0,0,0,0,0,0,0
10172,1,1,0,0,0,0,0,0,0,0,0,0
10173,1,1,26,26,26,26,26,26,26,26,26,26
10174,1,1,0,0,0,0,0,0,0,0,0,0
10175,1,1,28,28,28,28,28,28,28,28,28,28
10176,1,1,0,0,0,0,0,0,0,0,0,0
10177,1,1,0,0,0,0,0,0,0,16,0,0
10177,2,1,0,0,0,0,0,0,0,0,0,0
10178,1,1,9,9,9,9,9,9,9,9,9,9
10179,1,1,26,26,26,26,26,26,26,26,26,26
10180,1,1,2,2,2,2,2,2,2,2,2,2
10181,1,1,0,0,0,0,0,0,0,0,0,0
10181,2,1,0,0,0,0,0,0,0,0,0,0
10181,3,1,0,0,0,0,0,0,0,0,0,0
10182,1,1,0,0,0,0,0,0,0,0,0,0
10182,2,1,0,0,0,0,0,0,0,0,0,0
10183,1,1,0,0,0,0,0,0,0,0,0,0
10183,2,1,0,0,0,0,0,0,0,0,0,0
10184,1,1,0,0,0,0,0,0,0,0,0,0
10185,1,1,6,6,6,6,6,6,6,6,6,6
10185,2,1,0,0,0,0,0,0,0,0,0,0
10186,1,1,0,0,0,0,0,0,0,0,0,0
10187,0,1,0,0,0,0,0,0,0,0,0,0
10187,0,2,0,0,0,0,0,0,0,0,0,0
10187,1,1,0,0,0,0,0,0,0,0,0,0
10187,2,1,0,0,0,0,0,0,0,0,0,0
10188,1,1,0,0,0,0,0,0,0,0,0,0
10189,1,1,11,11,11,11,11,11,11,11,11,11
10190,1,1,0,0,0,0,0,0,0,0,0,0
10191,1,1,30,30,30,30,30,30,30,30,30,30
10192,0,1,31,0,0,0,11,0,27,0,21,0
10192,1,1,0,0,0,0,0,0,0,0,0,0
10192,2,1,0,0,0,0,0,0,0,0,0,0
10193,1,1,0,0,0,0,0,0,0,22,0,0
10194,0,1,32,31,14,18,21,16,12,19,18,11
10194,1,1,27,27,27,27,27,27,27,27,27,27
10195,1,1,0,0,0,0,0,0,0,0,0,0
10195,2,1,0,0,0,0,0,0,0,0,0,0
10196,1,1,0,0,0,0,0,0,0,0,0,0
10197,1,1,0,0,0,0,0,0,0,0,0,0
10197,2,1,0,0,0,0,0,0,0,0,0,0
10198,1,1,0,0,0,0,0,0,0,0,0,0
10199,1,1,0,0,0,0,0,0,0,0,0,0
10199,2,1,0,0,0,0,0,0,0,0,0,0
10200,1,1,34,11,11,21,10,2,36,27,24,22
10201,1,1,0,0,0,0,0,0,0,0,0,0
10201,2,1,0,0,0,0,0,0,0,0,0,0
10202,1,1,1,1,1,1,1,1,1,1,1,1
10203,1,1,0,0,0,0,0,0,0,0,0,0
10203,2,1,0,0,0,0,0,0,0,0,0,0
10204,1,1,26,26,26,26,26,26,26,26,26,26
10205,1,1,0,0,0,0,0,0,0,0,0,0
10206,1,1,6,6,6,6,6,6,6,6,6,6
10206,2,1,0,0,0,0,14,9,0,0,0,0
10207,1,1,0,0,0,0,0,0,0,0,0,0
10208,1,1,0,0,0,0,0,0,0,0,0,0
10208,2,1,0,0,2,0,0,9,0,0,0,0
10209,1,1,17,17,17,17,17,17,17,17,17,17
10210,1,1,17,17,17,17,17,17,17,17,17,17
10210,2,1,0,0,0,0,0,0,0,0,0,0
10211,1,1,7,7,7,7,7,7,7,7,7,7
10211,2,1,0,0,0,0,0,0,0,0,0,0
10211,3,1,0,0,0,0,0,0,0,0,0,0
10212,1,1,23,23,23,23,23,23,23,23,23,23
10213,1,1,31,0,16,0,0,0,0,0,0,0
10213,2,1,0,0,0,0,0,0,0,0,0,0
10214,1,1,12,0,11,0,0,23,2,42,0,0
10215,1,1,0,10,0,0,0,0,0,0,28,6
10216,1,1,0,0,0,0,0,0,0,0,0,0
10216,2,1,0,0,0,0,0,0,0,0,0,0
10217,1,1,0,23,0,0,0,0,0,0,22,0
10218,1,1,0,0,0,0,0,0,0,0,0,0
10218,2,1,0,17,25,0,0,0,16,0,25,0
10219,1,1,0,0,0,0,0,0,0,0,0,18
10219,2,1,0,0,0,0,8,0,0,0,0,0
10220,1,1,13,13,13,13,13,13,13,13,13,13
10221,1,1,0,11,0,0,0,0,0,0,0,0
10222,1,1,0,0,0,0,0,0,0,12,0,0
10222,2,1,0,0,0,0,0,0,0,0,0,0
10223,0,1,0,0,0,0,0,0,0,0,0,0
10223,1,1,0,0,0,0,0,0,0,0,0,0
10224,1,1,2,2,2,2,2,2,2,2,2,2
10224,2,1,0,0,0,0,0,0,0,0,0,0
10225,1,1,0,0,0,0,0,0,0,0,0,0
10225,2,1,0,0,0,0,0,0,0,0,0,0
10226,1,1,0,0,0,0,0,0,0,0,0,0
10226,2,1,0,0,0,0,0,0,0,0,0,0
10226,3,1,0,0,0,0,31,0,0,0,0,0
10226,4,1,0,0,0,0,0,0,0,0,0,0
10226,5,1,0,0,0,0,0,0,0,0,0,0
10227,1,1,22,22,22,22,22,22,22,22,22,22
10227,2,1,0,0,0,0,0,0,0,0,0,0
10228,1,1,36,36,36,36,36,36,36,36,36,36
10229,1,1,31,10,20,21,7,30,21,18,26,6
10230,1,1,19,19,19,19,19,19,19,19,19,19
10231,1,1,0,0,0,40,14,0,0,12,16,0
10232,1,1,0,0,0,0,0,0,0,0,0,0
10233,1,1,0,0,0,0,0,0,0,0,0,0
10234,1,1,0,0,0,0,0,0,0,0,0,0
10234,2,1,0,0,0,0,0,0,0,0,0,0
10235,1,1,0,0,0,0,0,0,0,0,0,0
10237,1,1,36,36,36,36,36,36,36,36,36,36
10237,2,1,0,0,0,0,13,0,0,0,0,0
10238,1,1,13,13,13,13,13,13,13,13,13,13
10238,2,1,7,0,0,0,0,0,0,8,0,0
10239,1,1,0,0,0,0,0,0,0,0,0,0
10240,1,1,0,0,0,0,0,0,0,0,0,0
10240,2,1,0,0,22,0,0,0,0,0,0,0
10241,1,1,0,0,0,0,0,0,0,0,0,0
10241,2,1,0,12,0,0,0,0,0,0,0,0
10241,3,1,0,0,0,0,0,0,0,0,0,0
10242,1,1,0,7,0,0,0,0,0,0,0,0
10242,2,1,0,0,0,0,0,0,0,0,0,0
10243,1,1,0,0,0,0,0,0,0,0,0,0
10243,2,1,0,0,0,0,0,0,0,0,0,0
10244,1,1,9,9,9,9,9,9,9,9,9,9
10245,1,1,0,0,0,0,0,0,0,0,0,0
10245,2,1,0,0,0,0,0,0,0,0,0,0
10246,1,1,0,0,0,0,0,0,0,0,0,0
10246,2,1,0,0,0,0,0,0,0,0,0,0
10247,1,1,3,3,3,3,3,3,3,3,3,3
10248,1,1,0,0,0,0,0,0,0,0,0,0
10248,2,1,0,0,0,0,0,0,0,0,0,0
10249,1,1,0,0,0,0,0,0,0,0,0,0
10249,2,1,0,0,0,0,0,0,0,0,40,0
10250,1,1,9,9,9,9,9,9,9,9,9,9
10251,1,1,0,0,0,0,0,0,14,0,0,0
10252,1,1,0,0,0,0,0,0,0,0,0,0
10252,2,1,0,0,0,0,0,7,0,0,0,0
10253,1,1,0,0,0,0,0,0,0,0,0,0
10253,2,1,0,0,0,0,0,0,0,0,0,0
10254,1,1,0,0,0,0,0,0,0,0,0,0
10255,1,1,0,0,0,0,28,0,27,17,0,0
10255,2,1,7,0,0,0,23,0,0,0,31,0
10255,3,1,0,0,0,0,0,0,0,0,0,0
10256,1,1,0,0,0,0,0,0,0,0,0,0
10256,2,1,0,0,0,0,0,21,0,17,0,8
10257,0,1,0,0,0,42,0,0,0,0,0,0
10257,1,1,0,0,0,19,0,0,0,0,0,23
10257,2,1,0,0,0,0,0,0,0,0,0,0
10257,3,1,0,0,0,23,5,0,0,0,0,0
10257,4,1,0,0,0,12,0,0,0,0,0,0
10258,1,1,0,0,21,21,21,36,5,28,12,0
10259,1,1,0,0,0,0,0,0,0,0,0,0
10260,1,1,8,8,8,8,8,8,8,8,8,8
10261,1,1,0,0,0,0,0,0,0,0,0,0
10261,2,1,0,0,0,0,0,0,0,0,0,0
10262,1,1,0,0,0,0,0,0,0,0,0,0
10263,1,1,0,0,0,0,0,0,0,0,0,0
10264,1,1,27,27,27,27,27,27,27,27,27,27
10265,1,1,0,0,0,0,0,0,0,0,0,0
10265,2,1,0,0,0,0,0,0,0,0,0,0
10266,1,1,0,0,0,0,0,0,0,0,0,0
10267,1,1,0,0,0,12,0,0,0,0,0,0
10267,2,1,0,0,0,0,0,0,0,0,0,0
10268,1,1,24,24,24,24,24,24,24,24,24,24
10269,1,1,0,0,0,22,0,0,0,0,0,0
10270,0,1,15,15,15,15,15,15,15,15,15,15
10270,1,1,0,0,0,0,0,0,0,0,0,0
10271,1,1,0,0,0,0,0,0,0,0,0,0
10271,2,1,0,0,0,0,0,0,0,0,0,0
10272,1,1,0,0,0,0,0,0,0,0,0,0
10273,1,1,0,0,0,0,0,0,0,0,0,0
10273,2,1,0,0,0,0,0,0,0,0,0,0
10273,3,1,0,0,0,0,0,0,0,0,0,0
10274,1,1,35,35,35,35,35,35,35,35,35,35
10275,1,1,0,0,0,0,0,0,0,0,0,0
10275,2,1,0,0,0,0,0,0,0,0,0,0
10276,1,1,0,0,0,0,0,0,0,0,0,0
10276,2,1,0,0,0,0,0,0,0,0,0,0
10277,1,1,4,14,7,16,18,4,11,27,0,16
10278,1,1,0,0,0,0,0,0,0,0,0,0
10278,2,1,0,0,0,0,0,0,0,0,0,0
10279,0,1,6,6,6,6,6,6,6,6,6,6
10279,1,1,18,0,0,25,0,0,0,4,0,0
10280,1,1,25,25,25,25,25,25,25,25,25,25
10281,0,1,11,11,11,11,11,11,11,11,11,11
10281,1,1,0,0,0,0,0,0,0,0,0,0
10282,1,1,0,0,0,0,0,0,0,0,0,4
10283,1,1,0,0,0,21,0,0,0,0,0,0
10284,1,1,0,0,0,0,0,0,0,0,0,0
10285,0,1,4,4,4,4,4,4,4,4,4,4
10285,1,1,0,0,0,0,0,0,0,17,6,0
10286,1,1,6,6,6,6,6,6,6,6,6,6
10287,1,1,0,0,0,0,0,0,0,0,0,0
10288,1,1,0,0,0,0,0,0,0,0,0,0
10288,2,1,0,0,0,0,0,0,0,0,0,0
10289,0,1,20,8,16,16,22,8,16,22,30,22
10289,1,1,0,0,0,0,0,0,0,0,0,0
10290,1,1,0,0,0,0,0,0,0,0,0,0
10290,2,1,0,0,0,0,0,0,0,0,0,0
10291,1,1,0,0,0,0,0,0,0,16,0,0
10292,1,1,0,0,0,0,0,0,0,0,0,0
10292,2,1,0,0,0,0,0,0,0,0,0,0
10293,1,1,0,0,0,0,0,0,0,0,0,0
10293,2,1,0,0,11,20,0,18,14,0,13,21
10294,1,1,14,0,18,0,4,0,0,17,15,14
10294,2,1,0,0,0,0,0,0,0,0,0,0
10295,1,1,21,21,21,21,21,21,21,21,21,21
10296,1,1,20,20,20,20,20,20,20,20,20,20
10296,2,1,26,0,4,20,0,0,0,22,16,0
10297,1,1,22,0,0,0,0,0,0,0,0,0
10298,1,1,4,4,4,4,4,4,4,4,4,4
10299,1,1,0,0,11,0,0,0,0,18,0,0
10300,1,1,0,0,0,0,0,0,0,0,0,0
10300,2,1,0,0,7,0,0,0,0,0,0,0
10301,1,1,16,16,16,16,16,16,16,16,16,16
10302,1,1,6,6,6,6,6,6,6,6,6,6
10303,1,1,12,12,12,12,12,12,12,12,12,12
10304,1,1,10,10,10,10,10,10,10,10,10,10
10304,2,1,0,0,0,0,0,0,0,0,0,0
10305,1,1,15,9,12,24,25,13,25,9,15,6
10305,2,1,14,6,41,40,23,6,0,24,16,27
10306,1,1,0,0,0,0,0,0,0,0,0,0
10306,2,1,0,5,0,0,0,0,0,0,0,3
10307,1,1,0,0,0,0,17,0,0,0,0,21
10308,1,1,0,0,0,0,0,0,0,0,0,0
10308,2,1,0,0,0,0,0,0,0,0,0,0
10309,0,1,24,24,24,24,24,24,24,24,24,24
10309,1,1,0,0,0,0,0,0,0,0,0,0
10310,1,1,11,0,0,0,0,0,0,0,0,0
10310,2,1,0,0,0,0,0,0,0,0,0,0
10311,1,1,0,0,0,0,0,0,0,0,0,0
10311,2,1,0,0,0,0,0,0,0,0,0,0
10312,1,1,0,0,0,0,0,0,0,0,0,0
10312,2,1,0,0,0,0,0,0,0,0,0,0
10313,1,1,0,0,0,0,0,0,0,0,0,0
10313,2,1,0,0,0,0,0,0,0,0,0,0
10314,1,1,0,0,0,0,0,0,0,0,0,0
10314,2,1,0,0,0,0,0,0,0,0,0,0
10314,3,1,0,0,0,0,0,0,0,0,0,0
10315,0,1,0,0,0,0,0,0,0,0,0,0
10315,1,1,0,0,0,0,0,0,0,0,0,0
10316,0,1,0,0,0,0,0,0,0,0,0,0
10316,1,1,0,0,0,0,0,0,0,0,0,0
10317,1,1,12,12,12,12,12,12,12,12,12,12
10318,1,1,0,0,0,0,0,0,0,0,0,0
10319,1,1,0,0,0,0,0,0,0,0,0,0
10319,2,1,0,0,0,0,0,0,0,0,0,0
10320,1,1,0,0,0,0,0,0,0,0,0,0
10320,2,1,0,0,0,0,0,0,0,0,0,0
10321,1,1,5,5,5,5,5,5,5,5,5,5
10321,2,1,0,0,0,0,0,0,0,0,0,0
10321,3,1,0,0,0,0,0,0,0,0,0,0
10322,1,1,8,8,8,8,8,8,8,8,8,8
10322,2,1,13,13,13,13,13,13,13,13,13,13
10323,1,1,0,0,0,0,0,0,0,0,0,0
10323,2,1,0,0,0,11,0,0,0,0,0,0
10323,3,1,0,0,0,0,0,0,0,0,0,0
10323,4,1,0,0,0,0,0,0,0,0,0,0
10324,0,1,19,19,19,19,19,19,19,19,19,19
10324,1,1,10,0,10,6,9,14,14,18,13,0
10325,1,1,0,0,0,0,0,0,0,0,0,0
10326,1,1,39,39,39,39,39,39,39,39,39,39
10326,2,1,0,0,0,0,0,13,0,20,0,0
10327,1,1,0,0,0,0,0,0,0,0,0,0
10328,0,1,21,21,21,21,21,21,21,21,21,21
10328,1,1,7,0,24,23,12,7,0,12,16,0
10329,1,1,0,0,0,0,0,0,0,0,0,0