ST_CASE,VEH_NO,PER_NO,P1,P2,P3,P4,P5,P6,P7,P8,P9,P10
10690,1,1,0,0,0,0,0,0,0,12,21,0
10690,2,1,0,0,0,0,0,0,0,0,0,0
10691,1,1,0,0,0,0,0,0,0,0,0,0
10692,1,1,0,0,0,0,0,0,0,0,0,0
10692,2,1,0,0,0,0,21,0,0,0,0,0
10692,3,1,0,0,0,0,0,0,0,0,0,21
10693,1,1,0,0,0,16,30,0,0,0,0,0
10694,0,1,0,0,0,0,0,0,0,0,0,0
10694,1,1,0,0,0,0,0,0,0,0,0,0
10695,1,1,0,0,0,0,0,0,0,0,13,0
10696,1,1,0,16,0,0,0,0,0,0,0,22
10696,2,1,0,0,0,0,0,0,0,0,0,0
10697,1,1,0,0,0,0,0,0,0,0,0,0
10697,2,1,0,0,0,0,0,0,0,0,0,0
10698,1,1,5,5,5,5,5,5,5,5,5,5
10698,2,1,0,0,0,0,0,0,0,0,0,0
10698,3,1,0,0,0,0,0,0,0,0,0,0
10699,1,1,0,0,0,0,0,0,0,0,0,0
10699,2,1,0,0,0,0,0,0,0,0,0,0
10700,1,1,34,34,34,34,34,34,34,34,34,34
10701,1,1,0,0,0,0,0,0,0,0,0,0
10701,2,1,0,0,0,0,0,0,0,0,0,0
10701,3,1,0,0,0,0,0,0,0,0,0,0
10702,0,1,0,0,0,0,0,0,0,0,0,0
10702,1,1,0,0,0,0,0,0,0,0,0,0
10703,1,1,0,0,0,0,0,0,0,0,0,0
10704,1,1,0,0,0,0,0,0,0,0,0,0
10704,2,1,0,0,20,0,0,0,0,0,0,0
10705,1,1,0,0,0,0,0,0,0,0,0,0
10706,1,1,0,0,0,0,0,0,0,0,0,0
10706,2,1,0,0,0,0,0,0,0,0,0,0
10707,0,1,0,0,0,0,0,0,0,0,0,0
10707,1,1,0,0,0,0,0,0,0,0,0,0
10708,1,1,0,21,36,0,0,27,20,17,26,25
10709,1,1,25,25,25,25,25,25,25,25,25,25
10709,2,1,0,0,0,0,0,0,0,0,0,0
10709,3,1,0,0,0,0,0,0,0,0,0,0
10710,1,1,0,0,0,0,0,0,0,0,0,0
10711,1,1,22,15,15,20,22,26,13,17,23,21
10711,2,1,0,0,0,0,0,0,0,0,0,0
10712,1,1,0,0,0,0,0,0,0,0,0,0
10713,1,1,0,0,0,0,0,0,0,0,0,0
10713,2,1,0,0,0,0,0,0,0,0,0,0
10714,1,1,28,28,28,28,28,28,28,28,28,28
10715,1,1,18,0,0,0,0,0,0,0,0,0
10715,2,1,0,0,0,0,10,0,0,0,0,0
10716,1,1,0,21,0,0,0,0,0,37,0,20
10716,2,1,19,0,0,0,0,0,0,0,0,0
10717,1,1,0,0,0,0,0,0,0,0,0,0
10718,1,1,0,0,0,24,17,27,16,12,14,12
10719,0,1,28,0,20,8,0,20,19,14,46,33
10719,1,1,0,0,0,0,5,0,0,0,0,0
10720,1,1,0,0,0,0,3,0,0,0,0,0
10720,2,1,0,0,0,0,0,0,0,0,0,0
10721,1,1,0,0,0,0,0,0,0,0,0,0
10722,1,1,0,0,0,0,0,0,0,0,17,0
10722,2,1,0,0,0,0,0,0,0,0,0,0
10723,1,1,0,23,0,0,16,0,0,0,0,0
10724,1,1,0,23,0,0,0,0,0,25,0,0
10724,2,1,0,0,0,0,0,0,0,0,0,0
10725,1,1,0,0,0,0,0,0,0,0,0,0
10725,2,1,0,0,2,0,0,0,21,0,0,0
10726,1,1,31,31,37,21,28,33,25,24,28,23
10727,1,1,11,28,18,21,31,17,15,15,34,16
10728,1,1,0,18,0,0,0,0,0,26,0,23
10729,1,1,27,10,12,11,24,19,12,15,16,21
10729,2,1,0,0,0,0,0,0,20,0,0,10
10729,3,1,4,0,0,0,0,8,0,10,7,0
10730,1,1,15,17,16,21,0,25,35,0,0,25
10731,1,1,0,0,0,0,0,0,0,0,0,0
10731,2,1,0,0,0,0,0,0,0,0,0,0
10732,1,1,0,0,0,0,0,0,0,0,0,0
10732,2,1,0,0,0,0,19,0,0,18,0,0
10733,1,1,0,0,0,0,0,0,14,0,0,27
10733,2,1,30,0,0,0,0,8,0,0,0,0
10734,1,1,0,6,0,0,0,0,0,0,0,0
10735,0,1,0,0,0,0,0,0,0,0,0,0
10735,1,1,11,11,11,11,11,11,11,11,11,11
10736,1,1,0,0,0,0,24,0,0,0,0,0
10737,0,1,44,44,44,44,44,44,44,44,44,44
10737,1,1,0,0,0,14,12,0,7,21,10,0
10738,0,1,0,0,0,0,0,0,0,0,38,0
10738,0,2,0,0,0,0,0,0,14,0,0,0
10738,1,1,0,0,0,0,0,0,0,0,0,0
10739,1,1,20,0,0,0,24,27,27,0,4,0
10740,1,1,0,0,29,0,0,0,0,0,0,0
10740,2,1,0,0,0,0,0,0,0,0,0,0
10741,1,1,0,0,0,0,0,0,0,0,0,0
10741,2,1,0,0,0,0,0,0,0,0,0,0
10742,1,1,4,0,0,0,0,19,35,0,13,27
10743,0,1,0,0,11,13,0,0,0,0,0,0
10743,1,1,0,0,0,0,0,0,0,0,0,0
10744,1,1,8,8,8,8,8,8,8,8,8,8
10745,1,1,0,0,0,0,0,0,0,0,0,0
10746,1,1,12,12,12,12,12,12,12,12,12,12
10747,1,1,0,0,0,0,0,0,0,0,0,0
10748,1,1,0,0,0,0,0,0,0,0,0,0
10748,2,1,0,0,0,0,0,0,0,0,0,0
10749,1,1,0,5,0,24,19,0,0,0,0,0
10749,2,1,0,0,0,0,0,0,0,0,0,0
10750,1,1,0,0,0,0,0,0,0,0,0,0
10750,2,1,0,0,0,0,0,0,0,0,0,0
10750,3,1,0,0,0,0,0,0,7,0,0,0
10751,0,1,2,12,20,0,9,11,15,27,0,35
10751,1,1,0,0,17,25,0,0,0,0,0,14
10752,1,1,0,0,0,0,0,0,0,0,0,0
10753,1,1,0,0,0,0,0,7,0,0,0,0
10754,1,1,0,0,0,0,0,0,0,0,0,0
10754,2,1,0,0,0,0,0,0,11,18,0,0
10755,1,1,0,0,0,0,0,0,0,0,0,0
10755,2,1,0,0,0,0,0,0,0,0,0,0
10756,1,1,11,11,11,11,11,11,11,11,11,11
10757,1,1,0,0,0,0,0,0,0,0,0,0
10757,2,1,0,0,0,0,0,0,0,0,0,0
10758,1,1,0,0,0,0,0,0,0,0,0,0
10758,2,1,0,0,0,0,0,0,0,0,0,0
10759,0,1,0,0,0,0,0,0,0,0,0,0
10759,1,1,0,0,0,0,0,0,0,0,0,0
10760,1,1,25,25,25,25,25,25,25,25,25,25
10761,0,1,0,0,27,0,23,0,0,0,0,0
10761,1,1,0,0,0,0,0,0,0,0,0,0
10762,1,1,0,26,0,0,0,0,0,0,0,0
10762,2,1,0,0,0,0,0,0,0,0,0,0
10763,1,1,0,7,0,0,0,0,0,0,0,0
10763,2,1,0,0,0,0,0,0,0,0,0,0
10764,1,1,0,0,0,0,0,0,0,0,0,0
10765,1,1,0,0,0,0,0,0,0,0,0,17
10766,0,1,0,0,0,0,0,0,0,0,0,0
10766,1,1,0,18,0,14,0,0,0,0,0,0
10767,0,1,11,43,0,0,4,14,31,33,26,0
10767,1,1,0,0,0,0,6,0,0,0,0,10
10768,1,1,0,0,0,0,8,0,0,0,0,0
10769,1,1,0,0,0,17,0,0,0,13,0,0
10769,2,1,0,0,0,12,0,0,0,0,0,0
10770,1,1,0,0,18,9,0,0,24,0,0,0
10770,2,1,0,0,0,0,0,0,0,0,0,0
10771,1,1,0,0,0,10,10,0,7,0,0,0
10771,2,1,0,0,0,0,0,0,0,0,0,0
10772,1,1,0,0,0,0,0,0,0,0,0,0
10772,2,1,0,0,0,0,0,0,0,0,0,0
10773,1,1,0,0,14,0,4,2,0,0,0,0
10774,1,1,0,0,0,5,0,0,0,0,0,0
10775,1,1,15,15,15,15,15,15,15,15,15,15
10776,1,1,11,11,11,11,11,11,11,11,11,11
10776,2,1,0,0,0,0,0,0,10,0,0,0
10777,1,1,25,19,13,29,26,20,14,10,12,13
10778,1,1,15,14,9,20,22,8,12,22,15,18
10778,2,1,0,0,0,0,0,0,0,0,0,0
10779,1,1,0,0,0,12,0,0,0,0,0,0
10779,2,1,0,0,0,0,0,0,0,0,0,0
10780,1,1,10,19,29,14,0,26,9,15,11,16
10781,1,1,15,37,0,13,20,11,18,17,0,0
10782,1,1,0,0,0,0,0,0,0,0,0,0
10782,2,1,0,0,0,0,0,0,0,0,0,0
10782,3,1,0,0,0,0,0,0,0,0,0,0
10783,1,1,26,25,0,0,0,0,0,0,22,0
10783,2,1,17,0,0,0,0,0,0,0,0,0
10784,1,1,21,0,0,21,13,29,20,0,0,0
10785,1,1,19,19,19,19,19,19,19,19,19,19
10786,1,1,0,0,0,0,0,0,21,0,0,0
10786,2,1,0,0,0,0,0,0,0,0,0,0
10787,1,1,0,0,0,0,0,0,0,0,0,0
10788,1,1,9,17,0,23,0,0,0,0,8,0
10788,2,1,0,0,0,0,0,0,0,0,0,0
10788,3,1,0,0,0,0,0,0,0,0,0,0
10789,1,1,0,0,0,0,0,0,0,0,22,13
10789,2,1,0,0,0,0,0,0,0,0,0,0
10790,0,1,28,12,24,22,0,21,0,16,23,23
10790,1,1,0,0,0,0,0,0,0,0,0,0
10791,1,1,0,0,0,0,0,0,0,0,0,0
10791,2,1,0,0,0,0,0,0,0,0,0,0
10792,1,1,31,31,31,31,31,31,31,31,31,31
10793,1,1,0,0,0,0,0,0,0,0,0,0
10793,2,1,0,0,0,0,0,0,0,0,0,0
10794,1,1,20,20,20,20,20,20,20,20,20,20
10795,1,1,0,0,0,0,0,0,0,0,0,0
10795,2,1,0,0,0,0,0,0,0,0,0,0
20001,0,1,0,0,0,0,0,0,0,0,0,0
20001,2,1,0,0,0,0,0,0,0,0,0,0
20002,0,1,37,37,37,37,37,37,37,37,37,37
20002,1,1,0,0,0,0,0,0,0,0,0,0
20003,1,1,0,0,0,0,0,0,0,0,0,0
20003,2,1,0,0,0,0,0,0,0,0,0,0
20004,1,1,0,0,0,0,0,0,0,0,0,0
20004,2,1,0,0,0,0,0,0,0,0,0,0
20005,1,1,0,0,0,0,0,0,0,0,0,0
20006,1,1,21,21,21,21,21,21,21,21,21,21
20006,2,1,0,0,0,0,0,0,0,0,0,0
20007,0,1,27,27,27,27,27,27,27,27,27,27
20007,1,1,0,0,0,0,0,0,0,0,0,0
20008,1,1,0,0,0,0,0,0,0,0,0,0
20008,2,1,0,0,0,0,0,0,0,0,0,0
20009,1,1,0,0,0,0,0,0,0,0,0,0
20010,1,1,28,28,28,28,28,28,28,28,28,28
20011,1,1,0,0,0,0,0,0,0,0,0,0
20011,2,1,0,0,0,0,0,0,0,0,0,0
20012,1,1,0,0,0,0,0,0,0,0,0,0
20012,2,1,0,0,0,0,0,0,0,0,0,0
20012,3,1,0,0,0,0,0,0,0,0,0,0
20013,1,1,0,0,0,0,0,0,0,0,0,0
20014,1,1,0,0,0,0,0,0,0,0,0,0
20014,2,1,0,0,0,0,0,0,0,0,0,0
20015,1,1,0,0,0,0,0,0,0,6,0,0
20016,1,1,0,0,0,0,0,0,0,0,0,0
20017,1,1,18,18,18,18,18,18,18,18,18,18
20018,1,1,22,22,22,22,22,22,22,22,22,22
20019,1,1,14,14,14,14,14,14,14,14,14,14
20020,1,1,9,9,9,9,9,9,9,9,9,9
20021,1,1,0,0,0,0,0,0,0,0,0,0
20022,1,1,0,0,0,0,0,0,0,0,0,0
20022,2,1,0,0,0,0,0,0,0,0,0,0
20023,1,1,0,0,0,0,0,0,0,0,0,0
20024,0,1,0,0,0,0,0,0,0,0,0,0
20024,0,2,0,0,15,0,0,0,0,0,0,0
20024,1,1,0,0,0,0,0,0,0,0,0,0
20025,1,1,0,0,0,0,0,0,0,0,0,0
20025,2,1,0,0,0,0,0,0,0,0,0,0
20025,3,1,0,0,0,0,0,0,0,0,0,0
20027,0,1,15,19,13,17,20,30,11,21,16,13
20027,1,1,0,0,0,0,0,0,0,0,0,0
20028,1,1,19,19,19,19,19,19,19,19,19,19
20029,1,1,0,0,0,0,0,0,0,0,0,0
20030,1,1,0,0,0,0,0,0,0,0,0,0
20030,2,1,0,0,0,0,0,0,0,0,0,0
20031,1,1,22,22,22,22,22,22,22,22,22,22
20032,1,1,0,0,0,0,0,0,0,0,0,0
20032,2,1,0,0,0,0,0,0,0,0,0,0
20033,1,1,0,0,0,0,0,0,0,0,0,0
20033,2,1,0,0,0,0,0,0,0,0,0,0
20034,1,1,14,14,14,14,14,14,14,14,14,14
20035,1,1,27,27,27,27,27,27,27,27,27,27
20036,1,1,0,0,0,0,0,0,0,0,0,0
20037,1,1,0,0,0,0,0,0,0,0,0,0
20038,1,1,0,0,0,0,0,0,0,0,0,0
20038,2,1,0,0,0,0,0,0,0,0,0,0
20039,0,1,29,29,29,29,29,29,29,29,29,29
20039,1,1,0,0,0,0,0,0,0,0,0,0
20040,1,1,0,0,0,0,0,0,0,0,0,0
20040,2,1,0,0,0,0,0,0,0,0,0,0
20041,1,1,0,0,0,0,0,0,0,0,0,0
20042,1,1,12,12,12,12,12,12,12,12,12,12
20042,2,1,0,0,0,0,0,0,0,0,0,0
20043,1,1,13,9,27,0,8,19,24,21,11,16
20044,1,1,0,0,0,0,0,0,0,0,0,0
20044,2,1,0,0,0,0,0,0,0,0,0,0
20045,1,1,0,0,0,0,0,0,0,0,0,0
20045,2,1,4,4,4,4,4,4,4,4,4,4
20046,1,1,0,0,0,0,0,0,0,0,0,0
20046,2,1,0,0,0,0,0,0,0,0,0,0
20047,1,1,0,0,0,0,0,0,0,0,0,0
20048,1,1,0,0,0,0,0,0,0,0,0,0
20049,1,1,0,0,0,0,0,0,0,0,0,0
20049,2,1,0,0,0,0,0,0,0,0,0,0
20050,1,1,15,15,15,15,15,15,15,15,15,15
20051,1,1,23,23,23,23,23,23,23,23,23,23
20051,2,1,0,0,0,0,0,0,0,0,0,0
20052,1,1,0,0,0,0,0,0,0,0,0,0
20052,2,1,27,27,27,27,27,27,27,27,27,27
20053,1,1,27,27,27,27,27,27,27,27,27,27
40001,1,1,15,13,5,3,27,9,11,5,26,6
40002,1,1,0,0,0,0,0,0,0,0,0,0
40003,1,1,0,0,17,23,0,23,20,18,0,0
40004,1,1,0,0,0,0,0,0,0,0,0,0
40004,2,1,0,0,0,0,0,0,0,0,0,0
40005,1,1,0,0,0,0,0,0,0,0,0,0
40005,2,1,0,0,0,0,0,0,0,0,0,0
40006,1,1,23,23,23,23,23,23,23,23,23,23
40007,1,1,0,0,0,0,0,0,0,0,0,0
40008,1,1,15,15,15,15,15,15,15,15,15,15
40008,2,1,0,0,0,0,0,0,0,21,0,0
40009,1,1,15,15,15,15,15,15,15,15,15,15
40010,1,1,0,0,0,0,0,0,0,0,0,0
40011,1,1,11,11,11,11,11,11,11,11,11,11
40011,2,1,0,0,0,0,0,0,0,0,0,0
40012,1,1,0,0,0,0,0,0,0,0,0,0
40012,2,1,0,0,0,0,0,0,0,0,0,0
40012,3,1,0,0,0,0,0,0,0,0,0,0
40013,1,1,0,0,0,0,0,0,0,0,0,0
40014,1,1,25,25,25,25,25,25,25,25,25,25
40015,1,1,17,17,17,17,17,17,17,17,17,17
40016,1,1,0,0,0,0,0,0,0,0,0,0
40017,1,1,0,0,0,0,13,0,0,0,0,0
40018,1,1,0,0,0,0,0,0,0,0,0,0
40018,2,1,0,0,0,0,0,0,0,0,0,0
40019,1,1,0,0,0,16,0,8,0,0,0,0
40019,2,1,0,0,0,0,0,0,0,0,0,0
40020,0,1,0,0,0,0,0,0,0,0,0,0
40020,1,1,0,0,0,0,0,0,0,0,0,0
40021,1,1,0,0,0,0,0,0,0,0,0,0
40021,2,1,0,0,0,0,0,0,0,0,0,0
40022,0,1,0,0,0,0,0,0,0,0,0,0
40022,1,1,0,0,0,0,0,0,9,0,0,0
40023,1,1,0,0,0,0,0,0,0,6,0,0
40023,2,1,0,0,0,0,0,0,0,0,0,0
40025,1,2,18,11,19,22,8,0,16,21,0,0
40026,1,1,0,0,0,0,0,0,0,0,6,0
40027,1,1,15,15,15,15,15,15,15,15,15,15
40028,1,1,23,23,23,23,23,23,23,23,23,23
40029,1,1,0,0,0,0,0,0,0,0,0,0
40029,2,1,0,0,0,0,0,0,0,0,0,0
40030,1,1,0,0,0,0,0,0,0,0,0,0
40030,2,1,0,0,0,0,0,0,0,0,0,0
40031,0,1,42,42,42,42,42,42,42,42,42,42
40031,1,1,0,0,0,0,0,0,0,0,0,0
40032,1,1,18,18,18,18,18,18,18,18,18,18
40033,1,1,14,14,14,14,14,14,14,14,14,14
40036,1,1,14,9,0,0,3,0,0,0,0,19
40036,2,1,0,0,0,0,0,0,0,0,0,0
40037,1,1,34,34,34,34,34,34,34,34,34,34
40038,1,1,8,8,8,8,8,8,8,8,8,8
40038,2,1,0,0,0,0,0,0,0,0,0,0
40039,1,1,0,0,0,0,0,0,0,0,0,0
40039,2,1,0,0,0,0,0,0,0,0,0,0
40040,1,1,0,0,0,0,0,24,8,0,0,13
40041,0,1,35,35,35,35,35,35,35,35,35,35
40041,1,1,29,0,0,16,18,0,0,0,0,0
40042,1,1,21,14,11,9,13,0,0,18,0,4
40044,1,1,0,0,0,0,0,0,0,0,0,0
40044,2,1,0,0,0,0,0,0,0,0,0,0
40045,0,1,0,0,0,0,0,0,0,0,0,0
40045,1,1,15,15,15,15,15,15,15,15,15,15
40046,1,1,0,0,0,0,0,0,0,0,0,0
40046,2,1,0,0,0,0,0,0,0,0,0,0
40047,1,1,0,0,0,0,0,0,0,0,0,0
40047,2,1,0,0,0,0,0,0,0,0,14,21
40049,1,1,0,0,0,0,14,6,0,0,0,0
40049,2,1,0,0,0,0,0,0,0,0,0,0
40050,0,1,0,0,0,0,0,0,0,0,0,0
40050,1,1,0,0,0,0,0,0,0,0,0,0
40051,0,1,0,0,0,0,0,0,0,0,0,0
40051,1,1,17,17,17,17,17,17,17,17,17,17
40052,0,1,23,23,23,23,23,23,23,23,23,23
40052,1,1,0,0,0,0,0,0,0,0,0,0
40053,1,1,0,0,6,0,0,0,0,0,0,0
40053,2,1,0,0,0,0,0,0,0,0,0,0
40054,1,1,0,0,0,0,0,0,0,0,0,0
40055,0,1,0,0,0,0,0,0,0,0,0,0
40055,1,1,0,0,0,0,0,0,0,0,0,0
40056,1,1,0,0,0,0,17,0,0,0,0,5
40056,2,1,0,0,0,0,0,0,0,0,0,0
40057,1,1,11,11,11,11,11,11,11,11,11,11
40058,1,1,8,8,8,8,8,8,8,8,8,8
40059,1,1,24,24,24,24,24,24,24,24,24,24
40059,2,1,0,0,0,0,0,0,0,0,0,0
40060,1,1,23,23,23,23,23,23,23,23,23,23
40061,1,1,0,0,0,0,0,0,0,0,0,0
40062,1,1,0,0,0,0,0,0,0,0,0,0
40062,2,1,0,0,0,0,0,0,0,0,0,0
40063,1,1,13,13,13,13,13,13,13,13,13,13
40063,2,1,0,0,0,0,0,0,0,0,0,0
40064,1,1,0,0,0,0,0,0,0,0,0,0
40064,2,1,0,0,0,0,0,0,0,0,0,0
40064,3,1,0,0,0,0,0,0,0,0,0,0
40064,4,1,0,0,0,0,0,0,0,0,0,0
40065,0,1,18,18,18,18,18,18,18,18,18,18
40065,1,1,0,0,0,0,0,0,0,0,0,0
40066,0,1,0,0,0,0,0,0,0,0,0,0
40066,1,1,0,0,0,0,0,0,0,0,0,0
40067,0,1,0,0,0,0,0,0,0,0,0,0
40067,1,1,0,0,0,0,0,0,0,0,0,0
40068,1,1,0,0,0,0,0,0,0,0,0,0
40068,2,1,0,0,0,0,0,0,0,0,0,0
40069,1,1,0,0,0,0,0,0,0,0,3,0
40069,2,1,0,0,0,0,0,0,0,0,0,0
40070,1,1,0,0,0,0,0,0,0,0,0,0
40071,1,1,0,0,0,0,0,0,0,0,0,0
40071,2,1,0,0,0,0,0,0,0,0,0,0
40072,0,1,0,0,0,0,0,0,0,0,0,0
40072,1,1,0,0,0,0,0,0,0,0,0,0
40073,1,1,0,0,0,0,0,0,0,0,0,0
40074,0,1,0,0,10,4,0,0,0,0,0,0
40074,1,1,0,0,0,0,0,0,0,0,0,0
40075,1,1,0,0,0,0,0,0,0,0,0,0
40075,2,1,0,0,0,0,0,0,0,0,0,0
40076,1,1,0,0,0,0,0,0,0,0,0,0
40076,2,1,0,0,0,0,0,0,0,0,0,0
40077,1,1,29,29,29,29,29,29,29,29,29,29
40078,1,1,0,0,0,0,0,0,0,0,0,0
40078,2,1,0,0,0,0,0,0,0,0,0,0
40079,0,1,0,0,0,0,0,0,0,0,0,0
40079,1,1,0,0,0,0,0,0,0,0,0,0
40080,1,1,25,25,25,25,25,25,25,25,25,25
40081,0,1,0,0,7,0,0,0,0,0,0,0
40081,1,1,0,0,0,0,0,0,0,0,0,0
40082,1,1,0,0,0,0,0,0,26,39,0,25
40082,2,1,0,0,0,0,0,0,0,0,0,0
40083,1,1,0,0,0,0,0,0,0,0,0,0
40084,1,1,0,0,0,0,0,0,0,0,0,0
40084,2,1,0,0,0,0,0,0,0,0,0,0
40085,1,1,12,12,12,12,12,12,12,12,12,12
40085,2,1,0,0,0,0,0,0,0,0,0,0
40086,1,1,19,19,19,19,19,19,19,19,19,19
40086,2,1,0,0,0,0,0,0,0,0,0,0
40087,1,1,0,0,0,0,0,0,0,0,0,0
40087,2,1,0,0,0,0,0,0,0,0,0,0
40087,3,1,0,0,0,0,0,0,0,0,0,0
40088,0,1,36,36,36,36,36,36,36,36,36,36
40088,1,1,0,0,0,0,0,0,0,0,0,0
40088,2,1,0,0,0,0,0,0,0,0,0,0
40089,1,1,0,0,0,0,0,0,0,0,0,0
40089,2,1,0,0,0,0,0,0,0,0,0,0
40090,0,1,0,0,0,0,0,0,0,0,0,0
40090,0,2,0,11,0,0,0,0,0,0,0,0
40090,0,3,0,0,0,0,0,0,0,0,0,0
40090,0,4,0,0,0,0,0,0,0,0,0,0
40090,0,5,0,0,0,0,0,0,0,0,0,0
40090,0,6,0,0,0,0,0,0,0,0,0,0
40090,1,1,0,0,0,0,0,0,0,0,0,0
40091,1,1,0,0,0,0,0,0,0,0,0,0
40092,1,1,16,16,16,16,16,16,16,16,16,16
40092,2,1,0,0,0,0,0,0,0,0,0,0
40093,1,1,0,0,0,0,0,0,0,0,0,0
40093,2,1,0,0,0,0,0,0,0,0,0,0
40095,1,1,11,11,11,11,11,11,11,11,11,11
40095,2,1,0,37,0,0,16,0,21,16,0,0
40096,1,1,0,0,0,0,0,0,0,0,0,0
40096,2,1,0,0,0,0,0,0,0,0,0,0
40097,1,1,0,0,0,0,0,0,0,0,0,0
40098,0,1,0,0,0,0,0,0,0,0,0,0
40098,1,1,0,0,0,0,0,0,0,0,0,0
40099,1,1,0,0,0,0,0,0,0,0,0,0
40099,2,1,0,0,0,0,0,0,0,0,0,0
40100,0,1,6,6,6,6,6,6,6,6,6,6
40100,1,1,0,0,0,6,0,0,0,0,0,0
40101,0,1,20,20,20,20,20,20,20,20,20,20
40101,1,1,0,0,0,0,0,0,0,0,0,0
40102,1,1,0,0,0,0,0,0,0,0,0,0
40102,2,1,0,0,0,9,0,0,0,0,0,0
40103,1,1,0,0,0,0,0,0,0,0,0,0
40104,1,1,8,8,8,8,8,8,8,8,8,8
40105,1,1,0,0,0,0,0,0,0,0,0,0
40105,2,1,0,0,0,0,0,0,0,0,0,0
40105,3,1,0,0,0,0,0,0,0,11,0,0
40105,4,1,0,0,0,0,0,0,0,0,0,0
40105,5,1,0,0,0,0,0,0,0,0,0,0
40105,6,1,0,0,0,0,0,0,0,0,0,0
40106,0,1,17,21,34,16,0,10,33,28,9,0
40106,1,1,0,0,0,0,0,0,22,0,0,0
40107,1,1,0,0,0,0,0,0,0,0,0,0
40108,1,1,0,0,0,0,0,0,0,0,0,0
40108,2,1,0,0,0,0,0,0,0,0,0,0
40109,1,1,24,24,24,24,24,24,24,24,24,24
40110,1,1,16,16,16,16,16,16,16,16,16,16
40111,0,1,24,24,24,24,24,24,24,24,24,24
40111,1,1,0,26,29,0,0,0,0,0,0,0
40112,1,1,0,0,0,0,0,0,0,0,0,0
40113,1,1,0,0,0,0,0,0,0,0,0,0
40114,1,1,8,8,8,8,8,8,8,8,8,8
40115,0,1,0,0,0,0,0,0,0,0,0,0
40115,1,1,0,0,0,0,0,0,0,0,0,0
40116,1,1,17,17,17,17,17,17,17,17,17,17
40117,1,1,0,0,0,0,0,0,0,0,0,0
40117,2,1,0,0,0,0,0,0,0,0,0,0
40118,0,1,1,1,1,1,1,1,1,1,1,1
40118,1,1,0,0,0,0,0,0,0,0,0,0
40119,0,1,15,5,16,30,22,15,20,10,16,14
40119,1,1,0,0,0,0,0,0,0,0,0,0
40120,1,1,0,0,0,0,0,0,0,0,0,0
40120,2,1,0,0,0,0,0,0,0,0,0,0
40121,1,1,0,0,0,0,0,0,0,0,0,0
40122,0,1,38,38,38,38,38,38,38,38,38,38
40122,1,1,10,10,10,10,10,10,10,10,10,10
40123,0,1,29,38,12,23,0,17,24,25,26,43
40123,1,1,0,0,0,0,0,0,0,0,0,0
40124,0,1,0,0,0,0,0,0,0,0,0,0
40124,1,1,0,0,0,0,0,0,0,0,0,0
40125,1,1,0,0,0,0,0,0,0,0,0,0
40125,2,1,0,0,0,0,0,0,0,0,0,0
40125,3,1,0,0,0,0,0,0,0,0,0,0
40126,1,1,0,0,0,0,0,0,0,0,0,0
40126,2,1,0,0,0,0,0,0,0,0,0,0
40127,1,1,0,0,0,0,0,0,0,0,0,0
40127,2,1,0,0,0,0,0,0,0,0,0,0
40128,1,1,11,11,11,11,11,11,11,11,11,11
40128,2,1,0,0,0,0,0,0,0,0,0,0
40129,1,1,0,0,0,0,0,0,0,0,0,0
40129,2,1,0,0,0,0,0,0,0,0,0,0
40130,0,1,8,0,6,0,15,0,23,0,5,19
40130,1,1,0,0,0,0,0,0,0,0,0,0
40131,0,1,0,0,0,0,0,0,0,0,0,0
40131,1,1,6,6,6,6,6,6,6,6,6,6
40132,1,1,0,7,0,15,0,0,0,21,0,0
40132,2,1,0,0,0,0,0,0,0,0,0,0
40133,0,1,0,0,0,0,0,0,0,0,0,0
40133,1,1,9,0,0,11,19,0,5,9,0,0
40134,0,1,12,12,12,12,12,12,12,12,12,12
40134,1,1,19,19,19,19,19,19,19,19,19,19
40135,1,1,0,0,0,8,0,0,0,0,0,0
40136,1,1,11,11,11,11,11,11,11,11,11,11
40137,2,1,27,0,0,0,0,0,0,0,0,0
40138,1,1,0,0,11,0,42,25,12,0,0,9
40139,1,1,0,0,0,0,0,18,0,0,0,0
40139,2,1,0,0,0,0,0,0,0,0,0,0
40140,0,1,26,0,19,0,24,25,28,19,26,15
40140,1,1,0,0,0,0,0,0,0,2,0,0
40142,1,2,19,14,9,21,18,0,0,10,0,0
40143,1,1,0,0,0,0,0,0,0,0,0,0
40145,1,1,0,0,0,0,0,0,0,0,21,18
40145,2,1,0,0,0,0,0,0,14,0,0,0
40146,0,1,0,0,0,0,0,0,0,0,0,0
40146,1,1,0,0,0,0,0,0,0,0,0,0
40147,1,1,0,0,0,0,0,0,0,0,0,0
40147,2,1,0,0,0,0,0,0,0,0,0,0
40148,0,1,0,0,0,0,0,0,0,0,0,0
40148,1,1,0,0,0,16,0,18,0,0,0,0
40149,0,1,0,0,0,0,0,0,0,0,0,0
40149,1,1,0,0,0,0,0,0,0,0,0,0
40150,0,1,0,0,0,0,0,0,0,0,0,0
40150,1,1,0,0,0,0,0,0,0,0,0,0
40151,1,1,0,0,0,0,0,0,0,0,0,0
40151,2,1,0,0,0,0,0,0,0,0,0,0
40152,0,1,0,0,0,0,0,0,0,0,0,0
40152,1,1,0,0,0,0,0,0,0,0,0,0
40153,0,1,32,32,32,32,32,32,32,32,32,32
40153,1,1,2,2,2,2,2,2,2,2,2,2
40155,0,1,0,0,0,0,0,0,0,0,0,0
40155,1,1,0,0,0,0,0,0,0,0,0,0
40156,0,1,33,33,33,33,33,33,33,33,33,33
40156,1,1,0,0,0,0,0,0,0,0,0,0
40157,1,1,3,3,3,3,3,3,3,3,3,3
40158,1,1,0,0,0,0,0,0,0,0,0,0
40158,2,1,0,0,0,0,0,0,0,0,0,0
40159,1,1,0,0,0,0,0,0,0,0,0,0
40160,1,1,0,0,0,0,0,0,8,0,11,0
40160,2,1,0,0,0,0,0,0,0,0,0,0
40161,1,1,11,16,0,0,18,0,0,0,0,0
40161,2,1,0,0,0,0,0,0,0,0,0,0
40163,0,1,0,0,0,0,0,0,0,0,0,0
40163,1,1,0,0,0,0,0,0,0,0,0,0