ST_CASE,VEH_NO,PER_NO,P1,P2,P3,P4,P5,P6,P7,P8,P9,P10
40164,0,1,0,0,0,0,0,0,0,0,0,0
40164,1,1,0,0,0,0,0,0,0,0,0,0
40165,0,1,0,0,0,0,0,0,0,0,0,0
40165,1,1,0,0,0,0,0,0,0,0,0,0
40166,1,1,10,10,10,10,10,10,10,10,10,10
40167,1,1,17,17,17,17,17,17,17,17,17,17
40168,1,1,29,12,21,4,11,21,8,24,22,7
40169,1,1,0,0,0,0,0,0,0,0,0,0
40170,0,1,0,0,0,0,0,0,0,0,0,0
40170,1,1,0,0,0,0,0,0,0,0,0,0
40171,1,1,0,0,0,0,0,0,0,0,0,0
40171,2,1,0,0,0,0,0,0,0,0,0,0
40172,1,1,0,0,0,0,0,0,0,0,0,0
40172,2,1,1,1,1,1,1,1,1,1,1,1
40173,1,1,0,0,0,0,0,0,0,0,0,0
40173,2,1,0,0,0,0,0,0,0,0,0,0
40174,1,1,29,29,29,29,29,29,29,29,29,29
40174,2,1,0,0,0,0,0,0,0,0,0,0
40175,0,1,0,0,0,0,0,0,0,0,6,0
40175,1,1,0,0,0,0,0,0,0,0,0,0
40176,0,1,1,1,1,1,1,1,1,1,1,1
40176,1,1,14,0,0,17,7,10,8,8,0,9
40177,1,1,0,0,0,0,0,0,0,0,0,0
40177,2,1,0,0,0,0,0,0,0,0,0,0
40178,0,1,0,0,0,0,0,0,0,0,0,0
40178,1,1,0,0,0,0,0,0,0,0,0,0
40179,1,1,0,0,0,0,0,0,0,0,0,0
40179,2,1,0,0,0,0,0,0,0,0,0,0
40179,3,1,0,0,0,0,0,0,0,0,0,0
40180,1,1,0,0,0,0,0,0,0,0,0,0
40180,2,1,0,0,0,0,0,0,0,0,0,0
40181,1,1,0,0,0,0,0,0,0,0,0,0
40181,2,1,0,0,0,0,0,0,0,0,0,0
40181,3,1,0,0,0,0,0,0,0,0,0,0
40182,0,1,29,29,29,29,29,29,29,29,29,29
40182,1,1,24,24,24,24,24,24,24,24,24,24
40183,1,1,0,0,0,0,0,0,0,0,0,0
40183,2,1,0,0,0,0,0,0,0,0,0,0
40184,0,1,11,11,11,11,11,11,11,11,11,11
40184,1,1,0,0,0,0,0,0,0,0,0,0
40185,1,1,0,0,0,0,0,0,0,0,0,0
40185,2,1,0,0,0,0,0,0,0,0,0,0
40187,0,1,31,31,31,31,31,31,31,31,31,31
40187,1,1,0,0,0,0,0,0,0,10,0,0
40188,0,1,13,13,13,13,13,13,13,13,13,13
40188,1,1,21,0,17,0,0,15,0,0,0,0
40189,1,1,0,0,0,0,0,0,0,0,0,0
40189,2,1,0,0,0,0,0,0,0,0,0,0
40190,1,1,0,0,0,0,0,0,0,0,0,0
40191,1,1,0,0,0,0,26,0,0,8,0,0
40192,1,1,0,0,0,0,0,0,0,0,0,0
40192,2,1,0,0,0,22,22,0,0,0,0,0
40193,1,1,0,0,0,0,0,0,0,0,0,0
40193,2,1,0,0,0,0,0,0,0,0,0,0
40194,0,1,25,25,25,25,25,25,25,25,25,25
40194,1,1,31,0,0,0,23,0,0,0,0,0
40195,1,1,0,0,0,0,0,0,0,0,0,0
40195,2,1,0,0,0,0,0,0,0,0,0,0
40196,1,1,11,11,11,11,11,11,11,11,11,11
40197,1,1,0,0,0,0,0,0,0,0,0,0
40198,1,1,18,18,18,18,18,18,18,18,18,18
40200,1,1,22,22,22,22,22,22,22,22,22,22
40201,1,1,21,21,21,21,21,21,21,21,21,21
40202,1,1,0,0,0,0,0,0,0,0,0,0
40202,2,1,0,0,0,0,0,0,0,0,0,0
40203,1,1,0,0,0,0,0,0,0,0,0,0
40203,2,1,0,0,0,0,0,0,0,0,0,0
40203,3,1,0,0,0,0,0,0,0,0,0,0
40203,4,1,0,0,0,0,0,0,0,0,0,0
40204,1,1,0,0,0,0,0,0,0,0,0,0
40204,2,1,0,0,0,0,12,0,0,0,0,0
40204,3,1,0,0,0,0,0,0,0,0,0,0
40204,4,1,0,0,0,0,0,0,0,0,0,0
40204,5,1,0,0,0,0,0,0,0,0,0,0
40204,6,1,0,0,0,0,0,0,0,0,0,0
40204,7,1,0,6,0,0,0,0,0,0,0,0
40204,8,1,0,0,0,0,0,0,0,0,0,0
40204,9,1,3,0,0,0,0,0,0,0,0,0
40204,10,1,0,0,0,0,0,0,0,0,0,0
40204,11,1,0,0,0,0,0,0,0,0,0,0
40204,12,1,0,0,0,0,0,0,0,0,0,0
40204,13,1,0,0,0,0,0,0,0,0,0,0
40204,14,1,0,0,0,0,0,0,0,0,0,0
40204,15,1,0,0,0,0,0,0,0,0,0,0
40205,0,1,21,21,21,21,21,21,21,21,21,21
40205,1,1,0,0,0,0,0,0,0,0,0,0
40206,1,1,18,18,18,18,18,18,18,18,18,18
40207,1,1,15,15,15,15,15,15,15,15,15,15
40207,2,1,0,11,0,0,0,0,0,0,0,0
40207,3,1,0,0,0,0,0,20,0,0,17,0
40208,0,1,0,0,0,0,0,0,0,0,0,0
40208,1,1,0,0,0,0,0,0,0,21,0,0
40208,2,1,0,0,0,0,0,0,0,0,0,0
40208,4,1,0,0,0,0,0,0,0,0,0,0
40208,5,1,0,0,0,0,0,0,0,0,0,0
40209,1,1,0,0,0,0,0,0,0,0,0,0
40209,2,1,0,0,0,0,0,0,0,0,0,0
40210,0,1,0,0,0,0,0,0,0,0,0,0
40210,1,1,0,0,0,0,0,0,0,0,0,0
40212,1,1,0,0,0,0,0,0,0,0,0,0
40213,1,1,16,16,16,16,16,16,16,16,16,16
40213,2,1,0,0,0,0,0,0,0,0,0,0
40214,0,1,0,0,0,0,0,0,0,0,0,0
40214,1,1,0,0,0,0,0,0,0,0,0,0
40215,0,1,18,0,0,0,6,5,35,26,16,0
40215,1,1,0,0,0,0,0,0,0,0,0,0
40216,1,1,22,22,22,22,22,22,22,22,22,22
40217,0,1,1,1,1,1,1,1,1,1,1,1
40217,1,1,0,0,0,0,0,0,0,0,0,0
40218,1,1,0,0,0,0,0,0,0,0,0,0
40219,1,1,0,0,0,0,0,0,0,0,0,0
40219,2,1,0,0,0,0,0,0,0,0,0,0
40221,0,1,0,35,21,0,6,0,0,15,20,0
40221,1,1,0,0,0,0,0,0,0,0,0,0
40222,0,1,0,19,0,0,0,0,13,0,0,0
40222,1,1,14,0,20,9,6,16,21,17,9,6
40223,1,1,0,0,0,0,0,0,0,0,0,0
40223,2,1,0,0,0,0,0,0,0,0,0,0
40224,1,1,23,23,23,23,23,23,23,23,23,23
40224,2,1,0,11,0,0,0,0,0,0,0,0
40225,1,1,0,0,0,0,0,0,0,0,0,0
40225,2,1,0,0,0,0,0,0,0,0,0,0
40226,1,1,24,24,24,24,24,24,24,24,24,24
40227,1,2,24,20,15,19,16,0,19,13,22,24
40228,0,1,25,25,25,25,25,25,25,25,25,25
40228,1,1,0,0,0,0,0,0,0,0,0,0
40229,1,1,0,0,0,0,0,0,0,0,0,0
40229,2,1,0,0,0,0,0,0,0,0,0,0
40230,0,1,19,19,19,19,19,19,19,19,19,19
40230,1,1,0,0,0,0,0,16,0,9,27,0
40231,0,1,28,28,28,28,28,28,28,28,28,28
40231,1,1,0,0,0,11,9,0,0,10,0,0
40232,1,1,0,0,0,0,0,17,0,0,0,0
40233,1,1,28,28,28,28,28,28,28,28,28,28
40234,1,1,9,9,9,9,9,9,9,9,9,9
40235,1,1,0,0,0,0,0,0,0,0,0,0
40235,2,1,0,0,0,0,0,0,0,0,8,0
40235,3,1,0,0,0,0,0,0,0,0,0,0
40236,1,2,0,0,0,0,0,0,0,0,0,0
40237,1,1,0,0,0,0,0,0,0,0,0,0
40238,1,1,0,0,0,0,0,0,0,0,0,0
40239,0,1,24,24,24,24,24,24,24,24,24,24
40239,1,1,0,0,0,0,0,0,0,0,0,0
40240,0,1,0,0,0,0,0,0,0,0,0,0
40240,1,1,0,0,0,0,0,0,0,0,0,19
40241,1,1,0,0,0,0,0,0,0,0,0,0
40242,1,1,21,21,21,21,21,21,21,21,21,21
40242,2,1,0,0,0,0,0,0,0,0,0,0
40243,1,1,22,22,22,22,22,22,22,22,22,22
40243,2,1,0,0,0,0,0,0,0,0,0,0
40243,3,1,0,0,0,0,0,0,0,0,0,0
40243,4,1,0,0,0,0,0,0,0,0,0,0
40244,1,1,0,0,0,0,0,0,0,0,0,0
40244,2,1,0,0,0,0,0,0,0,0,0,0
40244,3,1,0,0,0,0,0,0,0,0,0,0
40244,4,1,0,0,0,0,0,0,0,0,0,0
40245,1,1,3,3,3,3,3,3,3,3,3,3
40246,0,1,0,0,0,0,0,0,0,0,0,0
40246,1,1,0,0,0,0,0,0,0,0,0,0
40247,1,1,0,0,0,0,0,0,0,0,0,0
40248,1,1,0,9,0,0,0,0,18,0,0,0
40249,1,1,0,26,0,0,0,0,0,0,0,0
40250,1,1,4,4,4,4,4,4,4,4,4,4
40251,1,1,0,0,0,0,0,0,0,0,0,0
40252,1,1,0,0,0,0,0,0,0,0,0,0
40253,1,1,0,0,0,0,0,0,0,0,0,0
40253,2,1,0,0,0,0,0,0,0,0,0,0
40254,1,1,18,18,18,18,18,18,18,18,18,18
40255,1,1,23,23,23,23,23,23,23,23,23,23
40256,1,1,0,2,0,0,15,14,0,0,0,0
40257,1,1,31,31,31,31,31,31,31,31,31,31
40258,0,1,37,37,37,37,37,37,37,37,37,37
40258,1,1,0,0,0,0,0,0,0,0,0,0
40259,0,1,0,0,0,26,9,0,0,15,21,10
40259,1,1,16,0,0,24,41,0,0,13,0,0
40260,1,1,0,0,0,0,0,0,0,0,0,0
40261,1,1,0,0,0,0,0,25,0,0,0,28
40262,1,1,14,14,14,14,14,14,14,14,14,14
40262,2,1,0,0,16,0,0,0,0,20,0,0
40263,1,1,0,0,0,0,0,0,0,14,0,0
40264,0,1,0,0,0,0,0,0,0,0,0,0
40264,1,1,0,0,0,0,0,0,0,0,0,0
40265,1,1,18,18,18,18,18,18,18,18,18,18
40266,1,1,11,11,11,11,11,11,11,11,11,11
40267,1,1,20,20,20,20,20,20,20,20,20,20
40268,1,1,30,30,30,30,30,30,30,30,30,30
40268,2,1,13,13,13,13,13,13,13,13,13,13
40269,1,1,0,0,0,0,0,0,0,0,0,0
40269,2,1,9,9,9,9,9,9,9,9,9,9
40270,1,1,0,0,0,0,0,0,0,0,0,0
40271,1,1,0,0,0,0,0,0,0,0,0,0
40271,2,1,0,0,0,0,0,0,0,0,0,0
40272,1,1,0,0,0,0,0,0,0,0,0,0
40272,2,1,0,0,0,0,0,0,0,0,22,0
40273,0,1,0,0,0,0,0,0,0,0,0,0
40273,1,1,0,0,0,0,0,0,0,0,0,0
40274,1,1,0,0,0,0,0,0,0,0,0,0
40274,2,1,0,0,0,0,0,0,0,0,0,0
40275,1,1,0,0,0,0,0,0,0,0,0,0
40275,2,1,0,0,0,0,0,0,0,0,0,0
40276,1,1,0,0,0,0,0,0,0,0,0,0
40277,1,1,0,0,0,0,0,0,0,0,0,0
40277,2,1,0,0,0,0,0,0,0,0,0,0
40277,3,1,0,0,0,0,0,0,0,0,0,0
40278,1,1,18,18,18,18,18,18,18,18,18,18
40279,1,1,0,0,0,0,0,0,0,0,0,0
40280,1,1,0,0,0,0,0,0,0,0,0,0
40281,1,1,0,0,0,0,0,0,0,0,0,0
40282,1,1,22,22,22,22,22,22,22,22,22,22
40282,2,1,0,0,0,0,0,0,0,0,0,0
40283,1,1,0,0,0,0,0,0,0,0,0,0
40283,2,1,0,0,0,0,0,0,0,0,0,0
40283,3,1,0,0,0,0,0,0,0,0,0,0
40285,1,1,0,0,0,0,0,0,0,0,0,0
40286,1,1,0,0,0,0,0,0,0,0,0,0
40286,2,1,12,0,0,0,4,0,0,0,0,0
40287,1,1,1,1,1,1,1,1,1,1,1,1
40288,0,1,0,0,0,0,0,0,0,0,0,0
40288,1,1,0,0,0,0,0,0,0,0,0,0
40289,1,1,22,22,22,22,22,22,22,22,22,22
40289,2,1,0,0,0,0,0,0,0,0,0,0
40291,1,2,0,0,0,0,8,0,5,0,6,0
40292,0,1,0,0,0,0,0,0,0,0,0,0
40292,1,1,1,1,1,1,1,1,1,1,1,1
40293,1,1,0,0,0,14,19,18,0,0,0,0
40294,1,1,0,0,0,0,11,0,0,0,0,0
40294,2,1,18,18,18,18,18,18,18,18,18,18
40294,3,1,0,0,0,0,0,0,0,0,0,0
40295,0,1,25,0,0,11,0,16,25,0,0,0
40295,1,1,0,0,0,14,0,0,0,14,0,0
40296,1,1,0,0,0,0,0,0,0,0,0,0
40296,2,1,0,0,0,0,0,0,0,0,0,0
40297,0,1,27,27,27,27,27,27,27,27,27,27
40297,1,1,13,13,13,13,13,13,13,13,13,13
40298,1,1,0,0,0,0,0,0,0,0,0,0
40298,2,1,0,0,0,0,0,0,0,0,0,0
40298,3,1,0,0,0,0,0,0,0,0,0,0
40299,0,1,28,28,28,28,28,28,28,28,28,28
40299,1,1,0,0,0,0,0,0,0,0,0,0
40300,1,1,7,7,7,7,7,7,7,7,7,7
40301,1,1,21,21,21,21,21,21,21,21,21,21
40303,1,1,0,0,0,0,0,0,0,0,0,0
40303,2,1,0,0,0,0,0,0,0,0,0,0
40304,1,1,0,0,0,0,0,0,0,0,0,0
40304,2,1,0,0,0,0,0,0,0,0,0,0
40305,1,1,0,0,0,16,15,0,0,10,0,0
40306,1,1,0,0,0,0,0,0,0,0,0,0
40307,1,1,0,7,0,0,18,0,0,13,0,0
40307,2,1,16,16,16,16,16,16,16,16,16,16
40307,3,1,12,12,12,12,12,12,12,12,12,12
40308,1,1,0,0,0,0,0,0,0,0,0,0
40308,2,1,0,0,0,16,0,0,0,0,0,13
40309,0,1,0,0,0,0,0,0,0,0,0,0
40309,1,1,0,0,0,0,0,0,0,0,0,0
40310,1,1,0,0,0,0,0,0,0,0,0,0
40311,1,1,0,0,0,7,14,0,0,0,0,0
40312,1,1,16,16,16,16,16,16,16,16,16,16
40313,1,1,0,0,0,0,0,0,0,0,0,0
40314,1,1,0,0,0,0,0,0,0,0,0,0
40314,2,1,0,0,0,0,0,0,0,0,0,0
40315,1,1,0,0,0,0,0,0,0,0,0,0
40316,0,1,32,32,32,32,32,32,32,32,32,32
40316,1,1,0,0,0,0,0,0,0,0,0,0
40317,1,1,0,0,0,0,0,0,0,0,0,0
40317,2,1,0,0,0,0,0,0,0,0,0,0
40317,3,1,0,0,0,12,0,0,0,0,0,0
40318,1,1,0,0,0,0,0,0,0,0,0,0
40319,1,1,23,23,23,23,23,23,23,23,23,23
40320,1,1,5,5,5,5,5,5,5,5,5,5
40321,1,1,0,0,0,0,0,0,0,0,0,0
40321,2,1,0,0,0,0,0,0,0,0,0,0
40321,3,1,0,0,0,0,0,0,0,0,0,0
40322,1,1,0,0,0,0,0,0,0,0,0,0
40322,2,1,8,0,0,0,0,0,0,0,0,0
40323,1,1,8,8,8,8,8,8,8,8,8,8
40324,0,1,5,5,5,5,5,5,5,5,5,5
40324,1,1,2,2,2,2,2,2,2,2,2,2
40324,2,1,18,0,0,0,0,0,0,0,21,0
40324,3,1,0,13,0,0,0,0,0,0,21,0
40325,1,1,15,15,15,15,15,15,15,15,15,15
40326,1,1,0,0,0,0,0,0,0,0,0,0
40326,2,1,0,0,0,0,0,0,0,0,0,0
40326,3,1,0,0,0,0,0,0,0,0,0,0
40327,1,1,0,0,0,0,0,0,0,0,0,0
40328,1,1,0,0,0,0,0,0,0,0,0,0
40329,0,1,0,0,0,0,0,0,0,0,0,0
40329,1,1,0,0,32,0,0,0,0,18,15,0
40330,1,1,0,0,0,0,0,0,0,0,0,0
40331,1,1,7,0,0,4,22,6,0,0,13,13
40332,1,1,9,9,9,9,9,9,9,9,9,9
40333,1,1,24,24,24,24,24,24,24,24,24,24
40334,1,1,4,4,4,4,4,4,4,4,4,4
40335,1,1,0,0,0,0,0,0,0,0,0,0
40336,1,1,24,24,24,24,24,24,24,24,24,24
40337,1,1,15,15,15,15,15,15,15,15,15,15
40338,1,1,11,11,11,11,11,11,11,11,11,11
40339,2,1,0,0,0,0,0,0,0,0,0,0
40340,1,1,0,0,0,0,0,0,0,0,0,0
40341,1,1,7,7,7,7,7,7,7,7,7,7
40342,1,1,0,0,0,0,0,0,0,0,0,0
40343,0,1,25,25,25,25,25,25,25,25,25,25
40343,1,1,0,0,0,0,0,0,0,0,0,0
40344,0,1,0,0,0,0,0,0,0,0,0,0
40344,1,1,0,0,0,0,0,0,0,0,0,0
40347,2,1,0,24,0,21,21,0,27,29,18,33
40348,0,1,15,15,24,16,28,21,34,18,37,23
40348,1,1,0,0,0,0,0,0,0,0,0,0
40349,1,1,0,0,0,0,0,0,0,0,0,0
40350,1,1,13,18,17,22,7,22,24,23,20,0
40351,1,1,0,0,0,0,0,0,0,0,0,0
40352,1,1,0,0,0,0,0,0,0,0,0,0
40352,2,1,0,0,0,0,0,0,0,0,0,0
40353,0,1,11,0,0,0,9,0,0,0,0,0
40353,1,1,0,0,0,0,0,0,0,0,0,0
40354,1,1,0,0,0,0,0,0,0,0,12,0
40354,2,1,0,0,0,0,0,0,0,0,0,0
40355,1,1,15,15,15,15,15,15,15,15,15,15
40356,1,1,2,23,20,8,19,14,17,21,15,25
40357,1,1,0,0,0,0,0,0,0,0,0,0
40358,1,1,16,16,16,16,16,16,16,16,16,16
40359,1,1,0,0,0,0,0,0,0,0,0,0
40359,2,1,0,10,3,0,0,0,0,0,0,0
40360,1,1,0,0,0,0,0,0,0,0,0,0
40361,1,1,6,6,6,6,6,6,6,6,6,6
40361,2,1,0,0,0,0,0,0,0,0,0,0
40362,1,1,0,0,0,0,0,0,0,0,0,0
40363,0,1,0,18,23,0,0,0,0,0,0,39
40363,1,1,0,0,0,0,0,0,0,0,0,0
40364,1,1,10,15,25,28,11,12,19,25,17,31
40365,1,1,9,9,9,9,9,9,9,9,9,9
40366,1,1,19,0,11,15,17,0,22,0,0,0
40367,1,1,0,0,0,0,0,0,0,0,0,18
40368,1,1,0,0,0,24,12,0,8,0,0,0
40368,2,1,0,0,0,0,0,0,0,0,0,0
40369,0,1,0,0,0,0,0,0,0,0,0,0
40369,1,1,0,0,0,0,0,0,0,0,0,0
40370,1,1,0,0,0,0,0,0,0,0,0,0
40371,1,1,0,0,0,0,0,0,0,0,0,0
40372,1,1,0,0,0,0,0,0,0,0,0,0
40372,2,1,7,7,7,7,7,7,7,7,7,7
40373,1,1,1,1,1,1,1,1,1,1,1,1
40373,2,1,0,0,0,0,0,0,0,0,0,0
40374,1,1,0,12,0,0,0,0,0,0,0,0
40375,1,1,21,21,21,21,21,21,21,21,21,21
40376,1,1,0,0,0,0,0,15,0,0,4,0
40376,2,1,0,0,0,8,0,0,0,0,0,0
40377,1,1,5,5,5,5,5,5,5,5,5,5
40377,2,1,0,24,0,0,0,0,0,0,0,0
40378,0,1,0,0,0,7,0,0,0,9,0,0
40378,1,1,0,0,0,0,0,0,0,0,0,0
40379,1,1,33,33,33,33,33,33,33,33,33,33
40380,1,1,0,0,0,0,0,0,0,0,0,0
40380,2,1,0,0,0,10,0,0,0,0,0,0
40381,1,1,0,0,0,0,0,0,0,0,0,0
40382,0,1,15,15,15,15,15,15,15,15,15,15
40382,1,1,0,0,0,0,0,0,3,0,0,0
40383,1,1,15,15,15,15,15,15,15,15,15,15
40384,1,1,16,16,16,16,16,16,16,16,16,16
40385,1,1,0,0,0,0,0,0,0,0,0,0
40386,1,1,26,26,26,26,26,26,26,26,26,26
40387,1,1,27,27,27,27,27,27,27,27,27,27
40388,1,1,20,20,20,20,20,20,20,20,20,20
40389,1,1,5,5,5,5,5,5,5,5,5,5
40389,2,1,0,0,0,0,0,0,0,0,0,0
40390,1,1,0,0,0,0,0,0,0,0,0,0
40390,2,1,0,0,0,0,0,0,0,0,0,0
40391,1,1,0,0,0,0,0,0,0,0,0,0
40391,2,1,0,0,0,0,0,0,0,0,0,0
40392,1,1,0,0,0,0,0,0,0,0,0,0
40392,2,1,0,0,0,0,0,0,0,0,0,0
40393,1,1,10,10,10,10,10,10,10,10,10,10
40393,2,1,0,0,0,0,0,0,0,0,0,0
40394,1,1,0,0,0,0,0,0,0,0,0,0
40394,2,1,0,0,0,0,0,0,0,0,0,0
40395,1,1,23,23,23,23,23,23,23,23,23,23
40396,0,1,0,15,0,0,0,0,0,0,0,0
40396,1,1,0,0,0,0,0,0,0,0,0,0
40397,1,1,32,32,32,32,32,32,32,32,32,32
40398,0,1,0,0,0,0,0,0,0,0,0,0
40398,0,2,0,0,0,0,0,0,0,0,0,0
40398,1,1,0,0,0,0,0,0,0,0,0,0
40399,1,1,16,16,14,13,21,15,25,12,13,12
40400,1,1,16,16,16,16,16,16,16,16,16,16
40401,1,1,0,0,0,0,0,0,4,0,0,0
40401,2,1,0,0,0,0,0,0,0,0,0,19
40402,1,1,0,0,0,0,0,0,0,0,0,0
40403,1,2,0,0,0,0,0,0,0,0,0,0
40404,1,1,3,3,3,3,3,3,3,3,3,3
40405,0,1,25,25,25,25,25,25,25,25,25,25
40405,1,1,0,0,0,0,0,0,0,0,0,0
40406,0,1,14,27,23,5,0,20,0,17,10,0
40406,1,1,0,0,0,41,2,0,14,10,4,0
40408,0,1,0,0,0,0,0,0,0,0,0,0
40408,1,1,0,0,0,0,0,0,0,0,0,0
40409,0,1,0,0,0,0,0,0,0,0,0,0
40409,0,2,0,0,0,0,0,0,0,0,0,0
40409,1,1,0,0,0,0,0,0,0,0,0,0
40410,1,1,0,9,0,0,15,8,0,0,14,0
40410,2,1,0,0,0,0,0,0,0,0,0,0
40411,0,1,16,0,0,26,28,38,0,8,38,30
40411,1,1,13,0,11,13,14,11,5,13,3,0
40412,0,1,30,30,30,30,30,30,30,30,30,30
40412,1,1,0,0,0,0,0,0,0,0,0,0
40413,0,1,33,33,33,33,33,33,33,33,33,33
40413,1,1,0,0,0,0,0,20,0,0,0,0
40414,1,1,0,0,0,0,0,0,0,0,0,0
40414,2,1,0,0,0,12,0,0,0,0,0,0
40415,1,1,0,0,0,0,0,0,0,0,0,0
40415,2,1,0,0,0,0,0,0,0,0,0,0
40416,1,1,0,0,0,0,0,0,0,0,0,0
40416,2,1,0,0,0,0,0,0,0,0,0,0
40416,3,1,0,0,0,0,0,0,0,0,0,0
40417,0,1,17,17,17,17,17,17,17,17,17,17
40417,1,1,0,31,0,0,0,0,0,0,0,0
40418,1,1,10,0,0,0,0,0,0,0,0,0
40419,1,1,0,0,0,0,0,0,0,0,0,0
40419,2,1,0,0,0,0,0,0,0,0,0,0
40420,1,1,0,0,0,0,0,0,0,0,0,0
40420,2,1,0,0,0,0,0,0,0,0,0,0
40420,3,1,0,0,0,0,0,0,0,0,0,0
40420,4,1,13,0,0,27,0,0,0,0,0,0
40423,1,1,0,0,0,0,0,0,0,0,0,0
40424,1,1,9,9,9,9,9,9,9,9,9,9
40425,1,1,0,0,0,0,0,0,0,0,0,0
40426,1,1,0,0,0,0,0,0,0,0,0,0
40426,2,1,0,0,0,0,0,0,0,0,0,0
40427,1,1,0,0,0,0,0,0,0,0,0,0
40427,2,1,0,0,0,0,0,0,0,0,0,0
40427,3,1,0,0,0,0,0,0,0,0,0,0
40428,1,1,0,0,0,0,0,0,0,0,0,0
40429,1,1,0,0,0,0,0,0,0,0,0,0
40430,1,1,27,27,27,27,27,27,27,27,27,27
40431,1,1,0,0,0,0,0,0,0,0,0,0
40431,2,1,0,0,0,0,0,0,0,0,0,0
40432,1,1,0,9,0,0,0,0,0,0,0,0
40432,2,1,0,0,0,0,0,0,0,0,0,0
40433,1,1,0,0,0,0,0,0,0,0,0,0
40434,1,1,0,0,0,0,0,0,0,0,0,0
40434,2,1,0,0,0,0,0,0,0,0,0,0
40435,1,1,0,0,0,0,0,0,0,0,0,0
40435,2,1,0,0,0,0,0,0,0,0,0,0
40436,1,1,0,0,0,0,0,0,0,0,0,0
40436,2,1,0,0,0,0,0,0,0,0,0,0
40437,1,1,23,23,23,23,23,23,23,23,23,23
40438,1,1,0,0,0,0,0,0,0,0,0,0
40438,2,1,0,0,0,0,0,0,0,0,0,0
40439,1,1,0,0,0,0,0,0,0,0,0,0
40440,1,1,0,0,0,0,0,0,0,0,0,0
40441,1,1,0,0,0,0,0,0,0,0,0,0
40442,1,1,11,11,11,11,11,11,11,11,11,11
40443,1,1,0,0,0,0,0,0,0,0,0,0
40443,2,1,0,0,0,0,0,0,0,0,0,0
40444,1,1,17,17,17,17,17,17,17,17,17,17
40445,1,1,0,0,0,0,0,0,0,0,0,0
40447,1,1,0,0,0,6,0,16,0,0,0,0
40448,1,1,0,0,0,0,0,0,0,0,0,0
40449,1,1,0,0,0,19,0,0,18,0,0,0
40450,0,1,24,34,0,9,18,0,0,12,20,0
40450,1,1,10,0,0,0,0,0,0,0,10,0
40451,1,1,7,0,11,11,23,0,0,21,0,0
40452,0,1,17,17,17,17,17,17,17,17,17,17
40452,1,1,0,0,0,0,0,0,0,0,0,0
40453,1,1,19,19,19,19,19,19,19,19,19,19
40453,2,1,0,0,0,0,0,0,0,0,0,0
40454,1,1,3,0,0,15,0,12,5,0,0,0
40455,1,1,23,23,23,23,23,23,23,23,23,23
40456,1,1,16,0,0,0,0,17,0,0,0,0
40456,2,1,0,0,0,0,0,0,0,0,0,0
40457,1,2,19,0,0,20,9,8,34,21,0,0
40459,1,1,0,0,0,0,0,0,0,0,0,0
40459,2,1,0,0,0,0,0,0,0,0,0,0
40460,1,1,0,0,0,0,0,0,0,0,0,0
40460,2,1,0,0,0,0,0,0,0,0,0,0
40460,3,1,0,0,0,0,0,0,0,0,0,0
40461,1,1,0,0,0,0,0,0,0,0,0,0
40461,2,1,0,0,0,0,0,0,0,0,0,0
40462,1,1,0,0,0,0,0,0,0,0,0,0
40462,2,1,0,0,0,0,0,0,0,0,0,0
40462,3,1,0,0,0,0,0,0,0,0,0,0
40463,0,1,0,0,0,0,0,19,0,0,0,0
40463,1,1,0,0,0,0,0,0,0,0,0,0
40464,0,1,25,25,25,25,25,25,25,25,25,25
40464,1,1,0,0,0,0,0,0,0,0,0,0
40465,0,1,20,20,20,20,20,20,20,20,20,20
40465,1,1,0,0,0,0,0,0,0,0,0,0
40466,1,1,44,44,44,44,44,44,44,44,44,44
40467,1,1,0,0,0,0,0,0,0,0,0,0
40468,1,1,17,17,17,17,17,17,17,17,17,17
40469,0,1,0,14,17,10,11,17,0,5,0,19
40469,1,1,22,0,0,11,14,12,8,22,11,0
40470,1,1,0,0,0,0,0,0,0,0,0,0
40471,1,1,17,17,17,17,17,17,17,17,17,17
40472,1,1,13,13,13,13,13,13,13,13,13,13
40472,2,1,0,0,0,0,0,0,0,0,0,0
40473,1,1,0,0,0,0,0,0,0,0,0,0
40473,2,1,0,0,0,0,0,0,0,0,0,0
40474,1,1,12,12,12,12,12,12,12,12,12,12
40474,2,1,0,0,0,0,0,0,0,0,0,0
40475,1,1,0,0,0,0,0,0,0,0,0,0
40475,2,1,0,0,0,0,0,0,0,0,0,0
40476,1,1,0,0,0,0,0,0,0,0,0,0
40477,1,1,0,0,0,0,0,0,0,0,0,0
40478,1,1,29,29,29,29,29,29,29,29,29,29
40479,1,1,0,0,0,0,0,0,0,0,0,0
40480,1,1,0,0,0,0,0,0,0,0,0,0
40480,2,1,0,0,0,0,0,0,0,0,0,0
40480,3,1,0,0,0,0,0,0,0,0,0,0
40480,4,1,0,0,0,0,0,0,0,0,0,0
40480,5,1,0,0,0,0,0,0,0,0,4,0
40481,1,1,0,0,0,0,0,0,0,0,0,0
40482,1,1,0,0,0,0,0,0,0,0,0,0
40482,2,1,0,0,0,0,0,9,0,0,0,0
40483,1,1,20,20,20,20,20,20,20,20,20,20
40483,2,1,0,0,0,0,0,0,0,0,0,0
40484,1,1,0,0,0,0,0,0,0,0,0,0
40484,2,1,0,0,0,0,0,0,0,6,0,0
40485,0,1,0,0,0,0,0,0,0,0,0,19
40485,1,1,0,13,0,0,0,0,13,0,0,0
40487,1,1,0,0,0,0,0,0,0,0,0,0
40488,1,1,0,0,0,0,0,0,0,0,0,0
40489,0,1,0,0,0,9,0,16,0,0,0,0
40489,1,1,0,0,0,0,0,0,0,0,0,0
40490,1,1,0,0,0,0,0,0,0,0,0,0
40491,0,1,0,0,0,0,0,0,0,0,0,0
40491,1,1,0,0,0,0,0,0,0,0,0,0
40492,1,3,0,0,12,0,26,23,0,0,0,15