ST_CASE,VEH_NO,PER_NO,P1,P2,P3,P4,P5,P6,P7,P8,P9,P10
40493,1,1,16,16,16,16,16,16,16,16,16,16
40494,1,1,0,0,0,0,0,0,0,0,11,0
40494,2,1,0,0,0,0,0,0,0,0,0,0
40495,1,1,0,0,0,0,0,0,0,0,0,0
40495,2,1,0,0,0,0,0,0,0,0,0,0
40496,1,1,0,0,0,0,0,0,0,0,0,0
40497,0,1,15,15,15,15,15,15,15,15,15,15
40497,1,1,29,0,17,5,3,16,0,11,20,0
40498,1,1,0,12,0,0,0,0,0,0,0,0
40499,1,1,0,0,0,0,0,0,0,0,0,0
40499,2,1,0,0,0,0,0,0,0,0,0,0
40500,1,1,0,0,0,0,0,0,0,0,0,0
40501,1,1,0,0,0,0,0,0,0,0,0,0
40502,1,1,0,0,0,0,0,0,0,0,0,0
40503,0,1,43,14,29,0,12,0,25,0,12,12
40503,1,1,0,0,0,0,0,0,0,0,0,0
40504,1,1,7,7,7,7,7,7,7,7,7,7
40505,1,1,20,20,20,20,20,20,20,20,20,20
40506,1,1,0,0,0,0,0,0,0,0,0,0
40507,1,1,0,0,0,0,0,0,0,0,0,0
40507,2,1,0,0,0,0,0,0,0,0,0,0
40508,1,1,0,0,0,0,0,0,0,0,0,0
40509,1,1,0,0,0,0,0,0,0,0,0,0
40510,1,1,22,22,22,22,22,22,22,22,22,22
40510,2,1,0,0,0,0,0,0,0,0,0,0
40511,1,1,0,0,0,0,0,0,0,0,0,0
40512,1,1,0,0,0,0,0,0,0,0,0,0
40512,2,1,0,0,0,0,0,0,0,0,0,0
40513,1,1,0,9,25,0,0,0,19,26,0,0
40514,1,1,0,0,0,0,0,0,0,0,0,0
40515,1,1,0,0,0,0,0,0,0,0,0,0
40516,1,1,22,22,22,22,22,22,22,22,22,22
40517,1,1,22,22,22,22,22,22,22,22,22,22
40518,0,1,0,0,0,0,0,0,0,0,0,0
40518,1,1,0,0,0,0,0,0,0,0,0,0
40519,1,1,6,6,6,6,6,6,6,6,6,6
40519,2,1,0,0,0,0,0,0,0,0,0,0
40520,0,1,0,0,0,0,0,0,0,0,0,0
40520,0,2,0,0,0,0,0,0,0,4,14,0
40520,1,1,0,0,0,0,0,0,0,0,0,0
40521,1,1,0,0,0,0,0,0,0,0,0,0
40521,2,1,0,0,0,0,0,0,0,0,0,0
40522,0,1,28,28,28,28,28,28,28,28,28,28
40522,1,1,0,0,0,0,0,0,0,0,0,0
40523,1,1,8,8,8,8,8,8,8,8,8,8
40524,1,1,0,0,0,0,0,0,0,0,0,0
40525,0,1,11,11,11,11,11,11,11,11,11,11
40525,1,1,0,17,0,0,0,0,13,0,0,0
40526,0,1,0,13,0,0,22,0,0,0,0,0
40526,1,1,0,0,0,0,0,0,0,0,0,0
40526,2,1,0,0,0,0,0,0,0,0,0,0
40527,0,1,17,17,17,17,17,17,17,17,17,17
40527,1,1,0,0,0,0,24,9,0,26,0,0
40528,0,1,20,20,20,20,20,20,20,20,20,20
40528,1,1,0,0,0,0,0,0,0,0,0,0
40529,0,1,31,33,21,29,20,12,0,26,9,0
40529,1,1,0,0,0,0,0,0,0,0,0,0
40530,0,1,0,0,0,0,0,0,0,0,0,0
40530,1,1,0,0,0,0,0,0,0,0,0,0
40531,0,1,0,0,0,0,0,0,0,0,0,0
40531,1,1,0,0,0,0,0,0,0,0,0,0
40531,2,1,0,0,0,0,0,0,0,15,0,0
40531,3,1,0,0,0,0,0,0,0,0,0,0
40532,1,1,7,7,7,7,7,7,7,7,7,7
40533,1,1,0,0,0,0,0,0,0,0,0,0
40533,2,1,0,0,0,0,0,0,0,0,0,0
40534,1,1,0,0,19,0,0,7,0,0,0,0
40535,0,1,0,0,0,0,0,0,0,0,0,0
40535,1,1,0,0,0,0,0,0,0,0,0,0
40536,1,1,0,0,0,0,0,0,0,0,0,0
40536,2,1,0,0,0,0,0,0,0,0,0,0
40537,1,1,0,0,0,0,0,0,0,0,0,0
40537,2,1,0,0,0,0,0,0,0,0,0,0
40538,0,1,37,37,37,37,37,37,37,37,37,37
40538,1,1,0,0,0,0,0,0,0,0,0,0
40539,1,1,25,25,25,25,25,25,25,25,25,25
40540,1,1,17,17,17,17,17,17,17,17,17,17
40540,2,1,0,0,0,0,0,0,0,0,0,0
40541,0,1,26,0,5,0,10,0,0,17,0,29
40541,1,1,0,0,0,0,0,0,0,0,0,0
40543,1,1,0,0,0,0,0,0,0,0,0,20
40543,2,1,0,0,0,23,0,0,0,8,0,0
40544,1,1,0,13,0,14,0,13,0,0,0,0
40545,1,1,0,0,0,0,0,0,0,0,0,0
40545,2,1,0,0,0,0,0,0,0,0,0,0
40545,3,1,0,0,0,0,0,0,0,0,0,0
40546,1,1,10,10,10,10,10,10,10,10,10,10
40547,0,1,17,0,13,9,25,4,40,25,0,17
40547,1,1,17,0,0,14,15,29,0,14,17,0
40548,1,1,0,0,5,23,0,0,21,10,0,0
40549,0,1,27,22,14,0,13,25,42,28,15,23
40549,1,1,0,23,0,0,0,16,0,0,0,0
40550,1,1,0,0,0,0,0,0,0,0,0,0
40551,1,1,26,26,26,26,26,26,26,26,26,26
40551,2,1,0,0,0,0,0,0,0,0,0,0
40552,1,1,22,0,22,0,0,0,0,0,7,22
40553,0,1,0,0,0,0,0,0,0,0,0,0
40553,1,1,0,0,0,0,0,0,0,0,0,0
40554,1,1,14,14,14,14,14,14,14,14,14,14
40554,2,1,9,9,9,9,9,9,9,9,9,9
40555,0,1,29,29,29,29,29,29,29,29,29,29
40555,1,1,9,9,9,9,9,9,9,9,9,9
40556,0,1,0,0,0,0,0,0,0,0,0,0
40556,1,1,0,0,0,0,0,0,0,7,0,0
40557,1,1,14,14,14,14,14,14,14,14,14,14
40558,1,1,0,0,0,0,0,0,0,0,0,0
40558,2,1,2,2,2,2,2,2,2,2,2,2
40558,3,1,0,0,0,0,0,0,0,0,0,0
40559,1,1,0,0,0,0,0,0,0,0,0,0
40560,1,2,0,21,0,0,0,0,0,0,0,0
40561,0,1,0,0,0,0,20,20,0,8,9,25
40561,1,1,0,0,0,0,0,0,0,0,0,0
40562,1,1,0,0,0,0,0,0,0,0,0,0
40562,2,1,0,0,0,0,0,0,0,0,0,0
40562,3,1,0,0,0,0,0,0,0,0,0,0
40563,1,1,0,0,0,0,0,0,0,0,0,0
40563,2,1,10,10,10,10,10,10,10,10,10,10
40564,1,1,16,16,16,16,16,16,16,16,16,16
40565,1,1,27,13,14,0,17,0,15,0,19,0
40567,1,1,0,0,0,0,0,0,0,0,0,0
40568,1,3,0,10,17,24,10,7,0,13,18,15
40569,1,1,7,7,7,7,7,7,7,7,7,7
40569,2,1,0,0,0,0,0,0,0,0,0,0
40570,0,1,10,21,0,0,32,24,18,16,0,11
40570,1,1,10,12,0,0,2,12,7,9,0,0
40571,1,1,0,0,0,0,0,6,0,0,0,15
40571,2,1,0,0,0,0,0,0,0,0,0,0
40571,3,1,0,0,0,0,0,0,0,0,0,0
40571,4,1,0,0,0,0,0,0,0,0,0,0
40572,1,1,0,0,0,0,0,0,0,0,0,0
40572,2,1,0,0,0,0,0,0,0,0,15,0
40572,3,1,0,0,0,0,0,0,0,0,0,0
40573,1,1,0,0,0,0,0,0,0,0,0,0
40573,2,1,0,0,0,0,0,0,0,4,0,0
40574,1,1,0,0,0,0,0,0,0,0,0,0
40574,2,1,10,10,10,10,10,10,10,10,10,10
40575,1,1,38,38,38,38,38,38,38,38,38,38
40575,2,1,0,0,0,0,0,0,0,0,0,0
40575,3,1,0,0,0,0,15,2,0,0,0,0
40575,4,1,0,0,0,0,0,0,0,0,0,0
40576,0,1,0,6,0,17,16,0,0,20,0,0
40576,1,1,0,0,0,0,0,0,0,0,0,0
40577,1,1,0,0,0,0,0,0,0,0,0,0
40578,0,1,0,0,0,0,0,0,0,0,0,0
40578,1,1,0,0,0,0,0,0,0,0,0,0
40580,1,1,5,5,5,5,5,5,5,5,5,5
40581,0,1,0,0,0,0,0,0,0,0,0,0
40581,1,1,0,0,0,0,0,0,0,0,0,0
40582,1,1,0,0,0,0,0,0,0,0,0,0
40582,2,1,0,0,0,0,0,0,0,0,0,0
40583,0,1,0,0,0,0,0,0,0,0,0,0
40583,1,1,0,0,0,0,0,0,0,0,0,9
40584,0,1,0,0,0,0,0,0,0,0,0,0
40584,1,1,0,0,0,16,0,0,0,0,12,0
40585,1,1,0,0,0,0,0,0,0,0,0,0
40585,2,1,0,0,0,0,0,0,0,0,0,0
40586,0,1,15,15,15,15,15,15,15,15,15,15
40586,1,1,0,0,0,0,0,0,0,0,0,0
40587,0,1,0,0,0,0,0,0,0,0,4,0
40587,1,1,0,0,0,0,0,0,0,0,0,0
40587,2,1,0,0,0,0,0,0,0,0,0,0
40588,0,1,0,0,0,0,0,0,0,0,15,0
40588,1,1,0,0,0,0,0,0,0,13,0,0
40588,2,1,0,0,0,0,0,13,0,0,0,0
40589,1,1,0,0,0,0,0,0,0,0,0,0
40589,2,1,0,0,0,0,0,0,0,14,0,0
40590,0,1,0,0,0,0,0,0,0,0,0,0
40590,1,1,0,0,0,0,0,0,0,0,0,0
40591,0,1,0,0,0,0,0,0,0,0,0,0
40591,1,1,0,0,0,0,0,0,0,0,0,0
40592,1,1,8,8,8,8,8,8,8,8,8,8
40593,1,1,0,0,0,0,0,0,0,0,0,0
40594,1,1,0,0,0,0,0,0,0,0,0,0
40594,2,1,0,0,0,31,0,0,0,0,0,0
40595,1,1,0,0,0,0,0,0,0,0,0,0
40595,2,1,0,0,0,0,0,0,0,0,0,0
40596,1,1,0,0,0,0,0,0,0,0,0,0
40597,1,1,0,0,0,0,0,0,0,0,0,0
40598,1,1,0,13,0,0,0,0,0,0,0,0
40599,0,1,11,44,24,5,17,23,24,16,39,4
40599,1,1,21,0,0,0,0,0,0,21,0,0
40600,0,1,0,23,0,0,0,28,26,0,7,0
40600,1,1,16,16,16,16,16,16,16,16,16,16
40601,1,1,0,0,0,0,0,0,0,0,0,0
40602,1,1,0,0,0,0,0,0,0,0,0,0
40603,1,1,0,0,0,0,0,0,0,0,0,0
40603,2,1,0,0,0,0,0,0,0,0,0,0
40604,0,1,0,0,0,0,0,0,0,0,0,0
40604,1,1,0,0,0,0,0,0,0,0,0,0
40605,1,1,0,0,0,0,0,0,0,0,0,0
40607,1,1,16,16,16,16,16,16,16,16,16,16
40607,2,1,0,0,0,0,0,0,0,0,0,0
40608,1,1,0,0,0,0,0,0,0,0,0,0
40608,2,1,0,0,0,0,0,0,0,0,0,0
40609,1,1,0,0,0,0,10,0,0,0,0,0
40609,2,1,0,0,0,28,0,0,0,0,0,0
40609,3,1,0,0,0,0,0,0,0,0,0,0
40610,1,1,0,0,0,0,0,0,0,0,0,0
40611,1,1,0,0,0,0,0,0,0,0,0,0
40611,2,1,0,0,0,0,0,0,0,0,0,0
40612,1,1,19,19,19,19,19,19,19,19,19,19
40613,1,1,0,0,0,0,0,0,0,0,0,0
40614,1,1,0,0,0,0,0,0,0,0,0,0
40615,1,1,11,11,11,11,11,11,11,11,11,11
40615,2,1,0,0,0,0,0,0,0,0,0,0
40615,3,1,0,0,0,0,0,0,0,0,0,0
40616,1,1,30,30,30,30,30,30,30,30,30,30
40617,1,1,21,29,14,17,14,11,19,19,37,26
40617,2,1,0,0,0,0,27,0,0,0,0,0
40618,1,1,0,0,0,20,0,0,0,0,0,0
40619,1,1,0,0,0,0,0,0,0,0,0,0
40620,1,1,17,17,17,17,17,17,17,17,17,17
40621,1,1,0,0,0,0,0,0,0,0,0,0
40621,2,1,0,0,0,0,0,0,0,0,0,0
40622,0,1,0,25,26,23,14,37,26,16,27,44
40622,1,1,0,0,0,0,0,0,0,0,0,0
40623,1,1,0,0,0,0,0,0,0,0,0,0
40623,2,1,0,0,0,0,0,0,0,0,0,0
40624,1,1,0,0,0,0,0,0,0,0,0,0
40624,2,1,0,0,0,0,0,0,0,0,0,0
40625,1,1,0,0,0,0,0,0,0,0,0,0
40626,1,1,0,0,0,0,0,0,0,0,0,0
40626,2,1,0,0,0,0,0,0,16,0,0,0
40627,1,1,0,0,0,0,0,0,0,0,0,0
40627,2,1,0,0,0,0,0,0,0,0,0,0
40627,3,1,0,0,0,0,0,0,0,0,0,0
40628,1,1,0,0,0,0,0,0,0,0,0,0
40628,2,1,0,0,0,0,0,0,0,0,0,0
40629,0,1,17,20,4,40,15,0,34,19,22,10
40629,1,1,0,0,0,0,0,0,0,0,0,0
40630,1,1,0,0,0,0,0,0,0,0,0,0
40631,1,1,31,31,31,31,31,31,31,31,31,31
40631,2,1,0,0,0,0,0,0,0,0,0,0
40632,1,1,16,16,16,16,16,16,16,16,16,16
40633,1,1,17,17,17,17,17,17,17,17,17,17
40634,1,1,0,0,0,0,0,0,0,0,0,0
40635,1,1,0,0,0,0,0,0,0,0,0,0
40636,1,1,22,22,22,22,22,22,22,22,22,22
40637,0,1,0,0,0,0,0,0,0,0,0,0
40637,1,1,0,0,0,0,0,0,0,0,0,8
40638,1,1,14,14,14,14,14,14,14,14,14,14
40638,2,1,0,0,0,0,0,0,0,0,0,0
40639,1,1,0,0,0,0,0,0,0,0,0,0
40640,1,1,17,17,17,17,17,17,17,17,17,17
40641,0,1,19,19,19,19,19,19,19,19,19,19
40641,1,1,0,0,0,0,0,0,0,0,0,0
40642,1,1,0,0,0,0,0,0,8,0,0,0
40643,1,1,0,0,0,0,0,0,0,0,0,0
40643,2,1,0,0,0,0,0,0,0,0,0,0
40644,1,1,0,0,0,0,0,0,0,0,0,0
40645,1,1,0,0,0,0,0,0,0,0,0,0
40645,2,1,0,0,0,0,16,5,0,12,0,7
40646,0,1,12,0,0,0,0,0,14,0,0,0
40646,1,1,0,0,0,0,0,0,0,0,0,0
40647,0,1,0,0,0,0,0,0,0,0,0,0
40647,1,1,1,1,1,1,1,1,1,1,1,1
40648,1,1,0,0,0,0,0,0,0,21,0,0
40648,2,1,17,17,17,17,17,17,17,17,17,17
40648,3,1,0,0,0,0,8,0,0,0,0,0
40649,1,1,0,0,0,0,0,0,0,0,0,0
40649,2,1,0,0,0,0,0,0,0,0,12,0
40649,3,1,0,0,0,0,0,0,0,0,0,0
40650,1,1,0,0,0,0,0,0,0,0,0,0
40650,2,1,0,0,0,0,16,0,0,0,0,0
40650,3,1,0,0,0,0,0,0,0,0,0,0
40651,1,1,0,0,0,0,0,0,0,0,0,0
40651,2,1,0,0,0,0,0,0,0,0,0,0
40652,0,1,19,19,19,19,19,19,19,19,19,19
40652,1,1,0,0,0,0,0,0,0,0,0,0
40652,2,1,0,0,0,0,0,0,0,0,0,0
40653,0,1,0,0,0,0,0,0,0,0,0,0
40653,1,1,0,0,0,0,0,0,0,0,0,0
40654,1,1,6,6,6,6,6,6,6,6,6,6
40655,1,1,24,24,24,24,24,24,24,24,24,24
40656,1,1,0,0,0,0,0,0,0,0,0,0
40656,2,1,0,0,0,0,0,0,0,0,0,0
40657,1,1,0,0,0,0,0,0,0,0,0,0
40658,1,1,0,0,0,0,0,0,0,0,0,0
40658,2,1,0,0,0,0,0,0,0,0,0,0
40659,0,1,0,22,0,0,0,0,0,0,0,0
40659,1,1,0,0,0,0,0,0,0,0,0,0
40661,1,1,0,0,0,0,0,0,0,0,0,0
40661,2,1,0,0,0,0,0,0,0,0,0,0
40662,0,1,18,18,18,18,18,18,18,18,18,18
40662,1,1,0,0,0,0,0,0,0,0,0,0
40663,0,1,29,29,29,29,29,29,29,29,29,29
40663,1,1,0,0,0,0,0,0,0,0,0,0
40664,1,1,50,50,50,50,50,50,50,50,50,50
40665,1,1,17,17,17,17,17,17,17,17,17,17
40666,1,1,23,23,23,23,23,23,23,23,23,23
40667,0,1,13,13,13,13,13,13,13,13,13,13
40667,1,1,0,0,0,0,0,0,0,0,0,0
40668,1,1,0,0,0,0,0,0,0,0,0,6
40668,2,1,0,0,0,0,0,18,18,0,0,0
40669,1,1,0,0,0,0,0,0,0,0,0,0
40669,2,1,0,0,0,0,0,0,0,0,0,0
40670,1,1,0,0,0,0,0,0,0,0,0,0
40670,2,1,0,0,0,0,0,0,0,0,0,0
40671,0,1,0,0,0,0,0,12,0,23,0,0
40671,0,2,4,4,4,4,4,4,4,4,4,4
40671,1,1,0,0,0,0,0,0,0,0,0,0
40672,1,1,0,0,0,0,0,0,0,0,0,0
40672,2,1,0,0,0,0,0,0,0,0,0,0
40673,1,1,10,0,0,0,0,0,12,0,0,0
40673,2,1,0,0,0,0,0,0,0,0,0,0
40673,3,1,0,0,0,0,0,6,0,0,0,0
40674,0,1,0,0,0,0,0,0,0,0,0,0
40674,1,1,0,0,22,14,0,0,32,0,0,0
40675,1,1,2,2,2,2,2,2,2,2,2,2
40675,2,1,0,0,0,0,0,0,0,0,0,0
40676,0,1,0,0,0,0,0,0,0,0,0,0
40676,1,1,0,0,0,0,0,0,0,0,0,0
40677,0,1,0,0,0,0,0,0,0,0,0,0
40677,1,1,0,0,0,0,0,0,0,0,0,0
40678,1,1,0,0,0,0,0,0,0,0,0,0
40678,2,1,7,7,7,7,7,7,7,7,7,7
40678,3,1,0,0,0,10,0,0,0,11,0,0
40679,1,1,0,0,0,0,0,0,0,0,0,0
40679,2,1,0,0,0,0,0,0,0,0,0,0
40680,0,1,0,0,0,0,0,0,0,0,0,9
40680,1,1,0,0,0,0,0,0,0,0,0,0
40682,1,1,24,24,24,24,24,24,24,24,24,24
40683,1,1,14,14,14,14,14,14,14,14,14,14
40683,2,1,0,0,0,0,0,0,0,0,0,0
40684,1,1,0,0,0,0,0,0,0,0,0,0
40685,0,1,0,0,0,0,0,0,0,0,0,0
40685,1,1,0,0,0,0,0,0,0,0,0,0
40686,1,1,34,34,34,34,34,34,34,34,34,34
40687,0,1,36,36,36,36,36,36,36,36,36,36
40687,1,1,0,0,0,0,0,0,0,0,0,0
40688,1,2,26,26,26,26,26,26,26,26,26,26
40689,0,1,0,0,0,0,0,0,0,0,0,0
40689,1,1,0,0,0,0,0,0,0,0,0,0
40690,1,1,19,19,19,19,19,19,19,19,19,19
40690,2,1,0,0,0,0,0,0,0,0,0,0
40691,1,1,21,21,21,21,21,21,21,21,21,21
40691,2,1,0,0,0,0,0,0,0,0,0,0
40692,1,1,0,0,0,0,0,0,0,0,0,0
40692,2,1,0,0,0,0,0,0,0,0,0,0
40693,1,1,0,0,0,0,0,0,0,0,0,0
40693,2,1,0,0,0,0,0,0,0,0,0,0
40694,0,1,0,0,23,0,0,0,0,0,0,0
40694,1,1,0,0,0,0,0,0,0,0,0,0
40696,1,1,3,0,3,0,0,0,0,0,0,0
40696,2,1,0,0,0,0,0,19,0,0,0,0
40697,1,1,0,0,0,0,0,0,0,0,0,0
40697,2,1,0,0,0,0,0,0,0,0,0,0
40698,1,1,0,0,0,0,0,3,0,0,0,0
40698,2,1,0,0,0,0,0,0,0,0,0,0
40699,0,1,15,15,15,15,15,15,15,15,15,15
40699,1,1,0,0,0,0,0,0,0,0,0,0
40700,1,1,18,18,18,18,18,18,18,18,18,18
40701,0,1,29,38,14,30,13,20,19,30,20,20
40701,1,1,0,0,0,0,0,0,0,0,0,0
40702,1,2,17,0,0,21,0,0,0,12,0,0
40703,1,1,0,0,0,0,0,0,0,0,0,0
40704,0,1,19,0,12,35,23,20,17,0,0,39
40704,1,1,0,0,0,0,0,0,0,0,0,0
40705,1,1,0,12,18,0,20,0,38,26,22,12
40706,0,1,11,22,18,18,25,7,34,20,16,15
40706,1,1,0,0,0,0,0,0,0,0,0,0
40707,1,1,0,0,0,0,0,0,0,0,0,0
40708,1,1,12,12,12,12,12,12,12,12,12,12
40709,0,1,0,0,0,0,0,0,0,0,0,0
40709,1,1,16,0,0,0,18,0,0,15,0,0
40710,0,1,26,0,0,0,0,0,0,0,0,0
40710,1,1,0,0,0,0,0,0,0,0,0,0
40711,0,1,0,0,0,0,0,0,0,0,0,0
40711,1,1,0,0,0,0,0,0,0,0,0,0
40712,0,1,0,0,0,0,0,0,0,0,0,0
40712,1,1,0,0,0,0,0,0,0,0,0,0
40713,0,1,0,0,0,0,0,0,0,8,0,0
40713,1,1,12,0,0,0,0,9,0,0,0,0
40714,1,2,19,20,13,23,16,14,9,15,13,17
40715,0,1,30,21,27,55,6,24,23,27,44,31
40715,0,2,10,24,26,32,29,14,25,24,18,28
40715,1,1,22,22,22,22,22,22,22,22,22,22
40716,1,1,4,4,4,4,4,4,4,4,4,4
40717,1,1,10,10,10,10,10,10,10,10,10,10
40718,1,1,0,0,0,0,0,0,0,0,0,0
40719,0,1,14,14,14,14,14,14,14,14,14,14
40719,1,1,0,0,0,0,0,0,0,0,0,0
40720,1,1,0,0,0,0,0,0,0,0,0,0
40721,1,1,10,10,10,10,10,10,10,10,10,10
40722,1,1,21,21,21,21,21,21,21,21,21,21
40723,1,1,24,24,24,24,24,24,24,24,24,24
40724,1,1,0,0,0,7,12,0,9,0,0,0
40725,1,1,0,0,0,0,0,0,0,0,0,0
40726,1,1,0,0,0,0,0,0,0,0,0,0
40727,1,1,0,0,0,0,0,0,0,0,0,0
40727,2,1,0,0,0,0,0,0,0,0,0,0
50001,1,1,13,13,13,13,13,13,13,13,13,13
50002,1,1,0,0,0,0,0,0,0,0,0,0
50003,1,1,11,0,0,0,0,0,0,16,0,0
50004,1,1,0,0,0,0,0,0,0,0,0,0
50005,1,1,0,0,0,0,0,0,0,0,0,0
50006,1,1,22,22,22,22,22,22,22,22,22,22
50007,1,1,17,30,20,13,24,14,21,7,11,0
50008,1,1,0,0,0,0,0,0,0,0,0,0
50009,1,1,8,9,21,31,24,1,27,0,0,0
50010,1,1,20,20,20,20,20,20,20,20,20,20
50011,1,1,7,11,10,16,9,15,0,23,22,0
50012,1,1,26,26,26,26,26,26,26,26,26,26
50013,1,1,0,0,0,0,0,0,0,0,0,0
50014,1,1,19,19,19,19,19,19,19,19,19,19
50015,1,1,0,0,0,0,0,0,0,0,0,0
50016,1,1,5,5,5,5,5,5,5,5,5,5
50017,1,1,0,0,0,0,0,0,0,0,0,0
50017,2,1,0,0,0,0,0,0,0,0,0,0
50018,1,1,0,0,0,0,0,0,0,0,0,0
50018,2,1,0,0,0,0,0,0,0,0,0,0
50019,1,1,0,0,0,0,26,0,0,0,0,0
50020,1,1,0,0,0,0,0,0,0,0,0,0
50020,2,1,0,0,0,0,0,0,0,0,0,0
50021,1,1,0,0,0,0,0,0,0,0,0,0
50021,2,1,0,0,0,0,0,0,0,0,0,0
50022,1,1,0,0,0,0,0,0,0,0,0,0
50022,2,1,0,0,0,0,0,0,0,0,0,0
50023,1,1,0,0,0,0,0,0,0,0,0,0
50023,2,1,25,25,25,25,25,25,25,25,25,25
50024,1,1,0,0,0,0,0,0,0,0,0,0
50025,0,1,20,20,20,20,20,20,20,20,20,20
50025,1,1,0,0,0,0,0,0,0,0,0,0
50026,1,1,0,0,0,0,0,0,0,0,0,0
50026,2,1,0,0,0,0,0,0,0,0,0,0
50027,1,1,11,11,11,11,11,11,11,11,11,11
50027,2,1,0,0,0,0,0,0,0,0,0,0
50028,0,1,14,14,14,14,14,14,14,14,14,14
50028,1,1,0,0,0,0,0,0,0,0,0,0
50029,1,1,0,0,0,0,0,0,0,0,0,0
50030,1,1,0,0,0,0,0,0,0,0,0,0
50030,2,1,3,0,0,0,0,0,0,0,0,0
50031,1,1,23,23,23,23,23,23,23,23,23,23
50031,2,1,0,0,0,0,0,0,0,0,0,0
50031,3,1,0,0,0,0,0,0,0,0,0,0
50032,1,1,0,0,0,0,0,0,0,0,0,0
50033,1,1,0,0,0,0,0,0,0,0,0,0
50033,2,1,0,0,0,0,0,0,0,0,0,0
50034,1,1,21,21,21,21,21,21,21,21,21,21
50035,0,1,8,13,11,20,12,8,0,25,0,0
50035,1,1,10,10,10,10,10,10,10,10,10,10
50036,1,1,22,22,22,22,22,22,22,22,22,22
50037,1,1,17,17,17,17,17,17,17,17,17,17
50038,1,1,0,0,0,0,0,0,0,0,0,0
50038,2,1,0,0,0,0,0,0,0,0,0,0
50039,1,1,0,0,0,0,0,0,0,0,0,0
50039,2,1,0,0,0,0,0,0,0,0,0,0
50039,3,1,0,0,0,0,0,0,0,0,0,0
50040,1,1,0,0,0,0,0,0,0,0,0,0
50040,2,1,0,0,0,0,0,0,0,0,0,0
50041,1,1,0,0,0,0,0,0,0,0,0,0
50042,1,1,0,0,0,0,0,0,0,0,0,0
50042,2,1,0,0,0,0,0,0,0,0,0,0
50043,1,1,0,0,0,0,0,0,0,0,0,0
50043,2,1,0,0,0,0,0,0,0,0,0,0
50044,1,1,0,0,0,0,0,0,0,0,0,0
50044,2,1,0,0,0,0,0,0,0,0,0,4
50045,1,1,0,0,0,0,0,0,0,0,0,0
50045,2,1,0,0,0,0,0,0,0,0,0,0
50046,1,1,0,0,0,0,0,0,0,0,0,0
50047,1,1,26,26,26,26,26,26,26,26,26,26
50048,1,1,16,16,16,16,16,16,16,16,16,16
50049,1,1,21,21,21,21,21,21,21,21,21,21
50049,2,1,0,0,0,2,0,0,0,0,0,0
50050,1,1,0,0,0,0,0,0,0,0,0,0
50050,2,1,0,0,0,0,0,0,0,0,0,0
50051,1,1,23,23,23,23,23,23,23,23,23,23
50052,1,1,0,0,0,0,0,0,0,0,0,0
50052,2,1,0,0,0,0,0,0,0,0,0,0
50053,1,1,19,19,19,19,19,19,19,19,19,19
50054,1,1,28,28,28,28,28,28,28,28,28,28
50054,2,1,0,0,0,0,0,0,0,0,0,0
50055,1,1,0,0,0,0,0,0,0,0,0,0
50055,2,1,0,0,0,0,0,0,0,0,0,0
50055,3,1,0,0,0,0,0,0,0,0,0,0
50055,4,1,0,0,0,0,0,0,0,0,0,0
50056,1,1,0,0,0,0,0,0,0,0,0,0
50056,2,1,0,0,0,0,0,0,0,0,0,0
50057,1,1,0,0,0,0,0,0,0,0,0,0
50057,2,1,0,0,0,0,0,0,0,0,19,0
50058,1,1,0,0,0,0,0,0,0,0,0,0
50059,1,1,0,0,0,0,0,0,0,0,0,0
50059,2,1,0,0,0,0,0,0,0,0,0,0
50060,1,1,18,18,18,18,18,18,18,18,18,18
50061,1,1,25,25,25,25,25,25,25,25,25,25
50061,2,1,0,0,0,0,0,0,0,0,0,0
50062,1,1,21,21,21,21,21,21,21,21,21,21
50062,2,1,0,0,0,0,0,0,0,0,0,0
50062,3,1,0,0,0,0,0,0,0,0,0,0
50063,1,1,0,0,0,0,0,0,0,0,0,0
50064,1,1,0,0,0,0,0,0,0,0,0,0
50065,1,1,0,0,0,0,0,0,0,0,0,0
50065,2,1,0,0,0,0,0,0,0,0,0,0
50066,1,1,0,0,0,0,0,0,0,0,0,0
50067,1,1,18,18,18,18,18,18,18,18,18,18
50068,1,1,0,0,0,0,0,0,0,0,0,0
50068,2,1,0,0,0,0,0,0,0,0,0,0
50069,1,1,8,8,8,8,8,8,8,8,8,8
50070,1,1,0,0,0,0,0,0,0,0,0,0
50072,1,1,6,6,6,6,6,6,6,6,6,6
50072,2,1,0,0,0,0,0,0,0,0,0,0
50073,1,1,0,0,0,0,0,0,0,0,0,0
50074,1,1,25,25,25,25,25,25,25,25,25,25
50075,1,1,0,0,0,0,0,0,0,0,0,0
50076,0,1,21,21,21,21,21,21,21,21,21,21
50076,1,1,0,0,0,0,0,0,0,0,0,0
50076,2,1,0,0,0,0,0,0,0,0,0,0
50077,1,1,0,0,0,0,0,0,0,0,0,0
50077,2,1,0,0,0,0,0,0,0,0,0,0
50077,3,1,0,0,0,0,0,0,0,0,0,0
50077,4,1,0,0,0,0,0,0,0,0,0,0
50077,5,1,0,0,0,0,0,0,0,0,0,0
50078,1,1,0,8,6,6,0,10,14,20,30,0
50079,1,1,0,0,0,0,0,0,0,0,0,0
50080,1,1,0,0,0,0,0,0,0,0,0,0
50080,2,1,0,0,0,0,0,0,0,0,0,0
50081,1,1,13,13,13,13,13,13,13,13,13,13
50081,2,1,0,0,0,0,0,0,0,0,0,0
50082,1,1,11,11,11,11,11,11,11,11,11,11
50083,1,1,21,21,21,21,21,21,21,21,21,21
50084,1,1,0,0,0,0,0,0,0,0,0,0
50084,2,1,0,0,0,0,0,0,0,0,0,0
50085,1,1,0,0,0,0,0,0,0,0,0,0
50085,2,1,0,0,0,0,0,0,0,0,0,0
50086,1,1,18,18,18,18,18,18,18,18,18,18