ST_CASE,VEH_NO,PER_NO,P1,P2,P3,P4,P5,P6,P7,P8,P9,P10
50087,1,1,0,0,0,0,0,0,0,0,0,0
50087,2,1,0,0,0,0,0,0,0,0,0,0
50088,1,1,0,0,0,0,0,0,0,0,0,0
50089,1,1,0,0,0,0,0,0,0,0,18,0
50089,2,1,0,0,0,0,0,0,0,0,0,0
50090,1,1,0,0,0,0,0,0,0,0,0,0
50091,1,1,0,0,0,0,0,0,0,0,0,0
50092,1,1,7,7,7,7,7,7,7,7,7,7
50092,2,1,0,0,0,0,0,0,0,0,0,0
50093,1,1,0,0,0,0,0,0,0,0,0,0
50094,1,2,0,15,0,8,17,18,18,8,13,24
50095,1,1,0,0,0,0,0,0,0,0,0,0
50096,1,1,0,0,0,0,0,0,0,0,0,0
50096,2,1,0,0,0,0,0,0,0,0,0,0
50097,1,1,0,0,0,0,0,0,0,0,0,0
50097,2,1,0,0,0,0,0,0,0,0,0,0
50098,1,1,17,17,17,17,17,17,17,17,17,17
50098,2,1,0,0,0,0,0,0,0,0,0,0
50098,3,1,0,0,0,0,0,0,0,0,0,0
50099,0,1,28,28,28,28,28,28,28,28,28,28
50099,1,1,0,0,0,0,0,0,0,0,0,0
50100,0,1,0,0,0,0,0,0,0,0,0,0
50100,1,1,0,0,0,0,0,0,0,0,0,0
50101,1,1,0,17,8,0,0,0,0,20,14,13
50102,1,1,0,0,0,0,0,0,0,0,0,0
50102,2,1,0,0,0,0,0,0,0,0,0,0
50103,1,1,0,0,0,0,0,0,0,0,0,0
50103,2,1,0,0,0,0,0,0,0,0,0,0
50103,3,1,0,0,0,0,0,0,0,0,0,0
50104,1,1,0,0,0,0,0,0,0,0,0,0
50105,1,1,0,0,0,0,0,0,0,0,0,0
50105,2,1,0,0,0,0,0,0,0,0,0,0
50106,1,1,0,0,0,0,0,0,0,0,0,0
50106,2,1,0,0,0,0,0,0,0,0,0,0
50107,1,1,0,0,0,0,0,0,0,0,0,3
50107,2,1,0,0,0,0,0,0,0,0,0,0
50108,1,1,0,0,0,0,0,0,0,0,0,0
50110,1,1,36,36,36,36,36,36,36,36,36,36
50110,2,1,0,0,0,0,0,0,0,0,0,0
50111,1,1,0,0,0,0,0,0,0,0,0,0
50112,1,1,0,0,0,0,0,0,0,0,0,0
50113,1,1,0,0,0,0,0,0,0,0,0,0
50114,1,1,0,0,0,0,0,0,0,0,0,0
50115,1,1,0,0,0,0,0,0,0,0,0,0
50115,2,1,0,0,0,6,0,0,0,0,0,0
50116,1,1,0,0,0,0,0,0,0,0,0,0
50117,1,1,19,19,19,19,19,19,19,19,19,19
50118,1,1,0,0,0,0,0,0,0,0,0,34
50118,2,1,0,0,0,0,0,13,0,21,0,0
50119,1,1,5,5,5,5,5,5,5,5,5,5
50119,2,1,0,0,0,0,0,0,0,0,0,0
50120,1,1,15,15,15,15,15,15,15,15,15,15
50121,1,1,0,0,0,0,0,0,0,0,0,0
50121,2,1,0,0,0,0,0,0,0,0,0,0
50122,1,1,0,0,0,0,0,0,0,0,0,0
50123,1,1,0,0,0,0,0,0,0,0,0,0
50124,1,1,10,10,10,10,10,10,10,10,10,10
50125,1,1,0,0,0,0,0,0,0,0,0,0
50126,1,1,0,0,0,0,0,0,0,0,0,0
50127,1,1,0,0,0,0,0,0,0,0,0,0
50128,1,1,14,14,14,14,14,14,14,14,14,14
50128,2,1,0,0,0,0,0,0,0,0,0,0
50129,1,1,0,0,0,0,0,0,0,0,0,0
50129,2,1,0,0,0,0,0,0,0,0,0,0
50129,3,1,10,10,10,10,10,10,10,10,10,10
50130,1,1,17,17,17,17,17,17,17,17,17,17
50131,1,1,6,6,6,6,6,6,6,6,6,6
50132,1,1,31,31,31,31,31,31,31,31,31,31
50132,2,1,0,0,0,0,0,0,0,0,0,0
50133,1,1,0,0,0,0,0,0,0,0,0,0
50133,2,1,0,0,0,0,0,0,0,0,0,0
50134,1,1,30,30,30,30,30,30,30,30,30,30
50135,1,1,0,0,0,0,0,0,0,0,0,0
50136,1,1,6,6,6,6,6,6,6,6,6,6
50136,2,1,0,0,0,0,0,0,0,0,0,0
50137,1,1,0,0,0,0,0,0,0,0,0,0
50138,0,1,0,0,0,0,0,0,0,0,0,0
50138,1,1,0,0,0,0,0,0,0,0,0,0
50139,1,1,0,0,0,0,0,0,0,0,0,0
50140,1,1,0,0,0,0,0,0,0,0,0,0
50140,2,1,0,0,0,0,0,0,0,0,0,0
50141,1,1,0,0,0,0,0,0,0,0,0,0
50141,2,1,0,0,0,0,0,0,0,0,0,0
50142,1,1,0,0,0,0,0,0,0,0,0,0
50142,2,1,0,0,0,0,0,0,0,0,0,0
50143,1,1,0,0,0,0,0,0,0,0,0,0
50143,2,1,0,0,0,0,0,0,0,0,0,0
50144,1,1,0,0,0,0,0,0,0,0,0,0
50144,2,1,0,0,0,0,0,0,0,0,0,0
50145,1,1,21,21,21,21,21,21,21,21,21,21
50146,1,1,15,0,0,0,0,0,0,0,0,0
50146,2,1,0,0,0,0,0,0,0,0,0,0
50147,1,1,0,0,0,0,0,0,0,0,0,0
50148,1,1,0,0,0,0,0,0,0,0,0,0
50148,2,1,0,0,0,0,0,0,0,0,0,0
50149,1,1,23,23,23,23,23,23,23,23,23,23
50150,0,1,17,17,17,17,17,17,17,17,17,17
50150,1,1,0,0,0,0,0,11,16,0,0,0
50151,1,1,0,0,0,0,0,0,0,0,0,0
50152,1,1,7,7,7,7,7,7,7,7,7,7
50153,1,1,0,0,0,0,0,0,0,0,0,0
50153,2,1,0,0,0,0,0,0,0,0,0,0
50154,1,1,14,14,14,14,14,14,14,14,14,14
50155,1,1,0,0,0,0,0,0,0,0,0,0
50155,2,1,0,0,0,0,0,0,0,0,0,0
50155,3,1,0,0,0,0,0,0,0,0,0,0
50155,4,1,0,0,0,0,0,0,0,13,0,0
50155,5,1,0,0,0,0,0,0,0,0,0,0
50155,6,1,0,0,0,0,0,0,0,0,0,0
50155,7,1,0,0,0,0,0,0,0,0,0,0
50155,8,1,0,0,0,0,0,0,0,0,23,0
50155,9,1,0,0,0,0,0,0,0,0,0,0
50155,10,1,0,0,12,0,0,0,0,0,0,6
50155,11,1,0,0,0,0,0,0,0,0,0,0
50155,12,1,0,0,0,0,0,0,0,0,0,0
50156,1,1,0,0,0,0,0,0,0,0,0,0
50157,1,1,0,0,0,0,0,0,0,0,0,0
50157,2,1,0,0,0,0,0,0,0,0,0,0
50157,3,1,0,0,0,0,0,0,0,0,0,0
50158,1,1,0,0,0,0,0,0,0,0,0,0
50158,2,1,0,0,0,0,0,0,0,0,0,0
50159,1,1,21,21,21,21,21,21,21,21,21,21
50160,1,1,25,0,0,8,0,0,15,0,0,0
50161,1,1,0,0,0,0,0,0,0,0,0,0
50161,2,1,0,0,0,0,0,0,0,0,0,0
50162,1,1,21,21,21,21,21,21,21,21,21,21
50163,0,1,4,4,4,4,4,4,4,4,4,4
50163,1,1,0,0,0,0,0,0,0,0,0,0
50164,1,1,0,0,0,0,0,0,0,0,0,0
50165,1,1,0,0,0,0,0,0,0,0,0,0
50166,1,1,0,0,0,0,0,0,0,0,0,0
50166,2,1,0,0,0,0,0,0,0,0,0,0
50167,0,1,0,0,0,0,0,0,0,0,0,0
50167,1,1,0,0,0,0,0,0,0,0,0,0
50168,1,1,0,0,0,0,0,0,0,0,0,0
50169,1,1,1,1,1,1,1,1,1,1,1,1
50169,2,1,0,0,0,0,0,0,0,0,0,0
50170,1,1,0,0,0,0,0,0,0,0,0,0
50171,1,1,23,23,23,23,23,23,23,23,23,23
50171,2,1,0,0,0,0,0,0,0,0,0,0
50172,1,1,0,0,9,0,0,0,0,0,0,0
50172,2,1,0,0,0,0,0,0,0,0,0,0
50172,3,1,0,0,0,0,0,0,0,0,0,0
50173,1,1,18,18,18,18,18,18,18,18,18,18
50174,1,1,8,8,8,8,8,8,8,8,8,8
50175,1,1,2,2,2,2,2,2,2,2,2,2
50176,1,1,0,0,0,0,0,0,0,0,0,0
50177,1,1,10,10,0,0,16,0,8,0,14,20
50178,1,1,8,8,8,8,8,8,8,8,8,8
50179,1,1,0,0,0,0,0,0,0,0,0,0
50180,1,1,0,0,0,0,0,0,0,0,0,0
50181,0,1,0,0,0,0,0,0,0,0,0,0
50181,1,1,0,0,0,0,0,0,0,0,0,0
50182,1,1,0,0,0,0,0,0,0,0,0,0
50182,2,1,0,0,0,0,0,0,0,0,0,0
50183,1,1,22,22,22,22,22,22,22,22,22,22
50183,2,1,0,0,0,8,5,0,0,0,0,0
50184,1,1,0,0,0,0,0,0,0,0,0,0
50185,1,1,0,0,0,0,0,12,0,0,0,0
50185,2,1,26,26,26,26,26,26,26,26,26,26
50186,1,1,0,0,0,0,0,0,0,0,0,0
50186,2,1,0,0,0,0,0,0,0,0,0,0
50187,1,1,26,26,26,26,26,26,26,26,26,26
50188,0,1,20,20,20,20,20,20,20,20,20,20
50188,1,1,0,0,0,0,0,0,0,0,0,0
50189,1,1,5,5,5,5,5,5,5,5,5,5
50190,1,1,0,0,0,0,0,0,0,0,0,0
50191,0,1,0,0,0,0,0,0,0,0,0,0
50191,1,1,0,0,0,0,0,0,0,0,0,0
50192,1,1,0,0,0,0,0,0,0,0,0,0
50193,1,1,0,0,0,0,0,0,0,0,0,0
50193,2,1,0,0,0,0,0,0,0,0,0,0
50194,1,1,0,0,0,0,0,0,0,0,0,0
50194,2,1,0,0,0,0,0,0,0,0,0,0
50195,1,1,12,12,12,12,12,12,12,12,12,12
50196,1,1,0,0,0,0,0,0,0,0,0,0
50197,1,1,19,19,19,19,19,19,19,19,19,19
50198,1,1,20,20,20,20,20,20,20,20,20,20
50199,1,1,11,11,11,11,11,11,11,11,11,11
50200,1,1,0,0,0,0,0,0,0,0,0,0
50201,1,1,0,0,0,0,0,0,0,0,0,0
50201,2,1,9,9,9,9,9,9,9,9,9,9
50202,1,1,27,27,27,27,27,27,27,27,27,27
50203,1,1,1,1,1,1,1,1,1,1,1,1
50203,2,1,0,0,0,0,0,0,0,0,0,0
50204,1,1,0,0,0,0,0,0,0,0,0,0
50204,2,1,12,12,12,12,12,12,12,12,12,12
50205,1,1,16,16,16,16,16,16,16,16,16,16
50206,1,1,0,0,0,0,0,0,0,0,0,0
50207,1,1,0,0,0,0,0,0,0,0,0,14
50207,2,1,19,0,6,0,0,0,23,21,0,0
50208,0,1,0,0,0,0,0,0,0,0,0,0
50208,0,2,0,0,0,0,0,0,0,0,0,0
50208,0,3,0,0,0,0,0,0,0,0,0,0
50208,1,1,0,0,0,0,0,16,0,0,0,0
50208,2,1,0,0,0,0,0,0,0,0,0,0
50209,1,1,0,0,0,0,0,0,0,0,0,0
50209,2,1,0,0,0,0,0,0,0,0,0,0
50210,1,1,0,0,0,0,0,0,0,0,0,0
50210,2,1,0,0,0,0,0,0,0,0,0,0
50210,3,1,0,0,0,0,0,0,0,0,0,0
50211,1,1,0,0,0,0,0,0,0,0,0,0
50211,2,1,0,0,0,0,0,0,0,0,0,0
50212,1,1,0,0,0,0,0,5,0,0,0,0
50213,1,1,0,0,0,0,0,0,0,0,0,0
50214,1,1,12,12,12,12,12,12,12,12,12,12
50215,1,1,0,0,0,0,0,0,0,0,0,0
50215,2,1,0,0,0,0,0,0,0,0,0,0
50216,1,1,0,0,0,0,0,0,0,0,0,0
50217,1,1,18,8,33,0,13,12,25,0,14,25
50218,1,1,1,1,1,1,1,1,1,1,1,1
50219,1,1,0,0,0,0,0,0,0,0,0,0
50219,2,1,0,0,0,0,0,0,0,0,0,0
50220,0,1,40,40,40,40,40,40,40,40,40,40
50220,1,1,0,0,0,0,0,0,0,0,0,0
50221,1,1,0,0,0,0,0,0,19,11,0,0
50221,2,1,0,0,0,0,0,0,0,0,0,0
50221,3,1,0,0,0,0,0,0,0,0,0,0
50222,0,1,0,0,0,0,0,0,0,0,0,0
50222,1,1,0,0,0,0,0,0,0,0,0,0
50223,1,1,0,0,0,0,0,0,0,0,0,0
50224,1,1,0,0,0,0,0,0,0,0,0,0
50225,1,1,10,10,10,10,10,10,10,10,10,10
50226,1,1,0,0,0,0,0,0,0,0,0,0
50227,1,1,0,0,0,0,0,0,0,0,0,0
50228,0,1,8,8,8,8,8,8,8,8,8,8
50228,1,1,0,0,0,0,0,0,0,0,0,0
50229,1,1,12,12,12,12,12,12,12,12,12,12
50230,1,1,0,0,0,0,0,0,0,0,0,0
50230,2,1,0,0,0,0,0,0,0,0,0,0
50231,1,1,24,24,24,24,24,24,24,24,24,24
50232,1,1,0,0,0,0,0,0,0,0,0,0
50233,1,1,0,0,0,0,0,0,0,0,10,0
50233,2,1,0,0,0,0,0,0,0,0,0,0
50234,1,1,16,16,16,16,16,16,16,16,16,16
50235,1,1,13,13,13,13,13,13,13,13,13,13
50236,1,1,6,0,0,0,0,0,0,0,7,0
50236,2,1,0,0,0,0,0,0,0,0,0,0
50237,1,1,25,25,25,25,25,25,25,25,25,25
50238,1,1,20,20,20,20,20,20,20,20,20,20
50239,0,1,15,15,15,15,15,15,15,15,15,15
50239,1,1,0,0,0,0,0,0,0,0,0,0
50240,1,1,28,28,28,28,28,28,28,28,28,28
50240,2,1,13,19,0,0,19,11,5,16,9,8
50241,1,1,19,19,19,19,19,19,19,19,19,19
50242,1,1,0,0,0,0,0,0,0,0,0,0
50243,1,1,0,0,0,0,0,0,0,0,0,0
50244,0,1,0,0,0,0,0,0,0,0,0,0
50244,1,1,0,0,0,0,0,0,0,0,0,0
50245,1,1,0,0,0,0,0,0,0,0,0,0
50246,1,1,0,0,0,0,0,0,0,0,0,0
50246,2,1,0,0,0,0,0,0,0,0,0,0
50247,1,1,26,26,26,26,26,26,26,26,26,26
50248,1,1,0,0,0,14,0,0,0,0,0,0
50248,2,1,0,0,0,0,0,0,0,0,0,0
50249,1,1,24,24,24,24,24,24,24,24,24,24
50250,1,1,15,15,15,15,15,15,15,15,15,15
50251,1,1,0,0,0,0,0,0,0,0,0,0
50251,2,1,0,0,0,0,0,0,0,0,27,0
50252,1,1,0,0,0,0,0,0,0,18,7,0
50253,1,1,16,16,16,16,16,16,16,16,16,16
50254,1,1,0,0,0,10,0,0,0,0,7,0
50255,1,1,0,0,0,0,0,0,0,0,0,0
50256,1,1,0,0,0,0,0,0,0,0,0,0
50257,1,1,0,0,0,0,0,0,0,0,0,0
50257,2,1,0,0,0,0,0,0,0,0,0,0
50258,1,1,24,24,24,24,24,24,24,24,24,24
50259,1,1,0,16,0,0,0,0,0,0,0,0
50259,2,1,0,0,0,0,0,0,0,0,0,0
50259,3,1,0,0,0,0,0,0,0,0,0,0
50260,0,1,17,17,17,17,17,17,17,17,17,17
50260,1,1,31,31,31,31,31,31,31,31,31,31
50261,1,1,0,0,0,0,0,0,0,0,0,0
50262,1,1,0,0,0,0,0,0,0,0,0,0
50262,2,1,0,0,0,0,0,0,0,0,0,0
50263,0,1,28,28,28,28,28,28,28,28,28,28
50263,1,1,0,0,0,0,0,0,0,0,0,0
50264,1,1,0,0,0,0,0,0,0,0,0,0
50265,1,1,20,20,20,20,20,20,20,20,20,20
50266,1,1,0,0,0,0,0,0,0,0,0,0
50266,2,1,18,18,18,18,18,18,18,18,18,18
50267,1,1,0,0,0,0,0,0,0,0,0,0
50268,1,1,0,0,0,0,0,0,0,0,0,0
50268,2,1,0,0,0,0,0,0,0,0,0,0
50269,1,1,0,0,0,0,0,0,0,0,0,0
50270,1,1,0,0,0,0,0,0,0,0,0,0
50270,2,1,0,0,0,0,0,0,0,0,0,0
50271,1,1,0,0,0,0,0,0,0,0,0,0
50271,2,1,0,0,0,0,0,0,0,0,0,0
50272,1,1,0,0,0,0,0,0,0,0,0,0
50272,2,1,0,0,0,0,0,0,0,0,0,0
50273,1,1,24,24,24,24,24,24,24,24,24,24
50274,1,1,6,6,6,6,6,6,6,6,6,6
50274,2,1,14,14,14,14,14,14,14,14,14,14
50275,1,1,0,0,0,0,0,0,0,0,0,0
50275,2,1,18,18,18,18,18,18,18,18,18,18
50276,1,1,0,0,0,0,0,0,0,0,0,0
50277,1,1,0,0,0,0,0,0,0,0,0,0
50278,1,1,0,0,0,0,0,0,0,0,0,0
50278,2,1,0,0,0,0,0,0,0,0,0,0
50279,1,1,0,0,0,0,0,0,0,0,0,0
50279,2,1,11,11,11,11,11,11,11,11,11,11
50280,1,1,0,0,0,0,0,0,0,0,0,0
50280,2,1,15,18,14,15,21,16,20,16,26,23
50281,1,1,0,0,0,0,0,0,0,0,0,0
50282,1,1,0,0,0,0,0,0,0,0,0,0
50283,1,1,0,31,0,0,25,13,0,31,0,23
50284,1,1,0,0,0,0,0,0,0,0,0,0
50284,2,1,0,0,0,0,0,0,0,0,0,0
50285,1,1,0,0,0,0,0,0,0,0,0,0
50285,2,1,0,0,0,0,0,0,0,0,0,0
50285,3,1,0,0,0,0,0,0,0,0,0,0
50286,1,1,0,0,0,0,0,0,0,0,0,0
50286,2,1,0,0,0,0,0,0,0,0,0,0
50287,1,1,21,21,21,21,21,21,21,21,21,21
50288,1,1,21,21,21,21,21,21,21,21,21,21
50289,1,1,0,0,0,0,0,0,0,0,0,0
50290,1,1,0,0,0,0,0,0,0,0,0,0
50290,2,1,0,0,0,0,0,0,0,0,0,0
50291,1,1,0,0,0,0,0,0,0,0,0,0
50292,1,1,0,0,0,0,0,0,0,0,0,0
50292,2,1,0,0,0,0,0,0,0,0,0,0
50293,1,1,14,14,14,14,14,14,14,14,14,14
50294,1,1,22,27,18,0,17,19,0,0,21,14
50295,1,1,0,0,0,0,0,0,0,0,0,0
50295,2,1,0,0,0,0,0,0,0,36,0,0
50296,1,1,0,0,0,0,0,0,0,0,0,0
50296,2,1,0,0,0,0,0,0,0,13,0,16
50297,1,1,0,0,0,0,0,0,0,0,0,0
50298,1,1,10,10,10,10,10,10,10,10,10,10
50299,1,1,0,0,0,0,0,0,0,0,0,0
50300,1,1,0,0,0,0,0,0,0,0,0,0
50300,2,1,0,0,0,0,0,0,0,0,0,0
50301,1,1,0,0,0,0,0,0,0,0,0,0
50302,1,1,12,12,12,12,12,12,12,12,12,12
50303,1,1,0,0,0,0,0,0,0,0,0,0
50303,2,1,0,0,0,0,0,0,0,0,0,0
50304,1,1,0,0,0,0,0,0,0,22,0,0
50304,2,1,0,0,0,0,0,0,0,0,0,0
50305,0,1,0,0,0,0,0,0,0,0,0,0
50305,1,1,0,0,0,0,0,0,0,0,0,0
50306,1,1,0,0,0,0,0,0,0,0,0,0
50306,2,1,0,0,0,0,0,0,0,0,0,0
50307,1,1,16,16,16,16,16,16,16,16,16,16
50308,1,1,0,0,0,0,0,0,0,0,0,0
50308,2,1,0,0,0,0,0,0,0,0,0,0
50309,1,1,0,0,0,0,0,0,0,0,0,0
50309,2,1,0,0,0,0,0,0,0,0,0,0
50309,3,1,0,0,0,0,0,0,0,0,0,0
50310,1,1,21,20,0,15,0,15,0,0,13,0
50311,1,1,11,11,11,11,11,11,11,11,11,11
50312,0,1,0,0,0,0,0,0,0,0,0,0
50312,1,1,0,0,0,0,0,0,0,0,0,0
50313,1,1,0,0,0,0,0,0,0,0,0,0
50314,1,1,0,0,0,0,0,0,0,0,0,0
50314,2,1,0,0,0,0,0,0,0,0,0,0
50314,3,1,0,0,0,0,0,0,0,0,0,0
50315,1,1,0,0,0,0,0,0,0,0,0,0
50316,1,1,0,0,0,0,0,0,0,0,0,0
50317,1,1,0,0,0,0,0,0,0,0,0,0
50317,2,1,24,24,24,24,24,24,24,24,24,24
50318,1,1,10,10,10,10,10,10,10,10,10,10
50319,1,1,0,0,0,0,0,0,0,0,0,0
50320,1,1,0,0,0,0,0,0,0,0,0,0
50321,1,1,3,3,3,3,3,3,3,3,3,3
50322,1,1,0,0,0,0,0,0,0,0,0,0
50322,2,1,0,0,0,0,0,0,0,0,0,0
50323,1,1,0,0,0,0,0,0,0,0,0,0
50324,1,1,0,0,0,0,0,0,0,0,0,0
50325,1,1,20,20,20,20,20,20,20,20,20,20
50326,1,1,12,12,12,12,12,12,12,12,12,12
50326,2,1,0,0,0,0,0,0,0,0,0,0
50327,1,1,0,0,0,0,0,0,0,0,0,0
50328,1,1,24,24,24,24,24,24,24,24,24,24
50329,1,1,0,0,0,0,0,0,0,0,0,0
50330,1,1,18,18,18,18,18,18,18,18,18,18
50330,2,1,0,0,0,0,0,0,0,0,0,0
50331,1,1,12,12,12,12,12,12,12,12,12,12
50332,1,1,0,0,0,0,0,0,0,0,0,0
50333,1,1,0,0,0,0,0,0,0,0,0,0
50333,2,1,0,0,0,8,0,0,0,0,0,0
50333,3,1,0,0,0,0,0,0,0,0,0,0
50334,1,1,0,0,0,0,0,0,0,0,0,0
50335,1,1,0,0,0,12,9,3,0,9,5,12
50336,1,1,40,40,40,40,40,40,40,40,40,40
50337,1,1,0,0,0,0,0,0,0,0,0,0
50338,1,1,0,0,0,0,0,0,0,0,0,0
50339,1,1,0,0,0,0,0,0,0,0,0,0
50340,1,1,0,0,0,0,25,0,0,12,0,0
50341,1,1,0,0,0,0,0,0,0,0,0,0
50341,2,1,0,0,0,0,0,0,0,0,0,0
50341,3,1,0,0,0,0,0,0,0,0,0,0
50342,1,1,10,10,10,10,10,10,10,10,10,10
50343,1,1,17,17,17,17,17,17,17,17,17,17
50344,1,1,3,3,3,3,3,3,3,3,3,3
50345,1,1,0,0,0,0,0,0,0,0,0,0
50345,2,1,0,0,0,0,0,0,0,0,0,0
50346,1,1,0,0,0,0,0,0,0,0,0,0
50347,1,1,15,15,15,15,15,15,15,15,15,15
50347,2,1,6,10,31,26,0,45,0,19,17,13
50348,1,1,0,0,0,0,0,0,0,0,0,0
50349,1,1,0,0,0,0,0,0,0,0,0,0
50349,2,1,0,0,0,0,0,0,0,0,0,0
50350,1,1,0,0,0,0,0,0,0,0,0,0
50350,2,1,0,0,0,0,0,0,0,0,0,0
50351,1,1,0,0,0,0,0,0,0,0,0,0
50352,1,1,0,0,0,0,0,0,0,0,0,0
50353,1,1,0,0,0,0,0,0,0,0,0,0
50353,2,1,0,0,0,0,0,0,0,0,0,0
50354,1,1,0,5,11,0,0,0,0,0,0,0
50354,2,1,0,0,0,0,0,0,0,22,0,0
50355,1,1,0,0,0,0,0,0,0,0,0,0
50355,2,1,0,0,0,0,0,0,10,0,0,0
50356,1,1,0,17,8,5,0,32,0,27,14,19
50357,1,1,12,12,12,12,12,12,12,12,12,12
50358,1,1,0,0,0,0,0,0,0,0,0,0
50359,1,1,0,0,0,0,0,0,0,0,0,0
50360,1,1,18,18,18,18,18,18,18,18,18,18
50361,0,1,21,21,21,21,21,21,21,21,21,21
50361,1,1,0,0,0,0,0,0,0,0,0,0
50361,2,1,0,0,0,0,28,0,0,0,0,0
50362,1,1,20,20,20,20,20,20,20,20,20,20
50363,1,1,2,2,2,2,2,2,2,2,2,2
50364,1,1,0,0,0,0,0,0,0,0,0,0
50365,1,1,18,18,18,18,18,18,18,18,18,18
50366,1,1,0,0,0,0,0,0,0,0,0,0
50367,1,1,21,21,21,21,21,21,21,21,21,21
50367,2,1,0,0,0,0,0,0,0,0,0,0
50368,1,1,0,0,0,0,0,0,0,0,0,0
50369,1,1,0,0,0,0,0,0,0,0,0,0
50369,2,1,0,0,0,0,0,0,0,0,0,0
50370,1,1,0,0,0,0,0,0,0,0,0,0
50370,2,1,0,0,0,0,0,0,0,0,0,0
50371,1,1,0,0,0,0,0,0,0,0,0,0
50371,2,1,0,0,0,0,0,0,0,0,0,0
50372,0,1,28,0,20,22,11,12,0,13,0,0
50372,1,1,0,0,0,0,0,0,0,0,0,0
50373,1,1,0,10,21,0,0,17,0,21,0,35
50373,2,1,0,0,0,0,0,0,0,0,0,10
50374,1,1,25,0,0,0,0,0,0,0,0,3
50375,1,1,21,21,21,21,21,21,21,21,21,21
50376,1,1,0,0,0,0,0,0,0,0,0,0
50377,1,1,0,0,0,0,0,0,0,0,0,0
50378,1,1,0,0,0,0,0,0,0,0,0,0
50379,1,1,0,0,0,0,0,0,0,0,0,0
50379,2,1,0,0,0,0,0,0,0,0,0,0
50380,1,1,0,0,0,0,0,0,0,0,0,0
50380,2,1,0,0,0,0,0,0,0,0,0,0
50381,1,1,0,0,0,0,0,0,0,0,0,0
50381,2,1,0,0,0,0,0,0,0,0,0,0
50382,1,1,0,0,0,0,0,0,0,0,0,0
50383,1,1,0,0,0,0,0,0,0,0,0,0
50384,1,1,0,0,0,0,0,0,0,0,0,0
50384,2,1,0,0,0,0,0,0,0,0,0,0
50385,1,1,0,0,0,0,0,0,0,0,0,0
50385,2,1,26,26,26,26,26,26,26,26,26,26
50386,2,1,25,25,25,25,25,25,25,25,25,25
50387,1,1,0,0,0,0,0,0,0,0,0,0
50388,1,1,21,21,21,21,21,21,21,21,21,21
50389,1,1,0,0,0,0,0,0,0,0,0,0
50390,1,1,17,17,17,17,17,17,17,17,17,17
50391,1,1,0,12,18,0,14,12,0,0,6,0
50392,1,1,0,0,0,0,0,0,0,0,0,0
50392,2,1,0,0,0,0,0,0,0,0,0,0
50393,1,1,7,7,7,7,7,7,7,7,7,7
50394,1,1,0,0,0,0,0,0,0,0,0,0
50395,1,1,0,0,0,0,0,0,0,0,0,0
50396,1,1,0,0,0,0,0,0,0,0,0,0
50397,1,1,0,0,0,0,0,0,0,0,0,0
50397,2,1,0,0,0,0,0,0,0,0,0,0
50398,1,1,0,0,11,0,0,0,0,7,0,0
50399,1,1,0,0,0,0,0,0,0,0,0,0
50399,2,1,0,0,0,0,0,0,0,0,0,0
50399,3,1,0,0,0,0,0,0,0,0,0,0
50400,1,1,0,0,0,0,0,0,0,0,0,0
50400,2,1,0,0,0,0,0,0,0,0,0,0
50401,1,1,0,0,0,0,0,0,0,0,0,0
50401,2,1,0,0,0,0,0,0,0,0,0,0
50402,1,1,0,0,0,0,0,0,0,0,0,0
50402,2,1,0,0,0,0,0,0,0,0,0,0
50403,1,1,18,24,0,20,25,25,13,25,18,19
50404,1,1,0,0,0,0,0,0,0,0,0,0
50404,2,1,0,0,0,0,0,0,0,0,0,0
50405,0,1,40,40,40,40,40,40,40,40,40,40
50405,1,1,0,0,0,0,0,0,0,0,0,0
50406,1,1,10,10,10,10,10,10,10,10,10,10
50407,1,1,21,21,21,21,21,21,21,21,21,21
50408,1,1,7,24,23,11,0,0,0,10,16,22
50409,1,1,0,0,0,0,0,0,0,0,0,0
50409,2,1,0,0,0,0,0,0,0,0,0,0
50410,1,1,0,0,0,0,0,0,0,0,0,0
50411,1,1,0,15,0,28,21,12,18,19,26,0
50412,0,1,0,26,11,0,20,22,16,32,0,0
50412,1,1,19,0,0,0,14,10,0,21,0,0
50413,1,1,0,0,0,0,0,0,0,0,0,0
50413,2,1,0,0,0,0,0,0,0,0,0,0
50413,3,1,0,0,0,0,0,0,0,0,0,0
50414,1,1,0,0,0,0,0,0,0,0,0,0
50415,1,1,0,0,0,0,0,0,0,0,0,0
50416,1,1,0,0,0,0,0,0,0,0,0,0
50416,2,1,0,0,0,0,0,0,0,0,0,0
50417,1,1,17,17,17,17,17,17,17,17,17,17
50418,1,1,26,26,26,26,26,26,26,26,26,26
50419,1,1,0,0,0,0,0,0,0,0,0,0
50419,2,1,0,0,0,0,0,0,0,0,0,0
50420,1,1,16,16,16,16,16,16,16,16,16,16
50420,2,1,0,0,0,0,0,0,0,0,0,0
50421,1,1,3,0,0,0,0,0,27,21,0,0
50421,2,1,18,18,18,18,18,18,18,18,18,18
50422,1,1,0,0,0,0,0,0,0,0,0,0
50422,2,1,8,8,8,8,8,8,8,8,8,8
50423,1,1,0,0,0,0,0,0,0,0,0,0
50424,1,1,0,0,0,0,0,0,0,0,0,0
50425,1,1,19,19,19,19,19,19,19,19,19,19
50425,2,1,0,0,0,0,0,0,0,0,0,0
50425,3,1,0,0,0,0,0,0,0,0,0,0
50425,4,1,0,0,0,0,0,0,0,0,0,0
50425,5,1,0,0,0,0,0,0,0,0,0,0
50426,0,1,0,0,0,0,0,0,0,0,0,0
50426,1,1,0,0,0,0,0,0,0,0,0,0
50427,1,1,13,13,13,13,13,13,13,13,13,13
50428,1,1,19,19,19,19,19,19,19,19,19,19
50429,1,1,0,0,0,0,0,0,0,0,0,0
50430,1,1,0,0,0,0,0,0,0,0,0,0
50430,2,1,0,0,0,0,0,0,0,0,0,0
50430,3,1,0,0,0,0,0,0,0,0,0,0
50431,1,1,0,0,0,0,0,0,0,0,0,0