ST_CASE,VEH_NO,PER_NO,P1,P2,P3,P4,P5,P6,P7,P8,P9,P10
50431,2,1,19,19,19,19,19,19,19,19,19,19
50432,1,1,0,0,0,0,40,0,0,0,0,0
50433,1,1,0,0,0,0,0,0,0,0,0,0
50433,2,1,0,0,0,0,0,0,0,0,0,0
50434,1,1,11,27,25,27,5,14,23,0,14,9
50435,0,1,0,0,0,0,0,0,0,0,0,0
50435,1,1,0,0,0,0,0,0,0,0,0,0
50436,1,1,23,23,23,23,23,23,23,23,23,23
50436,2,1,0,0,0,0,0,0,0,0,0,0
50437,1,1,15,15,15,15,15,15,15,15,15,15
50438,1,1,11,8,0,14,12,14,0,0,0,0
50439,1,1,0,0,0,0,0,0,0,0,0,0
50440,1,1,15,15,15,15,15,15,15,15,15,15
50441,1,1,0,0,0,0,0,0,0,0,0,0
50441,2,1,0,0,0,0,0,0,0,0,0,0
50442,1,1,0,0,0,0,0,0,0,0,0,0
50442,2,1,0,0,0,0,0,0,0,0,0,0
50443,1,1,0,0,0,0,0,0,0,0,0,0
50443,2,1,0,0,0,0,0,0,0,0,0,0
50444,1,1,0,0,0,0,0,0,0,0,0,0
50445,1,1,0,0,0,0,0,0,0,0,0,0
50445,2,1,0,0,0,0,0,0,0,0,0,0
50446,0,1,0,0,28,0,0,15,0,0,0,31
50446,1,1,0,0,0,0,0,0,0,0,0,0
50447,1,1,21,21,21,21,21,21,21,21,21,21
50447,2,1,0,0,0,0,0,0,0,0,0,0
50448,1,1,8,8,8,8,8,8,8,8,8,8
50449,1,1,0,0,0,0,0,0,0,0,18,0
50450,1,1,17,17,17,17,17,17,17,17,17,17
50451,0,1,23,23,23,23,23,23,23,23,23,23
50451,1,1,0,0,0,0,0,0,0,0,0,0
50452,1,1,0,0,0,0,0,0,0,0,0,0
50453,1,1,30,30,30,30,30,30,30,30,30,30
50454,1,1,22,0,0,0,0,0,0,0,0,0
50455,1,1,0,0,0,0,0,0,0,0,0,0
50456,1,1,18,18,18,18,18,18,18,18,18,18
50457,1,1,0,0,0,0,0,0,0,0,0,0
50457,2,1,0,0,33,0,0,0,0,0,0,0
50458,1,1,0,0,0,0,0,0,0,0,0,0
50458,2,1,0,0,0,0,0,0,0,0,0,0
50459,1,1,0,0,0,0,0,0,0,0,0,0
50460,1,1,0,0,0,0,0,0,0,0,0,0
50460,2,1,0,15,0,0,0,0,0,0,0,0
50461,1,1,0,0,0,0,0,0,0,0,0,0
50462,0,1,0,0,0,0,0,0,0,0,0,0
50462,1,1,0,0,0,0,0,0,0,0,0,0
50463,1,1,0,0,0,0,0,0,0,0,0,0
50463,2,1,0,0,0,0,0,0,0,0,0,0
50464,1,1,0,0,0,0,0,0,0,0,0,0
50464,2,1,0,0,0,0,0,0,0,0,0,0
50464,3,1,0,0,0,0,0,0,0,0,0,0
50465,1,1,0,0,0,0,0,0,15,0,0,0
50465,2,1,0,0,0,0,0,0,0,0,0,0
50466,1,1,14,14,14,14,14,14,14,14,14,14
50466,2,1,2,2,2,2,2,2,2,2,2,2
50467,0,1,0,0,0,0,0,0,0,0,0,0
50467,1,1,0,0,0,0,0,0,0,0,0,0
50467,2,1,0,0,0,0,0,0,0,0,0,0
50467,3,1,0,0,0,0,0,0,0,0,0,0
50468,1,1,10,10,10,10,10,10,10,10,10,10
50468,2,1,0,0,0,0,0,0,0,0,0,0
50468,3,1,0,0,0,0,0,0,0,0,0,0
50469,1,1,33,0,19,0,4,0,18,0,0,0
50470,1,1,10,0,12,0,0,13,24,0,0,0
50471,1,1,0,0,0,0,0,0,0,0,0,0
50471,2,1,17,17,17,17,17,17,17,17,17,17
50472,1,1,19,19,19,19,19,19,19,19,19,19
50473,1,1,0,0,0,0,0,0,0,0,0,0
50473,2,1,0,0,0,0,0,0,0,0,0,0
50474,1,1,0,0,0,0,0,0,0,0,0,0
50475,0,1,5,5,5,5,5,5,5,5,5,5
50475,1,1,0,0,0,0,0,0,0,0,0,0
50476,1,1,0,0,0,0,0,0,0,0,0,0
50477,1,1,0,0,0,0,0,0,0,0,0,0
50477,2,1,0,0,0,0,0,0,0,0,0,0
50477,3,1,0,0,0,0,0,0,20,0,0,0
50478,1,1,0,0,0,0,0,0,0,0,0,0
50479,1,1,0,0,0,0,0,0,0,0,0,0
50479,2,1,0,0,0,0,0,0,0,0,0,0
50480,1,1,0,0,0,0,0,0,0,0,0,0
50481,1,1,25,25,25,25,25,25,25,25,25,25
50482,1,1,0,0,0,0,0,0,0,0,0,0
50483,1,1,15,15,15,15,15,15,15,15,15,15
50483,2,1,13,13,13,13,13,13,13,13,13,13
50484,1,1,0,0,0,0,0,0,0,0,0,0
50485,0,1,37,37,37,37,37,37,37,37,37,37
50485,1,1,0,0,0,0,0,0,0,0,0,0
50486,0,1,0,0,0,0,0,0,0,0,0,0
50486,1,1,0,0,0,0,0,0,0,0,0,0
50487,0,1,16,16,16,16,16,16,16,16,16,16
50487,1,1,8,8,8,8,8,8,8,8,8,8
50488,1,1,17,17,17,17,17,17,17,17,17,17
50489,0,1,21,21,21,21,21,21,21,21,21,21
50489,1,1,0,0,0,0,0,0,0,0,0,0
50490,1,1,14,14,14,14,14,14,14,14,14,14
50491,1,1,10,10,10,10,10,10,10,10,10,10
50492,1,1,0,0,0,0,0,0,0,0,0,0
50492,2,1,0,0,0,0,0,0,0,0,0,0
50493,1,1,22,22,22,22,22,22,22,22,22,22
50494,1,1,0,0,0,0,0,0,0,0,0,0
50494,2,1,0,0,0,0,0,0,0,0,0,0
50495,1,1,0,0,0,0,0,0,0,0,0,0
50495,2,1,0,0,0,0,0,0,0,0,0,0
50496,1,1,0,0,0,0,0,0,0,0,0,0
50497,1,1,0,0,0,0,0,0,0,0,0,0
50498,1,1,0,27,0,0,0,0,0,0,0,0
50499,1,1,0,0,0,0,0,0,0,0,0,0
50500,1,1,24,24,24,24,24,24,24,24,24,24
50501,1,1,0,0,0,15,0,0,0,0,0,0
50501,2,1,0,0,0,0,0,0,0,0,0,0
50502,1,1,0,20,6,11,0,0,0,0,7,0
50503,1,1,0,0,0,0,0,0,0,0,0,0
50504,1,1,14,14,14,14,14,14,14,14,14,14
50504,2,1,0,0,0,0,0,0,0,0,0,0
50505,1,1,0,0,0,0,0,0,0,0,0,0
50505,2,1,20,20,20,20,20,20,20,20,20,20
50506,1,1,3,3,3,3,3,3,3,3,3,3
50506,2,1,0,0,0,0,0,0,0,0,0,0
50507,1,1,0,0,0,0,0,0,0,0,0,0
50508,1,1,2,2,2,2,2,2,2,2,2,2
50510,1,1,13,13,13,13,13,13,13,13,13,13
50511,1,1,0,0,0,0,0,0,0,0,0,0
50513,1,1,0,31,4,19,13,0,0,24,0,0
50514,1,1,0,0,10,0,15,21,0,37,0,0
50515,0,1,0,0,0,0,0,0,0,0,0,0
50515,1,1,0,0,0,0,0,0,0,0,0,0
50516,1,1,20,14,0,0,0,0,0,12,0,0
50517,0,1,0,0,0,0,0,0,0,0,0,0
50517,1,1,0,0,0,0,0,0,0,0,0,0
50518,1,1,0,0,0,0,0,0,0,0,0,0
50519,1,1,0,0,0,0,2,0,0,7,0,0
50519,2,1,0,0,0,0,0,0,0,0,0,0
50520,1,1,0,0,0,0,0,0,0,0,0,0
50521,1,1,15,15,15,15,15,15,15,15,15,15
80001,1,1,0,0,0,0,0,0,0,0,0,0
80001,2,1,0,0,0,0,0,0,0,0,0,0
80001,3,1,0,0,0,0,0,0,0,0,0,0
80002,1,1,19,19,19,19,19,19,19,19,19,19
80002,2,1,0,0,0,0,0,0,0,15,0,0
80003,1,1,0,0,0,0,0,0,0,0,0,0
80004,1,1,0,0,0,0,0,0,0,0,0,0
80004,2,1,0,0,0,0,0,0,0,0,0,0
80005,1,1,0,0,0,0,0,0,0,0,0,0
80005,2,1,0,0,0,0,0,0,0,0,0,0
80006,1,1,0,0,0,0,0,0,0,0,0,0
80006,2,1,0,0,0,0,0,0,0,0,0,0
80007,1,1,0,0,0,0,0,0,0,0,0,0
80007,2,1,0,0,0,0,0,0,0,0,0,0
80007,3,1,0,0,0,0,0,0,0,0,0,0
80008,1,1,19,19,19,19,19,19,19,19,19,19
80009,0,1,0,0,0,0,23,0,0,0,0,0
80009,1,1,0,0,0,0,0,0,0,0,0,0
80009,2,1,0,0,0,0,0,0,0,0,0,0
80010,1,1,0,0,0,0,0,0,0,0,0,0
80010,2,1,0,0,0,0,0,0,0,0,0,0
80011,1,1,21,21,21,21,21,21,21,21,21,21
80012,1,1,0,0,0,0,0,0,0,0,0,0
80013,1,1,0,0,0,0,0,0,0,0,8,11
80014,1,1,0,0,0,0,0,0,0,0,0,0
80014,2,1,0,0,0,0,0,0,0,0,0,0
80015,1,1,15,15,15,15,15,15,15,15,15,15
80015,2,1,0,0,0,0,0,0,0,0,0,0
80016,1,1,0,0,0,0,0,0,0,0,0,0
80016,2,1,0,0,0,0,0,0,0,0,0,0
80017,1,1,0,0,0,0,0,0,0,0,0,0
80017,2,1,0,0,0,0,0,0,0,0,0,0
80018,1,1,0,0,0,0,0,0,0,0,0,0
80018,2,1,0,0,0,0,0,0,0,0,0,0
80019,1,1,0,0,0,0,0,0,0,0,0,0
80020,0,1,20,25,0,44,11,33,12,27,17,30
80020,1,1,0,0,0,0,0,0,0,0,0,0
80021,1,1,21,21,21,21,21,21,21,21,21,21
80022,1,1,0,0,0,0,0,0,0,0,0,0
80022,2,1,0,0,9,0,0,0,0,0,0,0
80023,1,1,19,19,19,19,19,19,19,19,19,19
80023,2,1,25,25,25,25,25,25,25,25,25,25
80024,1,1,14,14,14,14,14,14,14,14,14,14
80024,2,1,0,0,0,0,0,0,0,18,0,0
80024,3,1,0,0,0,13,0,0,0,0,0,0
80025,1,1,0,0,0,0,0,0,0,0,0,0
80026,1,1,0,0,0,0,0,0,0,0,0,0
80027,1,1,0,0,0,0,0,0,0,0,0,0
80028,1,1,0,0,0,0,0,0,0,0,0,0
80029,1,1,0,0,0,0,0,0,0,0,0,0
80029,2,1,0,0,0,0,0,0,0,0,0,0
80030,1,1,0,0,0,0,0,0,0,0,0,0
80030,2,1,0,0,0,0,0,0,0,0,0,0
80031,0,1,23,23,23,23,23,23,23,23,23,23
80031,1,1,0,0,0,0,0,0,0,0,0,0
80032,1,1,0,0,0,0,0,0,0,0,0,0
80033,1,1,0,0,0,0,0,0,0,0,0,0
80033,2,1,0,0,0,0,0,0,0,0,0,0
80033,3,1,0,0,0,0,0,0,0,0,0,0
80034,1,1,13,13,13,13,13,13,13,13,13,13
80034,2,1,0,0,0,0,0,0,0,0,0,0
80035,1,1,0,0,0,0,0,0,0,0,0,0
80035,2,1,0,0,0,0,0,0,0,0,0,0
80036,1,1,0,0,0,0,0,0,0,0,0,0
80037,1,1,0,0,0,0,0,16,0,0,0,28
80038,0,1,0,0,0,0,0,0,0,0,0,0
80038,1,1,0,0,0,0,0,0,0,0,0,0
80039,1,1,17,17,17,17,17,17,17,17,17,17
80040,1,1,0,0,0,0,0,0,0,0,0,0
80040,2,1,0,0,0,0,0,0,0,0,0,0
80041,1,1,0,0,0,0,0,0,0,0,0,0
80041,2,1,0,0,0,0,0,0,0,0,0,0
80041,3,1,0,0,0,0,0,0,0,0,0,0
80041,4,1,0,0,0,0,0,0,0,0,0,0
80042,1,1,0,0,0,0,0,0,0,0,0,0
80042,2,1,0,0,0,0,0,0,0,0,0,0
80043,1,1,0,0,0,0,0,0,0,0,0,0
80043,2,1,0,0,0,0,0,0,0,0,0,0
80043,3,1,0,0,0,0,0,0,0,0,0,0
80044,1,1,0,0,0,0,0,0,0,0,0,0
80045,1,1,0,0,0,0,0,0,0,0,0,0
80045,2,1,0,0,0,0,0,0,0,0,0,0
80046,1,1,0,0,0,0,0,0,0,0,0,0
80047,0,1,0,0,0,0,0,0,0,0,0,0
80047,1,1,0,0,0,0,0,0,0,0,0,0
80048,0,1,0,0,0,0,0,0,0,0,0,0
80048,1,1,0,0,0,0,0,0,0,0,0,0
80049,0,1,0,0,0,0,0,0,0,0,0,0
80049,1,1,0,0,0,0,0,0,0,0,0,0
80050,1,1,0,0,0,0,0,0,0,0,0,0
80050,2,1,0,0,0,0,0,0,0,0,0,0
80051,1,1,12,12,12,12,12,12,12,12,12,12
80051,2,1,0,0,0,0,0,0,0,0,0,0
80052,1,1,0,0,0,0,0,0,0,0,0,0
80053,1,1,0,0,0,0,0,0,0,0,0,0
80053,2,1,0,0,0,0,0,0,0,0,0,0
80054,1,1,22,22,22,22,22,22,22,22,22,22
80055,1,1,0,0,0,0,0,0,0,0,0,0
80055,2,1,0,0,0,0,0,0,0,0,0,0
80056,1,1,0,0,0,0,0,0,0,0,0,0
80057,1,1,0,0,0,0,0,0,0,0,0,0
80057,2,1,0,0,0,0,0,0,0,0,0,0
80058,1,1,18,18,18,18,18,18,18,18,18,18
80059,1,1,20,20,20,20,20,20,20,20,20,20
80060,1,1,18,18,18,18,18,18,18,18,18,18
80061,1,1,0,0,0,0,0,0,0,0,0,0
80061,2,1,0,0,0,0,0,0,0,0,0,0
80061,3,1,0,0,0,0,0,0,0,0,0,0
80062,1,1,0,0,0,0,0,0,0,0,0,0
80063,1,1,0,0,0,0,0,0,0,0,0,0
80063,2,1,0,0,0,0,0,0,0,0,0,0
80064,0,1,11,11,11,11,11,11,11,11,11,11
80064,1,1,0,0,0,0,0,0,0,0,0,0
80065,1,1,20,20,20,20,20,20,20,20,20,20
80065,2,1,0,19,0,0,0,0,11,0,19,0
80065,3,1,0,0,0,16,0,14,0,0,0,21
80066,1,1,0,0,0,0,0,0,0,0,0,0
80066,2,1,12,0,0,0,0,0,0,0,0,7
80066,3,1,13,0,0,0,0,0,0,0,0,0
80067,1,1,40,40,40,40,40,40,40,40,40,40
80068,0,1,16,16,16,16,16,16,16,16,16,16
80068,1,1,12,12,12,12,12,12,12,12,12,12
80069,1,1,6,0,0,0,0,0,0,0,0,0
80070,1,1,4,4,4,4,4,4,4,4,4,4
80071,1,1,0,0,0,0,23,0,0,0,0,0
80072,1,1,0,0,0,0,0,0,0,0,0,0
80072,2,1,0,0,0,0,0,0,0,0,0,0
80072,3,1,0,0,0,0,0,0,0,0,0,0
80073,1,1,0,0,0,0,0,0,0,0,0,0
80074,1,1,0,0,0,0,0,0,0,0,0,0
80074,2,1,0,0,11,0,0,0,0,0,0,0
80075,1,1,0,0,0,0,0,0,0,0,0,0
80076,0,1,0,0,0,0,0,0,0,0,0,0
80076,1,1,0,0,0,0,0,0,0,0,0,0
80077,0,1,22,22,22,22,22,22,22,22,22,22
80077,1,1,0,0,0,0,0,0,0,0,0,0
80078,1,1,0,0,0,0,0,0,0,0,0,0
80078,2,1,0,0,0,0,0,0,0,0,0,0
80079,1,1,36,36,36,36,36,36,36,36,36,36
80079,2,1,0,0,0,0,0,0,0,0,0,0
80080,1,1,24,24,24,24,24,24,24,24,24,24
80081,1,1,0,0,0,0,0,0,0,0,0,0
80082,1,1,0,0,0,0,0,0,0,0,0,0
80083,1,1,0,0,0,0,0,0,0,0,0,0
80084,1,1,0,0,0,0,0,0,0,0,0,0
80084,2,1,0,0,0,0,0,0,0,0,0,0
80085,1,1,0,0,0,0,0,0,0,0,0,0
80086,1,1,0,0,0,0,0,9,0,0,10,0
80087,1,1,0,0,0,0,0,0,0,0,0,0
80087,2,1,0,0,0,0,0,0,0,0,0,0
80088,0,1,0,0,0,0,0,9,0,0,0,0
80088,1,1,5,5,5,5,5,5,5,5,5,5
80089,1,1,0,0,0,0,0,0,0,0,0,0
80089,2,1,0,0,0,0,0,0,0,0,0,0
80090,1,1,0,0,0,0,0,0,0,0,0,0
80090,2,1,0,0,0,0,0,0,0,0,0,0
80091,1,1,13,13,13,13,13,13,13,13,13,13
80092,0,1,0,0,0,0,0,0,0,0,0,0
80092,1,1,0,0,0,0,0,0,0,0,0,0
80093,1,1,24,24,24,24,24,24,24,24,24,24
80093,2,1,24,24,24,24,24,24,24,24,24,24
80094,1,1,20,20,20,20,20,20,20,20,20,20
80095,1,1,0,0,0,0,0,0,0,0,0,0
80096,1,1,0,0,0,0,0,0,0,0,0,0
80096,2,1,0,0,0,0,0,0,0,0,0,0
80097,1,1,17,17,17,17,17,17,17,17,17,17
80098,1,1,0,0,0,0,0,0,0,0,0,0
80099,1,1,22,22,22,22,22,22,22,22,22,22
80100,1,1,0,0,0,0,0,0,0,0,0,0
80100,2,1,0,0,0,0,0,0,0,0,0,0
80101,0,1,0,0,0,0,0,0,0,0,0,0
80101,1,1,0,0,0,0,16,0,0,0,0,0
80102,1,1,0,0,0,0,0,0,0,0,0,0
80103,1,1,0,0,0,0,0,0,0,0,0,0
80103,2,1,0,0,0,0,0,26,0,0,0,0
80104,1,1,0,0,0,0,0,0,0,0,0,0
80105,1,1,0,0,0,0,0,0,0,0,0,0
80106,1,1,0,0,0,0,0,0,0,0,0,0
80107,0,1,0,0,0,0,0,0,25,0,35,0
80107,1,1,13,10,0,8,0,8,0,17,0,20
80108,1,1,0,0,0,0,0,0,0,0,0,0
80109,1,1,0,0,0,0,0,0,0,0,0,0
80110,1,1,20,19,14,11,26,0,20,0,15,0
80111,1,1,0,0,0,0,0,0,0,0,0,0
80112,1,1,0,0,0,0,0,0,0,0,0,0
80112,2,1,0,0,0,0,0,0,0,0,0,0
80113,1,1,19,19,19,19,19,19,19,19,19,19
80114,1,1,15,15,15,15,15,15,15,15,15,15
80115,1,1,11,11,11,11,11,11,11,11,11,11
80116,1,1,0,0,0,0,0,0,0,0,0,0
80117,1,1,13,13,13,13,13,13,13,13,13,13
80118,1,1,0,0,0,0,0,0,0,0,0,0
80119,1,1,0,0,0,0,0,0,0,0,0,0
80119,2,1,0,0,0,0,0,0,0,0,0,0
80120,1,1,0,0,14,0,0,0,0,0,0,0
80120,2,1,0,0,0,0,0,0,0,0,0,0
80121,1,1,0,0,0,0,0,0,0,0,0,0
80122,1,1,0,0,0,0,0,0,0,0,0,0
80122,2,1,0,0,0,0,0,0,0,0,0,0
80123,1,1,27,27,27,27,27,27,27,27,27,27
80124,1,1,14,14,14,14,14,14,14,14,14,14
80125,1,1,21,21,21,21,21,21,21,21,21,21
80125,2,1,0,0,0,0,0,0,0,0,0,0
80126,0,1,0,0,0,0,0,0,0,0,0,0
80126,1,1,0,0,0,0,0,0,0,0,0,0
80127,1,1,0,0,0,0,0,0,0,0,0,0
80127,2,1,0,0,0,0,0,0,0,0,0,0
80128,1,1,0,0,0,0,0,0,0,0,0,0
80129,1,1,0,0,0,0,0,0,0,2,0,0
80129,2,1,0,0,0,0,0,0,0,0,0,0
80130,1,1,0,17,0,13,0,0,0,0,0,15
80131,1,1,0,0,0,0,17,0,0,0,0,0
80132,1,1,26,26,26,26,26,26,26,26,26,26
80133,1,1,0,0,0,0,0,0,0,0,0,0
80134,1,1,0,0,0,0,0,0,0,0,0,0
80134,2,1,0,0,0,0,0,0,0,0,0,0
80135,1,1,1,1,1,1,1,1,1,1,1,1
80136,1,1,17,17,17,17,17,17,17,17,17,17
80137,1,1,0,0,0,0,0,0,0,0,0,0
80138,1,1,11,11,11,11,11,11,11,11,11,11
80139,1,1,0,0,0,0,0,0,0,0,0,0
80140,1,1,0,0,0,0,0,0,0,0,0,0
80140,2,1,0,0,0,0,0,0,0,0,0,0
80141,1,1,16,16,16,16,16,16,16,16,16,16
80142,1,1,26,26,26,26,26,26,26,26,26,26
80143,1,1,17,17,17,17,17,17,17,17,17,17
80144,1,1,0,0,0,0,0,0,0,0,0,0
80144,2,1,0,0,0,0,0,0,0,0,0,0
80145,1,1,0,0,0,0,0,0,0,0,0,0
80146,1,1,11,11,11,11,11,11,11,11,11,11
80147,1,1,17,0,0,0,0,0,0,0,0,0
80148,1,1,10,8,14,29,9,21,20,14,12,32
80149,1,1,0,0,0,0,0,0,0,0,0,0
80149,2,1,0,0,0,0,0,0,0,0,0,0
80150,1,1,0,0,0,0,0,0,0,0,0,0
80150,2,1,0,0,0,0,0,0,0,0,0,0
80151,1,1,27,27,27,27,27,27,27,27,27,27
80152,1,1,0,0,0,0,0,0,0,0,0,0
80153,1,1,0,0,0,0,0,0,0,0,0,0
80153,2,1,0,0,0,0,0,0,0,0,0,0
80154,0,1,0,0,0,0,0,0,0,0,0,0
80154,1,1,0,0,0,0,0,0,0,0,0,0
80155,1,1,10,10,10,10,10,10,10,10,10,10
80155,2,1,0,0,0,0,0,0,0,0,0,0
80156,1,1,0,0,0,0,0,0,0,0,0,0
80157,1,1,3,3,3,3,3,3,3,3,3,3
80157,2,1,0,0,0,0,0,0,0,0,0,0
80158,1,1,0,0,0,0,0,0,0,0,0,0
80158,2,1,0,0,0,0,0,0,0,0,0,5
80159,1,1,0,0,0,0,0,0,0,0,0,0
80159,2,1,0,0,0,0,0,0,0,0,0,0
80160,1,1,17,17,17,17,17,17,17,17,17,17
80161,1,1,0,0,0,0,0,0,0,0,0,0
80162,0,1,0,0,0,0,0,0,0,0,0,0
80162,1,1,24,24,24,24,24,24,24,24,24,24
80162,2,1,0,0,0,0,0,0,0,0,0,0
80163,1,1,24,24,24,24,24,24,24,24,24,24
80164,1,1,0,0,0,0,0,0,0,0,0,0
80164,2,1,0,0,0,0,0,0,0,0,0,0
80165,1,1,0,0,0,0,0,0,0,0,0,0
80166,1,1,26,26,26,26,26,26,26,26,26,26
80167,1,1,0,0,0,0,0,0,0,0,0,0
80167,2,1,0,0,0,0,0,0,0,0,0,0
80168,1,1,0,0,0,0,0,11,0,0,0,0
80169,1,1,0,0,0,0,0,0,0,0,0,0
80169,2,1,0,0,0,0,0,0,0,0,0,0
80169,3,1,0,0,0,0,0,0,0,0,0,0
80170,1,1,0,0,0,0,0,0,0,0,0,0
80170,2,1,0,0,0,0,0,0,0,0,0,0
80170,3,1,0,0,0,0,0,0,0,0,0,0
80171,1,1,0,0,0,0,0,0,0,0,0,0
80172,1,1,0,0,0,0,0,0,0,0,0,0
80172,2,1,0,0,0,0,0,0,0,0,0,0
80173,1,1,13,13,13,13,13,13,13,13,13,13
80174,1,1,3,3,3,3,3,3,3,3,3,3
80175,1,1,2,2,2,2,2,2,2,2,2,2
80175,2,1,0,4,0,14,0,0,0,0,0,0
80176,1,1,0,0,0,0,0,0,0,0,0,0
80176,2,1,0,0,0,0,0,0,0,0,0,0
80176,3,1,0,0,0,0,0,0,0,0,0,0
80176,4,1,0,0,0,3,0,0,0,0,0,4
80177,1,1,0,0,0,0,0,0,0,0,0,0
80177,2,1,0,0,0,0,0,0,0,0,0,0
80178,1,1,0,0,4,0,0,0,0,0,0,0
80179,1,1,9,9,9,9,9,9,9,9,9,9
80180,1,1,25,25,25,25,25,25,25,25,25,25
80180,2,1,0,0,47,0,0,0,0,0,0,0
80181,1,1,0,0,0,0,0,0,0,0,0,0
80181,2,1,7,7,7,7,7,7,7,7,7,7
80182,1,1,0,0,0,0,0,0,0,0,0,0
80183,1,1,12,12,12,12,12,12,12,12,12,12
80184,1,1,0,0,0,0,0,0,0,0,0,0
80184,2,1,0,0,0,0,0,0,0,0,0,0
80184,3,1,0,0,0,0,0,0,0,0,0,0
80185,1,1,0,0,0,0,0,0,0,0,0,0
80185,2,1,0,0,9,0,0,0,0,0,0,0
80186,1,1,12,9,8,13,0,18,3,0,0,6
80186,2,1,0,0,0,0,0,0,0,0,0,0
80186,3,1,0,0,0,0,0,0,0,0,0,0
80187,1,1,16,16,16,16,16,16,16,16,16,16
80188,1,1,0,0,0,0,0,0,0,0,0,10
80188,2,1,22,22,22,22,22,22,22,22,22,22
80189,1,1,0,0,0,0,0,0,0,0,0,0
80190,1,1,14,14,14,14,14,14,14,14,14,14
80190,2,1,0,0,0,0,0,0,0,18,0,0
80191,1,1,0,0,0,0,0,0,0,0,0,0
80192,1,1,9,0,0,0,0,0,0,0,0,0
80192,2,1,0,0,0,0,0,0,0,0,0,0
80193,1,1,0,0,0,0,0,0,0,0,0,0
80194,1,1,0,0,0,0,0,0,0,0,0,0
80194,2,1,0,0,0,0,0,0,0,0,0,0
80195,1,1,0,0,0,0,0,0,0,0,7,0
80196,1,1,36,36,36,36,36,36,36,36,36,36
80197,1,1,0,0,0,0,0,6,0,0,0,0
80198,1,1,24,24,24,24,24,24,24,24,24,24
80199,0,1,40,17,13,30,30,38,20,21,20,31
80199,1,1,0,0,0,26,0,0,9,0,0,18
80199,2,1,0,0,0,0,0,33,0,0,0,0
80200,1,1,0,0,0,0,0,0,0,0,0,0
80201,0,1,0,0,0,0,0,0,0,0,0,0
80201,1,1,0,0,0,0,0,0,0,0,0,0
80202,1,1,0,0,0,0,0,0,0,0,0,0
80203,1,1,0,0,0,0,0,0,0,0,0,0
80204,0,1,0,0,0,0,0,0,0,0,0,0
80204,0,2,0,0,0,0,0,0,0,0,0,0
80204,1,1,0,0,0,0,0,0,0,0,0,0
80205,1,1,5,5,5,5,5,5,5,5,5,5
80206,1,1,0,0,18,0,0,9,0,0,19,0
80207,1,1,0,0,0,0,0,0,0,0,0,0
80207,2,1,0,0,0,0,0,0,0,0,0,0
80207,3,1,0,0,0,0,0,0,0,0,0,0
80208,0,1,0,0,0,0,0,0,0,0,0,0
80208,1,1,0,0,0,0,0,0,0,0,0,0
80209,1,1,30,30,30,30,30,30,30,30,30,30
80209,2,1,0,0,0,0,0,0,0,0,0,0
80210,1,1,0,0,0,0,0,0,0,0,0,0
80210,2,1,0,0,0,0,0,0,0,0,0,0
80211,1,1,0,0,0,0,0,0,0,0,0,0
80211,2,1,0,0,0,0,0,0,0,0,0,0
80212,1,1,0,0,0,0,0,0,0,0,0,0
80213,1,1,0,0,0,0,0,0,0,0,0,0
80214,1,1,0,0,0,0,0,13,0,0,0,0
80215,1,1,7,7,7,7,7,7,7,7,7,7
80216,1,1,25,25,25,25,25,25,25,25,25,25
80217,1,1,0,0,0,0,0,0,0,0,0,0
80217,2,1,0,0,0,0,0,0,0,0,0,0
80218,1,1,0,0,0,0,0,0,0,0,0,0
80218,2,1,0,0,0,0,0,0,0,0,0,0
80219,1,1,0,0,0,0,0,0,0,0,0,0
80220,0,1,0,0,0,0,0,0,0,0,0,0
80220,1,1,0,0,0,0,0,0,0,0,0,0
80221,1,1,0,0,0,0,0,0,0,0,0,0
80221,2,1,0,0,0,0,0,0,0,0,0,0
80222,1,1,0,0,0,0,0,0,0,0,0,0
80223,1,1,28,28,28,28,28,28,28,28,28,28
80224,1,1,22,22,22,22,22,22,22,22,22,22
80225,1,1,16,16,16,16,16,16,16,16,16,16
80226,1,1,0,0,0,0,0,0,0,0,0,0
80227,1,1,0,0,0,0,0,0,0,0,0,0
80228,1,1,0,0,0,0,0,0,0,0,0,0
80229,1,1,17,17,17,17,17,17,17,17,17,17
80229,2,1,0,0,0,0,0,0,0,0,0,0
80230,1,1,17,17,17,17,17,17,17,17,17,17
80231,1,1,0,0,0,0,0,0,0,0,0,0
80232,1,1,23,23,23,23,23,23,23,23,23,23
80233,1,1,5,20,0,14,14,18,9,6,13,10
80234,0,1,0,0,0,0,0,0,0,0,22,0
80234,1,1,0,0,0,0,0,0,0,0,0,0
80235,1,1,0,0,0,0,0,0,0,0,0,0
80236,0,1,14,0,0,0,0,11,0,0,13,13
80236,1,1,0,0,0,0,0,0,0,22,0,0
80237,1,1,0,0,0,0,0,0,0,0,0,0
80238,1,1,0,0,0,0,0,0,0,0,0,0
80238,2,1,0,0,0,0,0,0,0,0,0,0
80239,1,1,19,19,19,19,19,19,19,19,19,19
80240,1,1,0,0,0,0,0,0,0,0,0,0
80241,0,1,0,0,0,0,0,0,0,0,0,0
80241,1,1,0,0,0,0,0,0,0,0,0,0
80242,1,1,0,0,0,0,0,0,0,0,0,0
80242,2,1,0,0,0,9,0,0,0,0,0,0
80243,1,1,7,7,7,7,7,7,7,7,7,7
80244,1,1,0,10,0,17,17,0,0,7,0,0
80245,1,1,13,13,13,13,13,13,13,13,13,13
80246,1,1,0,0,33,0,5,0,20,0,0,0
80246,2,1,0,0,0,0,0,0,0,0,0,0
80247,1,1,0,0,0,0,0,0,0,0,0,0
80247,2,1,0,0,0,0,0,0,0,0,0,0
80248,1,1,21,21,21,21,21,21,21,21,21,21
80249,1,1,17,17,17,17,17,17,17,17,17,17
80249,2,1,0,0,0,0,0,0,0,0,0,0
80250,1,1,0,0,0,0,0,0,0,0,0,0
80251,1,1,0,0,0,0,0,0,0,0,0,0
80252,1,1,0,0,0,0,0,0,0,0,0,0