ST_CASE,VEH_NO,PER_NO,P1,P2,P3,P4,P5,P6,P7,P8,P9,P10
80253,0,1,34,20,32,21,27,30,26,17,34,20
80253,1,1,0,0,0,0,0,0,0,0,0,0
80254,1,1,0,0,0,0,0,0,5,0,0,0
80255,1,1,0,0,0,0,0,0,0,0,0,0
80255,2,1,0,0,0,0,0,0,0,0,0,0
80256,1,1,20,20,20,20,20,20,20,20,20,20
80257,1,1,0,0,0,0,0,0,0,0,0,0
80258,1,1,3,3,3,3,3,3,3,3,3,3
80259,1,1,0,0,0,0,0,0,0,0,0,0
80259,2,1,0,0,0,0,0,0,0,0,0,0
80260,1,1,0,0,0,0,0,0,0,0,0,0
80260,2,1,0,0,0,0,0,0,11,0,0,0
80261,1,1,5,5,5,5,5,5,5,5,5,5
80261,2,1,0,0,0,0,0,0,0,0,0,0
80261,3,1,0,0,0,0,0,0,0,0,0,0
80262,1,1,0,0,0,0,0,0,0,0,0,0
80262,2,1,0,0,0,0,0,0,0,0,0,0
80263,1,1,0,0,0,0,0,0,0,0,0,0
80264,1,1,6,6,6,6,6,6,6,6,6,6
80265,1,1,0,0,0,0,0,0,0,0,0,0
80266,1,1,0,0,0,0,0,0,0,0,0,0
80266,2,1,0,0,0,0,0,0,0,0,0,0
80267,1,1,0,0,0,24,0,0,0,0,0,0
80268,1,1,0,0,0,0,0,0,0,0,0,0
80268,2,1,0,20,0,0,0,0,0,0,0,0
80269,1,1,0,0,0,0,0,0,0,0,0,0
80270,1,1,0,0,0,0,0,0,0,0,0,0
80271,0,1,12,11,26,20,25,18,27,12,21,25
80271,1,1,0,0,0,0,0,0,0,0,0,17
80272,1,1,16,16,16,16,16,16,16,16,16,16
80273,1,1,0,0,0,0,0,0,0,0,5,0
80274,1,1,33,33,33,33,33,33,33,33,33,33
80275,1,1,0,0,0,0,0,0,0,0,0,0
80275,2,1,0,0,0,0,0,0,0,0,0,0
80276,1,1,0,0,16,0,0,0,0,0,0,13
80277,1,1,0,0,0,0,0,0,0,0,0,0
80277,2,1,0,0,0,0,0,0,0,0,0,0
80278,0,1,14,14,14,14,14,14,14,14,14,14
80278,1,1,0,0,0,0,0,0,6,1,14,0
80279,1,1,0,0,0,0,0,0,0,13,0,0
80279,2,1,0,0,0,0,0,0,0,0,0,0
80280,1,1,0,0,0,0,0,0,0,0,0,0
80281,1,1,0,0,0,0,0,0,0,0,0,0
80281,2,1,0,0,0,0,0,0,0,0,0,0
80281,3,1,0,0,0,0,0,0,0,0,0,0
80282,1,1,0,0,0,0,0,0,0,0,0,0
80282,2,1,0,0,8,0,0,0,0,0,0,0
80283,1,1,0,0,0,0,0,0,0,0,0,0
80283,2,1,0,0,0,0,0,0,0,0,0,0
80283,3,1,0,0,0,0,0,0,0,0,0,0
80284,1,1,0,0,0,0,0,0,0,0,0,0
80284,2,1,0,0,0,0,0,0,0,0,0,0
80284,3,1,0,0,0,0,0,0,0,0,0,0
80284,4,1,0,0,0,0,0,0,0,0,0,0
80285,1,1,0,0,0,0,0,0,0,0,0,0
80286,0,1,2,2,2,2,2,2,2,2,2,2
80286,1,1,0,0,0,22,19,0,0,0,0,0
80287,1,1,0,0,0,0,0,0,0,0,0,0
80288,1,1,14,14,23,13,8,8,13,25,30,21
80289,1,1,14,14,14,14,14,14,14,14,14,14
80290,0,1,23,23,23,23,23,23,23,23,23,23
80290,1,1,0,0,0,0,0,0,0,0,0,0
80291,0,1,0,0,0,0,0,0,0,0,0,0
80291,1,1,16,0,0,0,0,4,10,0,0,0
80292,1,1,0,0,0,0,0,0,0,0,20,0
80293,1,1,14,14,14,14,14,14,14,14,14,14
80294,1,1,0,0,0,0,0,0,0,0,0,0
80294,2,1,0,0,0,0,0,0,0,0,0,0
80295,1,1,23,23,23,23,23,23,23,23,23,23
80295,2,1,0,0,0,8,8,0,0,0,5,0
80296,1,1,0,0,0,0,0,0,0,0,0,0
80296,2,1,0,0,9,0,0,0,0,0,0,0
80297,1,1,0,0,0,0,0,0,8,0,0,0
80298,1,1,0,0,0,0,0,0,0,0,0,0
80299,1,1,0,0,0,0,0,0,0,0,0,0
80299,2,1,0,0,0,0,0,0,0,0,0,0
80300,1,1,21,21,21,21,21,21,21,21,21,21
80300,2,1,0,0,0,0,0,0,0,0,0,0
80301,1,1,0,0,0,0,0,0,0,0,0,0
80302,1,1,20,20,20,20,20,20,20,20,20,20
80303,1,1,0,0,0,0,0,0,0,0,0,0
80303,2,1,23,23,23,23,23,23,23,23,23,23
80304,1,1,0,0,0,0,0,0,0,0,0,0
80305,1,1,22,22,22,22,22,22,22,22,22,22
80305,2,1,0,0,0,0,0,0,0,0,0,0
80306,1,1,0,0,0,0,0,0,0,0,0,0
80306,2,1,0,0,0,0,0,0,0,0,0,0
80307,0,1,0,0,0,15,0,0,0,0,10,0
80307,1,1,0,0,0,0,0,0,0,0,0,0
80308,1,1,0,0,0,0,0,0,0,0,0,0
80308,2,1,0,0,0,0,0,0,0,0,0,0
80309,1,1,0,0,0,0,0,0,0,0,3,0
80310,1,1,0,0,0,0,0,0,0,28,0,0
80310,2,1,0,0,0,0,0,0,0,0,0,0
80311,1,1,0,0,0,2,0,0,15,0,0,0
80312,1,1,22,21,20,18,0,0,0,18,11,0
80313,0,1,14,47,32,0,22,17,11,32,13,0
80313,1,1,0,0,0,0,0,0,0,0,0,0
80314,1,1,0,0,0,0,0,0,0,0,0,0
80314,2,1,0,0,0,0,0,0,0,0,0,0
80315,1,1,0,0,0,0,0,0,0,0,0,0
80316,1,1,0,0,0,0,0,0,0,0,0,0
80317,1,1,0,0,0,0,0,0,0,0,0,0
80318,1,1,11,11,11,11,11,11,11,11,11,11
80319,1,1,0,0,0,0,0,0,0,0,0,0
80319,2,1,0,0,0,0,0,0,0,0,0,0
80320,1,1,0,0,0,0,0,0,0,0,0,0
80320,2,1,0,0,0,0,0,0,0,0,0,0
80321,0,1,0,0,0,0,0,0,0,0,0,0
80321,1,1,0,0,0,0,0,0,0,0,0,0
80322,1,1,0,0,0,0,0,0,0,0,0,0
80322,2,1,0,0,0,0,0,0,0,0,0,0
80323,1,1,22,22,22,22,22,22,22,22,22,22
80323,2,1,0,0,0,0,0,0,0,0,0,0
80324,1,1,1,1,1,1,1,1,1,1,1,1
80325,0,1,0,0,0,0,0,0,0,0,0,0
80325,1,1,0,0,0,0,0,0,0,0,0,19
80326,1,1,0,0,0,0,0,0,0,0,0,0
80327,1,1,9,9,9,9,9,9,9,9,9,9
80327,2,1,0,0,0,0,0,0,0,0,0,0
80328,0,1,0,0,0,0,31,0,0,0,0,0
80328,1,1,0,0,0,0,0,0,0,0,0,0
80329,0,1,0,0,0,0,0,0,0,16,0,0
80329,1,1,0,0,0,0,0,0,0,0,0,0
80329,2,1,16,0,0,14,0,3,0,7,0,0
80329,3,1,14,0,7,30,0,6,0,0,20,0
80329,4,1,0,0,0,18,11,9,0,13,15,0
80330,1,1,0,0,0,0,0,0,0,0,0,0
80330,2,1,0,0,0,0,0,0,0,0,0,0
80331,1,1,0,0,0,0,0,0,0,0,0,0
80331,2,1,0,0,0,0,0,0,0,0,0,0
80332,1,1,0,0,0,0,0,0,0,0,0,0
80332,2,1,0,0,0,0,0,0,0,0,0,0
80333,1,1,0,0,0,0,0,0,0,0,0,0
80334,0,1,43,26,23,32,27,36,23,14,35,9
80334,1,1,0,0,0,0,0,0,0,0,0,0
80335,1,1,18,18,18,18,18,18,18,18,18,18
80335,2,1,0,0,0,0,0,0,0,0,0,0
80336,0,1,8,8,8,8,8,8,8,8,8,8
80336,1,1,0,0,0,0,0,0,0,0,0,0
80337,0,1,0,0,0,0,0,0,0,0,0,0
80337,1,1,0,0,0,0,0,0,0,0,0,0
80338,1,1,0,0,0,0,0,0,0,0,0,0
80338,2,1,0,0,0,0,0,0,0,0,0,0
80339,1,1,0,0,0,0,0,0,0,0,0,0
80340,1,1,0,0,0,0,0,0,0,0,0,0
80341,1,1,0,0,0,0,0,0,0,0,0,0
80341,2,1,0,0,0,0,0,0,0,0,0,0
80342,1,1,0,0,0,0,0,0,0,0,0,0
80343,1,1,25,25,25,25,25,25,25,25,25,25
80343,2,1,0,0,0,0,0,9,0,0,0,0
80344,1,1,32,32,32,32,32,32,32,32,32,32
80344,2,1,0,0,0,0,0,0,0,0,0,0
80344,3,1,0,0,0,0,0,0,0,0,0,0
80345,1,1,0,0,0,0,0,0,0,0,0,0
80346,1,1,0,0,0,0,0,0,0,0,0,0
80347,1,1,0,0,0,0,0,0,0,0,0,0
80348,1,1,0,0,0,0,0,0,0,0,0,0
80349,1,1,0,0,0,0,0,0,0,0,0,0
80350,1,1,0,0,0,0,0,0,0,0,0,0
80351,1,1,0,0,0,0,0,0,0,0,0,0
80352,1,1,0,0,0,0,0,0,0,0,0,0
80352,2,1,0,0,0,0,0,0,0,0,0,0
80353,1,1,0,0,0,0,0,0,0,0,0,0
80353,2,1,15,0,0,0,6,0,0,0,0,0
80354,1,1,0,0,0,0,0,0,0,0,0,9
80355,1,1,0,0,0,0,0,0,0,0,0,0
80355,2,1,0,0,0,0,0,0,0,0,0,0
80356,0,1,30,0,0,0,0,0,15,0,0,7
80356,1,1,0,0,0,0,0,0,0,0,0,0
80357,1,1,0,0,0,15,0,4,0,0,0,0
80358,1,1,0,0,0,0,0,0,0,0,0,0
80359,1,1,15,15,15,15,15,15,15,15,15,15
80360,1,1,0,0,0,0,0,0,0,0,0,0
80360,2,1,20,20,20,20,20,20,20,20,20,20
80361,1,1,28,28,28,28,28,28,28,28,28,28
80362,1,1,0,0,0,0,0,0,0,0,0,0
80363,1,1,0,0,0,0,0,0,0,0,0,0
80364,1,1,13,13,13,13,13,13,13,13,13,13
80365,1,1,0,0,0,0,0,0,0,0,0,0
80365,2,1,0,0,0,0,0,0,0,0,0,0
80366,1,1,25,25,25,25,25,25,25,25,25,25
80367,1,1,0,0,0,0,0,0,0,0,0,0
80367,2,1,0,0,0,0,0,0,0,0,0,0
80368,1,1,0,0,0,0,0,0,0,0,0,0
80369,1,1,0,0,0,0,0,0,0,0,0,0
80369,2,1,0,0,0,0,0,0,0,0,0,0
80370,1,1,0,0,0,0,0,0,0,0,0,0
80371,1,1,0,0,0,0,0,0,0,0,0,0
80372,1,1,0,0,0,0,0,0,0,0,0,5
80372,2,1,0,0,0,0,0,0,0,0,0,0
80373,1,1,11,11,11,11,11,11,11,11,11,11
80374,1,1,34,34,34,34,34,34,34,34,34,34
80375,1,1,21,21,19,15,18,26,19,19,20,16
80376,1,1,0,0,0,0,0,0,0,0,0,0
80377,1,1,0,0,0,0,0,0,0,0,0,0
80378,1,1,0,0,0,0,0,0,0,0,0,0
80378,2,1,0,0,0,0,0,0,0,0,0,0
80379,1,1,0,0,0,0,0,0,0,0,0,0
80380,1,1,23,34,17,36,0,19,26,17,30,36
80381,1,1,0,0,0,0,0,0,12,0,4,0
80381,2,1,0,0,0,0,5,0,0,0,0,0
80381,3,1,0,0,0,0,0,0,0,0,14,0
80382,1,1,11,11,11,11,11,11,11,11,11,11
80383,1,1,0,0,0,0,0,0,0,0,0,0
80383,2,1,0,0,0,0,0,0,0,0,0,0
80384,1,1,0,0,0,0,0,0,0,0,0,0
80385,1,1,0,0,0,0,0,0,0,0,0,0
80386,1,1,20,20,20,20,20,20,20,20,20,20
80387,0,1,0,0,0,0,0,0,0,0,0,0
80387,1,1,0,0,0,0,0,0,0,0,0,0
80388,0,1,0,0,0,0,0,0,0,0,0,0
80388,1,1,0,0,0,0,0,0,0,0,0,0
80389,0,1,0,0,0,0,0,0,0,0,0,0
80389,1,1,0,0,0,0,0,0,0,0,0,0
80390,1,1,0,0,0,0,0,0,0,0,0,0
80390,2,1,0,0,0,0,0,0,12,28,0,0
80391,1,1,25,25,25,25,25,25,25,25,25,25
80392,1,1,15,15,15,15,15,15,15,15,15,15
80393,1,1,0,0,0,0,0,0,0,0,0,0
80393,2,1,0,0,0,0,0,0,0,0,0,0
80394,1,1,18,18,18,18,18,18,18,18,18,18
80394,2,1,0,0,0,0,0,0,0,0,0,0
80395,1,1,0,0,0,0,0,0,0,0,0,0
80395,2,1,0,0,0,0,0,0,0,0,0,0
80396,1,1,18,18,18,18,18,18,18,18,18,18
80397,1,1,0,0,0,0,0,0,0,0,0,0
80397,2,1,0,0,0,0,0,0,0,0,0,0
80398,1,1,20,20,20,20,20,20,20,20,20,20
80398,2,1,0,0,0,0,0,0,0,0,0,0
80399,1,1,0,0,0,0,0,0,0,0,0,0
80400,1,1,0,0,0,0,0,0,0,0,0,0
80400,2,1,0,0,0,0,0,0,0,0,0,0
80400,3,1,0,0,0,0,0,0,0,0,0,0
80400,4,1,0,0,0,0,0,0,0,0,0,0
80401,0,1,1,1,1,1,1,1,1,1,1,1
80401,1,1,0,0,0,0,0,0,0,0,0,0
80402,1,1,0,0,0,0,0,0,0,0,0,0
80402,2,1,0,0,0,0,0,0,0,0,0,0
80403,1,1,0,0,0,0,0,0,0,0,0,0
80403,2,1,0,0,0,0,0,0,0,0,0,0
80403,3,1,0,0,0,0,0,0,0,0,0,0
80403,4,1,0,0,8,0,0,0,0,0,0,0
80404,1,1,0,0,0,0,0,0,0,0,0,0
80404,2,1,0,0,0,0,0,0,0,0,0,0
80405,1,1,0,0,18,0,0,0,0,0,0,0
80405,2,1,0,0,0,0,0,0,0,0,0,0
80406,0,1,26,18,30,8,18,12,26,19,15,24
80406,1,1,0,0,0,0,0,0,0,0,0,0
80407,1,1,0,0,0,0,0,0,0,0,0,0
80407,2,1,0,0,0,0,0,0,0,0,0,0
80408,1,1,0,0,0,0,0,0,0,0,0,0
80408,2,1,0,0,0,0,0,0,0,0,0,0
80409,0,1,0,0,0,0,0,0,0,0,0,0
80409,0,2,0,0,0,0,0,0,0,0,0,0
80409,0,3,0,0,0,0,0,0,0,0,0,0
80409,1,1,0,0,0,0,0,0,0,0,0,0
80410,1,1,10,10,10,10,10,10,10,10,10,10
80411,1,1,0,0,8,0,15,0,0,11,0,0
90001,1,1,0,0,0,0,15,12,0,0,0,0
90002,1,1,19,0,0,0,7,0,21,0,0,0
90004,1,1,0,0,0,0,0,0,0,0,0,0
90004,2,1,10,21,26,0,0,0,8,0,21,12
90005,1,1,22,22,22,22,22,22,22,22,22,22
90006,1,1,26,26,26,26,26,26,26,26,26,26
90007,1,1,0,0,0,0,0,0,0,0,0,0
90008,1,1,0,0,0,0,0,0,0,21,0,0
90009,0,1,20,15,18,0,18,21,0,0,16,0
90009,1,1,17,13,0,0,0,0,0,0,0,0
90009,2,1,7,17,4,0,14,27,0,26,0,19
90010,1,1,0,16,0,0,8,0,7,0,0,0
90011,1,1,18,18,18,18,18,18,18,18,18,18
90011,2,1,0,0,0,0,0,0,0,0,0,0
90012,1,1,0,0,0,0,0,0,0,0,0,0
90012,2,1,0,0,0,0,0,0,0,0,0,0
90012,3,1,0,0,0,0,0,0,0,0,0,0
90013,0,1,0,0,0,0,0,0,0,0,0,9
90014,1,1,0,0,34,8,0,0,0,0,0,0
90014,2,1,0,0,0,0,0,0,0,0,0,27
90015,1,1,19,18,20,11,13,19,34,39,16,12
90016,1,1,0,12,0,0,0,0,0,0,0,12
90017,1,1,0,0,0,0,0,0,0,0,15,0
90018,1,1,0,0,0,0,0,0,0,0,0,0
90019,1,1,11,11,11,11,11,11,11,11,11,11
90020,0,1,0,0,0,0,0,0,0,0,0,0
90020,1,1,0,0,0,0,0,0,0,0,0,0
90021,1,1,14,0,11,0,0,10,0,0,3,0
90021,2,1,0,0,0,0,0,0,0,0,0,0
90022,1,1,0,0,0,19,0,0,0,0,0,0
90022,2,1,0,0,0,0,0,0,0,0,19,0
90023,1,1,25,25,25,25,25,25,25,25,25,25
90024,1,1,0,0,0,0,0,0,0,0,0,0
90024,2,1,28,15,13,26,27,16,26,16,7,28
90025,1,1,24,24,24,24,24,24,24,24,24,24
90026,0,1,0,0,0,0,0,0,0,0,0,0
90026,1,1,0,0,0,0,0,0,0,0,0,0
90027,1,1,0,0,0,0,0,0,0,0,0,11
90027,2,1,0,0,0,0,0,0,0,0,0,0
90028,1,1,21,21,21,21,21,21,21,21,21,21
90029,1,1,0,0,0,0,0,0,0,0,0,0
90029,2,1,0,32,7,10,0,0,0,0,0,0
90030,0,1,0,0,0,0,0,0,0,0,0,0
90030,1,1,0,0,0,0,0,0,0,0,0,0
90031,1,1,0,0,0,0,0,0,0,0,0,0
90032,1,1,0,0,0,0,0,0,0,0,0,0
90033,1,1,0,0,0,0,0,0,0,0,0,0
90033,2,1,0,0,0,0,0,0,0,0,0,0
90033,3,1,0,0,0,15,0,0,0,9,0,0
90034,1,1,0,0,0,0,0,0,0,0,0,0
90034,2,1,9,9,9,9,9,9,9,9,9,9
90035,1,1,0,0,0,0,0,0,0,0,0,0
90036,0,1,28,28,28,28,28,28,28,28,28,28
90036,1,1,0,0,0,0,0,0,0,0,0,0
90037,1,1,21,21,21,21,21,21,21,21,21,21
90037,2,1,0,0,0,0,0,0,0,0,0,0
90038,1,1,8,8,8,8,8,8,8,8,8,8
90039,1,1,0,0,0,0,0,0,0,0,0,0
90039,2,1,0,44,0,0,0,19,0,0,0,0
90039,3,1,0,0,0,0,0,0,0,0,0,0
90040,0,1,0,0,0,0,0,0,0,0,0,0
90040,1,1,0,0,0,0,0,0,0,0,0,21
90041,1,1,0,0,0,0,0,0,0,0,0,0
90041,2,1,0,0,0,0,0,0,0,0,0,0
90041,3,1,0,0,0,0,0,0,0,0,0,0
90041,4,1,0,0,0,0,0,0,0,0,0,0
90042,0,1,0,0,0,0,0,0,0,0,0,0
90042,1,1,0,0,0,0,0,0,0,0,0,0
90043,1,1,2,2,2,2,2,2,2,2,2,2
90044,1,1,0,0,0,0,0,0,0,0,0,0
90045,1,1,0,0,0,0,0,0,0,0,0,0
90045,2,1,0,0,0,0,0,0,0,0,0,0
90046,1,1,0,0,0,0,0,0,0,0,0,0
90046,2,1,18,18,18,18,18,18,18,18,18,18
90047,1,1,0,0,0,0,0,0,0,0,0,0
90047,2,1,0,0,0,0,0,0,0,0,0,14
90048,1,1,0,0,0,0,0,0,0,0,0,0
90048,2,1,0,0,0,0,0,0,0,0,0,0
90049,1,1,0,0,0,0,0,0,0,15,0,0
90049,2,1,0,0,0,0,0,0,0,0,0,0
90049,3,1,0,0,0,0,0,0,0,0,0,0
90050,1,1,4,4,4,4,4,4,4,4,4,4
90051,1,1,0,20,0,0,0,0,0,0,0,0
90051,2,1,0,0,0,0,0,0,0,0,0,0
90051,3,1,0,0,0,0,0,0,0,0,0,0
90052,1,1,0,0,0,0,0,0,0,0,0,0
90052,2,1,0,0,0,0,0,0,0,0,8,0
90053,1,1,6,0,0,0,0,0,0,10,0,0
90053,2,1,0,0,0,0,0,0,0,0,0,0
90054,1,1,0,0,0,0,0,0,0,0,0,0
90055,1,1,27,27,27,27,27,27,27,27,27,27
90056,1,1,0,0,0,0,0,0,0,0,0,0
90056,2,1,0,0,0,0,0,0,0,0,0,0
90057,1,1,24,24,24,24,24,24,24,24,24,24
90058,1,1,0,0,0,0,0,0,0,0,0,0
90059,1,1,14,14,14,14,14,14,14,14,14,14
90060,1,1,18,29,0,10,20,26,13,22,24,21
90061,1,1,0,29,7,24,19,0,0,0,0,0
90062,1,1,0,0,14,0,0,0,0,0,0,0
90062,2,1,0,0,0,0,0,0,0,0,10,18
90063,1,1,0,8,0,0,20,0,5,0,0,0
90063,2,1,0,0,0,0,0,0,0,0,0,0
90064,1,1,14,14,14,14,14,14,14,14,14,14
90065,1,1,24,24,24,24,24,24,24,24,24,24
90065,2,1,0,0,0,0,0,0,0,0,0,0
90066,1,1,0,0,0,0,0,0,0,0,0,0
90067,1,1,0,25,0,0,0,0,0,0,8,0
90068,1,1,0,0,0,0,0,0,0,0,0,0
90068,2,1,13,13,13,13,13,13,13,13,13,13
90069,1,1,0,0,0,0,0,0,0,0,0,0
90069,2,1,0,0,0,0,0,19,0,0,0,21
90070,1,1,18,18,18,18,18,18,18,18,18,18
90071,1,1,16,16,16,16,16,16,16,16,16,16
90072,1,1,14,14,14,14,14,14,14,14,14,14
90073,1,1,0,0,0,0,0,0,0,0,0,0
90074,1,1,0,0,0,0,0,0,0,0,0,0
90075,1,1,17,17,17,17,17,17,17,17,17,17
90075,2,1,0,0,0,0,0,0,0,0,0,0
90076,1,1,20,20,20,20,20,20,20,20,20,20
90077,1,1,0,0,0,0,0,0,0,0,0,0
90077,2,1,0,0,0,0,0,0,0,0,0,0
90078,1,1,0,0,0,0,0,0,0,0,0,0
90079,0,1,0,0,0,0,0,0,0,0,0,0
90079,1,1,0,0,0,0,0,0,0,0,0,0
90079,2,1,0,0,0,0,0,0,0,0,0,0
90080,1,1,19,19,19,19,19,19,19,19,19,19
90081,1,1,12,12,12,12,12,12,12,12,12,12
90082,1,1,17,17,17,17,17,17,17,17,17,17
90083,1,1,0,0,0,24,19,22,33,0,0,0
90083,2,1,0,0,0,0,0,0,0,0,0,0
90083,3,1,0,0,0,0,0,0,0,0,0,0
90083,4,1,0,0,0,20,0,0,0,0,46,0
90084,1,1,21,21,21,21,21,21,21,21,21,21
90084,2,1,5,5,13,17,5,7,0,0,6,11
90085,1,1,15,15,15,15,15,15,15,15,15,15
90085,2,1,9,9,9,9,9,9,9,9,9,9
90086,1,1,19,19,19,19,19,19,19,19,19,19
90087,1,1,20,20,20,20,20,20,20,20,20,20
90088,1,1,21,21,21,21,21,21,21,21,21,21
90089,1,1,0,0,0,0,0,0,0,0,0,0
90089,2,1,0,0,0,0,0,0,0,0,0,0
90090,1,1,15,12,6,13,8,11,0,8,11,16
90090,2,1,10,0,12,12,13,24,17,10,9,5
90091,0,1,10,10,10,10,10,10,10,10,10,10
90091,1,1,0,0,0,0,0,0,0,0,0,0
90091,2,1,0,0,0,0,10,0,0,0,0,0
90091,3,1,0,0,0,34,0,14,0,0,2,0
90092,1,1,0,0,0,0,0,0,0,0,0,0
90093,1,1,0,18,0,0,0,0,0,17,30,0
90093,2,1,0,0,0,8,0,8,0,0,0,0
90094,0,1,0,0,18,0,0,0,0,0,0,0
90094,1,1,0,0,0,0,0,0,0,0,0,0
90095,0,1,0,0,0,0,0,0,0,0,0,0
90095,1,1,12,23,0,0,0,0,0,0,0,0
90096,1,1,22,22,22,22,22,22,22,22,22,22
90097,1,1,0,0,0,0,0,0,0,0,0,0
90097,2,1,0,0,0,0,0,0,0,0,0,0
90098,1,1,4,4,4,4,4,4,4,4,4,4
90099,1,1,0,0,0,0,0,0,0,0,0,0
90099,2,1,0,0,0,0,0,0,0,0,0,0
90100,0,1,0,0,0,0,0,0,0,0,0,0
90100,3,1,0,0,0,0,0,0,0,0,0,0
90101,1,1,0,0,0,0,0,0,0,0,0,0
90101,2,1,0,0,0,0,0,0,0,0,0,0
90102,1,1,0,0,0,0,0,0,0,0,0,0
90102,2,1,22,22,22,22,22,22,22,22,22,22
90103,1,1,0,0,0,0,0,0,0,0,0,0
90103,2,1,20,20,20,20,20,20,20,20,20,20
90104,1,1,23,23,23,23,23,23,23,23,23,23
90105,1,1,0,22,0,0,0,0,0,27,22,0
90105,2,1,0,0,0,0,0,0,0,0,0,0
90106,1,1,15,15,15,15,15,15,15,15,15,15
90107,1,1,0,0,0,0,21,0,18,20,17,0
90107,2,1,0,0,0,0,0,0,0,0,0,0
90108,1,1,28,28,28,28,28,28,28,28,28,28
90109,1,1,0,0,0,0,0,0,0,9,0,0
90109,2,1,17,22,25,15,25,11,12,9,20,20
90110,1,1,19,19,19,19,19,19,19,19,19,19
90111,1,1,0,0,0,27,0,0,0,0,0,0
90111,2,1,0,0,0,0,0,0,0,0,0,0
90112,1,1,0,12,0,0,4,15,0,0,0,0
90113,0,1,0,0,0,0,0,0,0,0,0,0
90113,2,1,8,8,8,8,8,8,8,8,8,8
90114,1,1,10,10,10,10,10,10,10,10,10,10
90114,2,1,0,0,0,0,0,21,27,0,0,0
90114,3,1,19,19,19,19,19,19,19,19,19,19
90115,1,1,19,19,19,19,19,19,19,19,19,19
90116,1,1,0,0,0,0,0,0,0,0,0,0
90116,2,1,0,0,0,0,0,0,0,0,0,0
90117,1,1,12,12,12,12,12,12,12,12,12,12
90118,0,1,24,24,24,24,24,24,24,24,24,24
90119,1,1,13,13,13,13,13,13,13,13,13,13
90120,1,1,0,0,0,0,0,0,0,0,0,0
90121,1,1,0,0,0,0,0,0,0,0,0,0
90122,1,1,14,0,0,12,6,0,8,12,10,13
90123,1,1,0,0,0,0,0,0,0,0,0,0
90123,2,1,0,0,0,0,0,0,0,0,0,0
90124,1,1,0,0,0,10,0,0,10,11,9,12
90124,2,1,0,0,0,7,5,0,18,0,0,0
90124,3,1,6,0,4,0,0,0,0,0,0,19
90125,1,1,0,0,33,0,0,0,0,0,0,0
90125,2,1,0,11,0,0,0,0,0,14,0,0
90126,1,1,17,17,17,17,17,17,17,17,17,17
90127,0,1,0,0,0,0,0,0,0,0,0,0
90127,1,1,2,2,2,2,2,2,2,2,2,2
90128,1,1,0,0,0,0,0,0,0,0,0,0
90129,1,1,0,0,0,0,0,0,0,0,0,0
90130,1,1,0,0,0,0,0,0,0,0,0,0
90130,2,1,0,0,0,0,0,0,0,0,0,0
90131,0,1,0,0,0,0,0,0,0,0,0,0
90131,1,1,16,16,16,16,16,16,16,16,16,16
90132,1,1,0,0,0,0,0,0,0,0,0,0
90132,2,1,0,0,0,0,0,0,0,0,0,0
90133,1,1,18,18,18,18,18,18,18,18,18,18
90134,1,1,0,25,14,17,0,0,0,0,18,28
90134,2,1,8,8,8,8,8,8,8,8,8,8
90135,1,1,6,6,6,6,6,6,6,6,6,6
90136,1,1,0,0,0,0,0,0,0,0,0,0
90137,1,1,0,0,0,0,0,0,0,0,0,0
90137,2,1,0,5,0,0,0,0,0,0,16,0
90138,0,1,0,0,0,0,0,0,0,0,0,0
90138,1,1,36,0,0,17,0,16,0,0,0,0
90139,1,1,0,0,0,0,0,0,0,0,0,0
90139,2,1,0,0,0,0,0,0,0,0,0,0
90139,3,1,0,0,0,0,0,0,0,0,0,0
90140,0,1,0,0,0,0,0,0,0,0,0,0
90140,1,1,0,0,0,0,0,0,0,0,0,0
90141,1,1,0,0,0,0,0,0,0,0,0,0
90142,1,1,0,0,0,0,0,0,0,0,0,0
90143,1,1,13,13,13,13,13,13,13,13,13,13
90144,1,1,0,0,0,0,0,0,0,0,0,0
90144,2,1,0,0,0,0,0,0,0,0,0,0
90145,1,1,0,0,0,0,0,0,0,0,0,0
90145,2,1,0,0,0,0,0,0,0,0,0,19
90146,1,1,0,0,0,0,0,0,0,0,0,0
90147,3,1,0,0,0,0,0,0,0,0,0,0
90148,0,1,0,0,0,0,0,0,0,0,0,0
90148,1,1,0,0,0,0,0,0,0,0,0,0
90149,1,1,0,0,0,0,0,0,0,0,0,0
90149,2,1,0,29,0,0,0,0,0,0,0,24
90150,1,1,0,0,0,0,10,2,7,0,17,0
90150,2,1,13,0,0,0,0,0,0,0,0,0
90151,0,1,0,0,0,0,0,0,0,0,0,0
90151,1,1,0,0,0,0,0,0,0,0,0,0
90152,1,1,0,0,19,8,0,0,0,0,0,0
90153,1,1,29,14,11,15,12,0,15,11,24,9
90154,1,1,0,0,0,0,0,0,0,0,0,0
90155,0,1,0,0,0,0,0,0,0,0,0,0
90155,1,1,0,0,0,0,0,0,0,0,0,0
90155,2,1,0,0,18,0,0,0,0,6,0,9
90155,3,1,12,16,0,0,0,0,0,18,19,0
90156,1,1,0,0,0,0,0,0,0,0,0,0
90157,1,1,0,0,0,0,0,0,0,0,0,0
90157,2,1,0,0,0,0,0,0,0,0,0,0
90158,1,1,13,13,13,13,13,13,13,13,13,13
90159,1,1,21,21,21,21,21,21,21,21,21,21
90160,1,1,0,0,0,0,0,15,0,0,20,0
90161,1,1,0,0,0,0,0,0,0,0,0,0
90162,1,1,7,7,7,7,7,7,7,7,7,7
90163,1,1,18,18,18,18,18,18,18,18,18,18
90164,1,1,0,0,0,15,9,18,0,19,22,10
90165,1,1,25,25,25,25,25,25,25,25,25,25
90166,1,1,0,0,0,0,0,0,0,0,0,0
90166,2,1,14,14,14,14,14,14,14,14,14,14
90167,1,1,0,0,0,0,0,0,0,0,0,0
90168,1,1,0,0,0,0,0,0,0,0,0,0
90169,0,1,0,0,0,0,0,0,0,0,0,0
90169,1,1,0,0,0,0,0,0,0,0,0,0