ST_CASE,VEH_NO,PER_NO,P1,P2,P3,P4,P5,P6,P7,P8,P9,P10
90170,0,1,0,0,19,0,0,14,22,7,11,0
90170,1,1,0,0,0,0,0,0,0,0,0,0
90171,0,1,4,4,4,4,4,4,4,4,4,4
90171,1,1,0,0,0,0,0,0,0,0,0,0
90172,1,1,0,0,0,0,0,0,0,0,0,0
90172,2,1,0,0,0,0,0,0,0,30,0,0
90173,1,1,0,0,0,0,0,0,0,0,0,0
90173,2,1,0,0,0,0,0,0,0,0,0,0
90174,0,1,0,0,0,0,0,0,0,0,0,0
90174,1,1,0,0,0,0,0,0,0,0,0,0
90175,1,1,0,14,0,4,0,0,18,3,17,16
90176,0,1,0,0,0,10,19,7,4,12,29,0
90176,1,1,0,0,0,0,0,0,0,0,0,0
90177,1,1,13,13,13,13,13,13,13,13,13,13
90178,1,1,0,0,0,0,0,0,0,0,0,0
90178,2,1,0,0,0,0,0,0,0,0,0,0
90178,3,1,0,0,0,0,0,0,0,0,0,0
90179,1,1,0,0,0,0,0,0,0,0,0,0
90179,2,1,0,0,0,0,0,0,0,0,0,0
90180,1,1,0,0,0,0,0,0,0,0,0,0
90180,2,1,19,19,19,19,19,19,19,19,19,19
90181,1,1,11,11,11,11,11,11,11,11,11,11
90181,2,1,0,0,0,0,0,0,0,0,0,0
90182,1,1,0,0,0,0,0,0,0,0,0,0
90182,2,1,0,0,0,0,0,0,0,0,0,0
90183,0,1,28,28,28,28,28,28,28,28,28,28
90183,1,1,0,0,0,0,0,0,0,0,0,0
90184,1,1,0,0,0,0,0,0,0,0,0,0
90184,2,1,0,0,0,0,0,0,0,0,0,0
90185,1,1,12,12,12,12,12,12,12,12,12,12
90186,0,1,0,0,0,0,0,0,0,0,0,0
90186,0,2,0,0,0,0,0,0,0,0,0,0
90186,3,1,19,18,15,0,27,8,19,5,16,15
90187,1,1,0,0,0,0,0,0,0,0,0,0
90187,2,1,0,0,0,0,0,0,0,0,0,0
90187,3,1,0,0,0,0,0,0,0,0,0,0
90188,1,1,0,0,0,17,0,15,15,19,27,0
90189,1,1,0,0,0,0,0,0,0,0,0,0
90189,2,1,6,6,6,6,6,6,6,6,6,6
90190,1,1,2,2,2,2,2,2,2,2,2,2
90191,0,1,14,14,14,14,14,14,14,14,14,14
90191,1,1,23,8,0,13,5,7,12,10,10,0
90192,1,1,25,25,25,25,25,25,25,25,25,25
90193,1,1,0,0,0,0,0,0,0,0,0,0
90193,2,1,0,0,0,0,0,0,0,0,0,0
90194,1,1,0,0,0,0,0,0,0,0,0,0
90195,1,1,0,0,0,0,0,0,0,0,0,0
90196,1,1,17,17,17,17,17,17,17,17,17,17
90197,1,1,0,0,0,0,0,0,0,0,0,0
90198,1,1,14,14,14,14,14,14,14,14,14,14
90199,1,1,0,14,0,0,0,0,0,0,0,0
90199,2,1,0,21,0,25,0,0,0,8,24,0
90200,1,1,0,0,0,0,0,0,0,0,0,0
90201,1,1,22,25,0,6,0,20,22,0,0,16
90202,0,1,0,19,0,0,16,31,16,0,0,28
90202,1,1,0,0,0,0,0,0,0,0,0,0
90203,1,1,0,0,0,0,0,0,0,0,0,0
90203,2,1,0,0,0,0,0,0,0,0,0,0
90204,0,1,0,0,0,0,0,0,0,0,0,0
90204,1,1,0,0,0,0,0,0,0,0,0,0
90204,3,1,0,0,0,0,0,0,0,0,0,0
90205,1,1,0,0,0,0,0,12,0,0,0,25
90205,2,1,0,0,0,0,0,0,0,0,0,0
90206,0,1,0,0,0,0,0,0,0,0,0,0
90206,1,1,0,0,0,0,0,0,0,0,0,0
90207,1,1,0,0,0,0,0,0,0,0,0,0
90208,1,1,19,19,19,19,19,19,19,19,19,19
90209,1,1,0,0,0,0,0,0,0,0,0,0
90209,2,1,0,0,0,0,0,0,0,0,0,0
90210,1,1,24,24,24,24,24,24,24,24,24,24
90211,1,1,27,0,0,10,0,0,4,34,0,9
90212,1,1,0,0,8,0,21,0,0,0,33,0
90213,1,1,0,0,0,0,0,0,12,0,0,0
90214,0,1,0,0,0,0,0,0,0,0,0,0
90214,1,1,0,0,0,0,0,0,0,0,0,0
90215,1,1,0,22,0,0,0,0,0,0,0,0
90215,2,1,0,0,0,0,0,0,0,0,0,0
90215,3,1,0,0,0,0,0,0,0,0,0,0
90216,1,1,0,21,0,0,0,0,0,0,0,0
90216,2,1,0,0,0,0,14,0,0,0,0,0
90217,0,1,0,0,0,0,0,0,0,0,0,0
90217,1,1,0,0,0,0,0,0,0,0,0,0
90218,1,1,19,19,19,19,19,19,19,19,19,19
90219,1,1,0,0,0,0,0,0,0,0,0,0
90219,2,1,0,0,0,11,22,0,0,0,20,5
90220,1,1,0,0,0,0,0,0,10,0,0,17
90220,2,1,0,0,0,0,0,0,0,0,0,0
90221,1,1,0,8,0,0,11,0,0,0,0,23
90222,1,1,0,0,0,0,0,0,0,0,0,0
90222,2,1,0,0,0,0,0,0,0,0,0,0
90223,0,1,0,0,0,0,0,0,0,0,0,0
90223,1,1,0,0,0,0,0,0,0,0,0,0
90224,1,1,22,22,22,22,22,22,22,22,22,22
90225,1,1,0,0,0,0,0,0,0,0,0,0
90226,1,1,0,18,22,0,13,0,0,0,0,0
90226,2,1,0,14,0,0,0,0,0,7,33,0
90227,1,1,0,0,0,0,0,0,19,0,0,0
90227,2,1,0,0,0,0,0,0,0,0,19,0
90228,1,1,0,0,0,0,0,0,0,0,0,0
90229,1,1,0,0,0,0,0,0,0,0,0,0
90230,1,1,11,11,11,11,11,11,11,11,11,11
90231,1,1,20,20,20,20,20,20,20,20,20,20
90232,1,1,0,0,0,0,0,0,0,0,0,0
90233,1,1,4,4,4,4,4,4,4,4,4,4
90234,1,1,0,0,0,0,0,0,0,0,0,0
90235,1,1,0,0,0,0,0,0,0,0,0,0
90235,2,1,0,0,0,0,0,4,0,0,14,0
90236,0,1,0,0,0,0,0,0,0,0,0,0
90236,1,1,0,0,0,0,0,0,0,0,24,0
90237,1,1,0,0,0,0,0,0,0,0,0,0
90238,1,1,18,19,15,21,15,5,10,10,0,12
90239,0,1,39,12,19,0,4,0,0,0,18,0
90239,1,1,0,0,0,0,0,0,0,11,13,0
90240,0,1,10,10,10,10,10,10,10,10,10,10
90240,1,1,0,0,0,21,0,0,13,0,0,0
90241,1,1,13,7,0,15,13,7,0,0,22,19
90242,1,1,23,23,23,23,23,23,23,23,23,23
90243,0,1,0,0,0,0,0,0,0,0,0,0
90243,1,1,0,0,0,0,0,0,0,0,0,0
90244,0,1,0,0,0,0,0,0,0,0,0,0
90244,1,1,0,0,0,0,0,0,0,0,0,0
90245,1,1,0,0,0,0,0,0,0,0,0,0
90246,1,1,0,0,0,0,0,0,0,0,0,0
90246,2,1,0,0,0,0,0,0,0,0,0,0
90247,1,1,0,0,0,0,0,0,0,0,0,0
90248,1,1,0,11,0,0,0,0,0,0,0,0
90249,1,1,0,13,0,0,0,0,0,0,0,0
90249,2,1,0,0,0,0,0,0,0,0,0,0
90249,3,1,33,33,33,33,33,33,33,33,33,33
90250,1,1,0,0,0,0,0,0,0,0,0,0
90250,2,1,0,0,0,0,0,0,0,0,0,0
90250,3,1,0,0,0,0,0,0,0,0,0,0
90251,0,1,0,0,0,0,0,0,0,0,0,0
90251,1,1,0,0,0,0,0,0,0,0,0,0
90252,1,1,0,0,0,0,0,0,0,0,16,0
90252,2,1,0,0,0,0,0,0,0,0,0,0
90253,1,1,0,0,0,0,0,0,0,0,0,0
90253,2,1,0,0,4,0,0,0,0,0,0,0
90254,1,1,4,4,4,4,4,4,4,4,4,4
90255,0,1,0,0,0,0,0,0,0,0,0,0
90255,1,1,0,0,7,0,0,0,0,0,0,0
90256,0,1,0,0,0,0,0,0,0,0,0,0
90256,1,1,0,0,0,0,0,0,0,0,0,0
90257,1,1,0,0,6,0,0,33,16,16,19,25
90258,1,1,9,0,9,8,18,7,21,5,8,33
90259,1,1,0,0,0,0,0,0,0,0,0,0
90259,2,1,0,0,0,0,0,0,0,0,0,0
90259,3,1,0,0,0,0,0,0,0,0,0,0
90260,1,1,0,0,0,0,0,0,0,0,0,0
90261,1,1,13,13,13,13,13,13,13,13,13,13
90262,0,1,0,0,0,0,0,0,0,0,0,0
90262,1,1,0,0,0,0,0,0,0,0,0,0
90263,1,1,0,0,0,0,0,0,0,0,0,0
90264,1,1,0,0,0,0,0,0,0,0,0,0
90265,1,1,0,0,0,0,0,0,0,0,0,0
90267,1,1,4,12,11,17,10,11,13,5,11,12
90268,1,1,0,0,0,0,0,0,0,0,0,0
90268,2,1,0,0,0,0,0,0,0,0,0,0
90269,0,1,24,24,24,24,24,24,24,24,24,24
90269,1,1,22,0,31,21,0,0,0,0,12,17
90270,1,1,14,14,14,14,14,14,14,14,14,14
90271,1,1,0,0,0,0,0,0,0,0,0,0
90272,1,1,0,0,0,0,0,0,0,0,0,0
90273,1,1,16,16,16,16,16,16,16,16,16,16
90274,0,1,0,0,0,0,0,0,0,0,0,0
90274,1,1,0,0,0,0,0,0,0,0,0,0
90275,0,1,24,0,0,0,0,0,0,0,0,0
90275,1,1,0,0,0,0,0,0,0,0,0,0
90277,1,1,17,17,17,17,17,17,17,17,17,17
90278,1,1,0,0,0,0,0,0,0,0,0,0
90278,2,1,9,9,9,9,9,9,9,9,9,9
90279,1,1,20,20,20,20,20,20,20,20,20,20
90280,1,1,22,22,22,22,22,22,22,22,22,22
90281,1,1,17,17,17,17,17,17,17,17,17,17
90281,2,1,7,7,7,7,7,7,7,7,7,7
90282,0,1,0,0,0,0,0,0,0,0,0,0
90282,1,1,0,0,0,0,0,0,0,0,0,0
90283,1,1,0,0,0,10,0,0,0,0,0,0
90283,2,1,0,0,6,0,0,5,0,0,0,0
90283,3,1,12,0,17,0,3,0,0,4,0,0
90284,0,1,0,0,0,0,0,0,0,0,0,0
90284,1,1,0,0,0,0,0,0,0,0,0,0
90285,1,1,25,25,25,25,25,25,25,25,25,25
90286,1,1,16,7,8,0,0,0,11,0,19,0
90286,2,1,0,0,0,0,0,0,0,0,0,0
90287,0,1,26,26,26,26,26,26,26,26,26,26
90287,1,1,0,0,0,0,0,0,0,0,0,0
90288,1,1,0,0,0,0,0,0,0,0,0,0
90288,2,1,0,0,0,0,0,0,0,0,0,0
90289,0,1,0,0,0,0,0,0,0,0,0,0
90289,1,1,0,0,0,0,0,0,0,23,0,0
90290,1,1,0,0,0,0,0,0,0,0,0,0
90291,1,1,12,12,12,12,12,12,12,12,12,12
90292,0,1,0,0,0,0,0,0,0,0,0,0
90292,1,1,11,24,9,28,10,13,17,26,10,17
90293,1,1,7,16,18,14,30,8,24,12,6,7
90294,0,1,0,0,0,0,0,0,0,0,0,0
90294,1,1,0,0,0,0,0,0,0,0,0,0
90295,1,1,28,28,28,28,28,28,28,28,28,28
90295,2,1,0,0,0,0,0,0,8,0,0,0
90295,3,1,0,14,16,0,0,0,0,0,0,0
90296,1,1,0,0,0,0,0,0,0,0,0,0
90297,1,1,18,0,0,0,0,0,9,0,0,25
90298,1,1,0,0,0,0,0,0,0,0,0,0
90299,1,1,0,0,28,0,16,7,13,0,11,16
90300,1,1,0,0,0,0,0,0,0,22,0,0
90301,1,1,0,0,0,0,0,0,0,0,5,0
90301,2,1,22,22,22,22,22,22,22,22,22,22
90302,1,1,0,0,0,0,0,0,0,0,0,0
90302,2,1,0,0,0,0,0,0,0,0,16,0
100001,0,1,6,6,6,6,6,6,6,6,6,6
100001,1,1,8,15,0,9,0,8,0,0,0,12
100002,1,1,0,0,0,0,23,0,0,0,0,0
100002,2,1,0,0,0,0,0,0,0,0,0,0
100003,0,1,0,0,0,0,0,0,0,0,0,0
100003,1,1,0,0,0,0,0,0,0,0,0,0
100004,1,1,0,0,0,0,0,0,0,0,0,0
100004,2,1,0,0,0,0,0,0,0,0,0,0
100005,0,1,0,0,0,0,0,0,0,0,0,0
100005,1,1,0,0,0,0,0,5,0,0,0,17
100006,1,1,0,0,0,0,0,0,0,0,0,0
100006,2,1,0,0,0,0,0,0,0,0,0,0
100007,1,1,0,0,0,0,0,0,0,0,0,0
100007,2,1,0,0,0,0,0,0,0,0,0,0
100008,1,1,24,24,24,24,24,24,24,24,24,24
100009,1,1,0,0,0,0,0,0,0,0,0,0
100009,2,1,0,0,0,0,0,0,0,0,0,0
100010,0,1,15,15,15,15,15,15,15,15,15,15
100010,1,1,14,0,21,0,0,0,0,0,8,0
100011,1,1,7,7,7,7,7,7,7,7,7,7
100011,2,1,10,2,15,13,8,24,0,0,15,0
100011,3,1,0,0,12,0,46,15,0,32,15,0
100012,1,1,0,0,0,0,0,0,0,0,0,0
100012,2,1,0,4,0,0,0,0,12,0,0,17
100013,0,1,0,0,0,0,0,0,0,0,0,0
100013,1,1,0,0,0,0,0,0,20,0,0,0
100014,0,1,0,0,0,0,0,0,0,0,0,0
100014,1,1,0,11,0,0,27,0,15,29,0,17
100015,1,1,32,32,32,32,32,32,32,32,32,32
100016,1,1,0,0,0,0,0,0,0,0,0,0
100017,0,1,15,15,15,15,15,15,15,15,15,15
100017,1,1,0,0,0,0,0,0,0,0,21,4
100018,1,1,0,0,0,0,0,0,0,0,0,0
100018,2,1,0,0,0,0,0,0,0,0,0,9
100019,1,1,0,0,0,0,0,0,0,0,0,0
100019,2,1,0,0,0,0,0,0,0,0,0,0
100021,0,1,33,33,33,33,33,33,33,33,33,33
100021,1,1,0,0,0,0,0,0,0,0,0,0
100022,0,1,0,0,0,0,0,0,0,0,0,0
100022,1,1,0,0,0,0,34,6,0,17,0,0
100023,1,1,22,22,22,22,22,22,22,22,22,22
100024,1,1,0,0,0,0,0,0,0,0,0,0
100025,0,1,27,32,29,0,20,0,22,0,0,0
100025,1,1,28,3,15,0,13,0,0,0,0,9
100025,2,1,0,6,8,6,37,0,0,0,0,0
100026,1,1,0,0,0,0,0,0,0,0,0,0
100026,2,1,0,0,0,0,0,0,0,0,0,0
100027,1,1,0,30,0,0,0,0,0,0,0,0
100028,1,1,18,18,18,18,18,18,18,18,18,18
100029,1,1,23,23,23,23,23,23,23,23,23,23
100029,2,1,13,13,13,13,13,13,13,13,13,13
100030,0,1,24,24,24,24,24,24,24,24,24,24
100030,1,1,0,0,0,0,0,0,10,0,0,0
100031,1,1,0,15,0,9,0,0,0,0,0,0
100031,2,1,0,0,0,8,0,0,0,0,0,8
100032,1,1,0,0,0,0,0,0,0,0,0,0
100032,2,1,0,0,0,0,0,0,0,0,0,0
100033,1,1,22,22,22,22,22,22,22,22,22,22
100033,2,1,0,0,0,0,0,0,0,0,0,0
100033,3,1,0,0,0,0,0,0,0,0,0,0
100034,1,1,9,9,9,9,9,9,9,9,9,9
100035,0,1,0,0,0,0,0,0,0,0,0,0
100035,1,1,0,0,0,0,0,0,0,0,0,0
100036,1,1,0,0,24,0,0,0,0,0,0,0
100036,2,1,0,0,0,0,0,0,0,0,0,0
100037,1,1,14,14,14,14,14,14,14,14,14,14
100038,1,1,0,0,0,0,0,0,0,0,0,0
100039,1,1,0,0,0,0,0,0,0,0,0,0
100039,2,1,0,0,0,0,12,0,0,0,0,18
100040,0,1,0,0,0,0,0,0,0,0,0,0
100040,0,2,0,0,0,0,0,0,0,0,0,0
100040,1,1,0,0,0,0,0,0,0,0,0,0
100041,1,1,0,0,0,0,0,0,0,0,0,0
100042,1,1,0,0,0,0,0,0,0,0,0,0
100043,1,1,0,0,0,0,0,0,0,0,20,0
100043,2,1,25,0,0,0,0,0,0,0,15,0
100043,3,1,0,0,0,0,0,12,0,0,0,0
100044,1,1,0,0,0,0,0,0,0,0,0,6
100044,2,1,0,0,0,0,0,0,0,0,0,0
100045,1,1,11,11,11,11,11,11,11,11,11,11
100046,1,1,14,14,14,14,14,14,14,14,14,14
100047,1,1,8,8,8,8,8,8,8,8,8,8
100047,2,1,0,0,0,0,0,17,14,0,22,19
100048,1,1,7,7,7,7,7,7,7,7,7,7
100048,2,1,0,5,0,0,0,0,0,0,0,0
100049,0,1,0,0,0,0,0,0,0,0,0,0
100049,1,1,0,14,0,0,0,0,0,5,0,0
100050,0,1,0,0,0,0,0,0,0,0,0,0
100050,1,1,0,0,0,0,0,0,0,0,0,0
100051,1,1,0,0,0,0,0,0,0,0,0,0
100051,2,1,0,0,0,0,0,0,0,0,0,0
100052,1,1,0,35,0,14,22,2,13,0,0,12
100053,0,1,0,0,0,0,0,0,0,0,0,0
100053,1,1,9,0,0,0,8,0,0,22,14,25
100054,1,1,14,14,14,14,14,14,14,14,14,14
100055,1,1,14,14,14,14,14,14,14,14,14,14
100056,0,1,21,21,21,21,21,21,21,21,21,21
100056,1,1,0,0,0,0,0,0,20,0,0,26
100057,1,1,0,0,0,0,0,0,0,0,0,0
100057,2,1,0,0,0,0,0,0,0,0,0,0
100058,1,1,0,0,0,0,0,0,0,0,0,0
100058,2,1,0,0,0,0,0,0,0,0,0,0
100059,1,1,7,7,7,7,7,7,7,7,7,7
100059,2,1,3,3,3,3,3,3,3,3,3,3
100060,1,1,26,26,26,26,26,26,26,26,26,26
100060,2,1,16,0,0,9,14,11,0,0,0,13
100061,1,1,5,5,5,5,5,5,5,5,5,5
100062,1,1,0,0,0,0,0,0,0,0,0,0
100063,1,1,0,17,20,24,0,0,31,0,0,0
100063,2,1,0,0,0,0,0,0,0,0,0,0
100064,1,1,0,0,0,0,0,0,0,0,0,0
100064,2,1,9,22,0,0,0,0,0,0,0,0
100065,0,1,0,0,0,0,0,0,0,0,0,0
100065,1,1,8,0,0,0,0,0,13,23,0,0
100066,1,1,0,0,23,40,0,11,17,5,20,0
100067,1,1,0,0,0,0,0,10,12,0,0,37
100067,2,1,0,0,0,0,0,0,2,21,14,0
100068,1,1,0,0,0,0,0,0,0,0,15,0
100069,1,1,28,28,28,28,28,28,28,28,28,28
100070,1,1,30,0,0,0,0,0,0,0,0,0
100070,2,1,28,7,0,0,0,0,26,14,0,15
100071,1,1,0,0,0,0,0,0,0,0,0,0
100071,2,1,25,25,25,25,25,25,25,25,25,25
100072,0,1,23,23,23,23,23,23,23,23,23,23
100072,1,1,0,0,0,0,0,0,0,0,0,0
100073,0,1,14,14,14,14,14,14,14,14,14,14
100073,1,1,0,0,7,10,29,14,15,18,0,0
100073,2,1,0,0,0,13,8,8,8,0,29,11
100074,1,1,0,27,0,0,0,0,0,8,17,0
100075,1,1,0,0,0,0,0,0,16,13,18,0
100075,2,1,9,0,0,13,0,0,0,8,0,26
100075,3,1,0,0,0,4,0,10,13,0,0,14
100076,0,1,18,18,18,18,18,18,18,18,18,18
100076,1,1,0,0,20,0,0,3,0,0,0,0
100077,0,1,0,0,0,0,0,0,0,0,0,0
100077,1,1,0,0,0,0,0,0,0,0,0,0
100078,1,1,0,0,0,0,0,0,0,0,0,0
100079,1,1,14,14,14,14,14,14,14,14,14,14
100079,2,1,0,0,13,0,38,0,0,0,16,0
100080,1,1,7,0,0,0,0,0,0,0,0,0
100080,2,1,0,0,0,0,0,0,0,0,0,0
100081,1,1,0,0,0,0,0,0,0,20,0,0
100081,2,1,10,10,10,10,10,10,10,10,10,10
100082,1,1,0,0,0,0,0,29,0,0,0,0
100082,2,1,0,0,0,0,0,0,0,0,0,0
100083,0,1,0,0,0,0,0,0,0,0,0,0
100083,1,1,0,0,0,17,0,0,0,9,0,0
100084,1,1,0,0,0,0,0,0,0,0,0,0
100084,2,1,15,0,0,0,0,0,0,0,0,0
100085,1,1,15,15,15,15,15,15,15,15,15,15
100086,1,1,0,0,0,0,0,0,0,0,0,0
100087,1,1,0,0,0,0,0,0,0,0,0,0
100087,2,1,4,4,4,4,4,4,4,4,4,4
100088,0,1,17,23,33,17,19,0,0,25,0,0
100088,1,1,17,17,17,17,17,17,17,17,17,17
100089,0,1,5,5,5,5,5,5,5,5,5,5
100089,1,1,0,0,0,0,0,0,0,0,4,24
100090,1,1,14,14,14,14,14,14,14,14,14,14
100090,2,1,0,0,0,0,0,0,0,0,0,0
100091,1,1,21,22,21,7,15,16,30,31,18,26
100092,1,1,18,18,18,18,18,18,18,18,18,18
100093,1,1,0,0,0,0,0,0,0,0,0,0
110001,1,1,11,11,11,11,11,11,11,11,11,11
110002,0,1,24,24,24,24,24,24,24,24,24,24
110002,1,1,17,17,17,17,17,17,17,17,17,17
110003,1,1,26,26,26,26,26,26,26,26,26,26
110004,0,1,2,2,2,2,2,2,2,2,2,2
110004,1,1,0,0,0,0,0,0,0,0,0,0
110005,0,1,0,0,0,0,0,0,0,0,0,0
110005,1,1,0,0,0,0,0,0,0,0,0,0
110006,0,1,15,15,15,15,15,15,15,15,15,15
110006,1,1,0,0,0,0,0,0,0,0,0,0
110007,0,1,0,0,0,0,0,0,0,0,0,0
110007,1,1,0,0,0,0,0,0,0,0,0,0
110008,0,1,16,10,47,2,25,27,16,29,18,0
110008,1,1,28,0,0,0,0,0,0,0,0,0
110009,1,1,0,0,0,0,0,0,0,0,0,0
110009,2,1,0,0,0,0,0,0,0,0,0,0
110010,0,1,0,0,0,0,0,0,0,0,0,0
110010,1,1,0,0,0,0,0,0,0,0,0,0
110011,1,1,0,0,0,0,0,0,0,0,0,0
110011,2,1,0,0,0,0,0,0,0,0,0,0
110012,0,1,0,0,0,0,0,0,0,0,0,0
110012,1,1,0,0,0,0,0,0,0,0,0,0
110013,1,1,21,0,0,0,14,0,0,0,27,14
110014,0,1,0,0,0,0,0,0,0,0,0,0
110014,1,1,0,0,0,0,0,0,0,0,0,0
110015,0,1,0,0,0,0,0,0,0,0,0,0
110015,1,1,2,2,2,2,2,2,2,2,2,2
110016,0,1,0,0,0,0,0,0,0,0,0,0
110016,1,1,0,0,0,0,0,0,0,0,0,0
110017,1,1,0,0,0,0,0,0,0,0,0,0
110017,2,1,0,0,0,27,0,0,0,0,0,0
110017,3,1,0,0,0,0,0,0,0,0,0,0
110018,1,1,16,16,16,16,16,16,16,16,16,16
110019,0,1,0,0,0,0,0,0,0,0,0,0
110019,0,2,8,0,0,20,0,0,0,0,0,0
110019,1,1,18,18,18,18,18,18,18,18,18,18
110020,1,1,0,0,0,0,0,0,0,0,0,0
110021,0,1,11,11,11,11,11,11,11,11,11,11
110021,1,1,19,35,11,26,13,0,15,0,16,0
110022,1,1,6,6,6,6,6,6,6,6,6,6
110023,0,1,19,20,14,24,16,15,5,28,8,21
110023,1,1,0,0,0,0,0,0,0,14,15,0
110024,0,1,0,0,0,0,0,0,0,0,0,0
110024,1,1,7,7,7,7,7,7,7,7,7,7
120001,1,1,0,0,0,0,0,0,0,0,0,0
120002,1,1,21,21,21,21,21,21,21,21,21,21
120003,1,1,28,0,21,26,16,17,9,22,0,0
120004,1,1,9,9,9,9,9,9,9,9,9,9
120005,1,1,10,10,10,10,10,10,10,10,10,10
120005,2,1,18,18,18,18,18,18,18,18,18,18
120006,1,1,0,0,0,0,0,0,0,0,0,0
120006,2,1,0,0,6,15,0,4,0,0,0,8
120007,1,1,0,0,0,0,0,0,0,0,0,0
120007,2,1,0,0,0,0,0,0,0,0,0,0
120009,1,1,13,13,13,13,13,13,13,13,13,13
120010,0,1,16,16,16,16,16,16,16,16,16,16
120010,1,1,0,0,0,0,0,0,0,0,0,0
120011,1,1,21,21,21,21,21,21,21,21,21,21
120011,2,1,8,8,8,8,8,8,8,8,8,8
120012,1,1,0,0,0,0,0,0,0,0,0,0
120012,2,1,0,0,0,0,0,0,0,0,0,0
120013,1,1,0,0,0,0,0,0,0,0,0,0
120013,2,1,0,0,0,0,0,0,0,0,0,0
120014,1,1,0,0,0,0,0,0,0,0,0,0
120014,2,1,0,0,0,0,0,0,0,0,0,0
120015,1,1,0,0,0,0,0,0,0,0,0,0
120015,2,1,0,0,0,0,0,0,0,0,0,0
120016,1,1,0,0,0,0,0,0,0,0,0,0
120016,2,1,0,0,0,0,0,0,0,0,0,0
120017,0,1,0,24,0,21,0,0,0,6,0,0
120017,2,1,11,0,0,0,0,0,0,7,0,0
120018,1,1,21,21,21,21,21,21,21,21,21,21
120018,2,1,0,0,0,0,0,0,0,0,0,0
120019,1,1,0,0,0,0,0,0,0,0,0,0
120020,1,1,21,21,21,21,21,21,21,21,21,21
120021,1,1,0,0,0,0,0,0,0,0,0,0
120021,2,1,0,0,0,0,0,0,0,0,0,0
120022,0,1,0,0,0,0,0,0,0,0,0,0
120022,1,1,0,0,0,0,0,0,0,0,0,0
120023,0,1,26,26,26,26,26,26,26,26,26,26
120023,1,1,0,0,0,19,32,9,12,0,0,0
120024,1,1,7,7,7,7,7,7,7,7,7,7
120024,2,1,0,0,0,0,0,0,0,0,0,0
120025,1,1,0,0,25,0,0,0,0,0,0,0
120026,1,1,20,20,20,20,20,20,20,20,20,20
120027,0,1,0,0,0,0,0,0,0,6,0,0
120027,1,1,0,0,0,0,0,0,0,0,0,0
120028,1,1,0,0,0,0,0,0,0,0,0,0
120028,2,1,0,0,0,0,0,0,0,0,0,0
120029,1,1,0,0,0,0,0,0,0,0,0,0
120029,2,1,0,0,0,0,0,0,0,0,0,0
120030,0,1,27,27,27,27,27,27,27,27,27,27
120030,1,1,0,0,0,14,0,0,0,0,0,0
120031,1,1,25,25,25,25,25,25,25,25,25,25
120032,1,1,8,8,8,8,8,8,8,8,8,8
120033,0,1,0,0,0,0,0,0,0,0,0,0
120033,1,1,0,0,0,0,0,0,0,0,0,0
120034,0,1,0,0,0,0,0,0,0,0,0,0
120034,1,1,0,0,0,0,0,0,0,0,0,0
120035,1,1,0,0,0,0,0,0,0,0,0,0
120036,1,1,0,0,0,0,0,0,0,0,0,0
120036,2,1,0,0,0,0,0,0,0,0,0,0
120037,0,1,0,0,0,0,0,0,0,0,0,0
120037,1,1,10,10,0,0,0,0,0,0,0,0
120037,2,1,33,33,33,33,33,33,33,33,33,33
120038,0,1,24,24,24,24,24,24,24,24,24,24
120038,1,1,0,0,0,0,0,0,0,0,0,0
120039,1,1,17,17,17,17,17,17,17,17,17,17
120039,2,1,0,0,18,31,29,0,0,0,0,62
120039,3,1,0,0,0,0,0,0,0,0,0,0
120040,1,1,0,0,0,0,0,0,0,0,0,0
120040,2,1,0,0,0,0,0,0,0,0,0,0
120041,0,1,28,28,28,28,28,28,28,28,28,28
120041,1,1,0,0,0,15,0,0,16,0,0,0
120042,0,1,9,9,9,9,9,9,9,9,9,9
120042,1,1,0,0,0,0,0,0,0,0,0,0
120043,1,1,0,0,0,0,0,0,0,0,0,0
120044,1,1,0,0,0,0,0,0,0,0,0,0
120044,2,1,0,0,0,0,0,0,0,0,0,0
120045,1,1,0,0,0,0,13,0,0,0,12,0
120046,1,1,0,0,6,0,0,0,0,0,0,0
120047,1,1,0,0,0,0,0,0,0,0,0,0
120047,2,1,0,0,0,0,0,0,0,0,0,0
120048,1,1,22,22,22,22,22,22,22,22,22,22
120049,1,1,25,25,25,25,25,25,25,25,25,25
120050,1,1,0,0,0,0,0,0,0,0,14,0
120050,2,1,0,0,0,0,0,0,0,0,0,0
120051,0,1,0,12,0,0,0,0,0,0,0,0
120051,1,1,13,0,0,0,0,0,0,0,0,0
120052,1,1,0,0,0,0,0,0,0,0,0,0
120053,1,1,44,44,44,44,44,44,44,44,44,44
120054,0,1,23,23,23,23,23,23,23,23,23,23
120054,1,1,0,0,11,0,0,0,0,0,3,0
120055,1,1,0,0,0,0,0,0,0,0,0,0
120055,2,1,0,0,0,0,0,0,0,0,0,0
120056,1,1,0,0,0,0,0,0,0,0,0,0
120056,2,1,0,0,0,0,0,0,0,0,0,0
120056,3,1,0,0,0,0,0,0,0,0,0,0
120056,4,1,0,0,0,0,0,0,0,0,0,0
120057,0,1,0,0,0,0,0,0,0,0,0,0
120057,1,1,0,0,0,0,4,0,18,20,0,0