ST_CASE,VEH_NO,PER_NO,P1,P2,P3,P4,P5,P6,P7,P8,P9,P10
120058,1,1,27,27,27,27,27,27,27,27,27,27
120059,1,1,22,22,22,22,22,22,22,22,22,22
120060,0,1,21,21,21,21,21,21,21,21,21,21
120060,1,1,0,0,0,0,0,7,0,0,0,0
120061,1,1,22,22,22,22,22,22,22,22,22,22
120061,2,1,0,0,12,0,16,0,15,0,3,0
120062,1,1,0,0,0,0,0,0,0,0,0,0
120063,1,1,20,20,20,20,20,20,20,20,20,20
120063,2,1,0,3,0,0,0,0,7,0,0,0
120064,1,1,0,0,0,0,0,0,0,0,0,0
120064,2,1,0,0,0,0,0,0,0,0,0,0
120065,1,1,7,7,7,7,7,7,7,7,7,7
120065,2,1,0,0,0,0,0,0,0,0,0,0
120065,3,1,0,0,0,0,0,31,0,0,12,0
120065,4,1,0,0,0,0,0,0,0,0,0,0
120065,5,1,0,0,0,0,0,0,4,0,0,0
120066,1,1,0,0,0,0,0,0,0,0,0,0
120066,2,1,0,0,0,0,0,0,0,0,0,0
120067,1,1,0,0,0,0,0,0,0,0,0,0
120067,2,1,0,0,0,0,0,0,0,0,0,0
120068,1,1,0,0,0,0,0,0,0,0,0,0
120068,2,1,0,0,0,0,0,0,0,0,0,0
120069,0,1,0,0,0,0,0,0,0,0,0,0
120069,1,1,0,0,0,0,0,0,0,0,0,0
120070,1,1,0,0,0,0,0,0,0,0,0,0
120070,2,1,0,0,0,28,0,17,0,12,19,23
120071,0,1,0,0,0,0,0,0,0,0,0,0
120071,1,1,0,0,0,0,0,0,0,0,0,0
120072,1,1,15,0,26,10,0,0,0,0,0,9
120073,1,1,0,0,0,0,0,0,0,0,0,0
120073,2,1,0,0,0,0,0,0,0,0,0,0
120074,0,1,0,11,22,0,18,0,0,0,0,0
120074,1,1,0,0,0,0,0,0,0,0,0,0
120075,1,1,0,0,0,0,0,0,0,0,0,0
120075,2,1,0,0,0,0,0,0,0,0,0,0
120075,3,1,23,0,0,0,0,0,0,0,0,0
120075,4,1,0,0,0,0,0,0,0,0,0,0
120076,1,1,15,15,15,15,15,15,15,15,15,15
120076,2,1,0,0,0,0,0,0,0,0,0,0
120077,0,1,0,0,0,0,0,0,0,0,0,0
120077,1,1,0,0,0,0,0,0,0,0,0,0
120078,1,1,28,28,28,28,28,28,28,28,28,28
120078,2,1,0,0,0,0,0,0,0,0,0,0
120079,1,1,0,0,0,0,0,0,0,0,0,0
120079,2,1,0,0,16,0,6,0,0,0,0,0
120079,3,1,0,0,0,0,0,0,0,0,0,0
120080,1,1,0,25,14,0,0,0,0,0,0,0
120081,1,1,0,0,0,0,0,0,0,0,0,0
120082,1,1,0,0,0,0,0,0,0,0,0,0
120082,2,1,0,0,0,0,0,0,0,0,0,0
120083,1,1,0,0,0,0,0,0,0,0,0,0
120083,2,1,0,0,0,0,0,0,0,0,0,0
120084,1,1,0,0,0,0,0,0,0,0,0,0
120084,2,1,0,0,0,0,0,0,0,0,0,0
120085,0,1,0,0,0,0,0,0,0,0,0,0
120085,1,1,0,0,12,0,0,0,0,0,0,0
120085,2,1,0,0,0,0,0,0,0,0,0,0
120086,1,1,0,0,0,0,0,0,0,0,0,0
120086,2,1,0,0,0,0,0,0,0,0,0,0
120086,3,1,0,0,0,0,0,0,0,0,0,0
120087,1,1,24,24,24,24,24,24,24,24,24,24
120088,1,1,9,9,9,9,9,9,9,9,9,9
120089,1,1,12,12,12,12,12,12,12,12,12,12
120090,1,1,0,0,0,0,0,0,0,0,0,0
120091,1,1,13,13,13,13,13,13,13,13,13,13
120092,1,1,13,13,13,13,13,13,13,13,13,13
120092,2,1,0,0,0,0,0,0,0,0,0,0
120093,1,1,0,0,0,0,0,0,0,0,0,0
120093,2,1,0,0,0,0,20,0,0,0,0,0
120094,0,1,0,0,0,0,0,0,0,0,0,0
120094,1,1,0,0,0,0,0,0,0,0,0,0
120095,0,1,23,23,23,23,23,23,23,23,23,23
120095,1,1,0,0,0,0,0,0,0,0,0,0
120095,2,1,0,0,0,0,0,0,0,0,0,0
120096,1,1,0,0,0,0,0,0,0,0,0,0
120096,2,1,0,0,0,0,0,0,0,0,0,0
120097,1,1,23,23,23,23,23,23,23,23,23,23
120097,2,1,0,0,0,0,0,0,0,0,0,0
120098,1,1,0,0,0,0,0,0,0,0,0,0
120098,2,1,0,0,0,0,0,0,0,0,0,0
120099,1,1,28,28,28,28,28,28,28,28,28,28
120100,0,1,23,23,23,23,23,23,23,23,23,23
120100,1,1,0,0,0,0,0,0,0,0,0,0
120101,1,1,0,0,0,0,0,0,0,0,0,0
120101,2,1,0,0,0,0,0,8,0,0,0,0
120102,1,1,20,20,20,20,20,20,20,20,20,20
120102,2,1,0,0,0,0,0,0,0,0,0,0
120103,1,1,20,20,20,20,20,20,20,20,20,20
120103,2,1,0,0,0,0,0,0,0,0,0,0
120104,1,1,0,0,0,0,0,0,0,0,0,0
120105,1,1,0,0,0,0,0,0,0,0,0,0
120105,2,1,0,0,0,0,0,0,0,0,0,31
120106,0,1,0,0,0,0,0,0,0,0,0,0
120106,1,1,0,0,0,0,0,0,0,0,0,0
120107,1,1,9,9,9,9,9,9,9,9,9,9
120107,2,1,0,0,0,0,0,0,0,0,0,0
120108,1,1,0,0,0,0,0,0,0,0,0,0
120108,2,1,0,0,0,0,0,0,0,0,0,0
120109,0,1,0,19,0,0,18,6,0,39,0,16
120109,1,1,43,43,43,43,43,43,43,43,43,43
120110,0,1,25,0,0,0,0,0,0,0,0,0
120110,1,1,18,0,0,0,0,0,14,0,0,0
120111,1,1,19,19,19,19,19,19,19,19,19,19
120112,1,1,0,0,0,0,0,0,0,0,0,0
120113,1,1,0,0,0,0,0,0,0,0,0,0
120114,1,1,0,0,0,0,0,0,0,0,0,0
120114,2,1,0,0,0,0,0,0,0,0,0,0
120115,1,1,0,0,0,0,0,0,0,0,0,0
120116,1,1,12,12,12,12,12,12,12,12,12,12
120117,1,1,7,7,7,7,7,7,7,7,7,7
120118,1,1,18,18,18,18,18,18,18,18,18,18
120118,2,1,0,0,0,0,0,0,0,0,0,0
120118,3,1,0,0,0,0,0,0,0,0,0,0
120119,1,1,28,28,28,28,28,28,28,28,28,28
120120,1,1,0,0,0,0,0,0,0,0,0,0
120120,2,1,0,0,0,0,0,0,0,0,0,0
120121,1,1,0,0,0,0,0,0,0,0,0,0
120122,1,1,0,0,0,0,0,0,0,0,0,0
120123,0,1,0,0,0,0,0,0,0,0,0,0
120123,1,1,0,0,0,0,0,0,0,0,0,0
120124,1,1,0,0,0,0,0,0,0,0,0,0
120124,2,1,0,0,0,0,0,0,0,0,0,0
120125,1,1,0,9,23,13,19,26,26,0,18,8
120125,2,1,24,8,0,0,0,0,0,0,0,0
120126,1,1,0,0,0,0,0,0,0,0,0,0
120126,2,1,0,0,0,0,0,0,0,0,0,0
120127,1,1,0,0,0,0,0,0,0,0,0,0
120128,0,1,19,19,19,19,19,19,19,19,19,19
120128,1,1,0,0,0,0,0,0,0,0,0,0
120129,1,1,0,21,0,0,0,0,0,0,0,0
120129,2,1,0,0,0,0,0,0,0,0,0,0
120131,1,1,0,0,0,0,0,15,0,0,0,0
120131,2,1,0,0,0,0,0,0,0,0,0,0
120132,1,1,0,0,0,0,0,0,0,0,0,11
120132,2,1,0,21,0,0,0,0,0,4,0,0
120132,3,1,0,0,0,0,0,0,0,0,0,0
120132,4,1,22,0,0,0,0,0,0,0,0,0
120132,5,1,0,0,0,15,0,0,0,0,0,0
120132,6,1,0,6,0,0,0,0,0,0,0,0
120133,1,1,0,0,0,0,0,0,0,0,0,0
120133,2,1,0,0,0,0,0,0,0,0,0,0
120133,3,1,0,0,0,0,0,0,0,0,0,0
120134,1,1,0,0,0,0,0,0,0,0,0,0
120134,2,1,0,0,0,0,0,0,0,0,0,0
120135,1,1,0,0,0,0,0,0,0,0,9,0
120136,1,1,0,0,0,0,0,0,0,0,0,0
120136,2,1,0,0,0,0,0,0,0,0,7,0
120136,3,1,0,0,0,0,0,0,0,0,0,0
120137,1,1,0,0,0,0,0,0,0,0,0,0
120137,2,1,0,0,0,0,0,0,0,0,0,0
120137,3,1,0,0,0,0,0,0,0,0,0,0
120138,0,1,0,0,0,0,0,0,0,0,0,0
120138,1,1,0,0,0,0,0,0,0,0,0,0
120139,1,1,0,0,0,0,0,0,0,0,0,0
120140,1,1,17,17,17,17,17,17,17,17,17,17
120141,0,1,18,18,18,18,18,18,18,18,18,18
120141,1,1,0,0,0,0,0,0,0,29,0,0
120142,1,1,16,0,9,0,0,0,13,21,5,12
120143,0,1,0,0,0,0,0,0,0,0,0,0
120143,1,1,0,0,0,0,0,0,0,0,0,0
120143,2,1,0,0,0,0,0,0,5,0,0,0
120144,0,1,22,22,22,22,22,22,22,22,22,22
120144,1,1,0,0,0,0,0,0,0,0,0,0
120145,1,1,0,0,0,0,0,0,0,0,0,0
120145,2,1,4,4,4,4,4,4,4,4,4,4
120145,3,1,0,0,0,11,0,0,20,0,17,0
120145,4,1,0,0,0,0,0,16,0,9,13,0
120146,1,1,10,10,10,10,10,10,10,10,10,10
120147,1,1,24,24,24,24,24,24,24,24,24,24
120148,1,1,0,0,0,0,0,0,0,0,0,0
120149,1,1,12,12,12,12,12,12,12,12,12,12
120149,2,1,0,0,0,0,0,0,0,0,0,0
120150,1,1,0,0,0,0,0,0,0,0,0,0
120151,0,1,4,4,4,4,4,4,4,4,4,4
120151,1,1,0,0,0,0,0,0,0,0,0,0
120152,1,1,0,0,0,0,0,0,0,0,0,0
120153,1,1,33,33,33,33,33,33,33,33,33,33
120154,0,1,0,0,0,0,0,0,0,0,0,0
120154,1,1,0,0,0,0,0,0,0,0,0,0
120155,1,1,0,0,0,0,0,0,0,0,0,0
120156,0,1,0,0,0,0,27,0,30,0,5,0
120156,1,1,0,0,0,0,0,0,0,0,0,0
120157,1,1,28,28,28,28,28,28,28,28,28,28
120157,2,1,0,0,0,0,0,0,0,0,0,0
120158,1,1,19,19,19,19,19,19,19,19,19,19
120159,0,1,30,30,30,30,30,30,30,30,30,30
120159,1,1,0,0,0,0,0,0,0,0,0,0
120160,1,1,0,0,0,0,0,0,0,0,0,0
120161,1,1,0,0,0,0,0,0,0,0,0,0
120161,2,1,0,0,0,0,0,0,0,0,0,12
120162,0,1,31,31,31,31,31,31,31,31,31,31
120162,1,1,0,0,0,0,0,0,21,0,0,0
120163,1,1,0,0,0,0,0,0,0,0,0,0
120163,2,1,0,7,11,0,0,0,0,0,0,0
120164,1,1,0,0,0,0,0,0,0,0,0,0
120164,2,1,0,0,0,0,0,0,0,0,0,0
120165,1,1,0,0,0,0,0,0,0,0,0,0
120166,1,1,0,0,0,0,0,0,0,0,0,0
120166,2,1,0,0,0,0,0,0,0,0,0,0
120167,0,1,36,36,36,36,36,36,36,36,36,36
120167,1,1,8,0,0,0,0,8,13,0,0,0
120168,1,1,20,20,20,20,20,20,20,20,20,20
120168,2,1,0,0,0,0,0,0,0,0,11,0
120168,3,1,0,0,0,0,0,0,0,0,0,0
120168,4,1,0,0,0,13,0,10,0,0,0,0
120168,5,1,0,0,0,0,0,0,0,0,0,0
120169,1,1,20,20,20,20,20,20,20,20,20,20
120170,1,1,22,22,22,22,22,22,22,22,22,22
120170,2,1,0,0,0,0,20,0,0,0,0,0
120171,1,1,0,0,0,0,0,0,0,0,0,0
120171,2,1,0,0,0,0,0,0,0,0,0,0
120171,3,1,0,0,0,0,0,0,0,0,0,12
120171,4,1,0,0,0,0,0,0,0,0,0,0
120171,5,1,0,0,0,0,0,0,0,0,0,0
120172,0,1,4,4,4,4,4,4,4,4,4,4
120172,1,1,0,0,0,0,0,19,0,0,5,0
120173,0,1,0,0,0,0,0,29,0,0,0,0
120173,1,1,0,0,0,0,0,0,0,0,0,0
120174,1,1,0,0,0,0,0,0,0,0,0,0
120174,2,1,0,0,17,0,0,0,0,0,0,0
120174,3,1,0,0,0,0,0,0,0,0,0,0
120175,0,1,0,0,0,0,0,0,0,0,0,0
120175,1,1,0,0,0,0,0,0,0,0,0,0
120176,0,1,0,0,0,0,20,23,0,0,0,22
120176,1,1,11,11,11,11,11,11,11,11,11,11
120177,1,1,0,0,0,0,0,0,0,0,0,0
120178,1,1,5,5,5,5,5,5,5,5,5,5
120178,2,1,0,0,36,0,0,0,0,0,0,0
120179,0,1,15,15,15,15,15,15,15,15,15,15
120179,1,1,0,0,0,21,29,0,0,4,0,0
120180,1,1,12,12,12,12,12,12,12,12,12,12
120182,1,1,0,0,0,0,0,0,43,0,0,0
120182,2,1,0,0,0,0,0,0,4,0,0,0
120183,0,1,7,32,19,31,34,0,0,11,8,29
120183,1,1,0,0,0,0,0,0,0,0,0,0
120184,1,1,14,14,14,14,14,14,14,14,14,14
120184,2,1,0,11,0,0,12,16,8,14,0,22
120185,0,1,28,28,28,28,28,28,28,28,28,28
120185,1,1,0,0,0,0,0,0,0,0,0,0
120186,1,1,12,12,12,12,12,12,12,12,12,12
120186,2,1,26,0,0,0,0,0,0,0,0,0
120186,3,1,0,0,0,0,0,0,0,0,0,0
120186,4,1,0,0,0,0,0,0,0,0,0,0
120186,5,1,0,0,0,0,0,0,0,0,0,0
120187,1,1,13,13,13,13,13,13,13,13,13,13
120188,1,1,0,0,0,0,0,0,0,0,0,0
120189,0,1,15,0,0,0,0,0,0,0,0,0
120189,1,1,0,0,0,0,14,0,0,0,0,0
120190,1,1,1,1,1,1,1,1,1,1,1,1
120190,2,1,0,0,0,0,0,0,0,0,0,0
120191,1,1,0,0,0,0,0,0,0,0,0,0
120191,2,1,0,0,0,0,0,0,0,0,0,0
120192,1,1,22,22,22,22,22,22,22,22,22,22
120193,0,1,18,18,18,18,18,18,18,18,18,18
120193,1,1,0,0,0,0,0,0,0,0,0,0
120194,0,1,17,17,17,17,17,17,17,17,17,17
120194,1,1,0,0,0,0,0,0,0,0,0,0
120195,1,1,0,0,0,0,0,0,0,0,0,0
120196,1,1,14,14,14,14,14,14,14,14,14,14
120197,0,1,0,0,0,0,0,0,0,0,0,0
120197,1,1,3,0,0,0,0,0,0,0,0,0
120198,0,1,25,25,25,25,25,25,25,25,25,25
120198,1,1,0,0,0,0,0,0,0,0,0,0
120199,1,1,0,0,0,0,0,0,0,0,0,0
120199,2,1,0,0,14,0,0,12,0,2,6,11
120200,1,1,0,0,0,0,0,0,0,0,0,0
120200,2,1,0,0,0,0,0,0,0,0,0,0
120201,1,1,21,21,21,21,21,21,21,21,21,21
120202,1,1,19,19,19,19,19,19,19,19,19,19
120203,0,1,0,0,0,0,0,0,0,0,0,0
120203,1,1,0,0,0,0,0,0,0,0,13,0
120204,0,1,0,22,29,18,0,0,30,0,11,0
120204,1,1,6,0,0,0,0,0,0,0,0,0
120205,1,1,0,0,0,0,0,0,0,0,0,0
120206,1,1,14,14,14,14,14,14,14,14,14,14
120207,1,1,0,13,0,0,0,7,9,0,9,13
120208,1,1,0,0,0,0,0,0,0,0,0,0
120210,1,1,0,0,0,0,0,0,0,0,0,24
120211,1,1,16,0,0,0,0,0,0,0,0,0
120212,1,1,13,13,13,13,13,13,13,13,13,13
120212,2,1,0,0,7,0,0,0,0,0,0,0
120213,1,1,0,0,0,0,0,0,0,0,0,0
120213,2,1,0,0,0,0,0,0,0,0,0,0
120214,0,1,32,32,32,32,32,32,32,32,32,32
120214,1,1,18,18,18,18,18,18,18,18,18,18
120215,0,1,0,0,0,0,0,0,0,0,0,0
120215,1,1,0,0,0,0,0,0,0,0,0,0
120216,0,1,0,0,0,0,0,0,0,0,0,6
120216,1,1,0,0,0,0,0,0,0,0,0,0
120217,1,1,0,0,0,0,0,0,16,0,0,0
120217,2,1,0,0,0,0,0,0,0,0,0,0
120218,0,1,0,0,0,25,0,0,0,0,0,0
120218,1,1,0,0,0,0,0,0,0,12,0,0
120218,2,1,0,0,0,0,0,0,0,0,0,0
120219,1,1,23,23,23,23,23,23,23,23,23,23
120219,2,1,0,0,0,0,0,0,0,0,0,0
120220,1,1,0,0,0,0,0,0,0,0,20,0
120220,2,1,0,0,0,0,0,0,0,0,0,0
120221,0,1,12,0,0,0,0,0,0,0,0,0
120221,1,1,0,0,0,0,0,0,0,0,0,0
120222,1,1,0,0,0,0,0,0,20,0,0,0
120222,2,1,0,0,0,0,0,0,0,0,0,0
120223,0,1,0,0,0,0,0,0,0,0,0,0
120223,1,1,0,0,0,0,0,0,0,0,0,0
120224,1,1,0,0,0,12,0,0,0,0,0,0
120224,2,1,0,0,0,0,0,0,0,0,0,0
120225,1,1,0,0,0,0,0,0,0,0,0,0
120225,2,1,0,0,0,0,1,0,0,0,0,0
120226,1,1,18,18,18,18,18,18,18,18,18,18
120227,1,1,0,0,0,0,0,0,0,0,0,0
120227,2,1,0,0,0,0,0,0,0,0,0,0
120229,0,1,0,0,0,0,0,0,0,0,0,0
120229,1,1,0,0,0,0,0,0,0,0,0,0
120230,1,1,0,0,0,0,15,0,0,0,0,0
120230,2,1,0,0,0,0,0,0,0,0,0,0
120231,0,1,0,0,0,0,0,0,0,0,0,0
120231,1,1,0,0,0,0,0,0,0,0,0,0
120232,1,1,0,0,0,0,0,0,0,0,0,0
120232,2,1,0,0,0,0,0,0,0,0,0,0
120232,3,1,0,0,0,0,0,0,0,0,0,7
120233,0,1,0,0,0,0,0,0,0,0,0,0
120233,1,1,0,0,0,0,0,0,0,0,0,0
120234,1,1,26,4,0,0,15,0,0,0,16,0
120236,1,1,0,0,0,0,0,0,0,0,0,0
120236,2,1,0,0,6,0,0,0,0,0,0,0
120236,3,1,0,0,0,24,0,0,0,0,0,0
120237,0,1,0,0,0,0,0,0,0,0,0,0
120237,0,2,0,0,0,0,0,0,0,0,0,0
120237,1,1,0,0,0,0,0,0,0,0,0,0
120238,0,1,0,0,0,0,0,0,0,0,0,0
120238,1,1,0,11,0,0,0,0,0,0,0,0
120239,0,1,0,0,0,0,0,0,0,0,0,0
120239,1,1,0,0,0,0,0,0,0,0,0,0
120240,1,1,0,0,16,0,8,29,0,0,0,0
120240,2,1,5,0,5,0,0,0,13,0,0,0
120241,1,1,0,0,0,0,0,0,0,0,0,0
120241,2,1,0,0,0,0,0,0,0,0,0,0
120241,3,1,0,0,0,0,0,0,0,0,0,7
120241,4,1,0,0,0,0,0,0,0,0,0,0
120242,1,1,0,0,0,0,0,0,0,0,0,0
120242,2,1,0,0,0,0,0,0,0,0,0,0
120243,1,1,0,0,0,0,0,0,0,0,0,0
120243,2,1,0,0,0,0,0,0,0,0,0,0
120244,1,1,24,24,24,24,24,24,24,24,24,24
120244,2,1,0,0,0,0,0,0,0,0,0,0
120245,1,1,12,12,12,12,12,12,12,12,12,12
120246,1,1,0,0,0,0,0,0,0,0,0,0
120246,2,1,0,0,0,0,0,0,0,0,0,0
120247,1,1,18,18,18,18,18,18,18,18,18,18
120247,2,1,0,0,0,0,0,0,0,0,0,0
120248,0,1,31,31,31,31,31,31,31,31,31,31
120248,1,1,0,0,0,0,0,0,0,27,0,0
120249,1,1,12,12,12,12,12,12,12,12,12,12
120250,1,1,0,0,0,0,0,0,0,0,0,0
120250,2,1,0,0,0,0,0,0,0,0,0,0
120251,1,1,16,16,16,16,16,16,16,16,16,16
120252,1,1,0,0,0,0,0,0,0,0,0,0
120252,2,1,0,0,0,0,0,0,0,0,0,0
120252,3,1,0,0,0,0,0,0,0,0,0,0
120253,1,1,10,10,10,10,10,10,10,10,10,10
120254,1,1,0,0,0,0,0,0,0,0,0,0
120254,2,1,0,0,0,0,0,0,0,0,0,0
120255,0,1,20,20,20,20,20,20,20,20,20,20
120255,1,1,0,0,0,0,0,0,0,21,0,0
120256,1,1,0,0,0,0,0,0,0,0,0,0
120256,2,1,0,0,0,0,0,0,0,0,0,0
120256,3,1,0,0,0,0,0,0,0,0,0,0
120257,1,1,0,0,0,0,0,4,18,0,0,0
120257,2,1,0,0,0,0,0,0,0,0,0,0
120258,0,1,0,0,0,0,0,0,0,0,0,0
120258,1,1,0,0,0,0,0,0,0,0,0,0
120259,1,1,0,0,0,0,0,0,0,0,0,0
120259,2,1,0,0,0,0,0,0,0,0,0,0
120259,3,1,0,0,0,0,0,0,0,0,0,0
120260,1,1,0,0,0,0,0,0,0,0,0,0
120260,2,1,0,0,0,0,0,0,0,0,0,0
120261,0,1,19,19,19,19,19,19,19,19,19,19
120261,1,1,12,12,12,12,12,12,12,12,12,12
120262,1,1,21,21,21,21,21,21,21,21,21,21
120264,1,1,0,0,0,0,0,0,0,0,0,9
120264,2,1,0,0,0,0,0,0,0,0,0,0
120265,1,1,0,0,0,0,0,0,0,0,0,0
120265,2,1,0,0,0,15,0,0,0,0,0,0
120265,3,1,0,0,0,0,0,0,0,0,0,2
120266,0,1,0,0,0,0,0,0,0,0,0,0
120266,1,1,0,0,0,0,0,0,0,0,0,0
120267,1,1,0,0,0,0,0,0,0,0,0,0
120268,1,1,0,0,0,0,0,0,0,0,0,0
120269,0,1,0,0,0,0,0,0,0,0,0,0
120269,1,1,0,0,7,0,0,0,0,0,0,0
120270,1,1,13,13,13,13,13,13,13,13,13,13
120271,1,1,22,22,22,22,22,22,22,22,22,22
120272,1,1,14,14,14,14,14,14,14,14,14,14
120273,1,1,0,9,0,0,0,0,0,0,0,0
120273,2,1,0,0,0,0,0,0,0,0,0,0
120273,3,1,0,0,0,0,0,0,0,0,0,0
120274,1,1,0,11,0,0,0,0,0,0,0,11
120274,2,1,0,0,0,0,0,26,0,0,0,0
120275,1,1,13,13,13,13,13,13,13,13,13,13
120276,1,1,4,4,4,4,4,4,4,4,4,4
120277,1,1,0,0,0,0,0,0,0,0,0,0
120278,0,1,0,0,0,0,0,0,0,0,0,0
120278,1,1,0,0,0,0,0,0,0,0,0,0
120278,2,1,0,0,0,0,0,0,0,0,0,34
120279,1,1,27,27,27,27,27,27,27,27,27,27
120280,1,1,10,10,10,10,10,10,10,10,10,10
120281,1,1,0,0,0,0,0,0,0,0,0,0
120282,1,1,30,30,30,30,30,30,30,30,30,30
120282,2,1,0,0,0,0,0,0,0,0,0,0
120283,1,1,18,18,18,18,18,18,18,18,18,18
120284,0,1,0,0,0,0,0,0,0,0,0,0
120284,1,1,0,0,0,0,0,0,0,0,0,0
120285,0,1,22,22,22,22,22,22,22,22,22,22
120285,1,1,0,0,0,0,0,0,0,0,0,0
120286,1,1,0,0,0,0,0,0,0,0,0,0
120287,1,1,0,0,0,0,0,0,0,0,0,0
120287,2,1,0,0,0,0,0,0,0,0,0,0
120288,0,1,0,0,0,0,0,0,0,0,0,0
120288,1,1,0,0,0,0,0,0,0,0,0,0
120289,1,1,1,1,1,1,1,1,1,1,1,1
120290,1,1,0,0,0,0,0,0,0,0,0,0
120290,2,1,0,0,5,0,0,0,0,0,0,0
120290,3,1,0,0,0,0,0,0,0,0,0,0
120291,1,1,14,14,14,14,14,14,14,14,14,14
120292,1,1,28,28,28,28,28,28,28,28,28,28
120293,1,1,0,0,0,0,0,0,0,0,0,0
120293,2,1,0,0,0,0,0,0,0,0,0,0
120294,1,1,0,0,0,0,0,0,0,0,0,0
120294,2,1,0,0,0,0,0,0,0,0,0,0
120295,1,1,13,13,13,13,13,13,13,13,13,13
120295,2,1,0,0,0,0,0,0,0,0,0,0
120295,3,1,0,0,0,0,0,0,0,30,0,0
120296,1,1,0,0,0,0,0,0,0,6,0,0
120296,2,1,0,0,0,0,0,0,0,0,0,0
120297,1,1,0,0,0,0,0,0,0,0,0,0
120298,1,1,0,0,0,0,0,0,0,0,0,0
120299,1,1,22,22,22,22,22,22,22,22,22,22
120300,0,1,29,29,29,29,29,29,29,29,29,29
120300,1,1,0,0,0,0,0,0,0,0,0,0
120301,1,1,17,17,17,17,17,17,17,17,17,17
120302,1,1,0,0,0,0,0,0,0,0,0,0
120302,2,1,0,0,0,29,0,0,0,0,0,0
120303,1,1,0,0,0,0,0,0,0,0,0,0
120304,1,1,0,0,0,0,0,0,0,0,0,0
120304,2,1,0,0,0,0,0,0,0,0,0,0
120305,1,1,0,0,0,0,0,0,0,0,0,0
120305,2,1,0,0,0,0,0,0,0,0,0,0
120306,0,1,35,35,35,35,35,35,35,35,35,35
120306,1,1,0,0,0,0,0,0,0,0,0,0
120307,1,1,0,0,0,0,0,0,0,0,0,0
120307,2,1,0,0,0,0,0,0,0,0,0,0
120307,3,1,0,0,0,0,0,0,0,0,0,0
120308,0,1,20,20,20,20,20,20,20,20,20,20
120308,1,1,0,0,0,0,0,0,0,0,0,0
120309,1,1,0,0,0,0,0,0,0,0,0,0
120310,1,1,16,16,16,16,16,16,16,16,16,16
120311,1,1,11,11,11,11,11,11,11,11,11,11
120312,1,1,0,0,0,0,0,0,0,0,0,0
120312,2,1,0,0,0,0,0,0,0,0,0,0
120313,1,1,0,0,0,0,0,0,0,0,0,0
120313,2,1,0,0,0,0,0,0,0,0,0,0
120314,1,1,4,4,4,4,4,4,4,4,4,4
120315,0,1,18,18,18,18,18,18,18,18,18,18
120315,1,1,0,0,0,0,0,0,17,0,0,0
120316,1,1,0,0,0,0,0,0,0,0,0,0
120317,1,1,0,0,0,0,0,0,0,0,0,0
120318,1,1,0,0,0,0,0,0,0,0,0,0
120319,1,1,12,12,12,12,12,12,12,12,12,12
120319,2,1,2,2,2,2,2,2,2,2,2,2
120319,3,1,6,6,6,6,6,6,6,6,6,6
120319,4,1,0,0,0,0,0,0,0,0,0,0
120320,1,1,0,0,0,0,0,0,0,0,0,0
120321,1,1,0,0,0,0,0,0,0,1,17,0
120322,0,1,29,29,29,29,29,29,29,29,29,29
120322,1,1,0,0,0,0,0,0,0,0,12,0
120323,1,1,12,12,12,12,12,12,12,12,12,12
120323,2,1,5,0,0,0,0,0,0,0,0,0
120324,1,1,6,0,0,0,0,0,0,0,0,0
120324,2,1,0,0,0,0,0,0,0,0,0,0
120324,3,1,0,0,0,0,0,0,0,0,0,0
120324,4,1,0,0,0,0,0,0,0,0,0,0
120325,1,1,0,0,0,0,0,0,0,0,0,0
120325,2,1,0,0,0,0,0,0,0,0,0,0
120326,1,1,0,0,0,20,0,0,0,0,0,21
120326,2,1,10,10,10,10,10,10,10,10,10,10
120327,1,1,0,0,0,0,0,0,0,0,0,0
120328,0,1,0,0,0,0,0,0,0,0,1,0
120328,1,1,0,0,0,0,0,0,0,0,0,0
120329,0,1,28,28,28,28,28,28,28,28,28,28
120329,1,1,0,0,0,0,0,0,0,0,0,0
120330,1,1,3,3,3,3,3,3,3,3,3,3
120331,1,1,0,0,0,0,0,0,0,0,0,0
120332,1,1,21,21,21,21,21,21,21,21,21,21
120333,0,1,0,0,0,0,0,0,0,0,0,0
120333,1,1,0,0,0,0,0,0,0,0,0,0
120334,1,1,0,0,0,0,0,0,0,0,0,0
120335,0,1,0,0,0,0,0,0,0,0,0,0
120335,1,1,0,0,0,0,0,0,0,0,0,0
120336,1,1,0,0,0,0,0,0,0,0,0,0
120337,1,1,28,28,28,28,28,28,28,28,28,28
120338,1,1,0,0,0,0,0,0,0,0,0,0
120338,2,1,0,0,0,0,0,0,0,0,0,0
120339,1,1,21,21,21,21,21,21,21,21,21,21
120339,2,1,0,0,0,0,0,0,0,0,0,0
120339,3,1,0,0,0,0,0,0,0,0,0,0
120340,1,1,0,0,0,0,0,0,0,0,0,0
120341,0,1,29,29,29,29,29,29,29,29,29,29
120341,1,1,0,0,0,0,0,0,0,0,11,0
120342,1,1,17,17,17,17,17,17,17,17,17,17
120343,1,1,25,25,25,25,25,25,25,25,25,25