ST_CASE,VEH_NO,PER_NO,P1,P2,P3,P4,P5,P6,P7,P8,P9,P10
120343,2,1,0,0,0,0,0,0,0,0,0,0
120344,1,1,0,0,0,0,0,0,0,0,0,0
120344,2,1,0,0,0,0,0,0,0,0,0,0
120345,1,1,0,0,0,0,0,0,0,0,0,0
120345,2,1,0,0,0,0,7,0,0,0,0,0
120346,1,1,0,0,0,0,0,0,0,0,0,0
120346,2,1,0,23,0,0,0,18,0,0,0,0
120347,0,1,0,0,0,0,0,0,0,0,0,0
120347,1,1,0,0,0,0,0,0,0,0,0,0
120348,1,1,16,16,16,16,16,16,16,16,16,16
120350,1,1,0,0,0,0,0,0,0,0,0,0
120351,1,1,0,0,0,0,0,0,0,0,0,0
120351,2,1,0,0,0,0,0,0,0,0,0,0
120351,3,1,0,0,0,0,0,0,0,0,0,0
120352,1,1,0,0,0,0,0,0,0,0,0,0
120352,2,1,0,0,0,0,0,0,0,0,0,0
120353,1,1,19,19,19,19,19,19,19,19,19,19
120354,1,1,0,0,0,0,0,0,0,0,0,0
120355,1,1,0,0,0,0,0,0,0,0,0,0
120356,0,1,5,5,5,5,5,5,5,5,5,5
120356,1,1,0,0,0,0,0,0,0,0,0,0
120357,1,1,12,12,12,12,12,12,12,12,12,12
120359,1,1,0,0,0,0,0,0,0,0,0,0
120359,2,1,0,0,0,0,0,0,0,0,0,0
120359,3,1,0,0,0,0,0,0,0,0,0,0
120360,1,1,0,0,0,0,0,0,0,0,0,0
120361,1,1,15,19,0,21,25,21,18,27,20,14
120361,2,1,0,12,0,6,22,0,0,0,0,6
120361,3,1,11,6,24,0,10,9,7,10,9,0
120362,0,1,0,0,0,0,0,0,0,0,0,0
120362,1,1,1,1,1,1,1,1,1,1,1,1
120363,1,1,0,0,0,0,0,0,0,0,0,0
120364,1,1,0,0,7,21,0,9,11,0,0,6
120365,0,1,32,32,32,32,32,32,32,32,32,32
120365,1,1,0,0,0,0,5,0,0,0,10,0
120366,1,1,0,0,0,0,0,0,0,0,0,0
120366,2,1,0,0,0,0,0,0,0,0,0,0
120367,1,1,0,0,0,0,0,0,0,0,0,0
120367,2,1,0,0,0,0,2,0,0,0,5,0
120368,1,1,6,6,6,6,6,6,6,6,6,6
120368,2,1,0,0,0,0,0,0,0,0,0,0
120369,1,1,0,0,0,0,0,0,0,0,0,0
120369,2,1,0,0,0,0,0,0,0,0,0,0
120370,0,1,15,15,15,15,15,15,15,15,15,15
120370,1,1,0,0,0,0,20,0,0,0,0,0
120371,1,1,28,28,28,28,28,28,28,28,28,28
120372,1,1,0,0,0,0,0,0,0,0,0,0
120373,1,1,0,0,0,0,0,0,0,0,0,0
120373,2,1,0,0,0,0,0,0,0,0,0,0
120374,1,1,35,35,35,35,35,35,35,35,35,35
120375,1,1,0,0,0,0,0,0,0,0,0,0
120375,2,1,0,0,0,0,0,0,0,0,0,0
120376,0,1,0,0,0,0,0,0,0,0,0,0
120376,1,1,0,0,0,0,0,0,0,0,0,0
120377,0,1,0,0,0,0,0,0,0,0,0,0
120377,1,1,0,6,0,0,0,0,0,14,0,0
120378,0,1,0,0,0,0,0,0,0,0,0,0
120378,1,1,0,0,0,0,0,0,0,0,0,0
120379,1,1,19,19,19,19,19,19,19,19,19,19
120380,0,1,16,22,11,0,13,38,0,4,0,18
120380,1,1,0,0,0,0,0,0,0,0,0,0
120381,1,1,29,29,29,29,29,29,29,29,29,29
120381,2,1,0,0,0,0,0,0,0,0,0,0
120382,0,1,0,21,0,28,35,0,0,0,21,0
120382,1,1,1,0,3,0,0,3,0,0,17,0
120383,1,1,0,0,0,0,0,0,0,0,0,0
120383,2,1,0,0,0,0,0,0,0,0,0,0
120384,1,1,15,15,15,15,15,15,15,15,15,15
120385,1,1,0,0,0,0,0,0,0,0,0,0
120385,2,1,0,0,0,0,0,0,0,0,0,4
120386,1,1,0,0,0,0,0,0,0,0,0,0
120386,2,1,0,0,0,0,0,0,0,0,0,0
120387,0,1,14,14,14,14,14,14,14,14,14,14
120387,1,1,0,0,0,14,0,0,3,4,0,0
120388,1,1,48,48,48,48,48,48,48,48,48,48
120388,2,1,0,0,0,0,0,0,0,0,0,0
120389,1,1,15,15,15,15,15,15,15,15,15,15
120390,0,1,0,0,0,0,0,0,0,0,0,0
120390,1,1,0,0,0,0,0,0,0,0,0,0
120391,0,1,0,0,0,0,0,0,0,0,0,0
120391,1,1,0,0,0,0,0,0,0,0,0,0
120392,1,1,16,16,16,16,16,16,16,16,16,16
120393,0,1,0,16,0,0,12,0,0,0,7,0
120393,1,1,0,0,0,0,0,0,0,0,0,0
120394,1,1,23,23,23,23,23,23,23,23,23,23
120394,2,1,0,0,0,0,0,0,0,0,0,0
120394,3,1,28,0,0,0,0,0,0,0,0,0
120395,1,1,0,0,0,0,0,0,0,0,0,0
120396,1,1,0,0,0,0,0,0,0,0,30,0
120397,1,1,0,0,0,0,0,3,0,0,9,0
120397,2,1,0,0,0,0,0,0,0,13,0,0
120398,1,1,0,0,0,0,0,0,0,0,0,0
120399,1,1,0,0,0,0,0,13,0,0,0,0
120399,2,1,24,24,24,24,24,24,24,24,24,24
120400,1,1,23,23,23,23,23,23,23,23,23,23
120401,1,1,0,13,37,0,0,0,0,0,0,0
120402,1,1,15,0,0,16,0,5,0,0,12,1
120403,1,1,0,0,0,0,0,0,0,0,0,0
120404,1,1,0,0,0,0,0,0,0,0,0,0
120404,2,1,0,0,0,0,0,0,0,0,0,0
120404,3,1,0,0,0,0,0,0,0,0,0,0
120405,1,1,17,10,0,11,0,16,0,0,0,0
120405,2,1,0,0,0,13,0,0,0,0,0,0
120406,0,1,23,23,23,23,23,23,23,23,23,23
120406,1,1,0,0,0,0,0,0,0,0,0,0
120407,1,1,0,0,0,15,0,0,0,0,26,0
120408,1,1,0,0,0,0,0,0,0,0,0,0
120408,2,1,0,0,0,0,0,0,0,0,0,0
120409,1,1,24,24,24,24,24,24,24,24,24,24
120409,2,1,0,0,8,0,0,0,0,0,0,0
120409,3,1,0,0,0,0,0,0,0,0,0,0
120410,1,1,0,0,0,0,0,0,0,0,0,0
120410,2,1,9,9,9,9,9,9,9,9,9,9
120411,1,1,0,0,0,0,0,0,0,0,0,0
120411,2,1,0,4,0,0,10,25,0,7,0,0
120412,1,1,0,0,0,0,0,0,0,0,0,0
120412,2,1,0,0,0,0,0,0,0,0,0,0
120413,1,1,8,0,0,0,0,8,0,8,0,0
120414,1,1,0,0,0,0,0,0,0,0,0,0
120416,1,1,0,0,0,0,0,0,0,0,0,0
120416,2,1,0,0,0,0,0,0,0,0,0,0
120417,1,1,19,19,19,19,19,19,19,19,19,19
120418,0,1,0,0,0,0,0,0,0,0,0,0
120418,0,2,0,6,0,26,0,0,0,0,0,0
120418,1,1,0,0,13,0,0,0,0,0,0,0
120419,1,1,0,0,18,0,19,0,0,0,0,0
120419,2,1,0,0,0,0,0,0,0,0,0,0
120420,1,1,16,16,16,16,16,16,16,16,16,16
120421,1,1,0,0,0,0,0,0,0,0,0,0
120421,2,1,0,0,0,0,0,0,0,0,0,0
120421,3,1,0,0,0,0,0,0,0,0,0,0
120422,1,1,29,29,29,29,29,29,29,29,29,29
120422,2,1,0,0,0,0,0,0,0,0,0,0
120423,0,1,0,0,0,0,0,0,0,0,0,0
120423,1,1,0,0,0,0,0,0,0,0,0,0
120424,1,1,13,13,13,13,13,13,13,13,13,13
120424,2,1,0,0,0,0,0,0,0,0,0,0
120425,1,1,0,0,0,0,0,0,0,0,0,0
120426,0,1,0,0,0,0,0,0,0,0,0,0
120426,1,1,0,0,0,0,0,0,0,0,0,0
120427,1,1,0,0,0,0,0,0,0,0,0,0
120427,2,1,16,16,16,16,16,16,16,16,16,16
120428,1,1,13,13,13,13,13,13,13,13,13,13
120429,0,1,11,0,0,0,0,0,0,0,28,0
120429,1,1,0,0,0,0,11,0,0,0,0,0
120430,1,1,27,27,27,27,27,27,27,27,27,27
120431,0,1,0,20,0,0,0,13,0,14,0,13
120431,1,1,0,0,0,0,0,0,0,0,0,0
120432,1,1,0,0,0,0,0,0,0,0,0,0
120432,2,1,0,0,0,0,0,0,0,0,0,0
120433,1,1,0,0,0,0,0,0,0,0,0,0
120434,0,1,0,0,0,0,0,0,0,0,0,0
120434,1,1,0,0,0,0,0,0,0,0,0,0
120435,1,1,21,21,21,21,21,21,21,21,21,21
120436,1,1,0,0,0,0,0,0,0,0,0,0
120436,2,1,0,0,0,0,0,0,0,0,0,0
120436,3,1,8,0,0,0,0,0,0,0,0,0
120437,0,1,0,0,0,0,0,0,0,0,0,0
120437,1,1,0,0,0,0,0,0,0,0,0,0
120438,1,1,18,18,18,18,18,18,18,18,18,18
120439,1,1,24,24,24,24,24,24,24,24,24,24
120439,2,1,0,0,0,0,0,0,0,0,0,0
120440,1,1,0,0,0,0,0,0,0,0,0,0
120440,2,1,0,0,0,0,0,0,0,0,0,0
120441,1,1,0,0,0,0,0,0,0,0,0,0
120442,1,1,0,0,0,0,0,0,0,0,0,0
120443,0,1,18,18,18,18,18,18,18,18,18,18
120443,1,1,0,0,0,0,0,0,0,0,0,0
120444,1,1,0,0,0,0,0,0,0,0,0,0
120444,2,1,0,0,0,0,0,0,0,0,0,0
120445,1,1,0,0,0,0,0,0,0,0,0,0
120445,2,1,0,0,0,0,0,0,0,0,0,0
120446,1,1,0,0,0,0,0,0,0,0,0,0
120447,0,1,24,24,24,24,24,24,24,24,24,24
120447,1,1,0,0,0,0,0,0,0,0,0,0
120448,1,1,0,0,0,0,0,0,0,0,0,0
120448,2,1,0,0,0,0,0,0,0,0,0,0
120449,0,1,0,0,0,0,0,0,0,0,0,0
120449,1,1,0,0,0,0,0,0,0,5,0,0
120450,1,1,0,0,0,22,0,0,0,0,0,0
120451,1,1,23,23,23,23,23,23,23,23,23,23
120452,1,1,17,17,17,17,17,17,17,17,17,17
120452,2,1,0,0,0,0,0,0,0,0,0,0
120453,0,1,43,43,43,43,43,43,43,43,43,43
120453,1,1,12,0,0,0,0,0,0,0,0,0
120454,1,1,0,0,0,0,0,0,0,0,0,0
120454,2,1,0,0,0,0,0,0,0,0,0,0
120454,3,1,0,0,0,0,0,0,0,0,0,0
120455,1,1,0,0,0,0,0,0,0,0,0,0
120455,2,1,0,0,0,0,0,0,0,0,0,0
120456,0,1,30,30,30,30,30,30,30,30,30,30
120456,1,1,0,0,0,0,0,0,0,0,0,0
120457,0,1,0,0,0,0,0,0,0,0,0,0
120457,1,1,0,0,0,0,0,0,0,0,0,0
120458,1,1,0,0,0,0,0,0,0,0,0,0
120458,2,1,0,0,0,0,0,0,0,0,0,0
120459,0,1,13,13,13,13,13,13,13,13,13,13
120459,1,1,0,0,0,0,0,0,0,0,0,0
120461,0,1,0,0,0,0,0,0,0,0,0,0
120461,1,1,0,0,0,0,0,0,0,0,0,0
120462,1,1,0,0,0,0,0,0,0,0,0,0
120462,2,1,0,0,0,0,0,0,0,0,0,0
120463,1,1,0,0,0,0,0,0,0,0,0,0
120464,1,1,0,0,0,0,0,0,0,0,0,0
120464,2,1,0,0,0,0,0,0,0,0,0,0
120465,1,1,0,0,0,0,0,0,0,0,0,0
120466,1,1,0,0,0,0,0,0,0,0,0,0
120466,2,1,0,0,0,0,0,0,0,0,0,0
120467,0,1,0,0,0,0,0,0,0,0,0,0
120467,1,1,0,0,0,0,0,0,0,0,0,0
120468,0,1,0,0,0,0,0,0,0,0,0,3
120468,1,1,0,0,0,0,0,0,0,0,0,0
120469,1,1,12,12,12,12,12,12,12,12,12,12
120469,2,1,0,0,0,0,0,0,0,0,25,16
120470,0,1,0,0,0,0,0,0,0,0,0,0
120470,1,1,0,0,0,0,0,0,0,0,0,0
120470,2,1,0,0,0,0,0,0,0,0,0,0
120471,1,1,0,0,0,0,0,0,0,0,0,0
120471,2,1,0,0,0,0,0,0,0,0,0,0
120472,0,1,0,0,0,12,0,0,0,0,0,0
120472,1,1,0,0,0,0,0,0,0,0,0,0
120473,1,1,9,9,9,9,9,9,9,9,9,9
120474,1,1,17,17,17,17,17,17,17,17,17,17
120474,2,1,16,16,16,16,16,16,16,16,16,16
120475,1,1,0,0,0,0,0,0,0,0,0,0
120475,2,1,0,0,0,0,0,0,0,0,0,0
120476,1,1,17,17,17,17,17,17,17,17,17,17
120477,1,1,0,0,0,0,0,0,0,0,0,0
120477,2,1,0,0,0,0,0,0,0,0,0,0
120479,1,1,22,22,22,22,22,22,22,22,22,22
120480,1,1,0,0,0,0,0,0,0,0,0,0
120481,0,1,15,15,15,15,15,15,15,15,15,15
120481,1,1,0,0,0,0,0,0,0,0,0,0
120482,1,1,0,0,0,0,0,0,0,0,0,0
120482,2,1,0,0,0,0,0,0,0,0,0,0
120482,3,1,0,0,0,0,0,0,0,0,0,0
120483,1,1,2,2,2,2,2,2,2,2,2,2
120483,2,1,0,0,0,0,0,0,0,0,0,0
120484,1,1,0,0,0,0,0,0,0,0,0,0
120485,1,1,16,16,16,16,16,16,16,16,16,16
120485,2,1,0,0,0,0,0,0,0,0,0,0
120486,1,1,0,0,0,0,0,0,0,0,0,0
120486,2,1,0,0,0,0,0,0,0,0,0,0
120486,3,1,0,0,0,0,0,0,0,0,0,0
120487,1,1,0,0,0,0,0,0,0,0,0,0
120487,2,1,0,0,0,0,0,0,0,0,0,0
120488,1,1,0,0,0,0,19,0,0,0,0,0
120489,1,1,20,20,20,20,20,20,20,20,20,20
120490,1,1,0,0,0,0,0,0,0,0,0,0
120490,2,1,0,0,0,0,0,0,0,0,0,0
120490,3,1,0,0,0,0,0,0,0,0,0,0
120491,1,1,2,2,2,2,2,2,2,2,2,2
120492,1,1,25,25,25,25,25,25,25,25,25,25
120493,1,1,0,0,0,0,0,0,0,0,0,0
120493,2,1,0,0,0,0,0,0,0,0,0,0
120493,3,1,0,0,0,0,0,0,0,0,0,0
120494,1,1,0,0,0,0,0,0,0,0,0,0
120494,2,1,0,0,0,0,0,0,0,0,0,0
120495,1,1,0,0,0,0,17,0,0,0,0,0
120495,2,1,0,0,0,0,0,0,0,0,0,0
120496,1,1,0,0,0,0,0,0,0,0,12,0
120497,1,1,0,0,0,0,0,0,0,0,0,0
120497,2,1,0,0,0,0,0,0,0,0,0,0
120498,1,1,0,0,0,0,0,0,0,0,0,0
120499,1,1,21,21,21,21,21,21,21,21,21,21
120500,1,1,0,0,0,0,0,0,0,0,0,0
120502,1,1,0,0,0,0,0,0,0,0,0,0
120502,2,1,0,0,0,0,0,0,0,0,0,0
120503,1,1,0,0,0,0,0,0,0,0,0,0
120504,1,1,0,0,0,0,0,0,0,0,0,0
120505,1,1,0,0,0,0,0,0,0,0,0,0
120506,0,1,0,0,0,0,0,0,0,0,0,0
120506,1,1,0,0,0,0,0,0,3,0,0,0
120507,1,1,0,0,0,0,0,0,0,0,0,0
120508,1,1,15,15,15,15,15,15,15,15,15,15
120509,0,1,19,19,19,19,19,19,19,19,19,19
120509,1,1,0,0,0,0,0,0,0,0,0,0
120510,1,1,0,0,0,0,0,0,0,0,0,0
120510,2,1,0,0,0,0,0,0,0,0,0,0
120511,1,1,15,22,0,0,0,0,0,0,0,30
120512,1,1,0,0,0,0,0,0,0,0,0,0
120513,0,1,2,2,2,2,2,2,2,2,2,2
120513,1,1,0,0,0,0,0,0,0,0,0,0
120514,0,1,0,0,0,0,0,0,0,0,0,0
120514,0,2,0,0,0,29,0,0,0,0,0,0
120514,1,1,0,0,0,0,0,0,0,0,0,0
120515,0,1,0,16,11,0,31,26,17,43,34,12
120515,1,1,0,0,0,12,19,0,0,0,0,0
120515,2,1,0,0,0,0,0,0,0,0,21,0
120516,0,1,0,0,0,0,0,0,0,0,0,0
120516,1,1,0,0,0,0,0,0,0,0,0,0
120517,0,1,0,0,0,0,0,0,0,0,0,0
120517,0,2,0,0,0,0,0,0,0,0,0,0
120517,1,1,0,0,0,0,0,0,0,0,0,0
120518,1,1,0,0,0,0,0,0,0,0,0,0
120518,2,1,0,0,0,0,0,0,0,0,0,0
120519,1,1,0,0,0,0,0,0,0,0,0,0
120519,2,1,0,0,0,0,0,0,0,0,0,0
120520,1,1,0,15,19,13,20,24,5,17,30,3
120520,2,1,0,0,0,0,0,0,0,0,0,0
120520,3,1,0,0,0,0,0,0,0,0,0,15
120520,4,1,0,0,0,0,0,0,0,0,0,0
120521,1,1,23,23,23,23,23,23,23,23,23,23
120521,2,1,27,0,0,0,0,0,0,0,0,0
120522,1,1,14,14,14,14,14,14,14,14,14,14
120523,0,1,0,0,0,0,0,0,0,0,0,0
120523,1,1,0,0,0,0,0,0,0,0,0,0
120524,1,1,2,2,2,2,2,2,2,2,2,2
120524,2,1,0,0,0,0,0,0,0,0,0,0
120525,1,1,0,0,0,0,0,0,0,0,0,0
120526,1,1,15,15,15,15,15,15,15,15,15,15
120526,2,1,0,0,0,0,0,0,0,0,0,0
120527,0,1,0,0,0,0,0,0,0,0,0,0
120527,1,1,0,0,0,0,0,0,0,0,0,0
120528,1,1,0,0,0,0,0,0,0,15,0,0
120530,1,1,0,0,0,0,0,0,0,0,0,0
120531,1,1,0,0,0,0,0,0,0,0,0,0
120531,2,1,0,0,0,0,0,0,0,0,0,0
120532,1,1,0,0,0,0,0,0,0,0,0,0
120532,2,1,0,0,0,0,0,0,0,0,0,0
120533,0,1,0,0,0,0,0,0,0,0,0,0
120533,1,1,0,0,0,0,0,0,0,0,0,0
120535,0,1,0,0,0,0,0,0,0,0,0,20
120535,1,1,0,0,0,0,0,0,0,0,0,0
120536,1,1,0,0,0,0,0,0,0,0,0,0
120536,2,1,8,36,30,0,0,0,17,0,13,0
120536,3,1,0,0,0,18,0,0,6,0,10,0
120537,1,1,0,0,0,0,0,0,0,0,0,0
120537,2,1,0,0,0,0,0,0,0,0,0,0
120538,1,1,12,12,12,12,12,12,12,12,12,12
120538,2,1,0,0,0,0,0,0,0,0,0,0
120539,1,1,0,0,0,7,0,0,0,0,31,0
120540,1,1,31,31,31,31,31,31,31,31,31,31
120541,1,1,2,2,2,2,2,2,2,2,2,2
120542,1,1,0,0,0,0,0,0,0,0,0,0
120543,1,1,19,19,19,19,19,19,19,19,19,19
120543,2,1,0,0,0,0,0,0,0,0,0,0
120545,1,1,0,0,0,0,0,0,0,0,0,0
120546,0,1,0,0,0,0,0,0,0,0,0,0
120546,1,1,0,0,0,0,0,0,0,0,0,0
120547,1,1,32,32,32,32,32,32,32,32,32,32
120547,2,1,0,0,0,0,0,0,0,0,0,0
120548,1,1,11,11,11,11,11,11,11,11,11,11
120550,1,1,0,10,0,7,10,13,9,0,19,7
120551,1,1,0,0,0,0,0,0,0,0,0,0
120552,1,1,0,0,0,0,0,0,0,0,0,0
120552,2,1,0,0,0,0,0,0,0,0,0,0
120552,3,1,0,0,0,0,0,0,0,0,0,0
120552,4,1,0,0,0,0,0,0,0,0,0,0
120552,5,1,0,0,0,0,0,0,0,0,0,0
120552,6,1,0,0,0,0,0,0,0,0,0,0
120553,1,1,0,0,0,0,0,0,0,0,0,0
120554,1,1,0,0,0,0,0,0,0,0,0,0
120554,2,1,0,0,0,0,0,0,0,0,0,0
120555,1,1,0,0,0,0,0,0,0,0,0,0
120556,0,1,0,0,0,0,0,17,19,0,0,0
120556,1,1,0,22,0,0,0,0,0,0,0,14
120557,1,1,0,0,0,0,0,0,0,0,0,0
120558,1,1,0,0,0,0,0,0,0,0,0,0
120560,1,1,0,0,0,0,0,0,0,0,0,0
120560,2,1,0,0,0,0,0,11,0,0,0,0
120560,3,1,0,0,0,0,0,0,0,0,0,0
120561,1,1,0,0,0,0,0,0,0,0,0,0
120562,0,1,0,0,0,0,0,0,0,0,0,0
120562,1,1,0,0,0,0,0,0,0,22,0,0
120563,0,1,0,0,0,0,0,0,0,0,0,0
120563,1,1,0,0,0,0,0,0,9,0,0,0
120564,0,1,0,0,0,0,0,0,0,0,0,0
120564,1,1,0,0,0,0,0,0,0,0,0,0
120565,0,1,32,32,32,32,32,32,32,32,32,32
120565,1,1,0,0,0,0,0,0,0,0,0,0
120566,0,1,0,0,0,0,0,0,0,0,0,0
120566,1,1,0,0,0,0,0,0,0,0,0,0
120567,1,1,0,0,0,7,0,0,0,0,0,0
120568,1,2,23,23,23,23,23,23,23,23,23,23
120569,1,1,12,12,12,12,12,12,12,12,12,12
120570,0,1,0,0,0,0,0,0,0,8,0,15
120570,1,1,0,0,0,0,0,0,0,0,0,0
120571,1,1,0,0,0,0,0,0,0,0,0,0
120571,2,1,0,0,0,0,0,0,0,0,0,0
120571,3,1,0,0,0,0,0,0,0,0,0,0
120573,0,1,0,0,0,47,0,0,0,0,0,0
120573,1,1,0,0,0,0,0,0,0,0,0,0
120574,1,1,0,0,0,0,0,0,0,0,0,0
120575,1,1,0,0,0,0,0,0,0,0,0,0
120575,2,1,0,0,0,0,0,0,0,0,0,0
120575,3,1,0,0,0,0,0,0,0,0,0,0
120576,1,1,0,0,0,0,0,0,0,0,0,0
120576,2,1,0,0,0,0,0,0,0,0,0,0
120576,3,1,0,0,0,0,0,0,0,0,0,0
120577,0,1,0,0,0,0,0,0,0,0,0,0
120577,1,1,0,0,0,0,0,0,0,0,0,0
120578,0,1,0,0,0,0,0,0,0,0,0,0
120578,1,1,0,0,0,0,0,0,0,0,0,0
120579,1,1,0,0,0,0,0,0,0,0,0,0
120580,0,1,0,0,0,0,0,0,0,0,0,0
120580,1,1,0,0,0,0,0,0,0,0,0,0
120581,1,1,0,0,0,0,0,0,0,0,0,0
120581,2,1,0,0,0,0,0,0,0,0,0,0
120582,1,1,0,0,0,0,0,1,0,0,0,0
120583,1,1,0,0,0,0,0,0,0,0,0,0
120583,2,1,0,0,0,0,0,0,0,0,0,0
120583,3,1,0,0,0,0,0,0,0,0,0,0
120583,4,1,0,0,0,0,0,0,0,0,0,0
120584,1,1,0,0,0,0,0,24,29,0,4,0
120584,2,1,13,0,0,0,0,0,0,0,0,6
120585,1,1,0,0,0,0,0,0,0,0,0,0
120585,2,1,0,0,0,0,0,0,0,0,0,0
120586,1,1,0,0,0,0,0,0,0,0,0,0
120586,2,1,0,0,0,0,0,22,0,0,0,0
120587,1,1,0,0,0,0,0,0,0,0,0,0
120587,2,1,0,0,0,0,0,0,0,0,0,0
120588,1,1,18,18,18,18,18,18,18,18,18,18
120589,1,1,0,0,0,0,0,0,0,8,0,0
120589,2,1,0,0,0,0,0,0,0,0,0,0
120590,1,1,0,0,0,0,0,0,0,0,0,0
120590,2,1,0,10,0,0,0,0,0,16,0,0
120591,1,1,11,11,11,11,11,11,11,11,11,11
120592,1,1,13,13,13,13,13,13,13,13,13,13
120592,2,1,6,6,6,6,6,6,6,6,6,6
120592,3,1,0,0,0,0,0,0,0,0,0,0
120592,4,1,0,0,0,0,0,0,16,0,0,0
120593,1,1,22,22,22,22,22,22,22,22,22,22
120594,1,1,17,17,17,17,17,17,17,17,17,17
120595,1,1,0,0,0,0,0,0,0,0,0,0
120595,2,1,0,0,0,0,0,0,0,0,0,0
120596,0,1,0,0,0,0,0,0,0,0,0,0
120596,1,1,0,0,0,0,0,0,0,0,0,0
120597,1,1,0,0,0,0,0,0,0,0,0,0
120598,0,1,29,29,29,29,29,29,29,29,29,29
120598,1,1,0,0,0,0,0,0,0,0,0,0
120599,0,1,0,0,0,15,0,0,7,0,0,0
120599,1,1,0,0,0,0,0,0,0,0,0,0
120600,1,1,0,0,0,0,0,0,0,0,0,0
120601,1,1,0,0,0,0,0,0,0,0,0,0
120601,2,1,0,0,0,0,0,0,0,0,0,0
120602,1,1,19,19,19,19,19,19,19,19,19,19
120603,1,1,0,0,8,0,0,0,0,0,0,0
120604,1,1,12,12,12,12,12,12,12,12,12,12
120605,1,1,0,0,0,0,0,0,9,0,0,0
120605,2,1,12,12,12,12,12,12,12,12,12,12
120606,0,1,9,9,9,9,9,9,9,9,9,9
120606,1,1,0,0,0,0,0,0,0,0,0,0
120607,1,1,0,0,0,0,0,0,0,0,0,0
120608,1,1,0,0,0,0,0,0,0,0,0,0
120608,2,1,0,0,0,0,0,0,0,0,0,0
120609,1,1,0,0,0,0,0,0,0,0,0,0
120610,1,1,27,27,27,27,27,27,27,27,27,27
120610,2,1,0,0,0,0,0,0,0,4,5,0
120611,1,1,2,2,2,2,2,2,2,2,2,2
120612,1,1,0,0,0,0,0,0,0,0,0,0
120612,2,1,0,0,0,0,0,0,0,0,0,0
120613,1,1,0,0,0,0,0,0,0,0,0,0
120613,2,1,0,0,0,0,0,0,0,0,0,0
120615,1,1,13,13,13,13,13,13,13,13,13,13
120616,1,1,0,0,0,0,17,0,0,0,0,31
120616,2,1,0,0,0,0,0,0,0,0,19,0
120617,1,1,0,0,0,0,0,0,0,0,0,0
120617,2,1,0,0,0,0,0,0,0,0,0,0
120618,0,1,15,15,15,15,15,15,15,15,15,15
120618,1,1,0,0,0,0,0,0,0,0,0,0
120619,0,1,10,22,21,43,43,0,31,14,31,27
120619,1,1,0,0,16,0,0,9,0,11,0,0
120620,1,1,0,0,0,0,0,0,0,0,0,0
120620,2,1,10,10,10,10,10,10,10,10,10,10
120621,1,1,21,21,21,21,21,21,21,21,21,21
120622,1,1,0,0,0,0,0,0,0,0,0,0
120622,2,1,0,16,0,0,0,0,0,0,0,0
120622,3,1,0,0,0,0,0,0,0,0,0,0
120623,1,1,0,27,0,0,0,15,9,0,24,7
120623,2,1,0,0,0,0,0,0,0,0,0,0
120623,3,1,0,0,0,0,0,0,0,0,0,0
120624,1,1,0,0,0,0,0,0,0,0,0,0
120624,2,1,0,0,0,0,0,0,0,0,3,0
120625,0,1,0,0,0,0,0,0,0,15,0,0
120625,1,1,0,0,0,0,0,0,0,0,0,0
120626,1,1,12,12,12,12,12,12,12,12,12,12
120627,1,1,0,0,0,0,0,0,0,0,0,0
120628,1,1,0,0,0,0,0,0,0,0,0,0
120628,2,1,0,0,0,0,0,0,0,0,0,0
120629,1,1,15,15,15,15,15,15,15,15,15,15
120630,1,1,1,1,1,1,1,1,1,1,1,1
120631,1,1,19,19,19,19,19,19,19,19,19,19
120632,1,1,15,15,15,15,15,15,15,15,15,15
120633,1,1,18,18,18,18,18,18,18,18,18,18
120634,1,1,0,14,0,0,0,0,30,15,0,18
120635,1,1,0,0,0,0,0,0,0,0,0,0
120636,1,1,0,0,0,11,20,3,0,0,0,0
120637,1,1,0,0,0,0,0,0,0,0,0,0
120637,2,1,0,0,0,0,0,0,0,0,0,0
120638,1,1,0,0,0,0,0,0,0,0,0,0
120639,1,1,0,0,0,0,24,17,0,0,0,0
120639,2,1,0,0,0,0,0,0,0,0,0,0
120640,1,1,0,0,0,0,0,0,0,0,0,0
120640,2,1,0,0,0,0,0,0,0,0,0,0
120641,1,1,0,0,0,0,0,0,0,0,0,0
120641,2,1,0,0,0,0,0,0,0,0,0,0
120641,3,1,0,0,0,0,0,0,0,0,0,0
120642,1,1,8,8,8,8,8,8,8,8,8,8
120643,1,1,14,14,14,14,14,14,14,14,14,14
120644,1,1,25,25,25,25,25,25,25,25,25,25
120644,2,1,0,0,0,0,0,0,0,0,0,0
120645,1,1,0,0,0,0,0,0,0,0,0,0
120645,2,1,0,0,0,0,0,0,0,0,0,0
120646,1,1,0,0,0,0,0,0,0,0,0,0
120646,3,1,0,0,0,0,0,0,0,0,0,0
120647,1,1,0,0,0,0,11,0,0,0,0,0
120647,2,1,0,0,0,0,0,0,0,0,0,0
120648,0,1,9,9,9,9,9,9,9,9,9,9
120648,1,1,0,0,0,0,0,0,0,0,0,0
120649,1,1,17,17,17,17,17,17,17,17,17,17
120650,1,1,0,0,0,0,0,0,0,0,0,0
120650,2,1,0,0,0,0,0,0,0,0,0,0
120651,1,1,0,0,0,0,0,0,0,0,0,0
120651,2,1,0,0,0,0,0,0,0,0,0,0