ST_CASE,VEH_NO,PER_NO,P1,P2,P3,P4,P5,P6,P7,P8,P9,P10
120652,0,1,21,21,21,21,21,21,21,21,21,21
120652,1,1,0,0,0,0,0,0,0,0,29,0
120652,2,1,0,0,21,0,0,0,0,0,0,0
120653,1,1,0,0,0,0,0,0,0,0,0,0
120653,2,1,0,0,0,0,0,0,0,0,0,0
120654,1,1,19,19,19,19,19,19,19,19,19,19
120655,1,1,0,0,0,0,0,0,0,0,0,0
120656,1,1,3,3,3,3,3,3,3,3,3,3
120656,2,1,0,0,0,0,0,12,0,0,0,0
120657,1,1,0,0,14,0,15,0,0,0,0,0
120657,2,1,0,9,0,0,0,0,0,0,9,0
120658,1,1,8,8,8,8,8,8,8,8,8,8
120658,2,1,0,0,0,7,0,0,0,0,5,0
120659,1,1,0,0,0,0,0,0,0,0,0,0
120661,0,1,0,0,0,0,0,0,0,0,0,0
120661,1,1,0,0,0,0,0,0,0,0,0,0
120662,0,1,0,0,0,0,0,0,0,0,0,0
120662,1,1,13,13,13,13,13,13,13,13,13,13
120663,1,1,4,4,4,4,4,4,4,4,4,4
120663,2,1,0,12,26,8,0,16,0,0,1,17
120664,1,1,14,14,14,14,14,14,14,14,14,14
120665,0,1,0,0,0,0,0,0,0,0,0,0
120665,1,1,0,0,0,0,0,0,0,0,0,0
120666,1,1,26,5,10,22,0,12,13,14,23,29
120666,2,1,0,0,0,0,0,0,0,0,0,0
120668,1,1,0,0,0,0,0,0,0,0,27,0
120668,2,1,0,0,0,0,0,0,0,0,0,0
120669,1,1,0,0,0,0,0,0,0,31,0,0
120669,2,1,0,0,0,0,0,0,0,0,0,0
120670,1,1,6,6,6,6,6,6,6,6,6,6
120671,1,1,0,0,0,0,0,0,0,0,0,0
120671,2,1,0,0,0,0,0,0,0,0,0,0
120672,0,1,0,0,0,0,0,0,0,0,0,0
120672,1,1,0,0,0,0,0,0,0,0,0,0
120673,0,1,0,0,0,0,0,0,0,0,0,0
120673,1,1,21,0,0,0,0,0,0,19,0,12
120674,1,1,15,15,15,15,15,15,15,15,15,15
120675,0,1,35,35,35,35,35,35,35,35,35,35
120675,1,1,0,0,0,0,0,0,0,0,0,0
120676,1,1,0,0,0,0,0,0,0,0,0,0
120677,1,1,0,0,0,0,0,0,0,0,0,0
120678,0,1,13,13,13,13,13,13,13,13,13,13
120678,1,1,0,0,0,15,0,0,0,20,0,0
120678,2,1,0,0,22,0,0,0,0,0,0,0
120679,1,1,19,19,19,19,19,19,19,19,19,19
120679,2,1,0,0,0,0,0,0,0,0,6,0
120680,1,1,8,8,8,8,8,8,8,8,8,8
120680,2,1,0,0,0,0,0,0,0,0,0,0
120681,1,1,16,16,16,16,16,16,16,16,16,16
120681,2,1,0,0,0,0,0,0,0,0,0,0
120681,3,1,0,0,0,0,0,0,0,0,12,0
120682,1,1,0,0,0,0,0,0,0,0,0,0
120684,1,1,0,0,0,8,0,0,0,0,0,0
120684,2,1,0,0,0,0,0,0,0,0,0,0
120685,1,1,0,0,0,0,0,0,0,0,0,0
120685,2,1,0,0,0,0,0,0,0,0,0,0
120685,3,1,0,0,0,0,0,0,0,0,0,0
120685,4,1,15,15,15,15,15,15,15,15,15,15
120686,1,1,0,0,0,0,0,0,0,0,0,0
120686,2,1,0,0,0,0,0,0,0,0,0,0
120687,1,1,0,0,0,13,0,0,0,0,0,0
120687,2,1,0,0,0,0,0,0,0,0,18,0
120688,1,1,0,0,0,0,0,0,0,16,0,0
120688,2,1,0,0,0,0,0,0,0,0,0,0
120689,1,1,0,0,0,0,0,0,0,0,0,0
120689,2,1,0,0,0,0,0,0,0,0,0,0
120690,1,1,0,0,0,0,0,0,7,0,0,0
120691,1,1,0,0,0,0,0,0,0,0,0,0
120692,1,1,0,0,0,0,0,0,0,0,0,0
120692,3,1,0,22,0,0,13,0,0,0,0,0
120693,0,1,0,0,0,0,0,0,0,0,0,0
120693,1,1,16,0,0,0,0,0,0,0,0,0
120694,1,1,0,0,0,0,0,0,0,0,0,0
120694,2,1,0,0,0,0,0,0,0,0,0,0
120695,0,1,0,0,0,0,0,0,0,0,0,0
120695,1,1,0,0,0,0,0,0,0,0,0,0
120696,1,1,0,8,12,17,21,36,12,13,15,21
120697,1,1,0,0,0,0,0,0,0,0,0,0
120698,0,1,7,7,7,7,7,7,7,7,7,7
120698,1,1,0,0,0,0,0,0,0,0,0,0
120698,2,1,0,0,0,0,0,0,0,0,0,0
120698,3,1,0,0,0,0,0,0,0,0,0,0
120699,1,1,0,0,0,0,0,0,14,0,0,0
120700,0,1,0,0,0,0,0,0,0,0,0,0
120700,1,1,7,0,23,0,19,4,0,0,12,0
120701,1,1,23,0,0,0,0,0,0,0,0,0
120701,2,1,0,0,0,0,0,0,0,0,0,0
120702,1,1,15,0,0,0,0,0,0,0,0,0
120702,2,1,0,0,0,0,0,0,0,0,0,0
120703,1,1,0,0,0,0,0,0,0,0,0,0
120704,1,1,0,0,0,0,0,0,0,0,0,0
120704,2,1,0,0,0,0,0,0,0,11,0,0
120705,1,1,0,0,0,0,0,0,0,0,0,0
120705,2,1,0,0,0,0,0,0,0,0,0,0
120705,3,1,0,0,0,0,0,0,0,0,0,0
120707,1,1,0,0,0,0,0,0,0,0,0,0
120707,2,1,0,0,0,0,0,0,0,0,0,0
120707,3,1,0,0,0,0,0,0,0,0,0,0
120708,1,1,0,0,0,0,0,0,0,0,0,0
120708,2,1,0,0,0,0,0,0,0,0,0,0
120709,0,1,0,0,0,0,0,0,0,23,0,0
120709,1,1,0,0,0,0,0,0,0,0,0,0
120710,1,1,11,11,11,11,11,11,11,11,11,11
120711,1,1,0,0,0,0,0,0,0,0,0,0
120711,2,1,0,0,0,0,0,0,0,0,0,0
120712,1,1,0,0,0,0,0,0,0,0,14,0
120712,2,1,10,0,0,0,0,5,0,0,0,0
120713,1,1,10,10,10,10,10,10,10,10,10,10
120714,1,1,0,0,0,0,0,0,0,0,0,0
120715,1,1,0,0,0,0,0,0,0,0,0,0
120716,0,1,0,0,0,0,0,0,0,0,0,0
120716,1,1,0,0,0,0,0,0,0,0,0,0
120717,1,1,0,0,0,0,0,0,0,0,0,0
120718,1,1,18,18,18,18,18,18,18,18,18,18
120718,2,1,0,0,0,9,0,0,0,20,0,6
120719,0,1,0,21,0,0,15,0,18,10,32,22
120719,1,1,17,17,17,17,17,17,17,17,17,17
120720,1,1,0,0,0,0,0,0,0,0,0,0
120721,1,1,0,0,0,0,0,0,0,0,0,0
120721,2,1,0,0,0,0,0,0,0,0,0,0
120722,0,1,30,30,30,30,30,30,30,30,30,30
120722,1,1,0,0,0,0,0,0,0,0,0,0
120723,1,1,0,0,0,0,0,0,0,0,0,0
120724,0,1,30,30,30,30,30,30,30,30,30,30
120724,1,1,0,0,0,0,0,0,0,0,0,0
120725,0,1,0,0,0,0,0,0,0,0,0,0
120725,1,1,0,0,0,0,0,0,0,0,0,0
120726,1,1,0,0,0,17,8,0,12,14,12,0
120727,1,1,0,0,0,0,0,0,0,0,0,0
120727,2,1,0,0,0,0,0,0,0,0,0,0
120728,1,1,0,0,6,0,11,0,0,0,0,0
120730,0,1,20,0,21,24,19,4,32,35,0,0
120730,1,1,0,0,0,0,0,0,0,0,0,0
120731,1,1,0,0,0,0,0,0,0,0,0,0
120731,2,1,0,0,0,0,0,0,0,0,0,0
120731,3,1,0,0,0,0,14,0,0,0,0,0
120732,0,1,0,0,0,0,0,0,0,0,12,0
120732,1,1,12,12,12,12,12,12,12,12,12,12
120733,0,1,0,0,0,0,0,0,0,0,0,0
120733,1,1,0,0,0,0,0,0,0,0,0,0
120734,1,1,0,0,0,0,0,0,0,0,0,0
120734,2,1,0,0,0,0,0,0,0,0,0,0
120735,0,1,0,0,0,0,0,0,0,0,0,0
120735,0,2,0,0,0,0,0,0,0,0,0,0
120735,1,1,0,0,0,0,10,0,0,0,0,0
120736,1,1,7,7,7,7,7,7,7,7,7,7
120736,2,1,0,0,0,0,9,0,0,0,0,0
120737,1,1,16,16,16,16,16,16,16,16,16,16
120737,2,1,0,0,0,0,0,0,0,0,0,0
120737,3,1,0,0,0,0,0,0,0,0,0,0
120738,0,1,0,16,0,10,0,0,19,0,0,18
120738,1,1,0,0,7,0,0,0,0,0,0,0
120739,1,1,0,0,0,0,0,0,0,0,0,6
120739,2,1,0,0,0,0,0,0,0,0,0,0
120740,0,1,0,0,12,0,0,0,15,0,0,0
120740,1,1,0,0,0,0,0,0,0,0,0,0
120741,1,1,10,10,10,10,10,10,10,10,10,10
120743,0,1,0,0,0,0,0,17,0,0,0,0
120743,1,1,0,0,0,0,0,0,0,11,0,0
120744,0,1,0,0,0,0,0,0,0,0,19,0
120744,1,1,15,0,0,8,0,0,0,0,0,0
120745,0,1,0,0,0,0,0,0,0,0,0,0
120745,1,1,0,0,0,0,0,0,0,0,0,0
120747,1,1,0,0,0,14,0,0,0,0,0,0
120748,1,1,0,0,0,5,0,0,0,16,0,0
120749,0,1,0,0,0,0,0,0,0,0,0,21
120749,1,1,0,6,0,0,0,0,0,0,0,0
120750,1,1,0,0,0,0,0,0,0,0,0,0
120751,1,1,0,0,0,0,0,0,0,0,0,0
120751,2,1,13,0,0,0,0,0,0,0,0,0
120751,3,1,0,0,0,0,0,0,0,0,0,0
120751,4,1,0,0,0,0,0,0,0,0,0,0
120753,1,1,0,0,0,0,0,0,0,21,0,0
120753,2,1,0,0,0,0,0,0,0,0,0,0
120754,1,1,0,0,0,0,0,0,0,0,0,0
120754,2,1,0,0,2,0,0,0,0,0,0,0
120755,1,1,0,0,0,13,0,0,10,12,0,0
120756,1,1,0,0,0,0,0,0,0,0,0,0
120756,2,1,0,0,0,0,0,0,0,0,0,0
120757,1,1,25,25,25,25,25,25,25,25,25,25
120757,2,1,0,0,0,0,0,0,0,19,15,0
120757,3,1,0,0,0,0,0,0,0,0,0,0
120757,4,1,0,0,0,0,0,0,0,0,0,0
120758,1,1,0,0,0,0,0,11,0,31,0,0
120758,2,1,0,0,0,0,0,0,0,0,0,0
120759,1,1,18,18,18,18,18,18,18,18,18,18
120760,1,1,0,0,0,0,0,0,0,0,0,0
120760,2,1,0,0,0,0,0,0,0,13,0,0
120761,0,1,0,0,0,0,0,0,0,0,0,0
120761,1,1,0,0,0,0,0,0,0,0,0,0
120762,1,1,0,0,0,0,0,0,0,0,0,0
120762,2,1,0,0,0,0,0,0,0,0,0,0
120763,1,1,0,0,0,0,0,0,0,0,0,0
120763,2,1,0,0,0,0,0,0,0,0,0,0
120764,1,1,5,5,5,5,5,5,5,5,5,5
120765,1,1,4,4,4,4,4,4,4,4,4,4
120766,1,1,10,10,10,10,10,10,10,10,10,10
120767,1,1,0,0,0,0,0,0,0,0,0,0
120767,2,1,15,0,27,33,0,0,0,0,0,15
120768,1,1,0,0,0,0,3,0,0,0,0,9
120769,1,1,0,0,0,0,0,0,0,0,0,0
120770,1,1,12,12,12,12,12,12,12,12,12,12
120771,0,1,26,26,26,26,26,26,26,26,26,26
120771,1,1,35,35,35,35,35,35,35,35,35,35
120772,1,1,0,0,0,0,0,0,0,0,0,0
120773,1,1,0,0,0,0,0,0,0,0,0,0
120773,2,1,0,0,0,0,0,0,0,0,0,0
120774,1,1,0,0,0,0,0,0,0,0,0,0
120775,0,1,0,0,0,0,0,0,0,0,0,0
120775,1,1,0,0,23,0,0,0,0,0,0,0
120776,1,1,0,0,0,0,0,0,0,0,0,0
120777,0,1,41,41,41,41,41,41,41,41,41,41
120777,1,1,0,0,0,0,0,0,0,0,0,0
120778,1,1,17,17,17,17,17,17,17,17,17,17
120779,1,1,18,18,18,18,18,18,18,18,18,18
120780,1,1,4,0,0,0,0,0,0,0,0,0
120781,0,1,12,18,19,19,0,0,27,0,17,0
120781,1,1,0,0,0,0,0,0,0,0,0,0
120782,1,1,0,0,0,0,0,0,0,0,0,0
120783,1,1,0,0,0,0,0,0,0,0,0,0
120784,1,1,0,0,0,0,0,0,0,0,0,0
120785,0,1,25,0,0,0,22,22,20,0,24,24
120785,0,2,24,0,23,32,0,0,0,0,26,30
120785,2,1,37,0,18,0,0,16,10,0,6,12
120786,0,1,31,31,31,31,31,31,31,31,31,31
120786,1,1,0,0,0,0,0,0,0,0,0,0
120787,1,1,0,0,0,0,0,0,0,0,0,0
120788,1,1,0,0,0,0,0,0,0,0,0,0
120788,2,1,0,0,0,0,0,0,0,0,0,0
120789,0,1,0,18,0,11,0,25,0,15,0,0
120789,1,1,22,22,22,22,22,22,22,22,22,22
120789,2,1,0,0,0,0,0,0,0,0,0,0
120789,3,1,0,0,15,0,12,15,0,0,11,5
120789,4,1,0,0,0,0,0,0,0,0,0,0
120790,1,1,0,0,0,0,0,0,0,0,0,0
120790,2,1,0,0,0,0,11,0,0,0,0,0
120791,1,1,16,16,16,16,16,16,16,16,16,16
120791,2,1,0,0,0,0,0,0,0,0,0,0
120792,1,1,7,7,7,7,7,7,7,7,7,7
120792,2,1,4,4,4,4,4,4,4,4,4,4
120793,0,1,11,11,11,11,11,11,11,11,11,11
120793,1,1,0,0,0,0,0,0,0,0,26,0
120794,1,1,0,0,0,0,0,0,0,0,0,0
120794,2,1,0,0,0,0,0,0,0,0,0,0
120795,1,1,26,26,26,26,26,26,26,26,26,26
120796,1,1,0,0,0,12,0,0,0,0,0,0
120797,1,1,0,0,0,0,0,0,0,0,0,0
120797,2,1,0,0,0,0,0,0,0,0,0,0
120797,3,1,0,0,25,0,0,0,0,0,0,26
120798,1,1,0,0,0,0,0,0,0,0,0,0
120798,2,1,0,0,0,0,0,0,0,0,0,0
120799,0,1,0,0,0,0,0,0,0,0,0,0
120799,1,1,0,0,0,0,0,0,0,0,0,0
120800,1,1,0,0,11,0,0,0,0,0,0,26
120800,2,1,0,0,0,0,0,0,0,0,0,0
120801,0,1,0,0,0,0,0,0,0,0,0,0
120801,1,1,5,24,17,0,0,0,0,0,17,0
120802,1,1,12,12,12,12,12,12,12,12,12,12
120803,0,1,10,0,0,0,0,18,0,0,0,0
120803,1,1,0,0,0,0,0,0,0,0,0,0
120804,0,1,0,0,0,0,0,0,0,0,0,0
120804,1,1,0,0,0,0,0,0,0,0,0,0
120805,1,1,0,0,0,0,0,0,0,0,0,0
120805,2,1,0,0,0,0,0,0,0,0,0,0
120806,1,1,0,0,0,0,0,0,0,0,18,0
120806,2,1,0,0,0,0,0,0,0,0,0,0
120806,3,1,0,0,0,0,0,0,0,0,0,0
120807,1,1,0,0,0,0,0,0,0,0,0,0
120807,2,1,0,0,0,0,0,0,0,0,0,0
120808,1,1,12,12,12,12,12,12,12,12,12,12
120809,0,1,0,0,0,0,0,0,0,0,0,0
120809,1,1,0,0,0,0,0,0,0,0,0,0
120810,1,1,13,13,13,13,13,13,13,13,13,13
120810,2,1,0,15,0,6,0,0,21,0,0,0
120811,1,1,0,0,0,0,0,0,0,0,0,0
120811,2,1,0,0,0,0,0,0,0,0,0,0
120812,1,1,0,0,0,20,0,0,0,0,0,0
120812,2,1,0,0,0,0,0,0,0,0,0,0
120812,3,1,0,0,0,0,0,14,0,0,0,0
120812,4,1,0,0,12,0,0,0,0,0,0,0
120813,1,1,0,0,0,0,0,0,0,0,0,0
120813,2,1,0,0,0,0,0,0,0,0,0,0
120814,1,1,0,0,0,15,0,0,0,0,0,0
120814,2,1,0,0,0,0,0,0,0,0,0,0
120815,0,1,1,1,1,1,1,1,1,1,1,1
120815,1,1,0,0,0,11,0,0,0,0,0,0
120816,1,1,0,0,0,0,0,16,11,0,0,29
120816,2,1,0,0,0,0,0,0,0,0,0,0
120817,1,1,0,0,0,0,0,0,0,0,0,0
120817,2,1,0,0,0,0,0,0,0,0,4,0
120818,1,1,0,0,0,0,0,0,0,0,0,0
120818,2,1,0,0,0,0,0,0,0,0,0,0
120819,0,1,0,0,0,0,0,0,0,0,0,0
120819,1,1,0,0,0,0,0,0,0,0,0,0
120820,1,1,9,9,9,9,9,9,9,9,9,9
120821,1,1,0,0,0,0,0,0,0,0,0,0
120821,2,1,0,0,0,0,0,0,0,0,0,0
120822,0,1,32,32,32,32,32,32,32,32,32,32
120822,1,1,0,0,0,0,0,0,0,0,0,0
120823,1,1,0,0,0,0,0,0,0,0,0,0
120824,1,1,0,0,0,0,0,0,0,0,0,0
120825,1,1,0,0,0,0,0,0,0,0,0,0
120825,2,1,0,0,0,0,0,0,0,0,14,0
120826,1,1,4,4,4,4,4,4,4,4,4,4
120827,1,1,28,28,28,28,28,28,28,28,28,28
120827,2,1,0,0,0,0,0,0,0,0,0,0
120828,1,1,0,0,0,0,0,0,0,0,0,0
120829,1,1,0,0,0,0,0,0,0,0,0,0
120830,1,1,0,0,0,0,0,0,0,0,0,0
120831,1,1,0,0,0,0,0,0,0,0,0,0
120831,2,1,0,0,0,0,0,0,0,0,0,0
120832,0,1,0,0,0,0,0,0,0,0,0,0
120832,1,1,0,0,0,0,0,0,0,0,0,0
120833,1,1,0,0,0,0,0,0,0,0,0,0
120834,1,1,0,0,0,0,0,0,0,0,0,0
120835,1,1,23,23,23,23,23,23,23,23,23,23
120836,0,1,0,0,6,0,0,27,0,0,0,31
120836,1,1,0,0,0,0,0,0,0,0,0,0
120837,0,1,0,0,0,0,0,0,0,0,0,0
120837,1,1,0,0,0,0,0,0,0,0,0,0
120838,1,1,0,0,0,0,0,0,0,0,0,0
120838,2,1,0,0,0,0,0,0,0,0,0,0
120839,1,1,11,11,11,11,11,11,11,11,11,11
120840,1,1,3,0,0,0,0,0,0,27,0,0
120840,2,1,0,0,0,0,0,0,0,0,0,0
120841,1,1,0,0,0,0,0,0,0,0,0,0
120842,1,1,0,0,0,0,0,0,0,0,0,12
120843,0,1,19,19,19,19,19,19,19,19,19,19
120843,1,1,0,0,0,0,0,0,0,0,0,0
120844,1,1,0,0,0,5,0,0,0,0,0,0
120845,1,1,0,0,0,0,0,0,0,0,0,0
120845,2,1,0,0,0,0,0,0,0,0,0,0
120846,1,1,21,21,21,21,21,21,21,21,21,21
120846,2,1,0,0,21,0,0,0,0,0,0,0
120847,1,1,0,0,0,0,0,0,0,7,0,0
120847,2,1,0,0,14,0,11,0,0,0,0,0
120848,0,1,14,14,14,14,14,14,14,14,14,14
120848,1,1,0,0,0,30,14,0,0,8,0,0
120849,1,1,0,0,0,0,0,0,0,0,0,0
120849,2,1,0,0,0,0,0,0,0,0,0,0
120850,1,1,0,22,17,7,13,6,20,32,0,0
120850,2,1,0,0,23,0,13,23,0,11,0,4
120850,3,1,0,0,0,0,0,0,0,0,0,0
120851,1,1,0,0,0,0,31,0,17,0,0,0
120852,1,1,0,0,0,0,0,0,0,0,0,0
120853,0,1,47,24,36,0,19,24,9,0,18,0
120853,1,1,0,0,0,0,0,0,14,0,0,0
120854,1,1,0,0,0,0,0,0,0,0,0,0
120855,0,1,33,0,15,0,0,0,23,19,0,16
120855,1,1,0,0,0,19,6,0,0,0,0,0
120857,0,1,0,11,0,28,11,0,0,0,0,0
120857,1,1,0,0,0,0,0,0,0,0,0,0
120858,1,1,0,0,0,0,0,0,0,0,0,0
120858,2,1,0,0,0,0,0,0,0,0,0,0
120859,1,1,0,0,0,0,0,0,0,0,0,0
120860,1,1,23,23,23,23,23,23,23,23,23,23
120860,2,1,4,4,4,4,4,4,4,4,4,4
120861,0,1,0,0,0,35,24,19,5,0,0,11
120861,1,1,0,0,0,0,0,0,0,13,0,0
120862,1,1,23,23,23,23,23,23,23,23,23,23
120863,0,1,0,0,0,0,0,0,0,0,0,0
120863,1,1,0,0,0,0,0,0,0,0,0,0
120864,0,1,0,0,0,0,0,0,0,0,0,0
120864,1,1,0,0,0,0,0,0,0,0,0,0
120865,1,1,0,0,0,0,0,0,0,0,0,0
120865,2,1,0,0,0,0,0,0,0,0,0,0
120866,1,1,2,2,2,2,2,2,2,2,2,2
120866,2,1,0,0,0,0,0,0,0,0,0,0
120867,1,1,0,0,0,0,0,0,0,0,0,0
120868,1,1,0,0,0,0,0,0,0,0,0,0
120868,2,1,0,0,0,0,0,0,0,0,0,0
120869,1,1,0,0,0,0,0,0,0,11,0,0
120870,0,1,18,18,18,18,18,18,18,18,18,18
120870,1,1,0,0,0,0,0,0,0,0,0,0
120871,1,1,0,0,0,0,0,0,0,0,0,0
120872,1,1,0,0,0,0,0,0,0,0,0,0
120873,1,1,0,0,0,0,0,0,0,0,0,0
120873,2,1,0,0,0,0,0,0,0,0,0,0
120873,3,1,0,0,0,0,0,0,0,0,0,0
120873,4,1,0,0,0,0,0,0,0,0,0,0
120873,5,1,0,0,0,0,0,0,0,0,0,0
120874,1,1,0,0,0,0,0,0,0,0,0,0
120875,1,1,0,0,0,0,0,0,0,0,0,0
120875,2,1,8,0,0,7,0,0,13,0,0,8
120876,0,1,30,30,30,30,30,30,30,30,30,30
120876,1,1,0,0,0,0,0,0,0,0,0,0
120877,0,1,0,0,0,0,0,0,0,0,0,0
120877,1,1,0,0,0,0,0,0,0,0,0,0
120877,2,1,0,0,0,0,0,0,0,0,0,0
120877,3,1,7,0,0,0,0,0,0,0,0,0
120878,1,1,0,0,0,0,0,0,0,0,0,0
120878,2,1,0,0,0,0,0,0,0,0,0,0
120879,1,1,2,2,2,2,2,2,2,2,2,2
120879,2,1,0,0,0,0,0,0,0,0,0,0
120880,1,1,0,0,0,0,0,0,0,0,0,0
120880,2,1,0,0,0,0,0,0,0,0,0,0
120882,1,1,2,2,2,2,2,2,2,2,2,2
120883,1,1,12,12,12,12,12,12,12,12,12,12
120884,1,1,0,0,0,0,0,0,0,0,0,0
120884,2,1,0,0,0,0,0,0,0,0,0,0
120885,1,1,0,0,0,0,0,0,0,0,0,0
120885,2,1,0,0,0,0,0,0,0,0,0,0
120886,0,1,14,48,14,14,16,6,25,22,29,12
120886,1,1,0,0,0,0,0,0,0,0,0,0
120887,1,1,0,0,0,0,0,0,0,0,0,0
120888,1,1,0,0,0,0,0,0,0,0,0,0
120888,2,1,0,0,0,0,0,0,0,0,0,0
120889,0,1,0,0,0,0,0,0,0,17,0,0
120889,1,1,10,10,10,10,10,10,10,10,10,10
120890,1,1,21,21,21,21,21,21,21,21,21,21
120890,2,1,0,0,0,0,0,0,0,0,0,0
120891,0,1,0,0,0,0,0,0,0,0,0,0
120891,1,1,0,0,0,0,0,0,0,0,0,0
120892,1,1,0,0,0,0,0,0,0,0,0,0
120892,2,1,0,0,0,0,0,0,0,0,0,0
120893,1,1,16,16,16,16,16,16,16,16,16,16
120893,2,1,22,0,0,0,0,0,0,0,0,0
120893,3,1,0,9,0,0,6,0,0,19,0,16
120894,0,1,0,0,0,0,0,0,0,0,0,0
120894,1,1,0,0,0,0,0,0,0,0,0,0
120895,1,1,3,3,3,3,3,3,3,3,3,3
120895,2,1,0,0,0,0,0,0,0,0,0,0
120896,1,1,20,20,20,20,20,20,20,20,20,20
120897,1,1,0,0,0,8,0,0,0,0,0,0
120898,0,1,0,0,0,0,0,0,0,0,0,0
120898,1,1,23,0,0,16,23,0,0,0,0,0
120899,1,1,31,31,31,31,31,31,31,31,31,31
120899,2,1,0,0,0,0,0,0,0,0,0,0
120900,1,1,17,17,17,17,17,17,17,17,17,17
120901,1,1,0,0,0,0,0,0,0,0,0,0
120901,2,1,0,0,0,0,0,0,0,0,0,0
120902,1,1,0,0,0,0,0,0,0,0,0,0
120902,2,1,0,0,0,0,8,0,0,0,0,0
120903,1,1,0,0,0,0,0,0,0,0,0,0
120903,2,1,0,0,0,0,0,0,0,0,0,0
120904,0,1,20,0,38,0,22,17,12,8,7,8
120904,1,1,0,0,11,0,0,8,4,0,0,0
120905,1,1,0,0,0,0,11,0,0,0,20,0
120905,2,1,16,16,16,16,16,16,16,16,16,16
120906,0,1,0,0,0,0,0,0,0,0,0,0
120906,1,1,0,0,0,0,0,0,0,0,0,0
120907,1,1,0,0,0,0,0,0,0,0,0,0
120908,0,1,0,0,0,0,0,0,0,0,0,0
120908,1,1,0,0,0,0,0,0,0,0,0,0
120909,1,1,0,0,0,0,0,0,0,0,0,0
120910,1,1,16,16,16,16,16,16,16,16,16,16
120911,0,1,0,0,0,0,0,0,0,0,0,0
120911,1,1,0,17,0,0,0,0,0,0,0,0
120912,0,1,0,0,0,0,0,0,0,0,9,0
120912,1,1,0,0,0,0,0,0,0,0,0,0
120913,0,1,4,4,4,4,4,4,4,4,4,4
120913,1,1,0,0,0,0,0,0,0,0,0,0
120913,2,1,0,0,0,0,0,0,0,0,0,0
120914,0,1,23,23,23,23,23,23,23,23,23,23
120914,1,1,11,11,11,11,11,11,11,11,11,11
120915,1,1,0,0,0,0,0,0,0,0,0,0
120916,1,1,0,0,0,0,0,0,0,0,0,0
120916,2,1,0,0,0,0,0,0,0,0,0,0
120917,1,1,0,0,0,0,0,0,8,0,0,0
120917,2,1,0,0,0,13,0,0,0,0,22,0
120918,0,1,0,0,0,0,0,0,0,0,0,0
120918,1,1,0,0,0,0,0,0,0,0,0,0
120918,2,1,0,0,0,0,0,0,0,0,0,0
120919,0,1,0,0,0,0,0,0,0,0,0,0
120919,0,2,0,0,0,0,0,0,0,0,0,0
120919,1,1,0,0,10,0,0,0,0,0,0,0
120920,1,1,1,1,1,1,1,1,1,1,1,1
120921,1,1,0,0,0,0,0,0,0,0,0,0
120921,2,1,0,0,0,0,0,0,0,0,0,0
120921,3,1,0,0,0,0,0,0,0,0,0,0
120922,1,1,8,8,8,8,8,8,8,8,8,8
120923,1,1,12,12,12,12,12,12,12,12,12,12
120923,2,1,0,0,0,0,0,0,0,0,0,0
120924,0,1,31,0,0,0,5,0,17,0,10,0
120924,1,1,0,0,0,0,0,0,0,0,0,0
120926,0,1,0,0,0,0,0,0,0,0,0,0
120926,1,1,0,0,0,0,0,0,0,0,0,0
120927,0,1,0,0,0,0,0,8,0,0,4,42
120927,1,1,0,0,0,0,0,0,0,0,0,0
120928,1,1,0,0,0,0,0,0,0,0,0,0
120929,0,1,0,0,0,0,0,0,0,0,0,0
120929,1,1,0,0,0,0,0,0,0,0,0,0
120930,0,1,19,19,19,19,19,19,19,19,19,19
120930,1,1,0,0,0,0,0,0,0,21,20,0
120931,1,1,0,0,0,0,0,0,0,0,0,0
120932,1,1,19,19,19,19,19,19,19,19,19,19
120933,0,1,9,9,9,9,9,9,9,9,9,9
120933,1,1,0,0,0,0,0,0,0,0,0,0
120934,0,1,4,0,0,0,14,0,18,0,0,8
120934,1,1,0,0,0,13,0,0,0,0,0,0
120934,2,1,0,0,0,0,0,0,0,0,0,0
120934,3,1,0,0,0,0,0,0,18,0,0,0
120935,1,1,28,28,28,28,28,28,28,28,28,28
120935,2,1,17,17,17,17,17,17,17,17,17,17
120936,1,1,28,28,28,28,28,28,28,28,28,28
120937,1,1,0,0,0,0,0,0,0,0,0,0
120938,1,1,0,0,0,0,0,0,0,0,0,0
120938,2,1,8,8,8,8,8,8,8,8,8,8
120939,1,1,0,0,0,0,0,0,0,0,0,0
120939,2,1,0,0,0,0,0,0,0,0,0,0
120940,1,1,0,0,0,0,0,0,0,0,0,0
120940,2,1,0,0,0,0,0,0,0,0,0,0
120942,1,1,0,0,0,0,0,0,0,0,0,0
120943,1,1,0,19,0,0,0,22,20,0,0,0
120944,1,1,22,22,22,22,22,22,22,22,22,22
120945,1,1,19,19,19,19,19,19,19,19,19,19
120946,1,1,0,0,0,0,0,4,0,12,0,0
120946,2,1,17,17,17,17,17,17,17,17,17,17
120947,0,1,0,0,0,0,0,0,0,0,0,0
120947,1,1,0,20,0,0,0,0,0,0,0,0
120948,1,1,0,0,0,20,0,0,0,25,0,0
120949,0,1,0,0,0,0,0,0,0,0,0,0
120949,1,1,0,0,0,0,0,0,0,0,0,0
120949,2,1,0,0,0,0,0,17,19,0,0,0
120950,1,1,0,0,0,0,0,0,0,0,0,0
120951,1,1,0,0,0,0,0,0,0,0,0,0
120951,2,1,0,12,0,0,0,0,0,0,0,0