ST_CASE,VEH_NO,PER_NO,P1,P2,P3,P4,P5,P6,P7,P8,P9,P10
120951,3,1,0,0,0,0,0,0,0,0,0,0
120952,0,1,0,4,27,0,0,14,0,0,0,0
120952,1,1,17,6,0,0,0,15,0,0,0,0
120953,1,1,0,0,0,0,0,0,0,0,0,0
120953,2,1,0,0,0,0,0,0,0,0,0,0
120954,1,1,0,0,0,0,0,0,0,0,0,0
120954,2,1,0,0,0,0,0,0,0,0,0,0
120955,1,1,0,13,0,0,0,0,22,0,11,0
120955,2,1,0,0,0,0,0,0,0,0,0,0
120957,1,1,15,15,15,15,15,15,15,15,15,15
120958,1,1,9,9,9,9,9,9,9,9,9,9
120959,1,1,0,0,0,0,0,0,0,0,0,0
120959,2,1,1,1,1,1,1,1,1,1,1,1
120960,1,1,0,0,0,0,0,0,0,0,0,0
120961,1,1,0,0,0,0,0,0,0,0,0,0
120961,2,1,0,0,0,0,0,0,0,0,0,0
120962,0,1,24,24,24,24,24,24,24,24,24,24
120962,1,1,0,0,0,3,0,0,0,0,0,0
120963,1,1,0,0,0,0,0,0,0,0,0,0
120963,2,1,0,0,0,0,0,0,0,0,0,0
120964,1,1,0,0,0,0,0,0,0,0,0,0
120964,2,1,0,0,0,0,0,0,0,0,0,0
120965,1,1,0,0,0,0,0,0,0,0,0,0
120966,1,1,4,4,4,4,4,4,4,4,4,4
120967,0,1,15,15,15,15,15,15,15,15,15,15
120967,1,1,13,13,13,13,13,13,13,13,13,13
120968,1,1,20,20,20,20,20,20,20,20,20,20
120969,1,1,0,0,0,0,0,0,0,0,0,0
120969,2,1,0,0,0,0,0,0,0,0,0,0
120970,1,1,0,0,0,0,0,0,0,0,0,0
120970,2,1,0,0,0,0,0,0,0,0,0,0
120971,0,1,0,0,0,0,0,0,0,0,0,0
120971,1,1,0,0,0,0,0,0,0,0,0,0
120972,1,1,0,0,0,0,0,0,0,0,0,0
120972,2,1,0,0,0,0,0,0,0,0,0,0
120973,1,1,0,0,0,0,0,0,0,0,0,0
120974,1,1,21,21,21,21,21,21,21,21,21,21
120975,1,1,0,0,0,0,6,0,0,0,0,0
120976,1,1,0,0,0,0,0,0,0,0,0,0
120977,1,1,0,0,0,0,0,0,0,0,0,0
120977,2,1,0,0,2,0,0,0,11,0,0,0
120978,1,1,21,21,21,21,21,21,21,21,21,21
120979,0,1,0,17,12,17,0,21,0,17,7,31
120979,1,1,0,0,0,0,0,0,0,0,0,0
120980,0,1,0,6,0,0,0,0,0,0,0,0
120980,1,1,0,10,0,0,0,0,0,0,0,0
120981,1,1,26,26,26,26,26,26,26,26,26,26
120981,2,1,0,0,0,0,0,0,0,0,0,0
120982,1,1,0,0,0,0,0,0,0,0,0,0
120982,2,1,0,0,0,0,0,0,0,0,0,0
120983,0,1,21,0,0,16,0,0,0,0,0,13
120983,1,1,4,0,0,0,0,0,0,0,0,0
120984,1,1,1,1,1,1,1,1,1,1,1,1
120984,2,1,0,0,0,0,0,0,0,0,0,0
120985,1,1,0,0,0,0,0,0,0,11,0,17
120985,2,1,4,4,4,4,4,4,4,4,4,4
120986,0,1,0,0,0,0,0,0,0,0,0,0
120986,1,1,0,0,0,0,0,0,0,0,0,0
120987,1,1,15,34,18,0,13,0,0,0,0,20
120988,1,1,0,0,0,0,0,0,0,0,0,0
120988,2,1,0,0,0,0,0,0,0,0,0,0
120989,0,1,0,0,0,0,0,0,0,37,0,0
120989,1,1,0,0,0,0,0,0,0,0,0,0
120990,1,1,0,0,0,0,0,0,0,0,0,0
120990,2,1,0,0,0,0,0,0,0,0,0,26
120990,3,1,0,0,0,0,0,0,0,0,0,0
120991,1,1,0,0,0,0,0,0,0,0,0,0
120991,2,1,0,0,0,0,0,0,0,0,0,0
120991,3,1,0,0,0,0,0,0,0,0,0,0
120991,4,1,0,0,0,0,0,0,0,0,0,0
120991,5,1,0,0,0,0,0,0,0,0,0,0
120991,6,1,0,0,0,0,0,0,0,0,0,22
120991,7,1,0,0,0,0,0,0,0,0,0,0
120991,8,1,0,0,0,0,0,0,0,0,0,0
120992,1,1,30,30,30,30,30,30,30,30,30,30
120993,1,1,0,0,14,0,0,0,0,6,0,0
120994,1,1,0,0,0,0,0,0,0,0,0,0
120994,2,1,0,0,0,0,0,0,0,0,0,0
120995,0,1,27,0,0,26,21,27,21,17,0,23
120995,1,1,17,17,17,17,17,17,17,17,17,17
120996,1,1,0,0,0,0,0,0,0,0,0,0
120996,2,1,0,0,0,0,0,0,0,0,0,0
120996,3,1,0,0,0,0,0,0,0,0,0,0
120997,1,1,12,12,12,12,12,12,12,12,12,12
120997,2,1,0,0,0,0,0,0,0,0,0,0
120998,1,1,14,14,14,14,14,14,14,14,14,14
120999,0,1,22,22,22,22,22,22,22,22,22,22
120999,1,1,0,0,0,0,0,0,0,0,0,0
121000,1,1,0,0,0,0,0,0,0,0,0,0
121004,1,1,0,0,0,0,0,0,0,0,0,0
121005,0,1,0,0,0,0,0,0,0,0,0,0
121005,1,1,0,0,0,0,0,0,0,0,0,0
121006,1,1,0,0,0,0,0,0,0,0,0,0
121006,2,1,0,0,0,0,0,0,0,0,0,0
121007,1,1,7,7,7,7,7,7,7,7,7,7
121007,2,1,6,6,6,6,6,6,6,6,6,6
121008,1,1,18,18,18,18,18,18,18,18,18,18
121008,2,1,14,14,14,14,14,14,14,14,14,14
121009,1,1,16,16,16,16,16,16,16,16,16,16
121010,0,1,22,22,22,22,22,22,22,22,22,22
121010,1,1,0,0,0,0,0,20,0,0,0,0
121011,1,1,1,1,1,1,1,1,1,1,1,1
121012,0,1,0,0,0,0,0,0,0,0,0,0
121012,1,1,20,20,20,20,20,20,20,20,20,20
121013,1,1,0,0,0,0,0,0,0,0,0,0
121013,2,1,0,0,0,0,0,0,0,0,0,0
121014,1,1,0,0,0,0,0,0,0,0,0,0
121015,1,1,0,0,0,0,0,0,0,0,0,0
121015,2,1,0,0,0,0,0,0,0,0,0,0
121016,1,1,14,14,14,14,14,14,14,14,14,14
121017,1,1,0,0,0,0,0,0,0,0,5,0
121018,1,1,31,31,31,31,31,31,31,31,31,31
121019,1,1,27,27,27,27,27,27,27,27,27,27
121020,1,1,0,0,0,0,0,0,0,0,0,0
121020,2,1,0,0,0,0,0,0,0,0,0,0
121020,3,1,0,0,0,0,0,0,0,0,0,0
121021,1,1,0,0,0,0,0,0,0,0,10,10
121021,2,1,13,13,13,13,13,13,13,13,13,13
121022,1,1,0,0,0,0,0,0,0,0,0,0
121023,1,1,10,0,3,0,0,0,0,3,7,0
121024,0,1,21,21,21,21,21,21,21,21,21,21
121024,1,1,11,11,11,11,11,11,11,11,11,11
121025,1,1,0,0,0,0,0,0,0,0,0,0
121026,0,1,27,27,27,27,27,27,27,27,27,27
121026,1,1,0,0,0,0,0,0,0,0,0,0
121027,1,1,0,0,0,0,0,0,0,27,0,0
121027,2,1,0,0,0,0,0,0,0,0,0,0
121027,3,1,0,0,0,0,0,0,0,0,0,0
121028,1,1,23,23,23,23,23,23,23,23,23,23
121029,1,1,26,26,26,26,26,26,26,26,26,26
121029,2,1,0,0,0,0,0,0,0,0,0,0
121030,1,1,0,0,0,0,0,0,0,13,0,0
121030,2,1,0,0,0,3,0,0,0,0,0,0
121031,1,1,13,13,13,13,13,13,13,13,13,13
121032,1,1,0,0,0,0,0,0,0,0,0,0
121032,2,1,0,0,0,0,0,0,0,0,0,0
121033,1,1,0,0,0,0,0,0,0,0,0,0
121033,2,1,0,0,0,0,0,0,0,0,0,0
121034,1,1,0,0,0,0,0,0,0,0,0,0
121034,2,1,0,0,0,0,0,0,0,0,0,0
121035,1,1,0,0,0,0,0,0,0,0,0,0
121035,2,1,0,0,0,0,0,0,0,0,0,0
121036,1,1,0,0,0,0,0,0,0,0,0,0
121036,2,1,0,0,0,0,0,0,0,0,0,0
121037,0,1,0,0,0,0,0,7,0,0,0,0
121037,1,1,0,0,0,0,0,24,0,0,0,0
121037,2,1,0,0,0,0,0,0,0,0,0,0
121038,1,1,0,0,0,0,0,0,0,0,0,0
121038,2,1,0,0,0,0,0,0,0,0,0,0
121039,1,1,0,0,0,0,0,0,0,0,0,0
121039,2,1,0,0,0,0,0,0,0,0,0,0
121040,1,1,13,13,13,13,13,13,13,13,13,13
121040,2,1,0,0,0,0,0,0,0,0,0,0
121041,0,1,17,0,19,0,0,11,0,34,0,26
121041,1,1,0,27,0,0,0,0,3,24,0,0
121042,1,1,9,9,9,9,9,9,9,9,9,9
121043,1,1,0,24,0,0,0,0,0,0,9,0
121044,1,1,19,19,19,19,19,19,19,19,19,19
121045,1,1,0,0,0,0,0,0,0,0,0,0
121045,2,1,0,0,0,0,0,0,0,0,0,0
121046,1,1,0,0,0,0,0,0,0,0,0,0
121047,1,1,0,0,0,0,0,0,0,0,0,0
121048,1,1,15,15,15,15,15,15,15,15,15,15
121049,1,1,20,20,20,20,20,20,20,20,20,20
121050,1,1,0,0,7,0,0,0,0,9,0,0
121051,1,1,0,0,0,0,0,0,0,0,0,0
121052,1,1,7,7,7,7,7,7,7,7,7,7
121053,1,1,26,26,26,26,26,26,26,26,26,26
121054,0,1,15,15,15,15,15,15,15,15,15,15
121054,1,1,0,0,0,0,0,0,0,13,0,0
121055,1,1,0,0,0,0,0,0,0,0,0,0
121055,2,1,0,0,0,0,0,0,0,0,0,0
121056,1,1,0,0,0,0,0,0,0,0,0,0
121056,2,1,15,15,15,15,15,15,15,15,15,15
121057,0,1,22,22,22,22,22,22,22,22,22,22
121057,1,1,0,0,5,0,0,0,0,0,0,0
121058,1,1,0,0,0,0,0,0,0,0,0,0
121059,1,1,0,0,0,0,0,0,0,0,0,0
121059,2,1,0,0,0,0,0,0,0,0,0,0
121060,1,1,0,0,0,0,0,0,0,0,0,0
121060,2,1,0,0,0,0,0,0,0,0,0,0
121061,1,1,0,0,0,0,0,0,0,0,0,0
121061,2,1,0,0,0,0,0,0,0,0,0,0
121061,3,1,0,0,0,0,0,0,0,0,0,0
121062,1,1,0,0,0,0,0,0,0,0,0,0
121063,1,1,0,0,0,0,0,0,0,0,0,0
121063,2,1,0,28,0,0,0,12,0,0,16,0
121064,1,1,0,2,0,0,0,10,0,0,0,0
121065,1,1,23,23,23,23,23,23,23,23,23,23
121066,0,1,0,0,0,0,0,0,0,0,0,0
121066,1,1,0,0,0,0,0,0,0,0,0,0
121067,1,1,0,0,0,0,0,0,0,0,0,0
121068,1,1,20,20,20,20,20,20,20,20,20,20
121069,0,1,0,0,6,0,0,7,0,0,0,0
121069,1,1,0,0,4,0,0,0,0,0,0,0
121070,1,1,0,0,0,11,0,0,0,0,0,14
121071,1,1,0,0,0,0,0,0,0,0,0,0
121072,1,1,0,0,0,0,0,0,0,0,0,0
121072,2,1,0,0,0,0,0,0,0,0,0,0
121073,1,1,0,0,0,0,0,0,0,0,0,0
121073,2,1,0,0,0,0,0,0,0,0,0,0
121074,1,1,0,0,0,0,0,0,0,17,0,0
121074,2,1,0,0,0,0,0,0,0,0,0,0
121075,0,1,29,29,29,29,29,29,29,29,29,29
121075,1,1,0,17,0,0,0,0,0,0,0,41
121076,1,1,0,0,0,0,0,0,0,0,0,0
121076,2,1,0,0,0,0,0,0,0,0,0,0
121077,1,1,18,18,18,18,18,18,18,18,18,18
121077,2,1,0,0,0,32,0,0,0,0,0,0
121078,1,1,0,0,0,0,0,0,0,0,0,0
121078,2,1,0,0,0,0,0,0,0,0,0,0
121079,0,1,0,0,0,0,0,0,0,0,0,0
121079,1,1,0,0,0,0,0,0,0,0,0,0
121080,1,1,13,10,19,8,20,26,0,17,22,0
121081,0,1,0,23,0,0,0,0,0,0,12,28
121081,1,1,0,0,0,0,0,0,22,0,0,0
121081,2,1,0,0,0,0,6,0,0,0,0,0
121082,1,1,0,0,0,0,0,0,13,0,0,0
121082,3,1,0,0,0,0,0,0,23,15,0,0
121083,1,1,0,0,0,0,0,0,0,0,0,0
121083,2,1,0,0,0,0,0,0,0,0,0,0
121084,1,1,0,0,0,0,0,0,0,0,0,0
121084,2,1,1,1,1,1,1,1,1,1,1,1
121085,0,1,27,27,27,27,27,27,27,27,27,27
121085,1,1,4,4,4,4,4,4,4,4,4,4
121087,1,1,23,23,23,23,23,23,23,23,23,23
121088,1,1,0,0,0,0,0,0,0,0,0,0
121088,2,1,0,0,0,0,0,0,0,0,0,0
121089,1,1,33,33,33,33,33,33,33,33,33,33
121090,1,1,0,0,0,0,0,0,0,0,0,0
121091,1,1,0,0,0,0,0,0,0,0,0,0
121092,1,1,0,0,0,0,0,0,0,0,0,0
121093,0,1,0,0,0,0,0,0,0,0,0,0
121093,1,1,0,0,0,0,0,0,0,0,0,0
121094,1,1,0,0,0,0,0,0,0,0,0,0
121094,2,1,0,0,0,0,0,0,0,0,0,0
121095,1,1,0,0,0,0,0,0,0,0,0,0
121096,0,1,0,0,0,0,0,0,0,0,0,0
121096,1,1,0,0,0,0,0,0,0,0,0,0
121098,1,1,0,0,0,0,0,19,0,0,0,0
121098,2,1,0,0,0,0,0,0,0,0,0,0
121098,3,1,0,0,0,0,0,0,0,0,0,0
121099,1,1,0,0,0,0,0,0,0,0,0,0
121099,2,1,0,33,0,0,0,0,0,0,12,0
121100,0,1,26,26,26,26,26,26,26,26,26,26
121100,1,1,0,0,0,0,0,0,0,0,0,0
121101,1,1,10,10,10,10,10,10,10,10,10,10
121101,2,1,9,9,9,9,9,9,9,9,9,9
121102,1,1,0,0,0,0,0,0,0,0,0,0
121102,2,1,0,0,0,0,0,0,0,0,0,0
121103,1,1,0,0,0,0,0,0,0,0,0,0
121103,2,1,0,0,0,0,0,0,0,0,0,0
121104,1,1,0,0,0,0,0,0,0,0,0,0
121104,2,1,0,0,0,3,6,0,0,0,0,0
121105,1,1,28,14,21,31,0,32,19,7,20,0
121106,1,1,0,0,0,0,0,0,0,0,0,0
121106,2,1,0,0,0,0,0,0,0,0,0,0
121107,1,1,0,0,0,0,0,0,0,0,0,0
121107,2,1,0,0,0,0,0,0,0,0,0,0
121108,1,1,0,0,0,0,0,0,0,0,0,0
121108,2,1,0,0,0,0,0,0,0,0,0,0
121108,3,1,0,0,0,0,0,0,0,0,0,0
121108,4,1,0,0,0,0,0,0,0,0,23,0
121109,1,1,0,0,0,0,0,0,0,0,0,0
121110,1,1,10,10,10,10,10,10,10,10,10,10
121110,2,1,0,0,0,0,0,0,0,0,0,0
121111,1,1,0,0,0,0,0,0,0,0,0,0
121112,1,1,0,0,0,0,0,0,0,0,0,0
121112,2,1,0,0,0,0,0,0,0,0,0,0
121113,0,1,19,19,19,19,19,19,19,19,19,19
121113,1,1,0,0,0,0,0,0,0,20,0,0
121114,0,1,0,0,0,0,0,0,0,0,0,0
121114,1,1,0,0,0,0,0,0,0,0,0,0
121115,1,1,0,0,0,0,0,0,0,0,0,0
121116,0,1,35,35,35,35,35,35,35,35,35,35
121116,1,1,0,0,0,0,0,0,0,0,0,0
121117,0,1,0,0,0,0,0,0,0,0,0,0
121117,1,1,0,0,0,0,0,0,0,0,0,17
121118,1,1,21,21,21,21,21,21,21,21,21,21
121118,2,1,0,0,0,0,0,0,0,0,0,0
121119,1,1,0,0,0,0,0,0,0,0,0,0
121119,2,1,0,0,0,0,0,0,0,0,0,0
121120,0,1,0,0,0,0,0,0,0,0,0,0
121120,1,1,0,0,0,0,0,0,0,0,0,0
121121,0,1,0,0,31,0,30,0,0,0,0,0
121121,1,1,0,0,0,0,0,0,0,0,0,0
121122,1,1,12,12,12,12,12,12,12,12,12,12
121123,1,1,11,14,17,12,18,16,11,0,19,0
121123,2,1,0,0,0,0,0,0,0,0,0,0
121124,1,1,0,0,0,0,0,0,48,0,0,0
121124,2,1,0,0,0,0,0,0,0,19,0,0
121125,1,1,0,0,0,0,0,0,0,0,0,0
121126,0,1,0,0,0,0,0,0,0,0,0,0
121126,1,1,0,0,0,0,0,0,0,0,0,0
121127,1,1,0,0,0,0,0,0,0,0,0,0
121127,2,1,0,0,0,0,0,0,0,0,0,0
121128,1,1,0,0,0,0,0,0,0,0,0,0
121129,0,1,0,0,0,0,0,0,0,0,0,0
121129,1,1,0,0,0,0,0,0,0,0,0,0
121130,1,1,15,15,15,15,15,15,15,15,15,15
121130,2,1,17,0,0,0,0,0,0,0,0,0
121130,3,1,0,0,0,0,0,0,0,0,15,0
121131,0,1,17,0,0,0,0,0,0,0,0,0
121131,1,1,0,0,0,0,0,2,8,0,3,0
121132,0,1,11,11,11,11,11,11,11,11,11,11
121132,1,1,0,0,0,0,0,0,0,0,0,0
121133,1,1,0,0,0,0,0,0,0,0,0,0
121134,1,1,0,0,0,0,0,0,0,0,0,0
121134,2,1,0,0,0,0,0,0,0,0,0,0
121135,0,1,0,0,8,0,0,13,0,0,0,7
121135,1,1,0,23,0,0,0,0,0,9,0,0
121136,1,1,0,0,21,0,0,0,0,0,0,0
121136,2,1,0,0,0,0,0,0,0,0,0,0
121137,0,1,0,0,0,0,0,7,22,17,0,0
121137,1,1,0,0,0,0,0,0,0,0,0,0
121138,0,1,24,24,24,24,24,24,24,24,24,24
121138,1,1,0,0,0,0,0,0,0,0,0,15
121139,1,1,0,0,0,0,0,0,0,0,0,0
121139,2,1,0,0,0,0,0,0,0,0,0,0
121139,3,1,0,0,0,0,0,0,0,0,0,0
121140,0,1,0,0,0,0,0,0,11,0,39,0
121140,1,1,0,0,0,0,0,0,0,0,0,0
121141,1,1,0,0,0,0,0,0,0,0,0,0
121141,2,1,0,0,0,0,0,0,0,0,0,0
121142,1,1,0,0,0,0,0,0,0,0,0,0
121143,1,1,0,0,0,0,0,0,0,0,0,0
121143,2,1,0,0,0,0,0,0,0,0,0,0
121144,1,1,0,0,0,0,0,0,0,0,0,0
121144,2,1,0,0,0,0,0,0,0,0,0,0
121145,1,1,0,0,0,0,0,0,0,0,0,0
121145,2,1,0,0,0,0,0,0,0,0,0,0
121146,0,1,25,0,12,0,0,21,0,0,0,0
121146,1,1,0,0,0,0,0,0,0,0,0,0
121147,1,1,0,0,0,0,0,0,0,0,0,0
121148,1,1,0,0,0,0,0,0,0,0,0,0
121148,2,1,0,0,0,0,0,0,0,0,0,0
121149,1,1,24,24,24,24,24,24,24,24,24,24
121149,2,1,0,0,0,0,20,0,0,0,0,0
121149,3,1,0,0,0,0,0,0,0,16,12,0
121149,4,1,0,0,0,0,15,0,0,0,0,0
121150,1,1,0,0,0,0,0,0,0,0,0,0
121150,2,1,7,7,7,7,7,7,7,7,7,7
121151,1,1,0,0,0,0,0,13,0,0,0,0
121151,2,1,0,0,0,0,0,2,0,0,0,0
121151,3,1,0,0,0,0,0,0,0,0,0,0
121152,1,1,0,0,0,0,0,0,0,0,0,0
121152,2,1,0,0,0,0,0,0,9,0,0,0
121153,1,1,0,0,0,0,0,0,0,0,0,0
121153,2,1,0,0,0,0,0,0,0,0,0,0
121153,3,1,0,0,0,0,0,0,0,0,0,0
121154,1,1,0,0,0,0,0,0,0,0,0,0
121155,1,1,0,0,0,0,0,0,0,0,0,0
121156,1,1,0,0,0,0,0,0,9,0,0,0
121156,2,1,0,0,0,0,0,0,0,0,0,0
121157,1,1,0,0,0,0,0,0,0,0,0,0
121157,2,1,0,0,0,0,0,0,0,0,0,0
121158,0,1,0,0,0,0,0,0,0,0,0,0
121158,1,1,0,0,0,0,6,0,0,0,0,0
121159,1,1,15,6,15,13,8,8,33,0,22,18
121160,1,1,14,0,0,0,0,0,0,0,0,0
121160,2,1,0,13,0,0,0,0,0,0,0,0
121161,0,1,0,0,0,0,0,0,0,0,0,0
121161,1,1,0,16,0,0,0,20,0,0,0,0
121162,1,1,0,0,0,0,0,0,0,0,0,0
121162,2,1,0,0,0,0,0,0,0,0,0,0
121163,1,1,0,0,0,0,14,28,0,14,0,0
121164,1,1,0,0,0,0,0,0,0,0,0,5
121164,2,1,0,0,0,0,0,0,0,0,0,0
121165,1,1,0,0,0,19,0,0,0,36,0,0
121166,1,1,0,0,0,0,0,0,0,0,0,0
121166,2,1,0,0,0,0,0,0,0,0,0,0
121167,0,1,8,8,8,8,8,8,8,8,8,8
121167,1,1,0,0,0,0,0,0,0,0,0,0
121168,1,1,0,0,0,0,0,0,0,0,0,0
121169,1,1,0,0,0,0,0,0,0,0,0,0
121169,2,1,0,0,0,0,0,0,0,0,0,0
121170,1,1,0,0,0,11,0,0,0,0,0,9
121170,2,1,0,0,0,18,0,0,0,0,0,0
121171,1,1,14,14,14,14,14,14,14,14,14,14
121172,1,1,0,0,0,0,4,0,0,0,0,0
121172,2,1,0,0,0,0,0,0,0,0,0,0
121173,0,1,19,19,19,19,19,19,19,19,19,19
121173,1,1,0,0,0,0,0,0,0,0,0,0
121174,0,1,0,0,0,0,0,0,0,0,0,0
121174,1,1,0,0,0,0,0,0,0,0,0,0
121175,1,1,0,0,0,0,0,0,0,0,0,0
121175,2,1,0,0,0,16,0,0,0,0,0,13
121176,1,1,0,0,0,0,0,0,0,0,0,0
121176,2,1,0,0,0,0,0,0,0,0,0,0
121177,1,1,0,0,0,0,0,0,0,0,0,0
121177,2,1,0,0,0,0,0,0,0,0,0,0
121178,1,1,0,0,0,0,0,0,0,0,0,0
121178,2,1,0,0,0,0,0,0,0,0,0,0
121179,1,1,0,0,0,0,0,0,0,0,0,0
121180,0,1,17,17,17,17,17,17,17,17,17,17
121180,1,1,0,0,0,0,0,0,0,0,0,0
121181,1,1,0,0,0,0,0,0,0,0,0,0
121181,2,1,0,0,0,0,0,0,0,0,0,0
121181,3,1,0,0,0,0,0,0,0,0,0,0
121181,4,1,0,0,0,0,0,0,0,0,0,0
121182,0,1,28,28,28,28,28,28,28,28,28,28
121182,1,1,0,0,0,0,0,0,0,0,0,0
121183,1,1,0,0,0,0,0,0,0,0,0,0
121183,2,1,0,0,0,0,0,0,0,0,0,0
121184,1,1,16,16,16,16,16,16,16,16,16,16
121184,2,1,0,0,0,0,0,0,0,0,0,0
121184,3,1,0,0,0,0,0,0,0,0,0,0
121185,0,1,13,13,13,13,13,13,13,13,13,13
121185,1,1,0,0,0,0,0,0,0,0,0,0
121186,0,1,13,13,13,13,13,13,13,13,13,13
121186,1,1,0,0,0,0,0,26,0,0,11,5
121186,2,1,0,0,0,0,0,0,0,0,0,0
121187,1,1,0,0,0,0,0,0,0,0,0,0
121187,2,1,0,0,0,0,0,0,0,0,0,0
121188,1,1,0,0,0,0,0,0,0,0,0,0
121189,1,1,0,0,0,0,0,0,0,0,0,0
121190,1,1,0,0,26,0,8,0,0,0,0,0
121191,0,1,0,0,0,0,0,0,0,0,0,0
121191,1,1,0,0,0,0,0,0,0,0,0,0
121192,1,1,24,24,24,24,24,24,24,24,24,24
121192,2,1,37,0,12,0,0,0,0,0,0,0
121192,3,1,0,0,0,0,0,0,0,0,20,0
121193,1,1,0,0,0,0,0,19,0,0,0,0
121193,2,1,0,0,0,0,0,0,0,0,0,0
121194,0,1,0,0,0,0,0,0,0,0,0,0
121194,1,1,0,0,0,0,0,0,0,0,0,0
121195,1,1,0,0,0,0,0,0,0,0,0,0
121195,2,1,0,0,0,0,0,0,0,0,0,0
121196,1,1,0,0,0,0,0,14,0,0,0,0
121196,2,1,0,0,0,0,0,0,0,0,0,0
121197,1,1,0,0,0,0,0,0,0,0,0,0
121198,1,1,0,0,0,0,0,0,0,0,37,0
121198,2,1,0,0,0,0,0,0,0,0,0,0
121199,1,1,0,0,0,0,0,0,0,0,0,0
121200,1,1,0,0,0,0,0,0,0,0,0,0
121201,1,1,19,19,19,19,19,19,19,19,19,19
121201,2,1,0,0,0,0,0,0,0,0,0,0
121201,3,1,0,0,0,0,0,0,0,0,0,0
121202,1,1,42,42,42,42,42,42,42,42,42,42
121203,1,1,0,0,0,0,0,0,0,0,0,0
121204,0,1,0,0,0,0,0,0,0,0,0,0
121204,1,1,0,0,0,0,0,16,0,0,0,0
121204,2,1,0,0,0,0,0,0,0,0,0,18
121205,1,1,0,0,0,0,0,0,0,0,0,0
121206,1,1,0,0,0,0,0,0,0,0,0,0
121206,2,1,0,0,0,0,0,0,0,0,0,0
121207,1,1,14,14,14,14,14,14,14,14,14,14
121208,1,1,30,30,30,30,30,30,30,30,30,30
121209,1,1,25,25,25,25,25,25,25,25,25,25
121209,2,1,0,0,0,0,0,0,0,0,0,0
121210,1,1,11,11,11,11,11,11,11,11,11,11
121211,1,1,15,15,15,15,15,15,15,15,15,15
121211,2,1,0,0,0,0,0,0,0,0,0,0
121212,1,1,16,16,16,16,16,16,16,16,16,16
121213,1,1,0,0,0,0,0,0,0,0,0,0
121213,2,1,0,0,0,0,0,0,0,0,0,0
121213,3,1,0,0,0,0,0,0,0,0,0,0
121214,1,1,0,0,0,0,0,0,0,0,0,0
121215,1,1,0,0,0,0,0,0,0,0,0,0
121215,2,1,0,0,0,0,0,0,0,0,0,0
121216,1,1,0,0,0,0,0,0,0,0,0,0
121216,2,1,0,0,0,0,0,20,0,20,0,0
121217,0,1,0,0,0,0,0,0,0,0,0,0
121217,1,1,0,0,0,0,0,0,0,0,0,0
121218,0,1,16,16,16,16,16,16,16,16,16,16
121218,1,1,0,0,0,0,0,0,0,0,0,0
121219,1,1,0,0,0,0,0,0,0,0,0,0
121219,2,1,0,0,0,0,0,0,0,0,0,0
121220,1,1,26,26,26,26,26,26,26,26,26,26
121220,2,1,0,0,0,0,0,0,0,0,0,0
121221,0,1,0,0,0,0,0,0,0,0,0,0
121221,1,1,0,0,0,0,0,0,0,0,0,0
121222,0,1,0,0,0,0,0,0,0,0,0,0
121222,1,1,0,0,0,22,0,0,0,0,0,0
121223,1,1,0,7,0,0,0,0,0,0,0,0
121223,2,1,0,0,0,0,0,0,0,0,0,0
121224,1,1,0,0,0,0,0,0,0,0,0,26
121224,2,1,0,0,0,0,0,0,0,0,0,0
121225,1,1,23,23,23,23,23,23,23,23,23,23
121226,0,1,27,27,27,27,27,27,27,27,27,27
121226,1,1,0,0,0,0,0,0,0,0,0,0
121227,0,1,0,0,0,0,0,0,0,0,0,0
121227,1,1,0,0,0,0,0,0,0,0,0,0
121228,1,1,0,0,0,0,0,0,0,0,0,0
121229,1,1,0,0,16,0,0,0,8,0,0,0
121229,2,1,0,0,0,0,0,0,0,0,0,0
121230,0,1,27,27,27,27,27,27,27,27,27,27
121230,1,1,0,0,0,0,0,0,0,0,0,0
121232,1,1,0,0,0,0,0,0,0,0,0,0
121232,2,1,0,23,0,0,0,17,0,0,0,0
121233,1,1,0,0,0,0,0,0,0,0,0,0
121235,0,1,0,0,0,0,0,0,0,0,0,0
121235,1,1,0,0,0,0,0,0,0,0,0,0
121236,1,1,0,0,0,0,0,0,0,0,0,0
121237,1,1,0,0,0,0,0,0,0,0,0,0
121237,2,1,0,0,0,0,0,0,0,0,0,0
121238,1,1,0,0,0,0,0,0,0,7,0,15
121238,2,1,0,0,0,0,0,0,0,0,0,0
121239,1,1,12,12,12,12,12,12,12,12,12,12
121240,0,1,20,20,20,20,20,20,20,20,20,20
121240,1,1,0,0,19,13,0,0,0,0,30,0
121241,1,1,0,0,0,0,0,0,0,0,0,0
121242,1,1,0,0,16,0,0,0,0,0,0,0
121243,1,1,20,20,20,20,20,20,20,20,20,20
121244,1,1,1,1,1,1,1,1,1,1,1,1
121245,0,1,0,0,0,0,0,0,0,0,0,0
121245,1,1,0,0,0,0,0,0,0,0,0,20
121246,1,1,0,0,0,0,0,0,0,0,0,0
121246,2,1,0,0,0,0,0,0,0,0,0,0
121247,1,1,17,17,17,17,17,17,17,17,17,17
121248,1,1,0,0,0,0,0,0,0,0,0,0
121248,2,1,0,0,0,0,0,0,0,0,0,0
121248,3,1,0,0,0,0,0,0,0,0,6,0
121249,1,1,0,0,0,0,0,0,0,0,0,0
121249,2,1,0,0,0,0,16,0,0,0,0,0