ST_CASE,VEH_NO,PER_NO,P1,P2,P3,P4,P5,P6,P7,P8,P9,P10
121250,1,1,11,11,11,11,11,11,11,11,11,11
121251,1,1,0,0,0,0,0,0,0,0,0,0
121251,2,1,0,0,0,0,0,0,0,0,0,0
121252,0,1,3,3,3,3,3,3,3,3,3,3
121252,1,1,0,0,0,0,0,0,0,0,0,0
121253,0,1,27,27,27,27,27,27,27,27,27,27
121253,1,1,0,0,0,24,0,0,0,0,0,0
121254,0,1,0,0,0,0,0,0,0,0,0,0
121254,1,1,0,0,0,0,0,0,0,0,0,0
121255,1,1,0,0,0,0,0,0,0,0,0,0
121256,0,1,0,0,0,22,11,0,10,8,10,28
121256,1,1,0,0,0,0,0,0,11,0,0,0
121257,1,1,16,16,16,16,16,16,16,16,16,16
121258,1,1,26,26,26,26,26,26,26,26,26,26
121258,2,1,0,0,0,0,0,0,0,0,0,0
121259,1,1,0,0,0,0,0,0,0,16,0,0
121259,2,1,0,0,0,0,0,0,0,0,0,0
121259,3,1,6,0,0,0,0,0,0,0,0,0
121260,1,1,0,0,26,0,0,0,0,0,0,0
121260,2,1,0,0,0,0,0,0,0,0,0,0
121262,1,1,0,0,0,0,0,0,0,0,0,0
121263,0,1,0,0,0,0,0,0,0,0,0,0
121263,1,1,0,0,0,0,0,0,0,0,0,0
121264,1,1,20,20,20,20,20,20,20,20,20,20
121265,1,1,15,15,15,15,15,15,15,15,15,15
121266,1,1,20,24,0,7,17,11,0,17,14,12
121266,2,1,0,0,0,0,0,0,0,0,0,0
121267,1,1,0,0,0,0,0,0,0,0,0,0
121268,1,1,0,0,0,0,0,0,0,0,0,0
121268,2,1,0,0,0,0,0,0,0,0,0,0
121269,1,1,24,24,24,24,24,24,24,24,24,24
121270,1,1,0,0,0,0,0,0,0,0,0,0
121271,1,1,32,32,32,32,32,32,32,32,32,32
121272,1,1,0,0,0,0,0,0,0,0,0,0
121272,2,1,0,0,0,0,0,0,0,0,0,0
121273,1,1,0,0,0,0,0,0,0,0,0,0
121274,1,1,0,0,0,0,0,0,0,0,0,0
121274,2,1,0,0,0,0,7,0,0,0,0,0
121275,1,1,0,0,0,0,0,0,0,0,0,0
121275,2,1,0,0,0,0,0,0,0,0,0,0
121276,1,1,0,0,0,0,0,0,0,0,0,0
121277,1,1,0,0,0,0,0,12,0,0,0,0
121277,2,1,0,0,0,0,0,0,0,0,0,0
121278,1,1,0,0,0,0,0,0,0,0,0,0
121278,2,1,0,0,0,0,0,0,0,0,0,0
121278,3,1,0,0,0,0,0,0,0,0,0,0
121278,4,1,0,13,0,0,0,0,0,0,0,0
121279,1,1,0,0,0,0,0,0,0,0,0,0
121279,2,1,0,0,0,0,0,0,0,0,0,0
121279,3,1,0,0,0,0,0,0,0,0,0,12
121280,1,1,13,0,0,0,0,0,0,0,0,0
121280,2,1,0,0,0,0,0,0,0,0,0,0
121282,0,1,0,0,0,0,0,0,0,0,0,0
121282,1,1,0,0,0,0,0,0,0,0,0,0
121283,1,1,13,13,13,13,13,13,13,13,13,13
121284,1,1,0,0,0,0,0,0,0,0,0,0
121284,2,1,0,0,0,0,0,0,0,0,0,0
121285,1,1,0,0,0,0,0,0,0,0,0,0
121285,2,1,0,0,0,0,0,0,0,0,0,0
121286,0,1,0,0,0,0,0,17,0,0,0,24
121286,1,1,0,0,0,0,0,0,0,0,0,0
121287,1,1,6,6,6,6,6,6,6,6,6,6
121287,2,1,0,0,0,0,0,0,0,0,0,0
121288,1,1,0,0,0,0,0,0,0,0,0,0
121289,0,1,0,0,0,0,0,0,0,0,0,0
121289,1,1,0,0,0,0,0,0,0,0,26,0
121290,1,1,19,19,19,19,19,19,19,19,19,19
121290,2,1,2,2,2,2,2,2,2,2,2,2
121291,1,1,0,0,0,0,0,0,0,0,0,0
121291,2,1,0,0,0,0,0,0,0,22,0,0
121292,1,1,0,0,0,0,0,0,0,0,0,0
121292,2,1,0,0,0,0,0,0,0,0,0,0
121292,3,1,0,0,0,0,0,0,0,0,0,0
121293,1,1,19,19,19,19,19,19,19,19,19,19
121293,2,1,0,0,0,0,0,0,0,0,0,0
121294,0,1,32,32,32,32,32,32,32,32,32,32
121294,1,1,0,0,0,0,0,0,0,0,0,0
121295,1,1,0,0,21,0,0,0,0,0,0,0
121296,1,1,0,0,0,0,0,0,0,0,0,0
121296,2,1,0,0,0,0,0,0,0,0,0,0
121297,1,1,0,0,0,0,0,0,0,0,0,0
121298,1,1,11,11,11,11,11,11,11,11,11,11
121299,1,1,0,0,0,0,0,0,0,0,0,0
121300,1,1,22,22,22,22,22,22,22,22,22,22
121301,1,1,11,11,11,11,11,11,11,11,11,11
121301,2,1,4,4,4,4,4,4,4,4,4,4
121302,1,1,0,0,0,0,0,0,0,0,0,0
121303,1,1,0,0,0,0,0,0,0,0,0,0
121303,2,1,26,26,26,26,26,26,26,26,26,26
121305,1,1,15,15,15,15,15,15,15,15,15,15
121306,1,1,21,21,21,21,21,21,21,21,21,21
121307,1,1,22,22,22,22,22,22,22,22,22,22
121308,1,1,7,7,7,7,7,7,7,7,7,7
121309,1,1,0,0,0,0,0,0,0,0,0,0
121309,2,1,0,0,0,0,0,0,7,0,0,0
121310,1,1,0,0,0,0,0,0,0,0,0,0
121311,1,1,0,0,0,0,0,0,0,0,0,0
121311,2,1,0,0,0,0,0,0,0,0,0,0
121312,1,1,0,0,0,0,0,0,0,0,21,0
121312,2,1,0,0,21,0,0,0,0,0,0,0
121312,3,1,0,0,0,0,0,0,0,0,0,18
121313,1,1,15,15,15,15,15,15,15,15,15,15
121314,1,1,0,0,0,0,0,0,0,0,16,0
121314,2,1,0,0,0,0,0,0,0,0,0,0
121315,1,1,0,0,0,0,0,0,0,0,0,0
121316,0,1,25,25,25,25,25,25,25,25,25,25
121316,1,1,0,0,0,0,0,0,0,0,0,0
121317,1,1,15,15,15,15,15,15,15,15,15,15
121317,2,1,0,0,0,0,0,0,0,0,0,0
121318,1,1,0,0,0,0,0,0,0,0,0,0
121319,1,1,0,0,0,0,0,0,0,0,0,0
121319,2,1,0,0,0,0,0,0,0,0,0,0
121320,0,1,3,3,3,3,3,3,3,3,3,3
121320,1,1,0,0,0,0,0,0,13,0,18,0
121321,1,1,22,22,22,22,22,22,22,22,22,22
121322,0,1,16,16,16,16,16,16,16,16,16,16
121322,1,1,0,0,0,0,0,0,0,0,0,0
121323,0,1,0,0,0,0,0,0,0,0,0,0
121323,1,1,0,0,0,0,0,0,0,0,0,0
121324,1,1,0,0,0,0,0,0,0,0,0,0
121324,2,1,0,0,0,0,0,0,0,0,0,0
121325,0,1,0,5,0,23,0,0,0,21,0,0
121325,1,1,0,0,0,0,0,0,0,0,0,0
121326,1,1,0,0,0,0,0,0,0,0,0,0
121326,2,1,0,0,0,0,0,0,0,0,0,0
121327,1,1,0,0,0,5,0,0,0,0,0,0
121328,1,1,27,27,27,27,27,27,27,27,27,27
121328,2,1,0,0,0,0,0,0,0,0,13,0
121329,1,1,14,0,0,10,0,0,0,0,0,0
121330,1,1,0,0,0,0,0,0,7,0,0,0
121330,2,1,0,0,0,0,0,0,0,0,0,0
121332,1,1,0,0,0,0,0,0,0,0,0,0
121332,2,1,0,0,0,0,0,0,0,0,0,0
121333,1,1,0,0,0,0,0,0,0,0,0,0
121334,0,1,25,25,25,25,25,25,25,25,25,25
121334,1,1,2,2,2,2,2,2,2,2,2,2
121336,1,1,0,0,0,0,0,0,0,0,0,0
121336,2,1,0,0,0,0,0,0,0,0,0,0
121337,1,1,0,0,0,0,0,0,0,0,0,0
121337,2,1,0,0,0,0,0,0,0,0,0,0
121338,1,1,0,0,0,0,0,0,6,0,0,0
121338,2,1,0,0,0,0,0,0,0,0,0,0
121339,0,1,0,0,0,0,0,0,0,0,0,0
121339,1,1,0,0,0,0,0,12,0,0,0,0
121340,0,1,0,0,0,0,0,0,0,0,0,0
121340,1,1,0,0,0,0,0,29,0,0,0,0
121341,1,1,27,27,27,27,27,27,27,27,27,27
121342,1,1,0,0,0,0,0,0,0,0,0,26
121342,2,1,0,0,0,0,0,0,0,0,0,0
121343,0,1,15,15,15,15,15,15,15,15,15,15
121343,1,1,0,3,0,0,8,14,0,0,0,0
121344,1,1,0,0,0,0,0,0,0,0,0,0
121344,2,1,0,0,0,0,0,0,0,0,0,0
121345,0,1,0,0,0,0,0,0,0,0,0,0
121345,1,1,0,0,0,0,0,0,0,0,0,0
121346,1,1,0,0,0,0,0,0,0,0,0,0
121346,2,1,0,0,0,0,0,0,0,0,0,0
121347,1,1,0,0,0,0,0,0,0,0,0,0
121347,2,1,0,0,0,0,0,0,0,0,0,0
121348,1,1,0,0,0,0,0,0,0,0,0,0
121350,1,1,24,24,24,24,24,24,24,24,24,24
121350,2,1,18,18,18,18,18,18,18,18,18,18
121351,0,1,22,22,22,22,22,22,22,22,22,22
121351,0,2,0,0,0,13,0,13,0,0,0,0
121351,1,1,16,16,16,16,16,16,16,16,16,16
121352,0,1,20,20,20,20,20,20,20,20,20,20
121352,1,1,0,0,0,0,0,0,0,0,0,0
121352,2,1,0,0,0,0,0,0,0,0,0,0
121353,1,1,2,2,2,2,2,2,2,2,2,2
121353,2,1,0,30,0,0,0,0,0,0,0,0
121354,1,1,0,0,0,0,0,0,0,0,0,0
121355,1,1,13,13,13,13,13,13,13,13,13,13
121355,2,1,0,0,0,0,0,0,0,0,0,0
121356,1,1,0,0,0,0,0,0,0,0,0,0
121357,0,1,0,24,0,0,0,0,0,0,0,0
121357,1,1,0,6,0,0,0,0,0,0,0,0
121358,0,1,0,0,0,0,0,0,0,0,0,0
121358,1,1,0,0,0,0,0,0,0,0,0,0
121358,2,1,0,0,0,0,0,0,0,0,0,0
121359,1,1,2,2,2,2,2,2,2,2,2,2
121359,2,1,0,0,0,0,0,0,0,0,0,0
121360,1,1,14,14,14,14,14,14,14,14,14,14
121361,0,1,22,22,22,22,22,22,22,22,22,22
121361,1,1,0,0,0,0,0,18,21,0,0,0
121362,1,1,0,0,0,0,0,0,0,20,0,5
121363,0,1,0,0,37,0,6,0,17,10,12,10
121363,1,1,0,0,0,0,0,0,0,0,0,0
121363,2,1,0,0,0,0,0,0,0,37,0,0
121364,1,1,0,0,0,0,0,0,0,0,0,0
121364,2,1,0,0,0,0,0,0,0,0,0,5
121365,1,1,0,40,0,0,0,0,0,0,0,0
121366,1,1,0,0,0,25,0,0,0,0,0,0
121366,2,1,0,0,0,0,0,0,0,0,0,0
121367,1,1,12,12,12,12,12,12,12,12,12,12
121367,2,1,0,0,0,0,0,0,0,0,0,0
121370,1,1,1,1,1,1,1,1,1,1,1,1
121370,2,1,0,0,0,0,0,0,0,0,0,0
121371,1,1,0,0,0,0,0,0,0,0,0,0
121372,1,1,0,0,0,0,0,0,0,0,0,0
121372,2,1,0,0,0,0,0,0,0,0,0,0
121373,1,1,0,0,0,0,0,0,0,0,0,0
121373,2,1,0,0,0,0,0,0,0,0,0,0
121374,1,1,0,0,0,0,0,0,0,0,0,0
121375,0,1,0,0,0,0,0,0,0,9,0,0
121375,1,1,0,0,0,17,0,0,0,0,0,18
121376,0,1,0,0,0,0,0,0,0,0,0,0
121376,1,1,0,0,0,0,0,0,0,0,0,0
121377,1,1,0,0,0,0,0,0,0,12,3,13
121377,2,1,0,0,0,0,0,0,0,0,0,0
121378,1,1,0,0,0,0,0,0,0,0,0,0
121378,2,1,0,0,0,0,0,0,0,0,0,0
121379,0,1,0,30,0,0,0,0,0,0,0,0
121379,1,1,0,0,0,0,0,0,0,0,0,0
121380,1,1,0,0,0,0,0,0,0,0,0,0
121381,1,1,13,13,13,13,13,13,13,13,13,13
121382,0,1,23,23,23,23,23,23,23,23,23,23
121382,1,1,0,13,0,0,0,23,39,0,0,0
121383,1,1,19,19,19,19,19,19,19,19,19,19
121384,1,1,0,0,0,16,0,0,0,0,17,0
121385,1,1,19,19,19,19,19,19,19,19,19,19
121385,2,1,0,0,0,0,0,0,0,0,0,0
121386,0,1,26,26,26,26,26,26,26,26,26,26
121386,1,1,0,0,0,0,0,0,0,0,0,0
121386,2,1,0,0,4,0,0,0,0,0,0,0
121387,1,1,0,0,0,0,0,0,0,0,0,0
121388,1,1,0,0,0,0,0,0,0,0,0,0
121388,2,1,0,0,0,0,0,0,0,0,0,0
121389,1,1,0,0,0,0,0,0,0,0,0,0
121389,2,1,0,0,0,0,0,0,0,0,0,0
121389,3,1,0,0,0,0,0,0,0,0,0,0
121390,1,1,0,0,0,0,0,0,0,0,0,0
121391,1,1,0,0,0,0,0,0,0,0,0,0
121391,2,1,0,0,0,0,0,0,0,0,0,0
121392,0,1,17,17,17,17,17,17,17,17,17,17
121392,1,1,10,0,0,0,0,0,0,0,0,0
121393,1,1,0,0,0,0,0,0,0,0,0,0
121393,2,1,0,0,0,0,0,0,11,0,0,0
121394,1,2,0,0,28,0,0,13,0,11,0,26
121395,1,1,11,11,11,11,11,11,11,11,11,11
121395,2,1,0,0,0,0,0,0,0,0,0,0
121396,1,1,0,0,0,0,0,0,0,0,0,0
121397,0,1,0,0,0,0,0,0,0,0,0,0
121397,1,1,0,0,0,0,0,0,0,0,0,0
121398,0,1,17,17,17,17,17,17,17,17,17,17
121398,1,1,0,0,0,0,0,0,0,0,0,0
121400,1,1,0,0,0,0,0,0,0,0,0,0
121400,2,1,1,1,1,1,1,1,1,1,1,1
121400,3,1,0,0,0,9,0,0,0,0,0,0
121401,0,1,0,0,0,0,0,0,0,0,0,0
121401,1,1,0,0,0,0,0,0,0,0,0,0
121402,0,1,0,0,0,0,0,0,0,0,0,7
121402,1,1,0,0,0,0,0,0,0,0,0,0
121403,0,1,22,22,22,22,22,22,22,22,22,22
121403,1,1,0,0,0,13,18,0,0,0,0,0
121404,1,1,0,0,0,0,0,0,0,0,0,0
121405,1,2,0,31,21,8,31,12,38,0,19,11
121406,1,1,18,18,18,18,18,18,18,18,18,18
121406,2,1,0,0,0,0,0,0,0,0,0,0
121407,1,1,0,0,0,0,0,0,0,0,0,0
121408,0,1,35,35,35,35,35,35,35,35,35,35
121408,1,1,0,0,0,0,0,0,0,0,0,0
121409,1,1,0,0,7,0,0,0,0,0,0,0
121410,1,1,2,2,2,2,2,2,2,2,2,2
121411,1,1,0,0,0,0,0,0,0,0,0,0
121411,2,1,0,0,0,0,0,0,0,0,0,0
121412,1,1,0,0,0,0,0,0,0,0,0,0
121412,2,1,0,0,0,0,0,0,0,18,0,0
121413,1,1,0,0,0,0,0,0,0,0,0,0
121413,2,1,0,0,0,0,0,0,0,0,0,0
121414,1,1,12,12,12,12,12,12,12,12,12,12
121415,1,1,23,0,9,15,20,7,0,0,12,19
121416,1,1,0,0,0,0,0,0,0,0,0,0
121416,2,1,0,0,0,0,10,0,0,0,0,0
121417,1,1,0,0,0,0,0,0,0,0,0,0
121417,2,1,0,0,0,0,0,0,0,0,0,0
121418,1,1,2,2,2,2,2,2,2,2,2,2
121418,2,1,0,27,0,0,0,0,0,0,16,0
121418,3,1,0,0,0,0,0,0,0,0,0,0
121419,0,1,0,0,0,0,0,0,21,32,15,0
121419,1,1,0,0,0,0,0,0,0,0,0,0
121420,1,1,9,9,9,9,9,9,9,9,9,9
121421,1,1,22,22,22,22,22,22,22,22,22,22
121422,0,1,0,0,0,0,0,0,0,0,0,0
121422,1,1,0,0,0,0,0,0,0,0,0,0
121423,1,1,0,0,0,0,0,0,0,0,0,0
121424,1,1,0,0,0,0,0,0,0,0,0,0
121425,1,1,0,0,16,0,0,0,0,0,0,0
121425,2,1,0,0,14,0,0,0,0,0,0,0
121426,0,1,0,15,0,0,0,0,0,0,0,0
121426,1,1,0,0,0,0,0,0,0,0,0,0
121427,0,1,0,0,0,0,0,0,0,0,0,0
121427,1,1,0,0,0,0,0,0,0,0,0,0
121428,1,1,0,0,0,0,0,0,0,0,0,0
121428,2,1,0,0,0,0,0,0,0,0,0,0
121429,0,1,0,0,0,0,0,0,0,0,0,0
121429,1,1,0,9,0,0,0,0,0,0,0,0
121430,1,1,0,16,0,0,0,17,12,0,0,16
121431,1,1,18,18,18,18,18,18,18,18,18,18
121432,0,1,9,9,9,9,9,9,9,9,9,9
121432,1,1,0,0,0,0,0,0,0,0,0,8
121433,1,1,0,0,0,0,0,3,0,0,0,0
121435,1,1,0,0,0,0,0,13,0,0,0,0
121435,2,1,0,0,0,0,0,0,0,0,0,0
121436,1,1,0,0,0,0,0,0,9,0,0,0
121436,2,1,0,0,0,0,0,0,0,0,0,0
121437,1,1,0,0,0,0,0,0,0,0,0,0
121437,2,1,0,0,0,0,0,0,0,0,0,0
121437,3,1,0,0,0,0,0,0,0,0,0,0
121437,4,1,0,0,0,0,0,0,0,0,0,0
121438,1,1,12,12,12,12,12,12,12,12,12,12
121439,1,1,0,0,0,0,0,0,0,0,0,0
121440,1,1,0,0,0,0,0,0,0,0,0,0
121440,2,1,0,0,0,0,0,17,0,0,0,0
121441,1,1,0,0,0,0,0,0,0,0,19,0
121441,2,1,0,0,0,0,0,0,0,0,0,0
121442,1,1,14,14,14,14,14,14,14,14,14,14
121442,2,1,0,0,0,0,0,0,0,0,0,0
121443,1,1,0,0,0,0,0,0,0,0,0,0
121444,1,1,0,0,0,0,0,0,0,0,0,0
121444,2,1,0,0,0,0,0,0,0,0,0,0
121445,1,1,22,22,22,22,22,22,22,22,22,22
121445,2,1,0,0,10,0,0,12,4,0,0,9
121446,1,1,0,0,0,0,0,0,0,0,0,0
121446,2,1,0,0,0,0,0,0,0,0,0,0
121447,1,1,0,0,0,0,0,0,0,11,0,0
121447,2,1,0,0,0,0,0,0,0,0,0,0
121448,1,1,0,0,0,0,0,0,0,0,0,0
121448,2,1,0,0,0,0,0,0,0,0,0,0
121449,1,1,0,0,0,0,0,0,0,0,0,0
121449,2,1,0,0,0,0,0,0,0,0,0,0
121450,1,1,0,0,0,0,0,0,0,0,0,0
121450,2,1,0,0,0,0,0,0,0,0,0,0
121451,1,1,6,6,6,6,6,6,6,6,6,6
121451,2,1,34,34,34,34,34,34,34,34,34,34
121451,3,1,0,0,6,0,0,0,14,0,0,0
121451,4,1,0,0,0,0,0,0,0,0,0,0
121452,1,1,0,0,0,0,0,0,0,0,0,0
121453,1,1,0,0,0,0,0,0,0,0,0,0
121454,1,1,11,11,11,11,11,11,11,11,11,11
121454,2,1,0,0,0,0,0,0,0,0,0,0
121455,1,1,11,11,11,11,11,11,11,11,11,11
121456,1,1,14,14,14,14,14,14,14,14,14,14
121457,0,1,0,0,0,0,0,0,0,0,0,0
121457,1,1,0,0,0,0,0,0,0,0,0,0
121458,1,1,14,14,14,14,14,14,14,14,14,14
121459,1,1,0,0,0,0,0,0,0,0,0,0
121459,2,1,0,0,0,0,0,0,0,0,0,0
121460,1,1,23,23,23,23,23,23,23,23,23,23
121461,1,1,0,0,0,0,0,0,0,0,0,0
121462,0,1,0,0,0,0,0,0,0,0,0,0
121462,1,1,0,0,0,0,0,0,0,0,0,0
121464,1,1,0,0,14,0,0,0,0,0,0,0
121464,2,1,0,0,0,0,0,0,0,0,0,0
121465,1,1,0,0,0,0,0,0,0,0,14,0
121465,2,1,0,0,0,0,0,0,0,0,0,0
121467,1,1,24,24,24,24,24,24,24,24,24,24
121468,1,1,19,19,19,19,19,19,19,19,19,19
121469,1,1,20,20,20,20,20,20,20,20,20,20
121469,2,1,0,0,0,0,0,0,0,0,0,0
121470,1,1,0,0,0,0,0,0,0,0,0,0
121471,1,1,0,0,0,0,0,0,0,0,0,0
121471,2,1,0,0,0,0,0,0,0,0,0,0
121472,1,1,25,25,25,25,25,25,25,25,25,25
121473,1,1,0,0,0,0,0,0,0,0,0,0
121473,2,1,0,0,0,0,0,0,0,0,0,0
121474,1,1,0,0,0,0,0,0,0,0,0,0
121475,1,1,0,0,0,0,0,0,0,0,24,0
121475,2,1,0,0,0,0,0,0,0,0,0,0
121476,0,1,3,3,3,3,3,3,3,3,3,3
121476,1,1,0,0,0,0,0,0,0,0,0,0
121477,1,1,25,25,25,25,25,25,25,25,25,25
121478,1,1,25,25,25,25,25,25,25,25,25,25
121478,2,1,0,0,0,0,0,0,0,0,0,0
121479,1,1,11,17,38,0,22,11,13,0,25,0
121480,0,1,25,25,25,25,25,25,25,25,25,25
121480,0,2,0,0,0,0,0,0,0,15,0,0
121480,1,1,0,0,0,0,0,0,0,0,0,0
121481,1,1,0,0,0,0,0,0,0,0,0,0
121482,1,1,24,24,24,24,24,24,24,24,24,24
121483,1,1,0,0,0,0,0,0,0,0,0,0
121483,2,1,0,0,0,0,0,0,0,0,0,0
121484,1,1,35,35,35,35,35,35,35,35,35,35
121484,2,1,0,0,0,0,0,0,0,0,0,0
121485,0,1,0,0,0,0,0,0,0,0,0,0
121485,1,1,0,0,0,0,0,0,0,0,0,0
121486,1,1,0,0,0,0,0,0,0,0,0,0
121487,1,1,0,0,0,0,0,0,0,0,0,0
121487,2,1,0,0,0,0,0,0,0,0,0,0
121488,1,1,0,0,0,0,0,0,0,0,0,0
121488,2,1,0,0,0,0,0,0,0,0,8,0
121489,1,1,21,21,21,21,21,21,21,21,21,21
121489,2,1,0,0,0,0,0,4,0,0,12,0
121490,0,1,0,0,0,0,0,0,0,0,0,0
121490,1,1,0,0,0,0,0,0,0,0,0,0
121491,1,1,12,12,12,12,12,12,12,12,12,12
121491,2,1,0,0,0,0,0,0,0,0,0,0
121492,0,1,23,23,23,23,23,23,23,23,23,23
121492,1,1,0,0,0,0,0,0,0,0,20,0
121493,1,1,0,0,0,0,0,0,0,0,0,0
121493,2,1,0,0,0,0,0,0,0,0,0,0
121494,0,1,0,0,0,0,0,0,0,0,0,0
121494,1,1,0,0,0,0,0,0,0,0,0,13
121495,0,1,0,0,0,0,0,0,0,0,0,0
121495,1,1,0,0,0,0,0,0,0,0,0,0
121495,2,1,0,0,0,0,0,0,0,0,0,0
121496,0,1,0,0,0,0,0,0,0,0,0,0
121496,1,1,0,0,0,0,15,0,0,0,0,0
121498,1,1,0,0,0,0,0,0,0,0,0,0
121500,1,1,0,0,0,0,0,0,0,0,0,0
121500,2,1,0,0,0,0,0,0,0,0,0,0
121501,0,1,25,25,25,25,25,25,25,25,25,25
121501,1,1,0,0,0,0,0,0,0,0,0,0
121502,1,1,0,0,0,0,0,0,0,0,0,0
121502,2,1,0,0,0,0,0,0,0,0,0,0
121503,1,1,0,0,0,0,0,0,0,0,0,0
121505,1,1,0,0,0,0,0,0,0,0,0,0
121506,1,1,0,0,0,0,0,0,0,0,0,0
121507,1,1,10,10,10,10,10,10,10,10,10,10
121507,2,1,0,0,0,0,0,0,0,0,0,0
121508,1,1,17,17,17,17,17,17,17,17,17,17
121508,2,1,15,15,15,15,15,15,15,15,15,15
121509,0,1,0,0,0,0,0,0,0,0,0,0
121509,1,1,0,0,0,0,0,0,0,0,0,0
121510,1,1,0,0,0,0,0,0,0,0,0,0
121510,2,1,0,0,0,0,0,0,0,0,0,0
121510,3,1,0,0,0,0,0,0,0,0,0,0
121511,1,1,0,0,0,0,0,0,0,0,0,0
121511,2,1,0,0,0,0,0,0,0,0,0,0
121512,1,1,0,0,0,0,0,0,0,0,0,0
121513,1,1,24,24,24,24,24,24,24,24,24,24
121513,2,1,0,0,0,0,0,0,6,0,0,0
121514,1,1,0,0,0,0,0,0,0,0,0,0
121514,2,1,0,0,0,0,0,0,0,0,0,0
121514,3,1,0,0,0,0,0,0,0,0,0,0
121515,1,1,0,0,0,0,0,0,0,0,0,0
121516,1,1,18,18,18,18,18,18,18,18,18,18
121516,2,1,20,20,20,20,20,20,20,20,20,20
121516,3,1,7,7,7,7,7,7,7,7,7,7
121517,1,1,0,0,0,0,0,0,0,0,0,0
121517,2,1,0,0,0,0,0,0,0,0,0,0
121518,1,1,0,0,0,0,0,0,0,0,0,0
121518,2,1,0,0,0,0,0,0,0,0,0,0
121519,1,1,16,16,16,16,16,16,16,16,16,16
121520,1,1,23,23,23,23,23,23,23,23,23,23
121521,1,1,8,8,8,8,8,8,8,8,8,8
121521,2,1,11,11,11,11,11,11,11,11,11,11
121522,0,1,4,4,4,4,4,4,4,4,4,4
121522,1,1,0,0,0,0,0,0,0,0,0,0
121523,1,1,20,20,20,20,20,20,20,20,20,20
121524,1,1,17,17,17,17,17,17,17,17,17,17
121525,0,1,0,14,0,0,0,8,7,32,0,25
121525,1,1,0,0,0,0,0,0,0,0,11,0
121526,0,1,0,0,0,0,0,0,0,0,0,0
121526,1,1,0,0,0,0,0,0,0,0,0,0
121527,0,1,0,0,0,0,0,0,0,0,0,0
121527,1,1,0,5,0,11,0,0,0,0,0,0
121528,1,1,0,0,0,0,0,0,0,0,0,0
121529,1,1,19,19,19,19,19,19,19,19,19,19
121530,1,1,0,0,0,0,0,0,0,0,0,0
121530,2,1,0,0,0,0,0,0,0,0,0,0
121531,1,1,0,0,0,0,0,0,0,0,0,0
121532,1,1,0,0,0,0,0,0,0,0,0,0
121533,1,1,0,25,0,0,0,8,0,0,0,0
121534,1,1,0,0,0,0,0,0,0,0,0,0
121534,2,1,0,0,0,0,0,0,0,0,0,16
121535,1,1,0,0,0,0,0,0,0,0,0,0
121536,1,1,36,36,36,36,36,36,36,36,36,36
121537,1,1,22,22,22,22,22,22,22,22,22,22
121538,1,1,0,0,0,0,0,0,0,0,0,0
121538,2,1,0,0,0,0,0,0,0,34,0,0
121539,1,1,0,0,0,0,0,0,0,0,0,0
121539,2,1,0,0,0,0,0,0,0,0,0,0
121540,2,1,7,7,7,7,7,7,7,7,7,7
121541,1,1,17,0,18,0,9,0,0,5,0,0
121542,1,1,0,0,0,0,0,0,0,0,0,0
121543,1,1,0,0,0,12,0,0,0,0,0,0
121545,1,1,0,0,0,0,0,0,0,0,0,0
121545,2,1,0,0,15,0,0,0,0,0,0,0
121546,1,1,0,0,0,0,0,0,0,0,0,0
121546,2,1,0,0,0,0,0,0,0,0,0,0
121546,3,1,0,0,0,0,0,0,0,0,0,0
121546,4,1,0,0,0,0,0,0,0,0,0,0
121547,1,1,7,7,7,7,7,7,7,7,7,7
121548,1,1,6,6,6,6,6,6,6,6,6,6
121549,0,1,40,40,40,40,40,40,40,40,40,40
121549,1,1,0,0,0,0,0,0,0,0,0,0
121550,1,1,18,18,18,18,18,18,18,18,18,18
121551,1,1,27,27,27,27,27,27,27,27,27,27
121552,0,1,9,9,9,9,9,9,9,9,9,9
121552,1,1,0,0,0,0,0,0,15,0,6,0
121553,1,1,18,18,18,18,18,18,18,18,18,18
121553,2,1,0,0,0,0,0,0,0,0,0,0
121554,1,1,0,0,0,0,0,0,0,0,0,0
121554,2,1,0,0,0,0,0,0,0,0,0,0
121555,0,1,21,0,0,0,0,0,22,0,0,0
121555,1,1,0,0,0,0,0,0,0,0,0,0
121556,1,1,0,0,0,0,0,0,0,0,0,0
121557,1,1,22,22,22,22,22,22,22,22,22,22
121557,2,1,0,0,0,0,0,0,0,0,0,4
121558,1,1,0,0,0,0,0,0,0,0,0,0
121558,2,1,0,0,0,0,0,0,15,0,0,0
121559,0,1,0,5,0,0,0,0,0,0,0,0
121559,1,1,0,0,0,0,0,0,0,0,0,0
121560,1,1,0,0,0,0,0,15,0,0,0,0
121560,2,1,12,22,0,19,0,0,0,8,0,0
121561,0,1,0,22,0,0,0,0,0,0,17,12
121561,1,1,0,0,0,0,0,0,6,0,0,0
121562,1,1,0,0,4,0,0,0,0,0,0,0
121562,2,1,0,0,0,0,0,0,0,0,0,0
121563,1,1,0,0,0,0,0,0,0,0,0,0
121563,2,1,0,0,0,0,0,0,0,17,0,14
121564,1,1,18,18,18,18,18,18,18,18,18,18