ST_CASE,VEH_NO,PER_NO,P1,P2,P3,P4,P5,P6,P7,P8,P9,P10
121565,1,1,21,21,21,21,21,21,21,21,21,21
121566,1,1,17,17,17,17,17,17,17,17,17,17
121566,2,1,0,0,0,0,0,0,0,0,0,0
121567,1,1,0,0,0,0,0,0,0,0,0,0
121567,2,1,0,0,0,0,0,0,0,0,0,0
121567,3,1,0,0,0,0,0,0,0,0,0,0
121568,0,1,0,0,0,0,0,0,0,0,0,0
121568,1,1,0,0,0,0,0,0,0,0,0,0
121569,1,1,0,0,0,0,0,0,0,0,0,0
121569,2,1,0,0,0,0,0,0,0,0,0,0
121569,3,1,0,0,0,0,0,0,0,0,0,0
121569,4,1,0,0,0,0,0,0,0,0,0,0
121570,0,1,0,0,0,0,0,0,0,0,0,0
121570,1,1,0,0,0,0,0,0,0,0,0,0
121571,1,1,0,0,0,0,0,0,0,0,0,0
121571,2,1,1,1,1,1,1,1,1,1,1,1
121572,1,1,0,0,0,0,0,0,0,0,0,0
121572,2,1,0,0,0,0,0,0,0,0,0,0
121573,1,1,29,29,29,29,29,29,29,29,29,29
121573,2,1,0,0,0,0,0,0,0,0,0,0
121574,0,1,0,0,0,0,0,0,0,0,0,0
121574,1,1,0,0,0,0,0,0,0,0,0,0
121575,0,1,0,0,0,0,0,0,0,0,0,0
121575,1,1,0,0,0,0,0,0,0,0,0,0
121576,1,1,35,35,35,35,35,35,35,35,35,35
121576,2,1,0,0,0,0,0,0,0,0,0,0
121578,0,1,0,0,0,0,0,0,0,0,0,0
121578,1,1,0,0,0,0,0,0,0,0,0,0
121579,1,1,0,0,0,0,0,0,0,0,0,0
121580,1,1,19,19,19,19,19,19,19,19,19,19
121581,1,1,18,18,18,18,18,18,18,18,18,18
121582,1,1,0,0,0,0,0,0,0,0,0,0
121582,2,1,0,0,0,0,0,0,0,0,0,0
121582,3,1,0,0,0,0,0,0,0,0,0,0
121583,1,1,0,0,0,13,0,0,0,0,0,0
121584,1,1,26,26,26,26,26,26,26,26,26,26
121584,2,1,0,0,0,0,0,0,0,0,0,12
121585,1,1,12,12,12,12,12,12,12,12,12,12
121586,1,1,19,19,19,19,19,19,19,19,19,19
121586,2,1,0,0,0,0,0,0,0,0,0,0
121587,1,1,0,0,0,0,0,0,0,0,0,15
121587,2,1,0,0,0,0,0,0,0,0,0,0
121588,1,1,0,0,0,0,0,0,0,0,0,0
121588,2,1,0,0,0,0,0,0,0,0,0,0
121589,0,1,26,26,26,26,26,26,26,26,26,26
121589,1,1,0,0,0,0,0,0,0,0,0,20
121590,0,1,0,0,0,0,0,0,0,0,0,0
121590,1,1,0,0,0,0,0,0,0,0,0,0
121591,1,1,0,0,0,0,0,0,0,0,0,0
121591,2,1,0,0,0,0,0,0,0,0,0,0
121591,3,1,0,0,0,0,0,0,0,0,0,0
121592,1,1,6,6,6,6,6,6,6,6,6,6
121592,2,1,0,0,0,0,0,0,0,0,0,0
121593,0,1,0,0,0,0,0,0,0,0,0,0
121593,1,1,0,0,0,0,0,0,0,0,0,0
121594,1,1,23,33,28,18,0,7,19,13,12,0
121594,2,1,7,22,11,19,21,21,17,0,25,20
121594,3,1,0,0,0,0,0,0,0,0,0,0
121595,1,1,0,0,0,0,0,0,0,0,0,0
121595,2,1,0,0,0,0,0,0,0,0,0,0
121595,3,1,0,0,0,0,0,0,0,0,0,0
121595,4,1,0,0,0,0,0,0,0,0,0,0
121596,1,1,0,15,0,0,0,0,0,0,0,0
121596,2,1,0,0,0,0,0,0,4,0,0,0
121597,0,1,0,0,0,0,0,0,0,0,0,0
121597,1,1,10,10,10,10,10,10,10,10,10,10
121598,1,1,0,0,0,0,0,0,0,0,0,0
121599,1,1,0,0,0,0,0,0,0,0,0,0
121599,2,1,22,20,0,0,0,0,0,0,0,0
121599,3,1,0,0,0,0,0,0,10,0,0,0
121600,1,1,0,0,0,0,0,0,24,0,0,0
121600,2,1,0,0,0,0,0,0,0,0,0,0
121600,3,1,0,0,0,0,0,0,0,0,0,0
121600,4,1,0,0,0,0,0,0,0,0,0,0
121601,0,1,9,9,9,9,9,9,9,9,9,9
121601,1,1,0,0,0,0,0,0,0,0,0,0
121602,1,1,0,0,0,0,0,0,0,0,0,0
121602,2,1,0,0,0,0,0,0,0,0,0,0
121603,1,1,0,0,0,0,0,0,0,0,0,0
121604,1,1,6,6,6,6,6,6,6,6,6,6
121605,1,1,0,0,0,0,0,0,0,0,0,0
121605,2,1,0,0,0,0,0,0,0,0,0,0
121606,0,1,0,0,0,0,0,0,0,0,0,0
121606,1,1,0,0,0,0,0,0,0,0,0,0
121607,0,1,0,0,8,0,30,0,12,14,12,14
121607,1,1,0,0,0,0,0,0,0,0,0,20
121608,1,1,0,0,0,0,0,0,0,0,0,0
121608,2,1,0,13,0,0,0,0,0,0,0,0
121609,1,1,0,0,0,0,0,0,0,0,0,0
121609,2,1,0,0,0,0,0,0,0,0,0,0
121610,0,1,5,0,0,18,0,16,26,0,0,8
121610,1,1,0,0,0,0,0,0,0,0,0,0
121611,1,1,0,0,0,0,28,0,8,0,0,13
121611,2,1,20,20,20,20,20,20,20,20,20,20
121612,1,1,0,0,0,0,0,0,0,0,0,0
121613,0,1,7,0,0,0,0,0,0,0,0,0
121613,0,2,7,0,0,0,0,0,0,0,0,5
121613,1,1,0,11,0,0,0,0,0,0,0,0
121614,0,1,39,39,39,39,39,39,39,39,39,39
121614,1,1,0,0,0,0,0,0,0,0,0,11
121615,0,1,0,0,0,0,0,0,0,0,20,0
121615,1,1,0,0,0,0,0,0,17,0,0,0
121615,2,1,0,0,0,0,0,0,0,0,0,0
121616,0,1,0,0,0,0,0,0,0,0,0,0
121617,0,1,0,0,0,0,0,0,0,0,0,0
121617,1,1,0,0,0,0,0,0,0,0,0,0
121618,1,1,26,26,26,26,26,26,26,26,26,26
121619,1,2,21,0,7,8,0,9,32,15,11,15
121620,0,1,16,16,16,16,16,16,16,16,16,16
121620,1,1,0,0,0,0,0,0,0,0,25,0
121621,0,1,0,0,0,0,0,0,0,0,0,0
121621,1,1,0,0,9,0,0,0,0,0,0,0
121622,1,1,18,18,18,18,18,18,18,18,18,18
121623,1,1,0,28,0,0,0,0,14,0,28,0
121624,1,1,26,26,26,26,26,26,26,26,26,26
121625,1,1,0,8,0,8,9,0,29,6,16,4
121626,1,1,17,17,17,17,17,17,17,17,17,17
121626,2,1,0,0,0,0,0,0,0,0,0,0
121627,1,1,0,0,0,0,0,0,0,0,0,0
121627,2,1,0,0,0,0,0,0,0,0,0,0
121628,0,1,0,0,0,0,0,0,0,0,0,0
121628,1,1,0,0,0,0,0,0,0,0,0,0
121630,0,1,0,0,0,0,0,0,0,0,0,0
121630,1,1,0,0,0,0,0,0,0,0,0,0
121631,1,1,20,20,20,20,20,20,20,20,20,20
121632,1,1,9,9,9,9,9,9,9,9,9,9
121632,2,1,0,0,0,0,0,5,0,0,0,0
121633,0,1,10,10,10,10,10,10,10,10,10,10
121633,1,1,0,0,0,0,0,0,0,0,0,0
121634,1,1,17,17,17,17,17,17,17,17,17,17
121634,2,1,0,0,0,0,0,0,0,0,0,0
121635,0,1,0,0,0,0,0,0,0,0,0,0
121635,1,1,0,8,0,0,0,0,0,0,0,5
121636,0,1,16,16,16,16,16,16,16,16,16,16
121636,1,1,13,0,0,0,0,24,0,0,0,0
121637,1,1,0,0,0,0,0,0,0,19,0,0
121638,1,1,0,0,0,0,0,0,0,0,0,0
121638,2,1,0,0,0,0,0,0,0,0,0,0
121639,0,1,17,17,17,17,17,17,17,17,17,17
121639,1,1,7,0,0,0,30,0,0,15,12,0
121640,1,1,0,0,0,0,0,0,0,0,0,0
121640,2,1,0,0,0,0,0,0,0,0,0,0
121641,1,1,0,0,0,0,0,0,0,0,0,0
121641,2,1,0,0,0,0,0,0,0,0,0,0
121641,3,1,0,0,0,5,0,0,0,0,0,0
121642,0,1,10,0,0,0,0,0,0,0,21,20
121642,1,1,0,0,0,0,0,0,0,0,0,0
121643,1,1,19,19,19,19,19,19,19,19,19,19
121643,2,1,0,0,0,0,0,0,0,0,0,0
121644,0,1,30,30,30,30,30,30,30,30,30,30
121644,1,1,0,0,0,0,0,0,0,0,0,0
121645,1,1,0,0,0,0,0,0,0,0,0,0
121645,2,1,0,0,0,0,0,0,0,0,0,0
121646,0,1,21,21,21,21,21,21,21,21,21,21
121646,1,1,0,0,0,0,0,0,0,0,0,0
121646,2,1,0,0,0,26,0,0,0,0,0,0
121647,1,1,0,4,0,0,0,0,0,0,0,0
121648,0,1,28,28,28,28,28,28,28,28,28,28
121648,1,1,28,28,28,28,28,28,28,28,28,28
121649,1,1,12,12,12,12,12,12,12,12,12,12
121650,1,1,0,0,0,0,0,0,0,0,0,0
121651,1,1,15,15,15,15,15,15,15,15,15,15
121652,0,1,0,0,0,0,0,0,0,0,0,27
121652,1,1,0,0,0,0,0,0,0,0,0,0
121653,0,1,0,0,0,0,0,0,0,14,0,0
121653,1,1,0,0,0,0,0,0,0,14,0,4
121654,1,1,25,25,25,25,25,25,25,25,25,25
121654,2,1,0,0,0,0,0,0,0,0,0,0
121655,1,1,0,0,0,0,0,0,0,0,0,0
121655,2,1,0,0,0,0,0,0,0,0,0,0
121656,1,1,0,0,0,0,0,0,0,0,0,0
121656,2,1,0,0,0,0,0,0,0,0,0,0
121656,3,1,0,0,0,0,0,0,0,0,0,0
121657,1,1,0,0,0,0,0,0,0,0,0,0
121658,0,1,16,8,18,8,0,0,13,26,27,0
121658,1,1,0,0,0,0,0,0,0,0,0,0
121659,1,1,0,0,0,0,0,0,0,0,0,0
121660,0,1,0,0,0,0,0,0,0,0,0,0
121660,1,1,0,0,0,0,0,0,0,0,0,0
121661,1,1,0,0,0,0,0,0,0,0,0,0
121661,2,1,0,0,0,0,0,0,0,0,0,0
121661,3,1,0,0,0,0,0,0,0,0,0,0
121662,1,1,0,0,0,0,0,0,0,0,0,0
121663,1,1,13,13,13,13,13,13,13,13,13,13
121664,1,1,0,0,0,0,0,0,0,0,0,0
121665,1,1,18,18,18,18,18,18,18,18,18,18
121665,2,1,5,5,5,5,5,5,5,5,5,5
121665,3,1,16,0,0,0,0,0,0,0,0,0
121666,1,1,0,0,0,0,0,0,0,0,0,0
121666,2,1,0,0,0,0,0,0,0,0,0,0
121666,3,1,0,0,0,0,0,0,0,0,0,11
121667,1,1,26,26,26,26,26,26,26,26,26,26
121668,0,1,0,0,0,0,0,0,0,0,0,0
121668,1,1,0,0,0,0,0,0,0,0,0,0
121669,1,1,0,0,0,0,0,0,0,0,0,0
121669,2,1,0,0,0,0,0,0,0,0,0,0
121670,1,1,0,0,0,0,0,0,0,0,0,0
121671,1,1,0,0,0,0,0,0,0,0,0,0
121672,1,1,0,0,0,0,0,0,0,0,0,0
121673,1,1,16,0,0,0,0,0,19,0,0,0
121674,1,1,0,0,0,0,0,0,0,0,0,0
121674,2,1,0,0,0,0,0,0,0,0,0,0
121674,3,1,0,0,0,0,0,0,0,0,0,0
121675,1,1,13,13,13,13,13,13,13,13,13,13
121675,2,1,0,0,0,0,0,0,0,0,0,0
121676,1,1,0,17,0,0,0,0,0,0,0,0
121677,1,1,20,20,20,20,20,20,20,20,20,20
121677,2,1,0,26,0,0,11,0,0,17,0,18
121677,3,1,0,0,0,0,0,0,0,0,0,0
121678,0,1,0,0,17,0,14,0,0,0,0,0
121678,1,1,2,2,2,2,2,2,2,2,2,2
121679,1,1,23,22,9,0,0,0,0,19,0,0
121680,0,1,0,0,0,0,0,0,0,0,0,0
121680,1,1,0,0,0,0,0,0,0,0,0,0
121681,1,1,0,0,0,0,0,0,0,0,0,0
121681,2,1,0,0,0,0,0,0,0,0,0,0
121682,1,1,0,22,0,0,0,13,0,0,0,0
121682,2,1,0,0,0,0,0,0,0,0,0,0
121683,0,1,35,35,35,35,35,35,35,35,35,35
121683,1,1,0,0,0,0,0,0,0,0,0,0
121684,1,1,0,0,0,0,0,0,0,0,0,0
121684,2,1,0,0,0,0,0,0,0,0,0,0
121685,1,1,22,22,22,22,22,22,22,22,22,22
121686,1,1,12,0,0,0,0,0,0,0,0,0
121686,2,1,0,0,0,0,0,0,0,0,0,0
121687,1,1,0,0,0,0,0,5,0,0,0,0
121688,1,1,0,0,0,0,0,0,0,0,0,0
121689,0,1,0,0,0,0,0,0,0,0,0,0
121689,0,2,0,0,0,0,0,0,0,0,0,0
121689,1,1,0,0,0,0,16,0,0,0,0,6
121690,1,1,0,0,0,0,0,0,0,0,0,6
121691,1,1,0,0,0,0,0,0,0,0,0,0
121691,2,1,0,0,0,0,0,0,0,0,0,0
121692,1,1,0,0,0,0,0,0,0,0,0,0
121693,1,1,0,0,0,0,0,0,0,0,0,0
121693,2,1,0,0,0,0,0,0,0,0,0,0
121694,1,1,4,4,4,4,4,4,4,4,4,4
121694,2,1,0,0,0,0,0,0,0,0,0,0
121695,1,1,0,0,0,0,18,0,0,0,9,0
121695,2,1,0,0,0,0,0,0,9,0,0,0
121696,1,1,13,13,13,13,13,13,13,13,13,13
121697,0,1,0,0,0,0,0,0,0,0,0,0
121697,1,1,0,0,0,0,0,22,0,0,0,0
121697,2,1,0,0,0,0,0,0,0,0,0,0
121698,1,1,0,0,0,18,0,0,0,0,0,0
121699,1,1,9,9,9,9,9,9,9,9,9,9
121699,2,1,0,0,0,0,0,8,0,0,0,0
121700,1,1,0,0,0,0,0,0,0,20,0,13
121700,2,1,0,0,0,0,0,0,0,0,0,0
121701,1,1,0,0,0,0,0,0,0,0,0,0
121701,2,1,0,0,0,0,0,0,0,0,0,0
121701,3,1,0,0,0,0,0,0,0,0,0,0
121702,1,1,0,0,0,0,0,0,0,0,0,0
121703,1,1,0,0,0,0,0,0,0,0,0,0
121703,2,1,0,0,0,0,0,0,0,0,0,0
121703,3,1,0,0,0,0,0,0,0,0,0,0
121704,1,1,0,0,0,0,0,0,0,0,0,0
121704,2,1,0,0,0,0,0,0,0,0,0,0
121706,0,1,0,0,0,0,0,0,0,0,0,0
121706,1,1,0,0,0,0,0,0,0,0,0,0
121707,1,1,14,14,14,14,14,14,14,14,14,14
121708,1,1,0,0,0,13,0,0,0,0,0,0
121709,1,1,0,0,0,0,0,0,0,12,17,19
121710,0,1,4,0,0,12,0,0,0,0,0,0
121710,1,1,6,0,0,0,0,0,0,0,0,0
121711,1,1,0,0,0,18,0,0,0,0,0,0
121711,2,1,0,0,0,0,0,0,0,0,0,0
121712,1,1,0,0,0,0,0,0,0,0,0,0
121713,0,1,0,0,0,0,0,0,0,0,0,0
121713,1,1,0,0,0,0,0,0,0,0,0,0
121713,2,1,0,0,0,0,0,0,7,0,0,0
121713,3,1,0,0,0,0,13,0,0,0,0,0
121714,1,1,0,0,0,0,0,0,0,0,0,0
121714,2,1,0,0,0,0,0,0,0,0,0,0
121715,0,1,0,0,0,0,0,0,0,0,0,0
121715,1,1,0,0,0,0,0,0,0,0,0,0
121716,0,1,0,0,0,0,0,0,0,0,0,0
121716,1,1,0,0,0,0,0,0,0,0,0,0
121717,1,1,0,0,0,0,0,0,0,0,0,0
121717,2,1,0,0,0,0,0,0,0,0,0,0
121718,1,1,18,18,18,18,18,18,18,18,18,18
121719,1,1,0,0,0,0,0,0,0,0,0,0
121719,2,1,0,0,0,0,0,0,8,0,0,0
121720,0,1,0,20,0,0,25,0,12,22,13,0
121720,1,1,25,0,0,0,0,0,0,0,0,0
121721,1,1,0,0,0,0,0,0,0,0,0,0
121721,2,1,0,0,0,0,0,0,0,0,0,0
121722,1,1,9,0,0,0,0,0,0,16,17,0
121723,1,1,0,0,0,0,0,0,0,0,0,0
121725,1,1,0,0,0,25,0,0,22,0,0,0
121725,2,1,0,0,0,0,0,0,0,0,0,0
121726,1,1,0,0,0,0,0,0,0,0,0,0
121726,2,1,0,0,0,0,0,9,0,0,0,0
121727,0,1,0,0,0,0,0,0,0,0,0,0
121727,1,1,0,0,0,0,0,0,0,0,0,0
121728,1,1,16,16,16,16,16,16,16,16,16,16
121728,2,1,0,0,0,0,19,0,0,20,15,0
121729,1,1,23,15,0,0,7,19,0,13,10,0
121730,1,1,0,0,0,0,15,0,0,0,0,0
121730,2,1,0,0,0,0,0,0,0,0,0,0
121731,1,1,0,0,0,0,0,0,0,0,0,0
121731,2,1,7,7,7,7,7,7,7,7,7,7
121732,1,1,28,28,28,28,28,28,28,28,28,28
121733,1,1,0,0,0,0,0,0,0,0,0,0
121733,2,1,0,0,0,0,0,0,0,0,0,0
121734,1,1,0,0,0,0,0,0,0,0,0,0
121734,2,1,0,0,0,0,0,0,0,0,0,0
121735,0,1,27,27,27,27,27,27,27,27,27,27
121735,1,1,0,0,0,0,0,0,0,0,0,0
121735,2,1,0,0,0,0,0,0,0,0,0,0
121736,0,1,0,0,0,0,0,0,0,0,0,0
121736,1,1,0,0,0,0,0,0,0,0,0,0
121737,0,1,0,0,29,0,0,39,0,0,19,0
121737,1,1,0,0,0,0,0,0,0,0,0,0
121737,2,1,0,0,14,0,0,0,8,0,0,0
121737,3,1,0,0,0,0,0,0,0,0,0,8
121738,1,1,0,0,0,0,0,0,0,12,0,0
121739,1,1,0,0,0,0,0,0,21,25,0,0
121740,1,1,0,0,0,0,0,0,0,0,0,0
121741,0,1,28,7,36,21,19,20,15,11,15,12
121741,1,1,0,0,0,0,0,0,0,0,0,0
121742,1,1,0,0,0,0,0,0,0,5,0,0
121743,1,1,21,21,21,21,21,21,21,21,21,21
121744,1,1,25,25,25,25,25,25,25,25,25,25
121745,1,1,19,19,19,19,19,19,19,19,19,19
121745,2,1,0,0,0,0,0,0,0,0,0,0
121746,1,1,0,0,0,0,0,0,0,0,0,0
121747,1,1,20,20,20,20,20,20,20,20,20,20
121747,2,1,0,0,0,0,0,0,0,0,0,0
121748,1,1,4,0,20,0,20,0,23,0,0,0
121748,2,1,0,0,0,0,0,25,0,0,0,0
121749,1,1,0,0,0,0,0,0,0,0,0,0
121750,0,1,0,0,0,0,0,0,0,0,0,0
121750,1,1,6,6,6,6,6,6,6,6,6,6
121751,1,1,11,11,11,11,11,11,11,11,11,11
121752,1,1,0,0,0,0,0,0,0,0,0,0
121753,0,1,26,26,26,26,26,26,26,26,26,26
121753,1,1,0,0,0,0,0,0,0,0,0,0
121754,1,1,0,0,0,0,0,0,0,0,0,0
121754,2,1,0,0,0,0,0,0,0,0,0,0
121754,3,1,0,0,0,0,0,0,0,0,0,0
121755,1,1,0,0,0,0,0,0,0,0,0,0
121755,2,1,29,29,29,29,29,29,29,29,29,29
121757,1,1,27,27,27,27,27,27,27,27,27,27
121757,2,1,0,0,0,0,0,0,0,0,0,0
121758,1,1,0,0,0,0,0,0,0,0,0,0
121759,1,1,0,0,0,0,0,0,0,12,0,0
121759,2,1,0,0,0,0,0,0,0,0,0,0
121760,1,1,15,15,15,15,15,15,15,15,15,15
121760,2,1,0,0,0,0,0,0,0,0,0,0
121761,0,1,21,21,21,21,21,21,21,21,21,21
121761,1,1,0,0,0,0,15,0,25,0,0,13
121763,1,1,14,0,0,0,0,0,0,0,5,0
121764,0,1,0,0,0,0,0,0,0,0,0,0
121764,1,1,0,0,0,0,0,0,12,0,0,0
121765,1,1,20,20,20,20,20,20,20,20,20,20
121766,0,1,19,0,0,26,49,19,16,34,0,27
121766,1,1,0,0,0,0,0,0,0,0,0,0
121767,1,1,0,0,0,0,0,0,0,0,0,0
121767,2,1,0,0,0,0,0,0,0,0,0,0
121769,1,1,0,0,0,0,0,0,0,0,0,0
121769,2,1,0,0,0,0,0,0,0,0,0,0
121769,3,1,0,0,0,0,0,0,0,0,0,0
121769,4,1,0,0,0,0,0,0,0,0,0,0
121769,5,1,0,0,0,0,0,0,0,0,0,0
121770,1,1,10,18,9,9,24,8,15,13,17,0
121770,2,1,0,0,0,0,0,0,0,0,0,0
121771,1,1,0,0,0,0,0,0,0,0,0,0
121771,2,1,0,0,0,0,0,0,0,0,0,0
121771,3,1,0,0,0,0,0,0,0,0,0,0
121771,4,1,13,0,0,0,0,0,0,0,0,0
121772,1,1,0,0,0,0,0,0,0,0,0,0
121773,0,1,0,0,0,0,0,0,16,0,0,0
121773,1,1,0,14,0,0,0,0,0,0,0,0
121774,1,1,0,0,0,0,0,0,0,0,0,0
121776,1,1,10,10,10,10,10,10,10,10,10,10
121776,2,1,0,0,0,0,0,0,0,0,0,0
121777,1,1,22,22,22,22,22,22,22,22,22,22
121778,1,1,19,19,19,19,19,19,19,19,19,19
121778,2,1,0,0,0,0,0,0,0,0,0,0
121778,3,1,0,0,0,4,0,0,0,0,0,0
121779,1,1,0,0,0,0,0,0,0,0,0,0
121780,0,1,14,18,0,0,29,0,0,44,0,0
121780,1,1,5,5,5,5,5,5,5,5,5,5
121781,1,1,0,0,0,0,0,0,0,0,0,0
121781,2,1,0,0,0,0,0,0,0,0,0,0
121781,3,1,0,0,0,0,0,0,0,0,0,0
121781,4,1,0,0,0,0,0,0,0,0,0,0
121781,5,1,0,0,0,0,0,16,0,0,0,0
121782,1,1,0,0,0,0,0,0,0,0,0,0
121783,1,1,0,0,0,0,0,0,0,0,15,0
121785,1,1,23,0,0,18,0,0,0,0,0,0
121786,1,1,0,0,18,0,5,0,0,0,0,0
121786,2,1,0,0,0,0,0,0,9,0,0,0
121787,0,1,0,0,0,0,0,0,0,0,0,0
121787,1,1,0,0,0,0,0,0,0,0,0,0
121788,1,1,0,0,0,0,0,0,0,0,0,0
121788,2,1,0,0,0,0,0,0,0,0,0,0
121789,1,1,7,7,7,7,7,7,7,7,7,7
121789,2,1,0,0,0,0,0,0,0,0,0,0
121790,1,1,22,22,22,22,22,22,22,22,22,22
121791,1,1,0,0,0,0,0,0,0,0,0,0
121791,2,1,0,0,0,0,0,0,0,0,0,0
121792,1,1,0,0,0,0,0,0,0,10,0,0
121792,2,1,0,0,0,0,0,0,0,0,0,0
121793,1,1,0,0,0,0,0,0,11,0,0,0
121794,1,1,0,0,0,0,0,0,0,0,0,0
121795,1,1,13,13,13,13,13,13,13,13,13,13
121795,2,1,0,0,0,0,0,0,0,0,0,0
121796,1,1,0,0,0,0,0,0,0,0,0,0
121796,2,1,16,16,16,16,16,16,16,16,16,16
121797,0,1,0,0,0,0,0,0,0,0,0,0
121797,1,1,0,0,0,0,0,0,0,0,0,0
121798,1,1,14,14,14,14,14,14,14,14,14,14
121799,0,1,12,12,12,12,12,12,12,12,12,12
121799,1,1,0,0,0,0,0,0,0,0,0,0
121800,0,1,0,0,0,0,0,0,0,0,0,0
121800,1,1,0,0,0,9,0,0,0,0,0,0
121801,0,1,0,0,0,0,0,0,0,0,0,0
121801,1,1,0,0,0,0,0,0,0,0,0,0
121802,0,1,24,24,24,24,24,24,24,24,24,24
121802,1,1,0,0,0,8,0,4,0,0,0,18
121803,1,1,0,0,0,0,0,0,0,0,0,0
121803,2,1,0,0,0,0,0,0,0,0,0,0
121804,1,1,0,0,0,0,0,0,0,0,0,0
121804,2,1,0,0,0,0,19,0,0,0,0,0
121804,3,1,0,0,0,0,0,0,0,0,0,0
121805,1,1,2,2,2,2,2,2,2,2,2,2
121805,2,1,0,0,6,0,0,0,0,3,0,0
121806,1,1,0,0,0,0,0,0,0,0,0,0
121806,2,1,0,0,0,0,0,0,0,0,0,0
121807,1,1,0,0,0,24,0,0,0,0,0,0
121808,1,1,29,29,29,29,29,29,29,29,29,29
121809,1,1,0,0,0,0,0,0,0,0,0,0
121809,2,1,0,0,0,0,0,0,0,0,0,0
121810,1,1,0,0,0,0,0,0,0,0,0,0
121811,1,1,0,0,0,0,0,0,0,0,0,0
121811,2,1,16,16,16,16,16,16,16,16,16,16
121812,1,1,0,0,0,0,0,7,0,0,0,0
121812,2,1,2,2,2,2,2,2,2,2,2,2
121813,1,1,0,0,9,0,0,0,0,0,0,0
121813,2,1,0,0,14,17,0,9,17,0,14,16
121814,0,1,16,16,16,16,16,16,16,16,16,16
121814,1,1,0,0,0,0,0,0,0,2,0,0
121815,0,1,19,0,0,0,0,0,0,0,0,0
121815,1,1,14,14,14,14,14,14,14,14,14,14
121816,1,1,14,14,14,14,14,14,14,14,14,14
121816,2,1,0,0,0,0,0,0,0,7,0,0
121817,1,1,17,17,17,17,17,17,17,17,17,17
121818,1,1,0,22,0,0,0,0,0,25,0,8
121818,2,1,0,0,0,0,0,0,0,0,0,0
121819,1,1,23,23,23,23,23,23,23,23,23,23
121820,0,1,0,0,0,0,0,0,0,0,0,0
121820,1,1,0,0,0,0,0,0,0,0,0,0
121821,0,1,0,0,0,0,0,0,0,0,26,0
121821,1,1,9,9,9,9,9,9,9,9,9,9
121822,1,1,0,0,0,0,0,0,0,0,0,0
121823,0,1,26,26,26,26,26,26,26,26,26,26
121823,1,1,0,0,0,0,0,0,0,0,19,0
121824,1,1,0,0,0,0,0,0,0,0,0,0
121825,0,1,23,0,0,33,44,2,0,25,22,0
121825,1,1,0,0,0,0,0,0,0,0,0,0
121826,0,1,6,6,6,6,6,6,6,6,6,6
121826,1,1,10,0,11,27,10,0,16,0,0,0
121827,1,1,0,0,0,0,0,0,0,0,0,0
121827,2,1,0,0,0,14,0,0,0,0,0,0
121827,3,1,0,0,0,0,0,0,0,0,0,0
121827,4,1,0,0,0,0,0,0,0,0,0,0
121828,0,1,0,0,0,0,0,0,0,0,0,0
121828,1,1,0,0,0,0,0,0,0,0,0,0
121829,1,1,14,14,14,14,14,14,14,14,14,14
121830,1,1,12,12,12,12,12,12,12,12,12,12
121831,1,1,8,8,8,8,8,8,8,8,8,8
121831,2,1,6,6,6,6,6,6,6,6,6,6
121832,1,1,14,14,14,14,14,14,14,14,14,14
121832,2,1,0,0,0,0,0,0,0,0,0,0
121832,3,1,0,0,0,0,0,0,0,0,0,0
121832,4,1,0,0,3,0,0,0,0,0,0,7
121833,0,1,6,6,6,6,6,6,6,6,6,6
121833,1,1,0,0,0,0,0,0,0,0,0,24
121834,0,1,0,0,0,0,0,0,0,0,0,0
121834,1,1,0,0,0,0,0,0,0,0,0,0
121835,0,1,0,0,0,0,0,0,0,0,0,0
121835,1,1,0,0,0,0,0,0,0,0,0,0
121836,1,1,0,0,0,6,0,6,0,0,0,0
121836,2,1,0,0,0,0,0,0,0,0,0,0
121837,0,1,1,1,1,1,1,1,1,1,1,1
121837,1,1,0,0,0,0,0,0,0,0,0,0
121838,1,1,22,22,22,22,22,22,22,22,22,22
121839,1,1,17,17,17,17,17,17,17,17,17,17
121840,1,1,0,0,0,0,0,0,0,0,0,0
121840,2,1,0,0,0,0,0,0,0,0,0,0
121841,1,1,0,0,0,0,0,0,0,0,0,0
121841,2,1,0,0,0,0,0,0,0,0,0,0
121841,3,1,0,0,0,0,0,0,0,0,0,0
121842,1,1,0,13,0,0,0,0,0,0,0,34
121842,2,1,0,0,0,0,0,0,0,0,0,0
121843,1,1,25,25,25,25,25,25,25,25,25,25
121844,1,1,17,17,17,17,17,17,17,17,17,17
121844,2,1,0,0,0,0,0,0,0,0,0,0
121845,1,1,10,10,10,10,10,10,10,10,10,10
121846,0,1,0,0,0,0,0,0,0,0,0,0
121846,1,1,0,0,0,0,0,0,0,0,0,0
121847,1,1,11,11,11,11,11,11,11,11,11,11
121848,0,1,0,0,0,0,0,0,0,0,0,0
121848,1,1,0,0,0,0,0,0,0,0,0,0
121849,1,1,7,7,7,7,7,7,7,7,7,7
121850,0,1,0,0,0,0,0,0,0,0,0,0
121850,1,1,0,0,0,0,0,0,0,1,0,0
121850,2,1,0,0,0,0,0,0,0,0,0,0
121851,1,1,24,24,24,24,24,24,24,24,24,24
121851,2,1,0,0,0,0,0,0,0,0,0,0
121852,1,1,19,19,19,19,19,19,19,19,19,19