ST_CASE,VEH_NO,PER_NO,P1,P2,P3,P4,P5,P6,P7,P8,P9,P10
121853,1,1,0,0,0,0,0,0,0,0,0,0
121853,2,1,0,0,0,0,0,0,0,0,0,0
121854,0,1,0,0,0,0,0,0,0,0,0,0
121854,1,1,0,0,0,0,0,0,0,0,0,0
121854,2,1,0,0,0,0,0,0,0,0,0,0
121855,1,1,0,0,0,0,0,0,0,0,0,0
121856,1,1,0,0,0,0,0,0,0,0,18,0
121857,1,1,16,16,16,16,16,16,16,16,16,16
121857,2,1,15,15,15,15,15,15,15,15,15,15
121858,1,1,14,14,14,14,14,14,14,14,14,14
121859,1,1,0,0,22,0,0,18,0,0,0,0
121860,1,1,0,0,0,0,0,0,0,0,0,0
121860,2,1,0,0,0,0,0,0,0,0,0,0
121861,1,1,0,0,0,0,0,0,0,0,0,0
121862,1,1,0,0,0,0,0,0,0,0,0,0
121863,0,1,0,0,0,0,0,0,0,0,0,0
121863,0,2,0,0,0,0,0,0,0,0,0,0
121863,0,3,0,0,0,0,0,0,0,0,0,0
121863,0,4,0,0,0,0,0,0,0,0,0,0
121863,1,1,0,0,0,0,0,0,0,0,0,0
121864,1,1,26,26,26,26,26,26,26,26,26,26
121865,0,1,0,19,0,13,15,16,0,10,12,34
121865,1,1,0,0,0,0,0,0,0,0,0,0
121866,1,1,0,0,0,0,8,0,0,0,0,0
121867,1,1,0,0,0,11,0,0,0,13,0,0
121868,0,1,0,0,0,0,13,0,0,0,0,0
121868,1,1,0,0,0,0,0,0,0,0,0,0
121869,1,1,0,0,0,0,0,0,0,0,0,0
121870,1,1,0,0,0,0,0,0,0,0,0,0
121870,2,1,0,0,0,0,0,0,0,0,0,0
121871,0,1,0,0,0,0,0,0,0,0,0,0
121871,1,1,0,0,0,0,0,0,0,0,0,0
121872,1,1,14,14,14,14,14,14,14,14,14,14
121873,1,1,20,20,20,20,20,20,20,20,20,20
121873,2,1,21,0,16,0,16,0,0,8,0,0
121874,1,1,9,9,9,9,9,9,9,9,9,9
121875,1,1,0,0,0,0,0,0,0,0,0,0
121875,2,1,0,0,0,0,0,0,0,0,0,0
121876,1,1,37,37,37,37,37,37,37,37,37,37
121876,2,1,0,0,21,0,0,0,0,0,0,0
121877,0,1,29,29,29,29,29,29,29,29,29,29
121877,1,1,0,0,0,15,4,0,0,0,0,0
121878,1,1,0,0,0,0,0,0,0,0,0,0
121878,2,1,0,0,0,0,0,0,0,0,0,0
121879,1,1,0,0,0,0,0,0,0,28,13,18
121879,2,1,0,0,0,0,0,0,0,0,0,0
121880,1,1,0,0,0,0,0,0,0,0,0,0
121881,1,1,3,3,3,3,3,3,3,3,3,3
121882,1,1,21,21,21,21,21,21,21,21,21,21
121883,0,1,0,0,0,0,0,0,0,0,0,0
121883,1,1,0,0,0,0,0,0,0,0,0,0
121883,2,1,0,0,0,0,0,0,0,0,0,0
121884,1,1,19,19,19,19,19,19,19,19,19,19
121884,2,1,0,0,0,0,0,0,0,0,0,0
121885,0,1,0,0,0,18,0,13,0,0,0,9
121885,1,1,0,0,0,0,0,0,0,0,0,0
121886,1,1,0,0,0,0,0,0,0,0,0,0
121886,2,1,0,0,0,0,0,0,0,5,0,0
121886,3,1,0,0,0,0,0,0,0,0,0,0
121886,4,1,0,0,0,0,0,0,0,0,0,0
121886,5,1,0,0,0,0,0,0,0,0,0,0
121886,6,1,0,0,0,0,0,0,0,0,0,0
121886,7,1,0,0,0,0,0,0,0,0,0,0
121887,0,1,21,12,0,31,0,0,20,19,0,0
121887,1,1,0,0,0,0,0,0,0,0,0,0
121888,1,1,0,0,0,0,0,0,0,0,0,0
121889,0,1,0,23,8,0,0,0,0,0,0,0
121889,1,1,9,0,0,0,9,0,0,19,0,0
121890,0,1,29,29,29,29,29,29,29,29,29,29
121890,1,1,0,0,0,0,0,0,0,0,0,3
121890,2,1,0,0,0,0,0,0,0,0,0,0
121891,1,1,0,0,14,0,0,0,0,0,0,0
121892,1,1,0,0,0,0,0,0,0,7,0,0
121892,2,1,0,0,0,0,0,0,0,0,0,0
121893,1,1,1,1,1,1,1,1,1,1,1,1
121894,0,1,0,0,0,0,0,0,0,0,0,0
121894,1,1,0,0,0,0,0,0,0,0,0,0
121895,0,1,0,0,0,0,0,0,0,0,0,0
121895,1,1,0,0,0,0,0,0,0,0,0,0
121896,0,1,0,0,0,0,0,0,0,0,0,0
121896,1,1,0,0,0,0,0,0,0,0,0,0
121896,2,1,0,0,0,0,0,0,19,0,0,0
121896,3,1,0,0,0,0,0,0,0,0,0,0
121897,1,1,0,0,0,0,0,0,0,0,0,0
121898,1,1,13,13,13,13,13,13,13,13,13,13
121898,2,1,0,0,0,0,0,0,0,0,0,0
121899,0,1,0,0,0,0,0,0,0,0,0,0
121899,1,1,0,12,0,0,0,0,0,0,0,0
121900,1,1,0,0,0,0,0,0,0,0,0,0
121901,1,1,21,21,21,21,21,21,21,21,21,21
121902,1,1,0,0,0,0,0,0,0,0,0,0
121902,2,1,0,0,0,0,0,0,0,0,0,0
121902,3,1,0,0,0,0,0,0,0,0,0,0
121902,4,1,0,0,0,0,0,0,0,0,0,0
121903,1,1,15,15,15,15,15,15,15,15,15,15
121904,1,1,0,0,0,0,0,0,0,0,0,0
121905,1,1,15,0,28,18,0,0,0,0,0,0
121906,1,1,0,0,0,0,0,0,0,0,0,0
121906,2,1,0,0,0,0,0,0,0,0,0,0
121907,1,1,0,0,0,0,0,0,0,0,0,0
121907,2,1,0,0,0,0,0,0,16,0,0,0
121908,1,1,0,0,0,0,0,0,0,0,0,0
121910,1,1,0,0,0,0,0,0,0,0,0,0
121910,2,1,0,0,0,0,0,0,0,0,0,0
121912,0,1,0,0,0,0,12,0,0,0,0,0
121912,1,1,0,0,0,0,0,0,0,0,0,0
121913,1,1,0,0,0,0,0,0,0,0,0,0
121913,2,1,0,0,0,2,0,0,0,0,0,0
121914,1,1,8,0,0,12,0,7,16,9,0,23
121915,1,1,0,0,0,0,0,0,0,0,0,0
121915,2,1,0,0,0,0,0,0,0,0,0,0
121916,1,1,21,21,21,21,21,21,21,21,21,21
121917,0,1,24,11,0,24,16,0,0,11,9,0
121917,1,1,0,0,0,0,0,0,0,8,0,0
121918,1,1,0,0,0,0,0,0,0,0,0,0
121919,1,1,29,29,29,29,29,29,29,29,29,29
121919,2,1,0,0,0,0,0,0,0,0,0,0
121919,3,1,0,0,0,0,0,0,0,0,0,0
121919,4,1,0,18,0,0,0,0,0,0,0,0
121920,0,1,0,0,0,0,0,0,0,0,0,0
121920,0,2,0,0,0,0,0,0,0,0,0,0
121920,1,1,13,13,13,13,13,13,13,13,13,13
121921,0,1,0,0,0,0,0,0,0,0,0,0
121921,0,2,0,0,0,0,0,0,0,0,0,0
121921,1,1,0,0,0,0,0,0,0,0,0,0
121922,1,1,0,0,0,0,0,0,0,0,0,0
121922,2,1,0,0,0,0,0,0,0,0,0,0
121923,0,1,0,0,0,0,0,0,0,0,0,0
121923,1,1,0,0,0,0,0,0,0,0,0,0
121924,1,1,24,24,24,24,24,24,24,24,24,24
121924,2,1,0,0,0,0,0,11,18,0,0,0
121924,3,1,0,0,0,0,0,0,0,0,0,0
121924,4,1,0,0,0,0,0,0,0,0,0,0
121925,1,1,18,18,18,18,18,18,18,18,18,18
121925,2,1,1,1,1,1,1,1,1,1,1,1
121926,1,1,0,0,0,0,0,0,0,0,0,0
121926,2,1,0,0,0,0,0,0,0,0,0,0
121926,3,1,0,0,0,0,0,0,0,0,0,0
121927,0,1,0,0,0,0,0,0,0,0,0,0
121927,1,1,0,0,0,0,0,0,0,0,0,0
121928,1,1,0,0,0,0,0,14,0,0,0,0
121929,0,1,19,19,19,19,19,19,19,19,19,19
121929,1,1,0,0,0,0,0,0,0,0,0,0
121930,0,1,0,28,0,17,0,0,3,0,0,0
121930,1,1,0,0,0,0,0,0,0,0,0,0
121931,1,1,0,0,0,0,0,0,0,0,0,0
121932,1,1,4,4,4,4,4,4,4,4,4,4
121933,1,1,0,0,0,0,0,0,0,0,0,0
121933,2,1,0,0,0,0,0,0,0,0,0,0
121934,0,1,0,0,0,0,0,0,0,0,0,0
121934,1,1,0,0,20,0,0,0,12,0,0,10
121935,1,1,0,0,0,0,0,0,0,0,0,0
121935,2,1,0,0,0,0,0,0,0,0,0,0
121935,3,1,0,0,0,0,0,0,0,0,0,0
121936,1,1,0,0,0,0,0,0,0,0,0,0
121936,2,1,0,0,0,0,0,0,0,0,0,0
121937,1,1,18,18,18,18,18,18,18,18,18,18
121938,1,1,0,0,0,0,0,0,0,0,0,0
121939,0,1,0,0,0,0,0,0,0,0,0,0
121939,1,1,0,0,16,0,0,0,0,0,0,0
121940,1,1,20,20,20,20,20,20,20,20,20,20
121940,2,1,0,0,0,0,0,0,0,0,0,0
121941,1,1,18,18,18,18,18,18,18,18,18,18
121941,2,1,0,0,0,0,0,0,0,0,0,0
121942,1,1,0,0,0,0,0,0,0,0,0,0
121942,2,1,0,0,0,0,0,0,0,0,0,0
121942,3,1,34,0,0,0,0,0,0,0,0,0
121943,0,1,0,0,0,0,0,0,0,0,4,0
121943,1,1,0,0,0,0,0,0,0,0,0,0
121944,0,1,0,11,0,0,0,24,13,22,0,13
121944,1,1,0,0,0,0,0,0,0,0,0,0
121945,0,1,0,0,0,0,0,0,8,0,0,0
121945,0,2,0,0,0,0,0,0,0,0,0,0
121945,0,3,0,0,0,18,0,7,0,0,0,0
121945,0,4,0,0,0,0,0,0,0,0,2,0
121945,0,5,0,0,1,0,0,0,0,0,14,0
121945,1,1,22,22,22,22,22,22,22,22,22,22
121946,1,1,0,0,0,0,0,0,0,0,0,0
121947,1,1,13,13,13,13,13,13,13,13,13,13
121947,2,1,0,0,0,0,0,0,0,0,0,0
121947,3,1,0,0,0,0,0,0,0,0,0,0
121948,1,1,13,13,13,13,13,13,13,13,13,13
121949,0,1,0,0,0,0,0,0,0,0,0,0
121949,0,2,0,0,0,0,0,0,0,0,0,0
121949,1,1,0,0,0,0,0,0,0,0,0,0
121949,2,1,0,0,0,25,0,0,0,0,0,0
121950,1,1,0,0,0,0,0,0,0,0,0,0
121950,2,1,0,0,0,0,0,0,0,0,0,0
121951,1,1,0,0,0,0,0,0,0,0,0,0
121952,0,1,25,25,25,25,25,25,25,25,25,25
121952,1,1,0,0,0,0,0,0,0,0,0,0
121953,0,1,0,0,0,0,0,0,0,0,0,0
121953,1,1,27,19,7,5,25,15,24,26,5,15
121954,1,1,0,0,0,0,0,0,0,0,0,0
121954,2,1,25,25,25,25,25,25,25,25,25,25
121955,1,1,19,19,19,19,19,19,19,19,19,19
121955,2,1,0,0,0,0,0,0,0,0,0,10
121956,1,1,0,0,0,0,0,0,0,0,0,0
121956,2,1,0,0,0,0,30,0,0,0,0,0
121957,1,1,2,2,2,2,2,2,2,2,2,2
121957,2,1,0,0,0,0,0,0,0,0,0,0
121958,1,1,22,22,22,22,22,22,22,22,22,22
121958,2,1,0,0,0,0,0,0,0,0,0,0
121959,1,1,25,25,25,25,25,25,25,25,25,25
121960,1,1,0,0,0,0,0,0,0,0,0,0
121960,2,1,0,0,0,0,0,0,0,0,0,0
121961,0,1,0,0,0,0,0,0,0,0,0,0
121961,1,1,17,17,17,17,17,17,17,17,17,17
121962,1,1,0,0,0,0,0,0,0,0,0,18
121963,0,1,17,0,0,0,0,0,12,0,0,0
121963,1,1,0,0,0,0,0,14,0,0,0,12
121964,1,1,0,0,0,0,0,0,0,0,0,0
121965,1,1,0,0,0,0,0,0,0,0,0,0
121965,2,1,0,0,0,0,0,0,0,0,0,0
121966,0,1,0,0,0,0,0,0,0,0,0,0
121966,1,1,0,0,0,0,0,0,0,0,0,0
121967,1,1,20,20,20,20,20,20,20,20,20,20
121968,0,1,11,11,11,11,11,11,11,11,11,11
121968,1,1,0,0,0,14,0,0,0,0,0,14
121969,1,1,0,28,0,0,0,0,0,0,0,0
121969,2,1,0,0,0,23,0,0,0,0,0,0
121970,1,1,0,0,0,0,0,0,0,0,0,0
121970,2,1,0,0,0,0,0,0,0,0,0,0
121971,0,1,10,16,0,35,0,21,0,10,0,12
121971,1,1,0,0,0,0,0,0,0,0,0,0
121972,1,1,0,0,0,0,0,0,0,0,0,0
121973,1,1,22,22,22,22,22,22,22,22,22,22
121974,1,1,0,0,0,0,0,0,0,0,0,0
121975,1,1,0,0,0,0,0,0,0,0,0,0
121975,2,1,0,0,0,0,0,0,0,0,0,0
121976,1,1,0,0,0,0,0,0,0,0,0,0
121976,2,1,0,0,0,0,0,0,0,16,0,0
121977,0,1,32,32,32,32,32,32,32,32,32,32
121977,1,1,0,0,0,15,0,0,0,0,0,0
121978,0,1,0,0,0,0,0,29,0,0,0,0
121978,1,1,0,0,0,0,0,0,0,0,0,0
121979,1,1,0,0,0,0,0,0,0,0,0,0
121979,2,1,0,0,7,5,0,21,0,0,0,0
121980,0,1,0,0,0,0,0,0,0,0,0,0
121980,1,1,0,0,0,0,0,0,0,0,0,0
121981,1,1,0,0,0,0,0,0,0,0,0,0
121981,2,1,0,0,0,0,0,0,13,0,0,0
121981,3,1,0,0,0,0,0,0,0,0,0,0
121982,1,1,16,16,16,16,16,16,16,16,16,16
121983,0,1,0,0,0,0,0,0,0,0,0,0
121983,1,1,0,0,0,0,0,0,0,0,0,0
121984,0,1,0,7,0,0,0,0,0,0,0,0
121984,1,1,16,16,16,16,16,16,16,16,16,16
121985,1,1,0,0,0,0,0,0,0,0,0,0
121986,0,1,10,10,10,10,10,10,10,10,10,10
121986,1,1,0,0,0,0,0,10,0,0,0,12
121987,0,1,0,11,0,0,0,0,0,0,0,0
121987,1,1,12,21,15,7,0,0,20,16,21,9
121989,1,1,7,7,7,7,7,7,7,7,7,7
121989,2,1,0,0,0,0,0,0,0,0,0,0
121990,0,1,30,30,30,30,30,30,30,30,30,30
121990,1,1,0,0,0,0,0,0,0,0,0,0
121991,1,1,17,17,17,17,17,17,17,17,17,17
121991,2,1,0,0,0,0,0,0,0,0,0,0
121992,0,1,0,0,19,0,0,0,18,21,0,28
121992,1,1,0,0,0,0,0,0,0,0,0,0
121993,1,1,0,0,0,0,0,0,8,0,0,0
121993,2,1,0,0,0,0,0,0,0,0,0,0
121994,1,1,0,0,0,0,0,0,0,0,0,0
121994,2,1,0,0,6,4,11,12,0,0,12,0
121995,0,1,41,41,41,41,41,41,41,41,41,41
121995,1,1,0,0,0,0,0,0,0,0,0,0
121996,1,1,16,16,16,16,16,16,16,16,16,16
121997,1,1,0,0,0,0,0,0,0,0,0,0
121997,2,1,0,0,0,0,0,0,0,0,0,0
121998,1,1,18,18,18,18,18,18,18,18,18,18
121999,1,1,0,0,0,0,0,0,0,0,0,0
121999,2,1,0,0,0,0,0,0,0,0,0,0
122000,1,1,0,0,0,0,0,0,0,11,0,0
122000,2,1,0,0,0,0,0,0,0,0,0,0
122002,1,1,14,14,14,14,14,14,14,14,14,14
122002,2,1,0,0,0,0,0,0,0,0,0,0
122002,3,1,0,0,0,0,0,0,0,0,0,0
122003,1,1,5,5,5,5,5,5,5,5,5,5
122003,2,1,0,0,0,0,0,0,0,0,0,0
122004,1,1,0,0,0,0,0,0,0,0,0,0
122004,2,1,0,0,0,0,0,0,0,0,0,0
122005,0,1,9,9,9,9,9,9,9,9,9,9
122005,1,1,11,0,15,16,0,0,11,0,14,23
122006,1,1,0,0,0,0,0,0,21,0,0,0
122006,2,1,0,0,0,0,0,0,0,0,0,0
122006,3,1,0,0,0,0,0,0,0,0,0,0
122007,1,1,0,0,0,0,0,0,0,0,0,0
122008,0,1,12,0,0,0,0,0,0,16,0,0
122008,1,1,0,0,0,0,0,0,0,0,0,0
122009,1,1,13,13,13,13,13,13,13,13,13,13
122010,1,1,0,0,0,0,0,0,0,0,0,0
122010,2,1,0,0,0,25,0,0,0,0,0,0
122010,3,1,0,0,0,0,0,0,0,0,0,0
122011,1,1,18,18,18,18,18,18,18,18,18,18
122011,2,1,0,0,0,0,0,0,0,0,0,0
122011,3,1,0,0,0,0,0,0,0,0,0,0
122011,4,1,0,0,0,0,0,0,0,0,2,0
122012,1,1,0,0,0,0,0,0,0,0,0,0
122012,2,1,22,22,22,22,22,22,22,22,22,22
122013,1,1,16,16,16,16,16,16,16,16,16,16
122014,1,1,2,2,2,2,2,2,2,2,2,2
122014,2,1,6,0,0,0,0,0,0,0,0,0
122015,1,1,13,0,0,22,8,0,15,0,0,0
122016,1,1,0,0,0,0,0,0,0,0,0,0
122017,1,1,0,10,0,0,0,0,0,0,0,0
122017,2,1,0,0,0,0,0,0,0,0,0,0
122017,3,1,0,0,0,0,0,0,0,0,0,0
122018,1,1,0,0,0,0,0,0,0,0,0,0
122019,0,1,0,0,0,0,0,0,0,0,0,0
122019,1,1,0,0,0,0,0,0,0,0,0,0
122020,1,1,26,26,26,26,26,26,26,26,26,26
122021,0,1,0,0,0,0,0,0,0,0,0,0
122021,1,1,0,0,0,0,0,0,0,0,0,0
122022,1,1,0,0,0,0,0,0,0,0,0,0
122022,2,1,0,0,0,0,0,0,0,0,0,0
122023,1,1,0,0,0,0,0,0,0,0,0,0
122025,1,1,0,0,0,0,0,0,0,0,0,0
122025,2,1,0,0,0,0,0,0,0,0,0,0
122026,0,1,21,21,21,21,21,21,21,21,21,21
122026,1,1,0,0,0,0,0,0,0,0,0,0
122028,1,1,13,13,13,13,13,13,13,13,13,13
122029,1,1,28,28,28,28,28,28,28,28,28,28
122030,0,1,0,0,0,0,0,0,0,0,0,0
122030,1,1,0,0,0,0,0,0,0,0,0,0
122031,1,1,12,12,12,12,12,12,12,12,12,12
122032,0,1,42,42,42,42,42,42,42,42,42,42
122032,1,1,0,0,0,0,0,0,0,0,0,0
122033,1,1,14,14,14,14,14,14,14,14,14,14
122035,1,1,29,29,29,29,29,29,29,29,29,29
122036,1,1,20,20,20,20,20,20,20,20,20,20
122036,2,1,14,0,0,0,0,0,0,0,0,0
122036,3,1,23,0,0,15,0,0,0,0,0,32
122037,1,1,13,13,13,13,13,13,13,13,13,13
122037,2,1,0,0,0,0,0,0,0,0,0,0
122039,1,1,0,0,0,0,0,0,0,0,0,0
122039,2,1,27,0,0,0,0,0,0,0,0,9
122040,1,1,0,0,0,0,0,0,0,0,0,0
122040,2,1,0,0,0,0,0,0,0,0,0,0
122040,3,1,0,0,0,0,0,0,0,0,0,0
122041,1,1,0,0,0,0,0,0,0,0,0,0
122041,2,1,0,0,0,0,0,0,0,0,0,0
122041,3,1,0,0,0,0,0,0,0,0,0,0
122042,1,1,11,11,11,11,11,11,11,11,11,11
122043,1,1,20,20,20,20,20,20,20,20,20,20
122043,2,1,0,0,0,0,0,0,0,0,0,0
122045,1,1,19,19,19,19,19,19,19,19,19,19
122045,2,1,6,6,6,6,6,6,6,6,6,6
122046,1,1,0,0,0,0,0,0,0,0,0,0
122047,1,1,30,30,30,30,30,30,30,30,30,30
122047,2,1,0,0,0,0,0,0,0,0,0,0
122048,1,1,0,0,0,0,0,0,0,19,0,0
122048,2,1,0,0,0,0,0,0,0,0,0,0
122048,3,1,0,0,0,0,0,0,0,0,0,0
122049,1,1,25,25,25,25,25,25,25,25,25,25
122049,2,1,0,0,0,0,0,0,0,0,0,0
122050,1,1,0,0,0,0,0,0,0,0,0,0
122050,2,1,0,0,0,0,0,0,0,0,0,0
122050,3,1,0,0,0,0,0,0,0,0,0,0
122051,1,1,0,0,0,0,18,0,0,0,7,0
122051,2,1,0,0,0,0,0,0,0,0,0,0
122052,0,1,30,30,30,30,30,30,30,30,30,30
122052,1,1,0,0,0,0,0,0,0,0,0,0
122053,1,1,0,0,0,0,0,0,0,0,0,0
122053,2,1,0,0,0,0,0,0,0,0,0,0
122055,1,1,0,0,0,0,0,20,0,0,0,0
122055,2,1,0,0,0,0,0,0,0,0,0,0
122056,1,1,23,23,23,23,23,23,23,23,23,23
122056,2,1,0,0,0,0,0,0,0,0,0,0
122056,3,1,0,0,0,0,0,0,0,0,0,0
122057,0,1,0,0,0,0,0,0,0,0,0,0
122057,0,2,0,0,0,0,0,0,0,0,0,0
122057,0,3,0,0,10,0,0,0,0,0,0,0
122057,1,1,0,0,0,0,0,0,0,3,0,0
122058,1,1,23,23,23,23,23,23,23,23,23,23
122059,1,1,0,0,0,0,0,0,0,0,12,0
122062,1,1,0,0,0,0,0,0,0,0,0,0
122062,2,1,0,0,0,0,0,0,0,0,0,0
122063,0,1,0,0,0,0,0,0,0,0,0,0
122063,1,1,0,0,0,0,0,18,0,0,0,0
122064,1,1,0,0,0,0,0,0,0,0,0,0
122064,2,1,0,0,0,0,0,0,0,0,0,0
122065,1,1,19,19,19,19,19,19,19,19,19,19
122065,2,1,0,0,0,0,0,0,0,0,0,0
122066,1,1,25,25,25,25,25,25,25,25,25,25
122067,1,1,0,0,0,0,0,0,0,0,0,0
122068,1,1,0,0,0,0,0,0,0,0,0,0
122068,2,1,0,0,0,0,0,0,0,0,0,0
122068,3,1,0,0,0,0,0,0,0,0,0,0
122068,4,1,0,7,0,0,0,0,0,0,0,9
122068,5,1,0,0,0,0,0,0,0,25,0,6
122069,1,1,14,14,14,14,14,14,14,14,14,14
122069,2,1,0,0,0,0,0,17,0,0,0,0
122070,1,1,24,24,24,24,24,24,24,24,24,24
122071,0,1,0,0,0,0,0,0,0,0,0,17
122071,1,1,0,0,0,0,0,0,0,0,0,0
122072,1,1,0,0,0,0,0,0,0,0,0,0
122073,0,1,0,0,0,0,0,0,0,0,0,0
122073,1,1,0,0,0,0,0,0,0,0,0,0
122074,0,1,23,23,23,23,23,23,23,23,23,23
122074,1,1,0,0,0,0,0,0,0,0,0,0
122075,1,1,0,0,0,0,0,0,0,0,15,0
122076,1,1,0,0,0,0,0,0,0,0,0,0
122076,2,1,0,0,0,0,0,0,0,0,0,0
122078,1,1,0,0,0,0,0,0,0,0,0,0
122079,1,1,0,0,0,0,0,0,0,0,0,0
122079,2,1,0,0,0,0,0,0,0,0,0,0
122080,1,1,0,0,0,0,0,18,0,0,0,0
122081,1,1,0,0,0,0,0,0,0,0,0,0
122081,2,1,0,0,0,0,0,0,0,0,0,0
122082,0,1,0,0,0,0,0,0,0,0,0,0
122082,1,1,0,0,0,0,0,0,0,0,0,0
122083,0,1,0,0,0,0,0,0,0,0,0,0
122083,1,1,0,0,0,0,0,0,0,0,0,0
122084,1,1,13,13,13,13,13,13,13,13,13,13
122085,1,1,2,2,2,2,2,2,2,2,2,2
122086,1,1,0,0,0,0,0,23,0,0,0,0
122086,2,1,0,0,0,0,0,0,0,0,0,0
122086,3,1,10,0,0,0,0,0,0,11,0,30
122087,1,1,0,0,0,0,17,0,0,0,0,0
122087,2,1,0,0,0,0,0,0,0,0,0,0
122088,1,1,0,0,0,0,0,0,0,0,0,0
122088,2,1,0,0,0,0,0,0,0,0,0,0
122089,1,1,0,0,0,0,0,0,0,0,0,0
122089,2,1,0,0,0,0,0,0,0,0,0,0
122090,1,1,35,35,35,35,35,35,35,35,35,35
122091,1,1,17,17,17,17,17,17,17,17,17,17
122091,2,1,0,0,0,0,0,0,0,0,0,0
122092,1,1,20,20,20,20,20,20,20,20,20,20
122093,1,1,0,0,0,0,0,0,0,0,0,0
122093,2,1,30,30,30,30,30,30,30,30,30,30
122094,1,1,21,21,21,21,21,21,21,21,21,21
122095,0,1,0,0,0,11,14,0,0,0,0,0
122095,1,1,0,0,0,0,0,0,16,0,0,0
122096,1,1,15,15,15,15,15,15,15,15,15,15
122096,2,1,0,0,0,0,0,0,0,0,10,0
122097,1,1,18,18,18,18,18,18,18,18,18,18
122098,1,1,19,19,19,19,19,19,19,19,19,19
122099,0,1,0,0,0,0,0,0,0,0,0,0
122099,1,1,0,0,0,0,0,0,0,0,0,0
122100,1,1,0,0,0,0,0,0,0,0,0,0
122101,0,1,0,0,0,0,0,0,0,0,0,0
122101,1,1,0,0,0,0,0,0,0,0,0,0
122102,1,1,0,0,0,0,0,0,0,0,0,0
122102,2,1,0,0,0,0,0,0,0,0,0,0
122103,1,1,0,0,0,0,0,0,0,0,0,0
122103,2,1,0,0,0,0,0,0,0,0,0,0
122104,0,1,0,0,0,0,0,0,0,0,0,0
122104,1,1,0,0,0,0,0,0,0,0,0,0
122105,1,1,0,0,0,0,0,0,0,0,0,0
122105,2,1,22,22,22,22,22,22,22,22,22,22
122106,1,1,0,0,0,0,0,0,0,0,0,0
122106,2,1,0,0,0,0,0,0,0,0,0,0
122107,1,1,0,10,0,0,0,0,0,0,0,0
122108,0,1,28,28,28,28,28,28,28,28,28,28
122108,1,1,0,0,0,0,0,0,0,0,0,0
122109,1,1,0,0,0,0,0,0,0,0,0,0
122110,1,1,10,10,10,10,10,10,10,10,10,10
122110,2,1,0,18,10,7,0,0,10,0,3,0
122111,0,1,18,18,18,18,18,18,18,18,18,18
122111,1,1,0,0,0,0,0,0,0,0,0,0
122112,0,1,0,0,0,0,0,0,0,0,0,0
122112,1,1,0,0,0,0,19,0,0,0,0,0
122113,1,1,0,0,0,0,0,0,0,0,0,0
122113,2,1,0,0,0,0,0,0,0,0,0,0
122115,1,1,22,22,22,22,22,22,22,22,22,22
122116,1,1,0,25,0,0,0,0,0,0,0,0
122116,2,1,0,0,0,0,0,0,0,0,0,0
122117,1,1,0,0,0,0,0,0,0,0,0,0
122117,2,1,0,0,0,0,0,0,0,0,0,0
122118,1,1,0,0,0,0,0,0,0,0,0,0
122118,2,1,0,0,0,0,0,0,0,0,0,0
122119,0,1,0,0,0,0,0,0,0,0,0,0
122119,1,1,0,0,0,0,0,0,0,0,0,0
122120,0,1,0,8,0,0,0,0,22,0,0,0
122120,1,1,0,0,0,0,0,0,0,0,0,0
122121,0,1,0,0,0,0,0,23,0,0,8,0
122121,1,1,0,0,0,0,0,0,0,0,0,0
122122,0,1,7,7,7,7,7,7,7,7,7,7
122122,1,1,0,0,0,0,0,0,0,0,0,0
122123,1,1,0,0,0,0,0,0,10,0,0,0
122123,2,1,0,0,0,0,0,0,0,0,0,0
122124,1,1,0,0,0,0,0,0,0,0,0,0
122125,0,1,25,0,0,0,7,0,14,29,9,0
122125,1,1,0,0,9,0,0,0,0,0,0,0
122126,1,1,11,5,11,12,24,34,16,26,17,11
122127,1,1,0,0,0,0,0,0,0,0,0,0
122128,0,1,0,0,0,0,0,0,0,0,0,0
122128,1,1,0,0,0,0,0,0,0,0,0,0
122129,1,1,0,0,0,0,0,0,0,0,0,0
122130,1,1,0,0,0,0,0,0,0,0,0,0
122130,2,1,0,0,0,0,0,0,0,0,0,0
122131,1,1,20,20,20,20,20,20,20,20,20,20
122131,2,1,1,1,1,1,1,1,1,1,1,1
122132,1,1,15,15,15,15,15,15,15,15,15,15
122133,1,1,13,13,13,13,13,13,13,13,13,13
122134,0,1,0,0,0,0,0,0,0,0,0,0
122134,1,1,4,0,0,0,0,0,0,0,0,0
122135,1,1,0,19,0,0,21,0,19,6,0,27
122136,0,1,24,24,24,24,24,24,24,24,24,24
122136,1,1,0,0,0,0,0,0,0,0,0,0
122137,0,1,8,11,11,0,0,0,15,0,16,29
122137,1,1,18,18,18,18,18,18,18,18,18,18
122138,1,1,39,39,39,39,39,39,39,39,39,39
122139,0,1,0,0,0,0,0,0,0,22,0,0
122139,0,2,0,0,0,0,0,0,0,0,0,0
122139,1,1,0,0,0,0,0,0,0,0,0,0
122139,2,1,0,0,0,0,0,0,0,0,0,0
122140,0,1,0,0,0,0,0,0,0,0,0,0
122140,1,1,9,9,9,9,9,9,9,9,9,9