ST_CASE,VEH_NO,PER_NO,P1,P2,P3,P4,P5,P6,P7,P8,P9,P10
122141,0,1,17,17,17,17,17,17,17,17,17,17
122141,1,1,0,0,0,0,0,0,0,0,0,0
122142,1,1,0,0,0,0,0,0,0,0,0,0
122142,2,1,0,0,0,0,0,0,0,0,0,0
122143,0,1,0,11,0,0,0,0,24,0,21,24
122143,1,1,0,0,0,0,0,0,0,0,0,0
122144,1,1,0,0,0,0,0,0,0,0,0,0
122145,0,1,0,0,0,0,0,0,0,0,0,0
122145,1,1,0,0,0,0,0,0,0,0,0,0
122146,1,1,0,0,0,0,0,0,0,0,0,0
122146,2,1,0,0,0,0,0,0,0,0,0,0
122147,1,1,0,0,0,0,0,0,0,0,0,0
122148,1,1,0,6,0,0,0,7,0,0,0,0
122148,2,1,0,0,0,0,0,0,0,0,0,0
122149,1,1,0,0,0,0,0,0,0,0,0,0
122150,1,1,2,2,2,2,2,2,2,2,2,2
122150,2,1,0,0,0,0,0,0,14,0,0,0
122151,0,1,0,0,0,0,0,0,0,0,0,0
122151,1,1,0,0,0,0,0,0,0,0,0,13
122152,1,1,0,0,0,0,0,0,0,0,0,0
122152,2,1,0,0,0,0,0,0,0,0,0,0
122153,1,1,0,0,0,0,0,0,0,0,0,0
122153,2,1,0,0,0,0,0,0,0,0,0,0
122154,0,1,0,0,0,0,18,0,0,0,0,14
122154,1,1,0,0,0,0,0,0,0,0,9,0
122155,0,1,24,24,24,24,24,24,24,24,24,24
122155,1,1,0,0,0,0,0,0,0,0,0,0
122156,1,1,0,0,0,0,0,0,0,0,0,0
122156,2,1,0,0,0,0,0,0,16,0,0,0
122157,1,1,29,29,29,29,29,29,29,29,29,29
122158,1,1,30,30,30,30,30,30,30,30,30,30
122158,2,1,0,0,0,0,0,0,0,0,0,0
122159,1,1,0,15,0,0,0,19,0,0,0,0
122159,2,1,0,0,0,0,0,0,0,0,0,0
122160,0,1,0,0,0,0,0,0,0,0,0,0
122160,1,1,0,0,0,0,0,0,0,0,0,0
122161,1,1,0,0,13,0,25,0,0,0,0,18
122161,2,1,0,0,0,0,0,0,0,0,0,0
122162,1,1,0,0,0,0,0,0,0,0,0,0
122162,2,1,0,0,0,0,0,0,0,0,0,0
122162,3,1,11,0,0,0,0,0,0,0,0,0
122164,1,1,0,15,0,0,0,0,0,0,0,0
122164,2,1,0,0,15,0,0,0,0,0,0,0
122164,3,1,0,0,0,0,0,0,0,0,0,0
122165,0,1,20,20,20,20,20,20,20,20,20,20
122165,1,1,0,0,0,0,0,0,0,0,0,0
122166,1,1,15,15,15,15,15,15,15,15,15,15
122167,1,1,0,6,0,0,0,11,0,0,0,0
122168,1,1,20,20,20,20,20,20,20,20,20,20
122169,0,1,17,17,17,17,17,17,17,17,17,17
122169,1,1,0,0,0,0,0,0,0,0,0,0
122170,1,1,0,0,0,0,0,0,0,0,0,0
122171,1,1,22,22,22,22,22,22,22,22,22,22
122171,2,1,0,0,0,0,0,0,0,0,0,0
122172,1,1,0,0,0,0,0,0,0,0,0,0
122172,2,1,0,0,0,0,0,0,0,0,0,0
122173,0,1,0,0,0,0,0,15,0,11,0,0
122173,1,1,0,0,0,0,0,0,0,0,0,0
122174,1,1,0,0,0,0,0,0,0,0,0,0
122175,1,1,0,20,0,0,0,0,0,0,0,0
122175,2,1,0,0,0,0,0,0,0,0,0,0
122176,1,1,20,20,20,20,20,20,20,20,20,20
122177,1,1,0,0,0,0,0,0,0,0,0,0
122178,0,1,0,0,0,0,0,0,0,16,0,0
122178,1,1,0,0,0,0,0,0,0,0,0,0
122179,0,1,0,0,0,0,0,0,0,0,0,0
122179,1,1,0,0,0,0,0,0,0,0,0,0
122180,0,1,15,15,15,15,15,15,15,15,15,15
122180,1,1,0,0,0,0,0,0,0,0,0,0
122180,2,1,0,0,0,0,0,0,0,0,0,0
122181,1,1,0,0,0,0,0,0,0,0,0,0
122181,2,1,0,0,0,0,0,0,0,0,0,0
122182,1,1,0,0,0,15,0,0,0,0,0,0
122183,0,1,0,14,17,0,25,29,0,0,0,0
122183,1,1,0,0,0,0,0,0,21,0,0,0
122184,1,1,0,0,0,0,0,0,0,0,0,0
122184,2,1,0,0,0,0,0,0,0,0,0,0
122184,3,1,0,0,0,0,0,0,0,0,0,0
122185,1,1,28,10,7,5,21,11,23,18,4,20
122186,1,1,0,0,0,0,0,0,0,0,0,0
122187,1,1,11,11,11,11,11,11,11,11,11,11
122187,2,1,0,0,0,0,0,0,0,0,0,0
122188,1,1,0,0,0,0,0,0,0,0,0,0
122188,2,1,0,0,0,0,0,0,0,0,0,0
122189,1,1,17,17,17,17,17,17,17,17,17,17
122190,0,1,16,16,16,16,16,16,16,16,16,16
122190,1,1,0,0,0,0,0,0,0,0,0,0
122190,2,1,0,0,0,19,0,0,0,0,0,0
122190,3,1,0,0,0,0,0,14,0,0,0,0
122191,0,1,36,36,36,36,36,36,36,36,36,36
122191,1,1,0,0,0,0,0,0,0,0,0,0
122192,0,1,4,4,4,4,4,4,4,4,4,4
122192,1,1,0,0,0,0,0,0,0,0,0,0
122193,1,1,0,0,0,0,0,0,0,0,0,0
122193,2,1,0,0,0,0,0,0,0,0,0,0
122194,0,1,0,9,6,4,22,0,23,0,0,8
122194,1,1,0,0,0,0,0,0,0,0,0,0
122195,1,1,0,0,0,0,0,0,27,0,0,17
122195,2,1,0,0,0,0,0,29,0,0,0,0
122196,0,1,0,0,0,0,0,0,0,0,0,0
122196,1,1,0,0,0,0,0,0,0,0,0,0
122197,1,1,0,0,0,0,0,0,0,0,0,0
122197,2,1,0,0,0,0,0,0,0,0,0,0
122198,0,1,0,0,17,0,0,0,0,0,0,0
122198,1,1,0,0,0,0,0,0,0,0,0,0
122199,1,1,12,27,11,20,11,18,0,12,0,14
122200,1,1,0,46,0,0,23,0,0,15,0,0
122201,1,1,16,16,16,16,16,16,16,16,16,16
122202,1,1,0,0,22,0,0,7,0,0,0,0
122202,2,1,0,0,0,0,0,0,0,0,0,0
122202,3,1,0,11,0,0,0,0,0,0,0,0
122203,0,1,0,0,16,0,0,0,0,0,0,0
122203,1,1,13,0,12,0,0,0,0,0,0,0
122204,1,1,0,0,0,0,0,0,0,0,0,0
122204,2,1,0,0,0,4,12,0,0,0,0,0
122205,0,1,0,0,17,29,14,28,0,12,13,24
122205,1,1,0,0,0,0,0,0,29,0,0,0
122206,0,1,0,0,0,0,0,0,0,0,0,0
122206,1,1,0,0,0,0,0,0,0,0,0,0
122207,0,1,0,0,0,0,0,0,0,0,0,0
122207,1,1,0,0,0,0,0,0,0,0,0,0
122208,1,1,13,13,13,13,13,13,13,13,13,13
122209,1,1,0,0,0,0,0,0,0,0,0,23
122209,2,1,0,0,0,0,0,0,0,0,0,0
122210,0,1,6,0,0,0,0,0,0,0,0,0
122210,1,1,22,0,0,0,0,0,0,0,0,0
122211,1,1,0,12,15,11,0,0,0,0,38,0
122212,0,1,0,0,0,0,0,0,0,0,0,0
122212,1,1,0,0,0,0,0,0,0,0,0,0
122214,0,1,24,24,24,24,24,24,24,24,24,24
122214,1,1,0,0,0,0,0,0,22,0,0,0
122215,1,1,0,0,0,0,0,0,0,0,0,0
122215,2,1,0,0,0,10,0,0,0,18,0,0
122216,1,1,0,0,0,0,0,0,0,0,0,0
122216,2,1,0,0,0,0,0,0,0,0,0,0
122217,0,1,0,0,0,0,0,7,0,0,17,0
122217,1,1,0,0,0,0,0,0,0,0,0,0
122218,0,1,0,0,0,0,0,0,18,15,0,0
122218,1,1,0,0,0,4,2,0,0,0,0,0
122219,1,1,0,0,0,0,0,0,0,23,0,0
122220,0,1,0,0,0,0,0,0,0,0,0,0
122220,1,1,0,0,0,0,26,0,0,0,0,0
122221,1,1,17,17,17,17,17,17,17,17,17,17
122222,1,1,0,0,0,0,0,0,0,0,0,0
122222,2,1,0,0,0,0,0,0,0,0,0,0
122223,1,1,32,32,32,32,32,32,32,32,32,32
122224,1,1,14,14,14,14,14,14,14,14,14,14
122225,1,1,33,33,33,33,33,33,33,33,33,33
122226,1,1,18,18,18,18,18,18,18,18,18,18
122227,1,1,0,0,0,0,0,0,0,0,0,0
122227,2,1,0,0,0,0,0,0,0,0,0,0
122228,1,1,19,19,19,19,19,19,19,19,19,19
122229,1,1,0,0,0,0,16,0,0,0,0,0
122229,2,1,0,0,0,0,0,0,0,0,0,0
122230,1,1,0,0,0,16,0,0,13,0,0,0
122231,1,1,0,0,0,0,0,0,0,0,0,0
122231,2,1,0,0,0,0,0,0,0,0,0,0
122231,3,1,0,0,0,0,0,0,0,0,0,0
122232,1,1,19,0,0,19,0,0,0,0,0,0
122233,1,1,0,0,0,0,0,0,0,0,0,0
122233,2,1,0,0,0,0,0,0,0,0,0,0
122234,0,1,0,0,0,14,0,0,0,0,0,0
122234,1,1,0,0,0,0,0,0,0,0,0,0
122235,0,1,0,0,0,0,0,21,0,0,0,0
122235,1,1,0,0,0,0,0,0,0,0,0,0
122236,1,1,17,17,17,17,17,17,17,17,17,17
122237,1,1,0,0,0,0,0,0,0,0,0,0
122237,2,1,0,0,0,0,0,0,0,0,0,0
122237,3,1,0,0,0,0,0,0,0,0,0,0
122237,4,1,0,0,0,0,0,0,4,0,0,0
122237,5,1,0,26,0,0,0,16,0,0,0,0
122237,6,1,0,0,0,0,0,17,0,0,0,0
122238,1,1,0,0,0,0,0,0,0,0,0,0
122238,2,1,0,0,0,0,0,0,0,0,0,0
122239,1,1,0,0,0,0,0,0,0,0,0,0
122240,1,1,35,35,35,35,35,35,35,35,35,35
122240,2,1,0,0,0,0,0,0,0,0,0,0
122241,1,1,26,26,26,26,26,26,26,26,26,26
122242,0,1,0,0,0,0,0,0,0,0,7,0
122242,1,1,0,0,0,0,0,0,0,0,0,0
122243,1,1,0,0,0,0,0,0,0,0,0,0
122243,2,1,0,0,0,0,18,0,0,0,0,0
122244,1,1,0,0,0,0,0,0,0,0,0,0
122244,2,1,0,0,0,0,0,0,0,0,0,0
122245,1,1,0,0,0,0,0,0,0,0,0,0
122245,2,1,0,0,0,0,0,0,0,0,0,0
122246,1,1,0,0,0,0,0,0,0,0,0,0
122247,0,1,0,0,0,0,0,0,23,0,0,0
122247,1,1,16,16,16,16,16,16,16,16,16,16
122248,0,1,32,32,32,32,32,32,32,32,32,32
122248,1,1,0,0,0,0,0,0,0,0,0,0
122249,1,1,21,21,21,21,21,21,21,21,21,21
122250,0,1,0,0,0,0,0,0,0,0,0,0
122250,0,2,0,0,0,0,0,0,0,0,0,0
122250,1,1,0,0,0,0,0,0,0,0,0,0
122250,2,1,0,0,0,0,0,0,0,0,0,0
122251,0,1,0,26,0,0,0,31,39,27,22,0
122251,1,1,0,0,0,0,0,0,0,0,0,0
122252,0,1,0,0,0,0,0,0,0,0,0,0
122252,1,1,0,0,0,0,0,0,0,12,0,0
122253,1,1,0,0,0,0,0,0,0,0,0,0
122254,1,1,0,0,0,0,0,0,0,0,0,0
122254,2,1,0,0,0,0,0,0,0,0,0,0
122255,1,1,0,0,0,0,0,0,0,0,0,0
122255,2,1,0,0,0,0,0,0,0,0,0,0
122255,3,1,0,0,0,0,0,0,0,0,0,0
122255,4,1,0,0,0,0,0,0,0,0,0,0
122256,0,1,0,0,0,0,0,0,0,0,0,0
122256,1,1,8,8,8,8,8,8,8,8,8,8
122257,1,1,0,0,0,0,0,0,0,0,0,0
122258,1,1,0,0,0,0,0,0,0,0,0,0
122258,2,1,0,0,0,0,0,11,0,0,0,0
122259,0,1,0,0,0,23,0,0,0,0,0,0
122259,1,1,0,15,7,0,0,0,0,0,15,0
122260,1,1,0,0,0,0,0,0,0,0,0,13
122260,2,1,0,0,0,14,0,0,0,0,0,0
122261,1,1,21,21,21,21,21,21,21,21,21,21
122262,0,1,33,33,33,33,33,33,33,33,33,33
122262,1,1,0,0,0,0,0,0,0,18,8,0
122263,1,1,0,0,0,0,0,0,0,0,0,0
122263,2,1,0,5,0,0,0,0,0,0,0,0
122264,0,1,0,0,0,0,0,0,0,0,0,0
122264,1,1,0,0,0,11,14,0,0,0,0,0
122265,1,1,18,18,18,18,18,18,18,18,18,18
122266,1,1,0,0,0,0,0,0,0,0,0,0
122266,2,1,0,0,0,0,0,0,0,0,0,0
122267,1,1,14,0,0,4,18,0,0,8,0,0
122267,2,1,0,0,0,0,0,0,0,0,0,0
122268,1,1,0,0,0,0,0,0,0,0,0,0
122269,1,1,15,15,15,15,15,15,15,15,15,15
122271,0,1,0,0,0,0,0,0,0,0,12,0
122271,1,1,0,0,0,0,0,0,0,0,0,0
122272,1,1,0,0,0,0,0,0,0,0,0,0
122272,2,1,0,0,0,0,0,0,0,0,0,0
122273,1,1,0,0,0,0,0,0,0,0,0,0
122273,2,1,0,0,3,0,0,0,0,0,0,0
122274,1,1,0,0,0,0,0,0,0,0,0,0
122274,2,1,0,0,0,0,0,0,0,15,0,0
122275,0,1,0,0,0,0,0,0,0,0,0,0
122275,1,1,0,0,0,0,0,0,0,0,0,0
122276,0,1,0,12,0,21,20,0,11,0,14,0
122276,1,1,0,13,0,0,0,0,0,0,0,0
122277,0,1,0,0,0,0,0,0,0,0,0,0
122277,1,1,0,0,0,0,0,0,0,0,0,0
122278,1,1,9,9,9,9,9,9,9,9,9,9
122279,0,1,0,0,0,0,0,0,0,0,0,0
122279,0,2,0,0,0,0,0,0,0,0,0,0
122279,1,1,0,0,0,0,0,0,0,0,12,0
122280,0,1,19,19,19,19,19,19,19,19,19,19
122280,1,1,5,0,0,0,0,12,0,0,0,0
122281,1,1,22,0,0,0,0,0,0,0,0,0
122281,2,1,0,0,0,0,0,0,0,0,0,0
122282,1,1,0,0,0,0,0,0,0,0,0,0
122282,2,1,0,0,0,0,0,0,0,0,0,0
122283,1,1,0,0,0,0,0,0,0,0,0,0
122283,2,1,0,0,0,0,26,0,0,0,0,0
122284,1,1,0,0,0,0,0,0,0,0,0,0
122285,1,1,0,0,0,0,0,0,0,0,0,0
122285,2,1,0,0,0,0,0,0,0,0,0,0
122286,0,1,0,0,0,0,5,0,0,0,0,0
122286,1,1,0,0,0,0,0,0,0,0,0,0
122287,1,1,0,0,0,0,0,0,0,0,0,0
122288,0,1,0,0,13,0,16,0,0,0,0,27
122288,1,1,0,24,0,0,0,11,0,11,0,0
122289,1,1,9,0,16,13,32,0,24,9,5,13
122290,0,1,0,0,0,0,0,0,0,0,0,0
122290,1,1,0,0,0,0,0,0,0,0,0,0
122291,0,1,0,0,0,0,0,17,0,0,0,0
122291,1,1,0,0,0,0,0,0,0,0,0,0
122291,2,1,0,0,0,0,0,0,1,0,0,0
122292,1,1,0,0,0,0,0,0,0,0,0,0
122292,2,1,0,0,0,0,0,0,0,0,13,0
122294,1,1,0,0,0,0,0,0,0,0,0,0
122294,2,1,0,0,0,0,0,0,0,0,0,0
122295,1,1,0,0,0,0,0,0,0,0,0,0
122296,0,1,0,0,0,0,0,0,0,0,0,0
122296,1,1,0,0,0,0,0,0,0,0,0,0
122297,1,2,27,0,15,7,34,16,22,0,12,0
122298,1,2,0,0,0,0,0,0,0,0,0,0
122299,1,1,14,14,14,14,14,14,14,14,14,14
122300,1,1,13,0,0,14,5,0,0,0,0,0
122300,2,1,0,0,0,0,0,0,0,0,0,0
122301,0,1,0,26,0,0,21,0,0,30,0,0
122301,1,1,0,0,0,0,0,0,0,0,0,0
122302,0,1,0,0,0,0,12,0,13,0,0,24
122302,1,1,0,0,0,0,0,0,0,0,0,0
122303,1,1,0,0,0,0,0,0,0,0,0,0
122303,2,1,0,0,0,0,0,0,0,0,0,0
122304,0,1,0,0,0,0,0,0,0,0,0,0
122304,1,1,0,0,0,0,0,0,15,0,0,0
122305,0,1,0,0,0,0,0,0,0,0,0,0
122305,1,1,0,0,0,0,8,0,0,0,0,0
122306,0,1,16,0,0,0,0,0,0,0,0,0
122306,1,1,0,0,0,0,0,0,0,0,0,0
122307,1,1,0,0,0,0,0,0,41,0,0,0
122307,2,1,0,0,0,0,0,0,0,0,0,0
122308,0,1,0,0,0,0,0,0,0,0,0,0
122308,1,1,0,0,0,0,0,0,0,0,0,0
122309,0,1,0,0,0,23,0,0,0,0,0,0
122309,1,1,0,0,0,0,0,0,28,0,0,0
122310,1,1,0,0,0,0,0,0,0,0,0,0
122310,2,1,0,0,0,0,0,0,0,0,0,0
122310,3,1,0,0,0,0,0,0,0,0,0,0
122311,0,1,0,0,26,0,0,0,0,0,0,0
122311,1,1,0,5,0,0,0,0,0,0,0,0
122312,0,1,0,0,0,0,0,0,0,0,0,0
122312,1,1,0,0,0,0,0,0,0,0,0,0
122313,1,1,0,0,0,0,0,0,0,0,0,0
122314,1,1,0,0,0,0,0,0,0,0,0,0
122314,2,1,0,0,0,0,0,0,0,0,0,0
122316,1,1,0,0,0,0,0,0,0,0,0,0
122316,2,1,0,0,0,0,0,0,0,0,0,0
122316,3,1,0,0,0,0,0,0,0,0,0,0
122317,1,1,0,0,0,0,0,0,0,0,0,0
122318,1,1,14,14,14,14,14,14,14,14,14,14
122319,1,1,16,16,16,16,16,16,16,16,16,16
122320,0,1,0,0,0,0,0,0,0,0,0,0
122320,1,1,0,0,0,0,0,0,0,0,0,0
122321,1,1,10,10,10,10,10,10,10,10,10,10
122322,0,1,0,0,0,0,0,45,0,0,0,0
122322,1,1,0,0,0,0,0,0,0,0,0,0
122323,0,1,0,0,0,0,0,0,0,0,0,0
122323,0,2,0,0,0,0,5,0,0,0,0,0
122323,1,1,0,0,0,0,0,0,0,0,0,0
122324,0,1,0,0,0,0,0,0,0,0,0,0
122324,1,1,0,0,0,0,0,0,0,0,0,0
122325,1,1,0,0,0,0,0,0,0,0,0,0
122325,2,1,0,0,0,0,0,0,0,0,0,0
122325,3,1,0,0,0,0,0,0,0,0,0,0
122326,1,1,23,23,23,23,23,23,23,23,23,23
122327,1,1,0,0,0,0,0,0,0,0,0,0
122328,1,1,0,0,0,0,0,0,0,0,0,0
122329,0,1,0,0,0,0,0,0,0,0,0,0
122329,0,2,0,0,0,0,0,0,0,0,0,0
122329,1,1,0,0,0,0,0,0,0,0,0,0
122330,1,1,0,0,10,0,0,0,0,23,0,0
122331,1,1,18,18,18,18,18,18,18,18,18,18
122332,1,1,0,0,0,0,0,0,0,0,0,0
122332,2,1,0,0,0,0,0,0,0,0,0,0
122333,0,1,0,0,18,15,13,0,0,0,0,0
122333,1,1,0,0,0,0,0,0,0,0,0,0
122334,1,1,0,0,0,0,0,0,0,22,0,0
122334,2,1,0,0,0,0,0,0,0,0,0,0
122335,1,1,0,6,0,7,15,14,0,0,0,9
122336,1,1,0,0,0,19,0,17,33,0,0,0
122337,1,1,0,0,0,0,0,0,0,0,0,0
122337,2,1,0,0,0,0,0,0,0,0,0,0
122337,3,1,0,0,0,0,0,0,0,0,0,0
122338,0,1,0,0,12,0,18,36,33,13,13,0
122338,1,1,0,15,0,0,34,17,0,0,0,0
122339,0,1,0,28,0,0,0,0,0,11,0,34
122339,1,1,1,1,1,1,1,1,1,1,1,1
122340,1,1,27,27,27,27,27,27,27,27,27,27
122341,1,1,0,0,3,0,0,0,0,0,0,11
122341,2,1,0,0,0,0,0,0,21,0,20,0
122342,1,1,0,0,0,0,0,4,0,0,0,0
122342,2,1,0,0,0,0,0,17,0,0,0,0
122344,1,1,0,0,0,0,0,0,0,0,0,0
122344,2,1,0,0,0,0,0,0,0,0,0,0
122345,1,1,0,0,0,0,0,0,0,0,0,0
122346,1,1,0,0,0,0,0,0,0,0,0,0
122346,2,1,0,0,0,0,0,0,0,0,0,0
130001,1,1,18,18,18,18,18,18,18,18,18,18
130002,0,1,0,0,0,0,0,0,0,0,0,0
130003,1,1,18,18,18,18,18,18,18,18,18,18
130004,1,1,0,0,0,0,0,4,0,0,16,0
130005,1,1,18,18,18,18,18,18,18,18,18,18
130006,1,1,0,0,0,0,0,0,0,0,0,0
130006,2,1,0,0,0,0,0,0,0,0,0,0
130007,1,1,0,0,0,0,0,0,0,0,0,0
130007,2,1,18,18,18,18,18,18,18,18,18,18
130008,1,1,13,13,13,13,13,13,13,13,13,13
130009,1,1,0,0,0,0,0,0,0,0,0,0
130010,0,1,0,0,0,0,0,0,0,0,0,0
130010,1,1,0,0,0,0,0,0,0,0,0,0
130011,1,1,9,9,9,9,9,9,9,9,9,9
130012,1,1,15,0,0,0,15,0,0,12,0,0
130013,0,1,0,0,0,0,20,0,0,0,0,0
130013,1,1,0,0,0,0,0,0,0,0,0,0
130014,1,1,0,0,0,0,0,0,0,0,0,0
130015,1,1,0,0,0,19,0,0,0,0,0,0
130016,1,1,30,30,30,30,30,30,30,30,30,30
130017,1,1,18,27,0,0,0,0,8,0,0,0
130017,2,1,0,0,0,0,0,0,0,0,0,0
130018,1,1,0,0,0,0,0,21,0,0,8,0
130019,1,1,17,17,17,17,17,17,17,17,17,17
130020,0,1,26,26,26,26,26,26,26,26,26,26
130020,1,1,0,0,0,0,0,0,0,0,0,0
130020,2,1,0,0,22,0,0,14,0,0,0,0
130021,1,1,0,0,0,0,0,0,0,0,0,0
130022,1,1,0,0,0,0,0,0,0,0,0,0
130023,0,1,6,20,0,0,35,0,24,0,0,0
130023,1,1,7,0,0,16,9,0,0,0,0,0
130024,1,1,0,0,0,0,0,0,0,0,0,0
130024,2,1,0,0,0,0,0,0,0,0,0,0
130025,1,1,17,17,17,17,17,17,17,17,17,17
130026,1,1,29,29,29,29,29,29,29,29,29,29
130027,1,1,0,0,0,0,0,0,0,0,0,0
130027,2,1,0,0,0,0,0,0,0,0,0,0
130028,1,1,0,0,0,0,0,0,0,0,0,0
130028,2,1,0,0,0,0,0,0,0,0,0,0
130029,1,1,0,0,0,0,0,0,0,0,0,0
130029,2,1,0,0,0,20,0,0,0,0,0,0
130030,1,1,0,0,0,0,0,0,0,0,0,0
130030,2,1,0,0,0,0,0,0,0,0,0,0
130031,2,1,0,0,0,0,0,0,0,0,0,0
130032,1,1,0,0,0,0,0,0,0,0,0,0
130032,2,1,0,0,0,0,0,0,0,0,0,0
130033,1,1,0,0,0,0,0,0,0,0,0,0
130034,1,1,4,4,4,4,4,4,4,4,4,4
130034,2,1,0,0,0,0,0,0,0,0,0,0
130035,1,1,21,21,21,21,21,21,21,21,21,21
130036,1,1,0,0,0,0,0,0,0,0,0,0
130037,1,1,0,0,0,0,0,0,0,0,0,0
130037,2,1,0,0,0,0,0,0,0,0,0,0
130038,1,1,0,0,0,0,0,0,0,0,0,0
130038,2,1,0,0,0,0,0,0,0,0,0,0
130039,0,1,0,0,0,0,0,0,0,0,0,0
130039,1,1,0,0,0,20,3,5,23,0,0,0
130039,2,1,0,0,0,0,15,12,0,0,0,0
130040,1,1,0,0,0,0,0,0,0,0,0,0
130041,0,1,26,26,26,26,26,26,26,26,26,26
130041,1,1,0,0,0,0,0,0,0,0,0,4
130042,0,1,0,0,0,0,0,0,0,0,0,0
130042,1,1,0,0,0,0,0,0,0,0,0,0
130043,1,1,20,20,20,20,20,20,20,20,20,20
130044,1,1,0,0,0,0,0,8,0,0,0,0
130044,2,1,0,0,0,0,0,0,0,0,0,0
130045,1,1,23,23,23,23,23,23,23,23,23,23
130046,1,1,5,9,17,7,11,15,14,12,20,10
130047,1,1,12,12,12,12,12,12,12,12,12,12
130048,1,1,0,0,0,0,0,0,0,0,0,0
130048,2,1,0,0,0,0,0,0,0,0,0,0
130049,1,1,0,0,0,0,0,0,0,0,0,0
130049,2,1,0,0,0,0,0,0,0,0,0,0
130049,3,1,0,21,0,0,0,0,0,0,0,0
130049,4,1,0,0,0,0,0,0,0,0,0,0
130050,1,1,0,0,0,10,0,0,0,0,0,0
130051,0,1,0,0,0,0,0,0,0,0,0,0
130051,1,1,0,0,0,0,0,0,0,0,0,0
130052,1,1,0,0,0,0,0,0,0,0,0,0
130052,2,1,0,0,0,0,0,0,0,0,0,0
130053,0,1,0,0,0,0,0,0,0,0,0,0
130053,0,2,29,0,0,0,0,0,0,0,0,0
130053,1,1,0,0,0,0,0,25,0,0,0,0
130054,1,1,0,0,0,0,0,0,0,0,0,0
130055,1,1,12,12,12,12,12,12,12,12,12,12
130056,1,1,22,22,22,22,22,22,22,22,22,22
130058,0,1,0,0,0,0,0,0,0,0,0,0
130058,0,2,0,0,0,0,0,0,23,21,0,0
130058,1,1,0,0,0,0,0,0,0,0,0,0
130058,4,1,0,0,9,0,0,0,0,0,0,0
130059,1,1,0,0,0,0,0,0,0,0,0,0
130059,2,1,0,0,0,0,0,0,0,0,0,0
130060,1,1,0,0,0,0,0,0,0,0,0,0
130060,2,1,0,0,0,0,0,0,0,0,0,0
130060,3,1,0,0,0,0,0,0,0,0,0,0
130061,1,1,0,0,0,0,0,0,0,0,0,0
130062,0,1,0,0,0,0,0,0,0,0,0,0
130062,1,1,0,0,0,0,0,0,0,0,0,0
130063,1,1,0,0,0,0,0,0,0,0,0,0
130064,0,1,0,0,0,0,0,0,0,0,0,0
130064,0,2,0,0,0,0,0,0,0,0,0,0
130064,0,3,0,0,0,0,0,0,0,0,0,0
130064,1,1,0,0,0,0,0,0,0,0,0,0
130065,0,1,21,21,21,21,21,21,21,21,21,21
130065,1,1,0,0,0,0,0,0,0,0,12,0
130066,0,1,28,28,28,28,28,28,28,28,28,28
130066,1,1,0,0,0,0,0,0,0,0,0,0
130067,1,1,23,33,0,0,0,16,15,17,22,19
130068,1,1,0,0,0,0,0,0,0,0,0,0
130068,2,1,0,0,0,0,0,0,0,27,0,0
130068,3,1,0,0,0,0,0,0,0,0,0,0
130069,1,1,0,0,0,13,0,0,0,0,0,0
130070,1,1,25,25,25,25,25,25,25,25,25,25
130071,0,1,19,19,19,19,19,19,19,19,19,19
130071,1,1,0,0,0,0,0,0,0,0,0,0
130072,0,1,0,0,0,0,0,0,0,0,0,0
130072,1,1,0,0,0,0,0,0,0,0,0,0
130073,1,1,0,0,0,0,0,0,0,0,0,0
130073,2,1,0,0,0,0,0,0,0,0,0,0
130074,1,1,0,0,0,0,0,0,0,0,0,0
130075,1,1,0,0,0,0,0,0,0,0,0,0
130075,2,1,0,0,0,0,0,0,0,0,0,0
130076,1,1,18,18,18,18,18,18,18,18,18,18
130077,0,1,20,26,0,0,33,6,0,29,0,0
130077,1,1,6,0,22,0,12,26,0,0,0,0
130078,1,1,0,0,0,0,0,0,0,0,0,0
130078,2,1,0,0,0,0,0,0,0,0,0,0
130079,1,1,0,0,0,0,0,0,0,0,0,0
130080,1,1,4,4,4,4,4,4,4,4,4,4
130081,0,1,0,0,0,0,0,0,0,0,0,0
130081,1,1,0,0,0,0,0,0,0,0,0,0
130082,0,1,0,0,0,0,0,0,0,0,0,0
130082,1,1,6,6,6,6,6,6,6,6,6,6
130083,1,1,0,0,0,0,0,0,0,0,0,0
130083,2,1,0,0,0,0,0,0,0,0,0,0
130084,1,1,16,16,16,16,16,16,16,16,16,16
130085,1,1,0,0,0,0,0,0,0,0,0,0
130085,2,1,0,4,0,0,0,0,0,0,0,0
130086,1,1,0,0,0,0,0,0,0,0,0,0
130087,1,1,0,0,0,0,0,0,0,0,0,0
130088,0,1,0,0,0,0,0,0,0,0,0,0
130088,1,1,0,0,0,0,0,0,0,0,0,0
130089,1,1,0,0,3,0,0,0,0,0,10,0
130089,2,1,0,0,0,0,0,0,0,0,0,0
130090,1,1,0,0,0,0,0,0,0,0,0,0
130090,2,1,0,0,0,0,0,0,0,0,0,0
130091,1,1,0,0,22,0,0,0,0,20,0,13
130092,1,1,0,0,0,0,0,0,0,0,0,0
130093,1,1,24,24,24,24,24,24,24,24,24,24
130094,1,1,23,23,23,23,23,23,23,23,23,23
130094,2,1,0,20,18,37,12,23,0,11,17,6
130095,1,1,0,0,0,0,0,0,0,0,0,0
130095,2,1,0,0,0,0,0,0,0,0,0,0
130096,1,1,0,0,0,0,0,0,0,0,0,14
130097,1,1,0,0,0,0,0,0,0,9,0,13