ST_CASE,VEH_NO,PER_NO,P1,P2,P3,P4,P5,P6,P7,P8,P9,P10
130098,0,1,0,0,0,0,0,0,0,0,0,0
130098,1,1,0,0,0,0,0,0,0,0,0,0
130099,0,1,21,21,33,23,18,26,26,28,36,12
130099,1,1,0,0,0,0,0,0,0,0,0,0
130100,1,1,0,0,0,0,0,0,0,0,0,0
130100,2,1,0,0,0,0,0,0,0,0,0,0
130101,1,1,0,25,0,0,0,0,0,0,0,13
130101,2,1,0,0,0,0,0,0,0,0,0,0
130102,1,1,0,0,0,0,0,0,0,0,0,0
130103,1,1,0,0,0,0,0,0,0,0,0,0
130104,0,1,22,12,17,0,0,0,0,0,15,0
130104,1,1,0,0,0,0,0,0,0,0,16,0
130105,0,1,11,11,11,11,11,11,11,11,11,11
130105,1,1,0,0,0,0,0,0,0,0,0,0
130106,0,1,0,0,0,0,0,0,0,0,0,0
130106,2,1,0,0,0,0,0,0,0,0,0,0
130107,1,1,0,0,0,0,0,0,0,0,0,0
130107,2,1,0,0,0,0,0,0,0,0,0,0
130108,1,1,4,14,0,4,0,0,15,7,0,7
130109,1,1,0,0,0,0,0,0,0,0,0,0
130109,2,1,0,0,0,0,0,0,0,0,0,20
130110,1,1,0,0,0,0,0,0,0,0,0,0
130110,2,1,0,0,7,0,0,0,0,0,0,0
130111,1,1,0,0,0,0,0,0,16,0,10,0
130111,2,1,0,0,0,0,0,0,0,0,0,0
130112,1,1,0,0,0,0,0,0,0,0,0,0
130113,1,1,0,0,0,0,0,0,0,0,0,0
130114,1,1,0,0,0,0,0,0,0,0,0,0
130114,2,1,0,0,14,0,6,0,0,0,0,0
130115,1,1,0,0,0,0,0,0,0,0,0,0
130116,1,1,0,0,0,0,0,0,0,0,0,0
130116,2,1,16,0,0,0,0,0,0,0,0,0
130117,1,1,0,0,0,0,0,0,0,0,0,0
130118,1,1,0,0,0,0,0,0,0,0,0,0
130118,2,1,8,8,8,8,8,8,8,8,8,8
130119,0,1,0,0,0,0,0,0,0,0,0,0
130119,0,2,0,0,0,0,0,0,0,0,0,0
130119,1,1,0,0,0,0,0,0,0,0,0,0
130119,3,1,0,0,0,0,0,0,0,0,0,0
130120,1,1,0,0,0,0,0,0,0,0,0,0
130120,2,1,0,0,0,0,0,0,0,0,0,0
130121,1,1,0,0,0,0,0,0,0,0,0,0
130121,2,1,0,0,0,0,0,0,0,0,0,0
130122,1,1,0,0,0,0,0,0,0,0,0,0
130123,1,1,27,0,0,0,0,0,0,0,0,0
130123,2,1,0,0,0,0,0,0,0,0,0,0
130124,1,1,20,15,0,0,37,0,0,0,0,0
130124,2,1,0,0,0,0,0,0,0,0,0,0
130125,1,1,0,0,0,0,0,0,0,0,0,0
130125,2,1,0,0,0,0,0,0,0,0,0,0
130126,0,1,0,0,0,0,0,0,0,0,0,0
130126,1,1,0,0,0,0,0,0,0,0,0,0
130127,1,1,0,0,0,0,0,0,0,0,0,0
130128,1,1,0,0,0,11,0,0,0,0,0,0
130129,1,1,0,0,33,7,0,0,0,0,34,0
130129,2,1,0,0,0,0,0,0,0,0,0,0
130130,1,1,0,0,0,0,0,0,0,0,0,0
130130,2,1,0,0,0,0,0,0,0,0,0,0
130131,1,1,0,0,0,0,0,0,0,0,0,0
130131,2,1,0,0,0,0,0,0,0,0,0,6
130132,1,1,0,0,0,0,0,0,0,0,0,0
130133,1,1,0,0,0,0,0,0,0,0,0,0
130133,2,1,0,0,0,0,0,0,0,0,0,0
130134,1,1,7,7,7,7,7,7,7,7,7,7
130135,1,1,21,21,21,21,21,21,21,21,21,21
130136,1,1,0,0,0,0,0,0,0,7,0,0
130137,1,1,21,21,21,21,21,21,21,21,21,21
130138,1,1,0,0,0,0,0,13,0,0,0,0
130138,2,1,0,0,0,0,0,0,0,0,0,0
130139,1,1,0,0,0,0,0,0,0,0,0,0
130139,2,1,0,0,0,0,0,0,0,0,0,0
130139,3,1,0,0,0,0,0,0,0,0,0,0
130140,1,1,0,0,0,0,0,0,0,0,0,0
130140,2,1,0,0,0,0,0,0,0,0,0,0
130141,1,1,0,13,0,23,0,0,21,0,0,38
130141,2,1,0,0,0,0,0,0,0,0,0,0
130142,1,1,21,21,21,21,21,21,21,21,21,21
130143,1,1,24,24,24,24,24,24,24,24,24,24
130144,1,1,23,23,23,23,23,23,23,23,23,23
130145,1,1,0,23,0,0,18,0,0,0,0,0
130145,2,1,0,0,0,0,0,0,0,0,0,0
130146,0,1,0,0,0,0,0,0,0,0,0,0
130146,1,1,0,0,0,0,0,0,0,0,0,0
130147,1,1,0,0,0,0,0,0,0,0,0,0
130147,2,1,0,0,0,0,0,0,0,0,0,0
130148,0,1,0,0,0,0,0,0,0,0,0,0
130148,1,1,0,0,0,0,0,0,0,0,0,0
130149,1,1,0,0,0,0,0,0,0,0,0,0
130149,2,1,0,0,0,0,0,0,0,0,0,0
130150,1,1,0,0,0,0,0,0,0,0,0,0
130150,2,1,0,0,0,0,0,0,0,0,0,0
130151,1,1,0,0,0,0,0,0,0,0,0,0
130151,2,1,0,13,21,0,0,0,0,0,9,0
130152,1,1,25,0,0,0,0,0,0,0,0,0
130153,1,1,0,0,0,0,0,0,0,0,0,0
130153,2,1,0,0,0,0,0,0,0,0,0,0
130154,0,1,0,0,0,5,0,24,9,0,0,2
130154,1,1,2,0,13,18,12,8,0,0,0,0
130155,1,1,15,15,15,15,15,15,15,15,15,15
130156,1,1,0,0,0,0,0,0,0,0,0,0
130156,2,1,0,0,0,0,0,0,0,0,0,0
130157,1,1,0,0,0,0,0,8,0,0,0,0
130158,1,1,20,0,0,0,0,0,0,0,0,0
130158,2,1,0,0,0,0,0,0,0,0,0,0
130159,1,1,0,0,6,0,0,0,0,0,0,0
130159,2,1,0,10,0,22,0,0,0,24,0,0
130160,1,1,0,0,0,0,0,0,0,0,0,0
130160,2,1,0,0,0,0,0,0,0,0,0,0
130161,1,1,0,0,0,27,0,0,0,0,0,0
130161,2,1,0,0,0,0,0,0,0,0,0,0
130161,3,1,0,0,24,0,0,0,0,0,0,0
130162,0,1,0,0,0,0,23,0,0,0,0,0
130162,2,1,0,0,0,0,0,0,0,0,0,0
130163,1,1,0,0,0,0,20,0,0,0,0,22
130163,2,1,0,0,0,0,0,0,0,0,0,0
130164,0,1,0,0,0,0,0,0,0,0,0,0
130164,1,1,0,0,0,0,0,0,0,18,0,0
130165,0,1,0,18,35,0,11,0,0,0,18,0
130165,1,1,0,0,0,0,0,0,0,0,0,0
130166,1,1,0,0,0,0,0,10,0,0,0,0
130167,0,1,15,15,15,15,15,15,15,15,15,15
130167,1,1,0,0,0,0,0,0,0,0,0,0
130168,1,1,0,0,0,0,0,0,0,0,0,0
130168,2,1,0,0,0,0,0,0,0,0,0,0
130169,1,1,18,18,18,18,18,18,18,18,18,18
130170,1,1,0,0,0,0,0,0,0,0,0,0
130171,0,1,27,27,27,27,27,27,27,27,27,27
130171,1,1,0,0,0,0,0,0,0,0,0,0
130171,2,1,0,0,0,0,8,0,0,0,0,0
130172,1,1,0,0,0,0,0,0,16,0,0,0
130172,2,1,0,0,0,0,0,0,0,0,0,0
130173,1,1,0,0,0,0,0,0,0,0,0,0
130173,2,1,0,0,0,0,0,0,0,0,0,0
130174,1,1,26,0,29,0,0,0,0,0,0,0
130175,1,1,0,0,0,0,0,0,0,0,0,0
130175,2,1,0,0,0,0,0,0,0,0,0,0
130175,3,1,0,0,0,0,0,0,0,0,0,0
130176,1,1,21,21,21,21,21,21,21,21,21,21
130177,1,1,2,2,2,2,2,2,2,2,2,2
130178,0,1,0,0,0,0,0,0,0,0,0,0
130178,1,1,0,0,0,0,11,0,0,0,0,0
130178,2,1,0,0,0,0,0,0,0,0,0,0
130179,1,1,0,0,0,0,0,0,0,0,0,0
130179,2,1,0,0,0,8,0,0,0,0,0,0
130180,1,1,0,0,0,0,0,0,0,0,0,0
130181,1,1,0,0,0,0,0,0,0,0,0,0
130181,2,1,0,0,0,0,0,0,0,0,0,0
130182,1,1,0,0,0,0,0,0,0,17,0,0
130182,2,1,0,20,0,17,8,0,24,0,0,0
130183,1,1,0,0,0,0,0,0,0,0,0,0
130183,2,1,0,0,0,0,0,0,0,0,0,0
130184,0,1,21,21,21,21,21,21,21,21,21,21
130184,1,1,0,0,0,28,0,0,0,0,0,0
130185,1,1,0,0,0,0,0,0,0,0,0,0
130186,0,1,22,22,22,22,22,22,22,22,22,22
130186,1,1,0,0,0,0,0,0,0,0,21,0
130186,2,1,0,0,0,0,0,0,0,0,0,0
130187,0,1,4,0,0,0,0,0,0,0,0,0
130187,0,2,0,0,6,0,0,0,0,0,0,0
130187,0,3,0,0,0,0,0,0,6,0,0,0
130187,1,1,0,0,0,0,0,0,0,0,0,0
130188,1,1,0,0,11,0,0,0,0,0,0,12
130189,1,1,19,19,19,19,19,19,19,19,19,19
130190,0,1,0,25,26,0,0,31,28,37,23,12
130190,1,1,0,0,0,0,0,0,0,0,0,0
130191,1,1,0,0,0,0,0,0,0,0,0,0
130191,2,1,0,0,0,0,0,0,0,0,0,0
130192,1,1,0,0,0,0,0,0,0,0,0,0
130192,2,1,0,0,0,0,0,0,0,0,0,0
130193,0,1,22,22,22,22,22,22,22,22,22,22
130193,1,1,0,0,0,0,0,0,0,0,0,0
130194,1,1,0,0,0,0,0,0,0,0,0,0
130194,2,1,0,0,0,0,0,0,0,0,0,0
130195,1,1,0,17,0,16,0,0,0,0,0,0
130195,2,1,0,0,0,0,0,0,0,0,0,0
130195,3,1,0,0,0,0,27,0,0,0,0,0
130195,4,1,0,0,0,0,0,0,0,0,0,0
130196,0,1,0,0,0,0,7,0,0,0,0,12
130196,1,1,0,0,0,0,0,0,0,0,0,0
130197,1,1,0,0,0,0,0,0,0,0,0,0
130198,1,1,4,0,0,0,0,0,0,0,0,0
130198,2,1,0,0,0,0,0,0,0,0,0,0
130198,3,1,0,0,0,0,0,0,0,0,0,0
130198,4,1,0,0,0,0,0,0,0,0,0,0
130200,0,1,0,0,0,0,0,0,0,0,12,0
130200,1,1,0,0,0,0,0,0,0,0,0,0
130201,1,1,44,0,0,0,0,0,0,0,0,0
130202,1,1,14,14,14,14,14,14,14,14,14,14
130203,1,1,23,23,23,23,23,23,23,23,23,23
130204,1,1,0,0,0,0,0,0,0,0,0,0
130204,2,1,0,0,0,0,0,0,0,0,0,0
130205,1,1,9,8,0,14,12,0,0,8,13,14
130206,1,1,0,0,0,0,0,0,0,0,0,0
130206,2,1,0,0,0,0,0,0,0,0,0,0
130207,0,1,19,19,19,19,19,19,19,19,19,19
130207,1,1,0,0,38,4,8,35,5,1,8,0
130208,1,1,0,0,0,0,0,0,0,0,0,0
130209,0,1,20,20,20,20,20,20,20,20,20,20
130209,1,1,0,0,0,0,0,0,0,0,0,0
130210,1,1,16,16,16,16,16,16,16,16,16,16
130210,2,1,0,0,0,0,0,0,0,0,0,0
130211,0,1,0,0,20,0,13,0,0,0,0,0
130211,1,1,0,13,0,0,0,0,0,0,9,0
130212,1,1,0,0,0,0,0,0,0,0,0,0
130212,2,1,0,0,0,0,0,0,0,0,0,0
130213,1,1,0,0,0,0,0,0,0,0,0,0
130214,1,1,0,0,0,0,0,0,0,0,0,0
130215,1,1,44,14,26,27,24,14,29,25,20,13
130216,1,1,0,0,0,0,0,0,0,0,0,0
130216,2,1,0,0,0,0,0,0,0,0,0,0
130217,1,1,0,0,0,0,0,0,0,0,0,0
130218,1,1,0,0,0,0,0,0,0,0,0,0
130218,2,1,0,0,10,0,0,0,0,0,0,0
130219,1,1,0,0,0,0,0,0,0,0,0,0
130219,2,1,0,0,0,0,0,0,0,0,0,0
130220,1,1,0,0,0,0,0,0,0,0,0,0
130221,1,1,0,0,0,0,0,0,0,0,0,0
130221,2,1,0,0,0,0,0,0,0,0,0,0
130222,1,1,0,0,0,0,0,0,0,0,0,0
130223,1,1,0,0,0,0,0,0,0,0,0,0
130224,1,1,0,0,0,0,0,0,0,0,0,0
130224,2,1,0,0,0,0,15,0,0,0,0,0
130225,1,1,0,0,0,0,0,0,0,0,0,0
130226,1,1,16,3,12,11,19,8,15,29,27,5
130227,1,1,14,14,14,14,14,14,14,14,14,14
130228,1,1,0,0,0,0,0,0,0,0,0,0
130228,2,1,0,0,0,0,4,0,1,0,0,5
130228,3,1,17,15,0,0,0,0,0,0,0,0
130229,1,1,0,0,0,0,0,0,0,0,0,0
130229,2,1,0,0,0,0,0,0,0,0,0,0
130230,1,1,0,0,0,0,9,0,0,25,9,0
130231,1,1,0,0,0,0,0,0,0,0,0,0
130231,2,1,0,0,0,0,0,0,0,0,0,0
130232,1,1,0,0,0,0,0,0,0,0,0,0
130232,2,1,0,0,0,0,0,0,0,0,0,0
130233,1,1,0,0,0,0,0,0,0,0,0,0
130234,1,1,0,0,0,0,0,0,0,0,0,0
130235,0,1,0,0,0,0,0,0,0,0,0,0
130235,1,1,0,0,0,0,0,0,1,0,0,0
130236,1,1,19,19,19,19,19,19,19,19,19,19
130237,1,1,0,0,0,0,0,0,0,0,0,0
130237,2,1,0,0,0,0,0,0,0,14,0,9
130238,1,1,17,17,17,17,17,17,17,17,17,17
130239,1,1,0,0,0,0,0,0,0,0,0,0
130240,1,1,0,0,0,0,0,0,0,0,0,0
130240,2,1,0,0,0,0,0,0,0,0,0,0
130241,1,1,0,0,0,0,0,0,0,0,0,0
130242,1,1,0,0,0,0,0,0,0,0,0,0
130243,1,1,0,0,0,0,0,0,0,0,0,0
130244,1,1,0,0,0,0,0,0,0,0,0,0
130244,2,1,0,0,0,0,0,0,0,0,0,0
130245,1,1,0,0,0,0,0,0,0,0,0,0
130246,1,1,0,0,0,0,0,0,0,0,0,0
130247,0,1,17,0,0,6,17,0,0,0,15,19
130247,1,1,0,0,0,0,0,0,0,0,0,0
130248,1,1,34,0,17,0,0,26,0,0,0,0
130248,2,1,0,0,0,0,0,0,0,0,0,0
130248,3,1,0,0,0,17,0,0,0,0,0,0
130249,1,1,0,0,14,0,16,0,0,0,0,0
130250,1,1,0,0,0,0,0,0,0,0,0,0
130250,2,1,0,0,0,0,0,0,0,0,0,0
130250,3,1,0,0,0,0,0,0,0,0,0,0
130251,1,1,0,0,0,0,0,0,0,0,0,0
130251,2,1,0,0,0,0,0,0,0,0,0,0
130252,1,1,0,0,0,0,0,0,0,8,0,0
130252,2,1,0,0,0,0,0,0,0,0,0,0
130253,1,1,17,17,17,17,17,17,17,17,17,17
130254,0,1,0,0,0,0,0,0,0,0,0,0
130254,1,1,0,0,0,0,0,0,0,0,0,0
130255,1,1,0,0,0,0,0,0,0,0,0,0
130255,2,1,0,0,0,0,0,0,0,0,0,21
130256,1,1,0,7,0,0,15,0,14,0,0,0
130256,2,1,0,0,0,0,0,0,0,0,0,0
130257,1,1,0,0,0,0,0,0,0,0,0,0
130257,2,1,0,0,0,0,0,0,0,0,0,0
130258,1,1,0,0,0,0,0,0,0,0,0,0
130258,2,1,0,0,0,0,0,0,0,0,0,0
130259,1,1,0,0,0,0,0,0,0,0,0,0
130260,0,1,41,31,0,0,0,12,6,0,0,0
130260,1,1,0,0,0,0,0,0,0,0,0,0
130260,2,1,0,0,0,0,0,0,0,0,0,0
130261,1,1,10,0,0,0,0,0,0,17,0,0
130262,1,1,12,12,12,12,12,12,12,12,12,12
130263,1,1,18,18,18,18,18,18,18,18,18,18
130264,1,1,0,0,0,0,0,0,0,0,0,0
130265,1,1,0,28,0,0,10,0,0,0,0,0
130265,2,1,0,0,0,4,0,0,0,0,0,0
130266,0,1,35,35,35,35,35,35,35,35,35,35
130266,1,1,0,0,0,0,0,0,0,0,0,0
130267,1,1,6,11,8,3,29,12,32,19,20,23
130268,0,1,0,15,21,20,47,17,15,12,15,23
130268,1,1,0,0,0,0,0,0,0,0,0,0
130269,1,1,18,16,3,0,9,46,11,7,16,8
130270,1,1,0,0,0,0,0,0,0,0,0,0
130271,1,1,0,0,0,0,0,0,0,0,0,0
130272,1,1,20,20,20,20,20,20,20,20,20,20
130273,1,1,15,15,15,15,15,15,15,15,15,15
130274,0,1,0,0,35,0,0,0,0,42,0,0
130274,1,1,0,0,0,0,0,0,0,0,0,0
130275,1,1,9,9,9,9,9,9,9,9,9,9
130276,1,1,0,0,0,0,0,0,0,0,0,0
130276,2,1,0,0,0,0,0,0,0,0,0,0
130277,1,1,0,0,0,0,0,0,0,0,0,0
130277,2,1,0,0,0,0,0,0,0,0,0,0
130278,1,1,0,0,0,0,0,13,0,0,0,0
130279,1,1,0,0,0,0,0,0,0,0,0,0
130280,0,1,0,0,0,0,0,0,0,0,0,0
130280,0,2,16,0,0,18,0,0,0,0,9,0
130280,1,1,17,8,0,0,0,0,0,0,0,0
130281,1,1,0,0,0,0,0,0,0,0,0,0
130281,2,1,0,0,0,0,0,0,0,0,0,0
130281,3,1,0,0,0,0,0,0,0,0,0,0
130281,4,1,0,0,0,0,0,0,0,0,0,0
130282,1,1,16,16,16,16,16,16,16,16,16,16
130283,1,1,47,0,26,17,14,0,13,60,15,14
130283,2,1,0,0,0,0,0,0,0,0,0,0
130284,1,1,0,0,0,0,0,0,0,0,0,0
130284,2,1,0,0,0,0,0,0,0,0,0,0
130285,1,1,0,16,15,27,7,18,21,0,16,23
130286,0,1,0,0,0,0,0,0,0,0,0,0
130286,1,1,25,6,14,9,31,17,25,4,17,10
130286,2,1,0,0,0,0,0,0,0,0,0,0
130287,1,1,22,22,22,22,22,22,22,22,22,22
130288,1,1,24,24,24,24,24,24,24,24,24,24
130288,2,1,0,0,0,0,0,0,0,0,0,0
130288,3,1,0,0,0,0,0,0,0,0,0,0
130289,1,1,0,0,0,0,0,0,17,0,0,0
130289,2,1,0,0,0,0,0,0,0,0,0,0
130290,1,1,0,0,0,0,0,0,0,0,0,0
130290,2,1,0,0,0,0,0,0,0,0,0,0
130291,1,1,0,0,0,0,0,0,0,0,0,0
130291,2,1,0,0,0,0,0,0,0,0,0,0
130291,3,1,0,0,0,0,0,0,0,0,0,0
130292,1,1,0,0,0,0,0,0,0,0,0,0
130293,1,1,0,0,0,0,0,0,0,0,0,0
130293,2,1,11,11,11,11,11,11,11,11,11,11
130294,1,1,24,24,24,24,24,24,24,24,24,24
130295,1,1,0,0,0,0,0,0,8,0,0,0
130296,1,1,0,0,0,0,0,0,0,0,0,0
130297,1,1,0,0,0,0,0,0,0,0,0,0
130298,1,1,29,29,29,29,29,29,29,29,29,29
130299,1,1,0,0,0,0,0,0,0,0,0,0
130300,1,1,0,0,0,0,0,0,0,0,0,0
130300,2,1,0,0,0,0,0,0,0,0,0,0
130301,1,1,0,0,0,0,0,0,0,0,0,0
130302,0,1,0,0,0,0,0,0,0,0,0,0
130302,1,1,0,0,0,0,0,0,0,0,0,0
130303,1,1,0,0,0,0,0,0,0,0,0,0
130303,2,1,0,0,0,0,0,0,0,0,0,0
130304,1,1,0,0,0,0,0,0,0,0,0,0
130304,2,1,0,0,0,0,0,0,0,0,0,0
130305,0,1,0,0,7,0,0,0,0,0,0,0
130305,0,2,0,0,0,0,0,0,0,0,0,0
130305,1,1,0,0,0,0,0,0,0,0,0,0
130306,1,1,0,0,0,0,0,0,0,0,0,0
130306,2,1,0,0,0,0,0,0,0,0,0,0
130308,1,1,0,0,0,0,7,0,0,0,2,0
130308,2,1,0,0,0,0,0,0,0,0,0,0
130308,3,1,0,0,0,0,0,0,0,0,0,0
130309,1,1,0,0,0,0,0,0,0,0,0,0
130310,1,1,20,8,4,33,7,19,50,19,7,6
130310,2,1,7,7,7,7,7,7,7,7,7,7
130311,1,1,26,26,26,26,26,26,26,26,26,26
130312,1,1,0,0,0,0,0,0,0,0,0,0
130312,2,1,0,0,0,0,0,0,0,0,0,0
130313,1,1,0,0,0,0,0,0,0,0,0,0
130314,1,1,0,0,18,14,0,0,14,0,0,0
130314,2,1,0,0,0,0,0,0,0,0,0,0
130315,1,1,0,0,0,0,0,0,0,0,0,0
130316,1,1,0,2,0,0,0,0,0,30,0,0
130316,2,1,0,0,0,0,0,0,0,0,0,0
130317,1,1,0,0,0,0,0,0,0,0,0,0
130318,1,1,0,0,0,0,0,0,0,0,0,0
130319,1,1,28,28,28,28,28,28,28,28,28,28
130320,1,1,0,0,0,0,0,0,0,0,0,0
130320,2,1,0,0,0,0,0,0,0,0,0,0
130322,0,1,0,0,0,0,0,0,0,0,0,0
130322,1,1,0,0,0,0,0,0,0,0,0,0
130323,0,1,0,11,29,19,0,9,0,0,22,0
130323,1,1,0,0,0,0,0,0,0,0,0,0
130324,1,1,0,0,0,0,0,0,0,0,0,0
130324,2,1,0,0,0,0,0,0,0,0,0,0
130325,1,1,0,0,0,0,0,0,0,0,0,0
130325,2,1,0,0,0,0,0,0,0,0,0,0
130326,1,1,0,0,0,0,0,0,0,0,0,0
130326,2,1,0,0,0,0,25,9,0,0,6,0
130327,0,1,0,0,0,0,0,0,0,0,0,0
130327,1,1,5,5,5,5,5,5,5,5,5,5
130328,1,1,0,0,0,0,0,0,0,0,0,0
130328,2,1,0,0,0,0,0,0,0,0,0,0
130329,1,1,0,0,0,0,0,0,0,0,0,0
130329,2,1,0,0,0,0,0,0,0,0,0,0
130330,0,1,0,0,0,0,0,0,0,0,0,0
130330,1,1,0,0,0,0,0,0,0,0,0,0
130331,0,1,14,3,0,0,8,29,18,11,12,17
130331,1,1,0,0,0,0,0,0,0,0,0,0
130332,1,1,21,21,21,21,21,21,21,21,21,21
130333,1,1,0,0,0,0,0,0,0,0,0,0
130333,2,1,0,0,0,0,0,0,0,0,0,0
130333,3,1,2,0,0,2,0,0,0,0,0,0
130334,1,1,0,0,0,0,0,0,0,0,0,0
130334,2,1,0,0,0,0,0,0,0,0,0,0
130335,1,1,0,0,0,0,0,0,0,0,0,5
130335,2,1,0,0,0,9,0,0,0,0,0,0
130336,1,1,0,0,0,0,0,0,0,0,0,0
130336,2,1,0,0,0,0,0,0,0,0,0,0
130337,0,1,20,27,7,17,30,18,36,15,7,27
130337,1,1,11,5,0,0,14,0,10,8,12,0
130338,1,1,0,0,0,0,0,0,0,0,0,0
130338,2,1,0,0,0,0,0,0,0,0,0,0
130339,1,1,0,0,0,0,0,0,0,0,0,0
130340,0,1,0,5,13,0,9,0,0,0,18,7
130340,1,1,0,0,0,0,0,0,0,0,0,0
130341,1,1,0,0,0,0,19,0,0,0,12,0
130342,0,1,24,24,24,24,24,24,24,24,24,24
130342,1,1,0,0,0,0,0,0,0,0,0,0
130343,0,1,0,0,0,8,0,0,0,0,0,0
130343,1,1,0,0,0,0,0,0,0,0,0,0
130344,1,1,22,22,22,22,22,22,22,22,22,22
130345,0,1,0,0,0,0,0,0,0,0,0,0
130345,0,2,0,0,0,0,0,0,0,0,0,0
130345,1,1,0,0,0,0,0,0,0,0,0,0
130346,1,1,0,0,0,0,0,0,0,0,0,0
130346,2,1,0,0,0,0,0,0,0,0,0,0
130346,3,1,0,0,0,0,0,0,0,0,0,0
130347,1,1,19,19,19,19,19,19,19,19,19,19
130348,1,1,0,0,0,0,0,0,0,0,0,0
130348,2,1,0,0,0,0,0,0,0,0,0,0
130349,1,1,15,15,15,15,15,15,15,15,15,15
130350,1,1,0,0,0,0,0,23,0,0,0,0
130351,1,1,0,0,0,0,0,0,0,0,0,0
130351,2,1,13,0,0,11,0,7,0,15,0,0
130352,1,1,24,24,24,24,24,24,24,24,24,24
130353,1,1,23,23,23,23,23,23,23,23,23,23
130354,1,1,0,0,0,0,0,0,0,0,0,0
130355,1,1,12,19,29,28,0,13,22,0,36,13
130355,2,1,0,0,0,0,0,0,0,0,0,0
130356,1,1,0,0,0,0,0,0,0,0,0,0
130356,2,1,0,0,0,0,0,0,0,0,0,0
130357,1,1,0,0,0,0,0,0,0,0,0,0
130358,1,1,20,11,30,30,14,17,41,13,16,33
130359,1,1,18,18,18,18,18,18,18,18,18,18
130360,1,1,0,0,0,0,0,0,0,0,0,0
130360,2,1,0,0,0,0,0,0,0,0,0,0
130361,1,1,6,6,6,6,6,6,6,6,6,6
130361,2,1,0,0,0,0,0,0,0,0,0,0
130362,1,1,0,0,0,0,0,0,0,0,0,0
130362,2,1,0,0,0,0,0,0,0,0,0,0
130363,1,1,22,22,22,22,22,22,22,22,22,22
130364,1,1,17,0,0,0,0,0,10,28,10,23
130365,1,1,18,18,18,18,18,18,18,18,18,18
130366,1,1,0,0,0,0,0,0,0,0,0,0
130366,2,1,0,0,0,0,0,0,0,0,0,0
130366,3,1,0,0,0,0,0,0,0,0,0,0
130366,4,1,0,0,0,0,0,0,0,0,0,0
130367,1,1,31,31,31,31,31,31,31,31,31,31
130367,2,1,0,0,0,0,0,0,0,0,0,19
130368,1,1,19,19,19,19,19,19,19,19,19,19
130368,2,1,0,0,0,0,0,0,0,0,0,0
130369,1,1,0,0,0,0,0,0,0,0,0,0
130370,1,1,0,0,0,0,0,0,0,0,0,0
130370,2,1,0,0,0,0,0,0,0,0,0,0
130371,1,1,33,33,33,33,33,33,33,33,33,33
130371,2,1,0,0,0,0,0,0,0,0,0,0
130372,1,1,0,0,0,0,0,0,0,0,0,0
130373,1,1,19,19,19,19,19,19,19,19,19,19
130374,1,2,12,17,16,23,9,0,0,6,24,0
130375,1,1,0,0,0,0,0,4,0,0,0,0
130375,2,1,0,0,0,0,0,0,0,0,0,0
130375,3,1,0,0,0,0,0,0,0,0,0,0
130376,0,1,0,0,0,0,0,0,0,0,0,0
130376,1,1,0,0,0,0,0,0,0,0,0,0
130377,1,1,0,0,0,0,0,0,0,0,0,0
130377,2,1,0,0,0,0,0,0,0,0,0,0
130378,1,1,11,11,11,11,11,11,11,11,11,11
130379,1,1,0,0,0,0,0,0,0,0,0,0
130379,2,1,0,0,0,0,0,0,0,0,0,0
130380,0,1,22,22,22,22,22,22,22,22,22,22
130380,1,1,0,0,0,0,0,0,0,0,0,0
130381,1,1,0,0,0,0,0,0,0,0,0,0
130382,1,1,16,0,11,3,0,0,11,31,4,0
130382,2,1,0,0,0,0,0,0,0,0,0,0
130383,1,1,0,0,0,0,0,0,0,0,0,0
130384,1,1,0,0,0,0,0,0,0,0,0,0
130384,2,1,0,0,0,0,0,0,0,0,0,0
130385,1,1,0,0,0,0,0,0,0,0,0,0
130385,2,1,0,0,0,0,0,0,0,0,0,0
130386,1,1,13,13,13,13,13,13,13,13,13,13
130387,1,1,0,8,14,0,0,0,0,0,0,0
130388,1,1,0,0,0,0,10,0,0,0,16,5
130389,1,1,11,11,11,11,11,11,11,11,11,11
130389,2,1,0,0,0,0,0,2,0,7,0,0
130389,3,1,0,0,0,0,0,0,3,0,0,0
130390,1,1,0,0,0,0,0,0,0,0,0,0
130390,2,1,0,0,0,0,0,0,0,0,0,0
130391,0,1,0,0,10,21,0,3,0,0,9,0
130391,1,1,0,0,0,0,0,0,0,0,0,0
130392,1,1,0,0,0,0,0,0,0,0,0,0
130393,1,1,0,0,0,0,0,0,0,0,0,0
130394,1,1,21,21,21,21,21,21,21,21,21,21
130394,2,1,0,0,0,0,0,0,0,0,0,0
130395,1,1,0,0,0,0,0,13,0,0,0,0
130395,2,1,0,0,13,0,0,0,21,0,0,0
130396,1,1,0,0,15,0,0,0,0,0,0,17
130396,2,1,0,0,0,0,0,0,0,0,0,0
130397,1,1,0,0,0,0,0,0,0,0,0,0
130398,1,1,0,0,0,0,0,0,0,0,0,0
130399,1,1,19,19,19,19,19,19,19,19,19,19
130399,2,1,7,7,7,7,7,7,7,7,7,7
130400,1,1,0,0,0,0,0,0,0,0,0,16
130400,2,1,0,0,0,0,0,0,0,0,0,0
130401,1,1,0,0,0,0,0,0,0,0,0,0
130402,1,1,0,0,0,0,0,19,0,0,0,0
130403,1,1,16,16,16,16,16,16,16,16,16,16
130404,1,1,0,0,0,0,0,0,0,0,0,0
130404,2,1,0,0,0,0,0,0,0,0,0,0
130405,0,1,0,0,0,0,0,0,0,0,0,0
130405,1,1,0,0,0,0,0,28,0,0,0,0
130406,1,1,26,26,26,26,26,26,26,26,26,26