ST_CASE,VEH_NO,PER_NO,P1,P2,P3,P4,P5,P6,P7,P8,P9,P10
130406,2,1,0,0,0,0,0,0,0,0,0,0
130407,1,1,0,0,0,0,0,0,0,0,0,0
130407,2,1,0,0,0,0,0,0,0,0,0,0
130408,0,1,0,0,0,0,0,18,0,0,0,0
130408,0,2,0,0,0,0,0,0,0,0,0,0
130408,1,1,0,0,0,0,0,0,0,0,0,0
130409,1,1,0,0,0,0,0,0,0,30,0,0
130410,1,1,0,0,0,0,0,0,0,0,0,0
130410,2,1,0,0,0,0,0,0,0,0,0,0
130411,1,1,16,16,16,16,16,16,16,16,16,16
130412,1,1,0,0,24,0,0,0,0,0,0,0
130413,1,1,0,0,0,0,0,0,0,0,0,0
130413,2,1,0,0,0,0,0,0,0,0,0,0
130414,0,1,23,46,26,11,18,21,29,35,15,11
130414,1,1,0,0,0,0,0,0,0,0,0,0
130415,1,1,0,0,0,0,0,0,0,0,0,0
130415,2,1,0,0,0,0,0,0,0,0,0,0
130416,1,1,0,0,0,0,0,0,0,0,0,0
130417,1,1,0,0,0,0,8,0,0,0,0,0
130417,2,1,0,0,0,0,0,0,0,0,0,0
130418,1,1,0,0,0,0,0,0,0,0,0,0
130418,2,1,0,0,0,0,0,0,0,0,0,0
130419,1,1,23,27,11,10,30,5,23,4,26,26
130420,1,1,0,0,0,0,0,9,0,0,0,12
130421,1,1,30,15,0,0,19,18,0,45,14,9
130422,1,1,3,3,3,3,3,3,3,3,3,3
130423,1,1,0,0,0,7,0,0,0,0,0,0
130423,2,1,0,0,0,0,0,0,0,0,0,0
130424,1,1,11,11,11,11,11,11,11,11,11,11
130425,1,1,15,15,16,17,7,0,0,15,0,0
130426,1,1,0,0,0,0,22,0,0,0,0,0
130426,2,1,0,0,0,0,0,0,0,0,0,0
130427,1,1,0,0,0,0,0,0,0,0,0,0
130427,2,1,0,0,0,0,0,0,0,0,0,0
130428,1,1,0,0,0,0,0,0,0,0,0,0
130429,1,1,0,0,0,0,0,0,0,0,0,0
130429,2,1,0,0,0,0,0,0,0,0,0,0
130430,1,1,0,0,0,0,0,0,0,0,0,0
130430,2,1,0,0,0,0,0,0,0,0,0,0
130431,1,1,0,0,0,0,0,0,0,0,0,0
130431,2,1,0,0,0,0,0,0,0,0,0,0
130432,1,1,12,0,0,0,0,0,0,0,0,0
130432,2,1,0,0,0,0,0,0,10,0,0,0
130433,1,1,0,0,0,0,0,0,0,0,0,0
130433,2,1,0,0,0,0,0,0,0,0,0,0
130434,0,1,0,0,0,0,0,0,0,0,0,0
130434,1,1,0,0,0,0,0,0,0,0,0,0
130435,1,1,0,0,0,0,0,0,0,0,0,0
130436,1,1,0,0,0,0,0,0,0,0,0,0
130437,0,1,23,16,5,24,20,0,14,32,0,0
130437,1,1,0,0,0,0,0,22,0,17,0,0
130437,2,1,0,0,0,0,0,0,0,0,0,14
130438,1,1,0,0,0,0,0,0,0,0,0,0
130438,2,1,0,0,0,0,0,0,0,0,0,0
130439,1,1,29,29,29,29,29,29,29,29,29,29
130439,2,1,0,0,0,0,19,0,0,0,0,0
130440,1,1,0,0,0,0,0,0,0,0,0,0
130440,2,1,0,0,0,0,0,0,0,0,0,0
130441,1,1,0,0,0,13,0,5,0,1,21,0
130442,1,1,36,36,36,36,36,36,36,36,36,36
130443,1,1,0,0,0,0,0,0,0,0,0,0
130444,1,1,0,0,0,0,0,0,0,0,0,0
130444,2,1,0,0,0,0,0,0,0,0,0,0
130445,1,1,0,0,0,0,0,0,0,0,0,0
130446,1,1,0,0,0,0,0,0,0,0,0,0
130446,2,1,0,0,0,0,0,0,0,0,0,0
130447,1,1,24,24,24,24,24,24,24,24,24,24
130448,1,1,11,11,11,11,11,11,11,11,11,11
130448,2,1,19,4,35,18,8,15,4,14,14,14
130449,1,1,5,8,17,15,7,14,12,6,22,16
130450,1,1,0,0,0,0,0,0,0,0,0,0
130450,2,1,0,0,0,0,0,0,0,0,0,0
130451,0,1,39,34,20,20,19,25,17,20,35,18
130451,1,1,0,0,0,0,14,0,0,0,0,0
130452,1,1,23,5,15,18,20,22,16,29,10,15
130453,0,1,0,0,0,0,0,0,0,0,0,0
130454,1,1,0,0,0,0,0,0,0,0,0,0
130454,2,1,0,0,0,0,0,0,0,0,0,0
130455,1,1,0,0,0,0,0,0,0,0,0,0
130456,1,1,11,11,11,11,11,11,11,11,11,11
130457,1,1,0,0,0,0,0,0,0,0,0,0
130457,2,1,0,0,0,0,0,0,0,0,0,0
130458,1,1,10,0,0,0,0,0,0,9,0,15
130458,2,1,0,0,0,0,0,0,0,0,0,0
130459,1,1,0,0,0,0,0,5,4,0,0,9
130459,2,1,0,0,0,0,0,0,0,0,0,0
130460,0,1,30,0,0,20,14,21,0,0,0,19
130460,1,1,0,0,0,0,0,0,0,0,0,0
130461,0,1,21,21,21,21,21,21,21,21,21,21
130461,1,1,0,0,0,0,0,0,0,0,0,0
130462,1,1,0,0,0,0,0,0,0,0,0,0
130462,2,1,0,0,0,0,0,0,0,0,0,0
130462,3,1,7,0,0,0,0,0,0,12,0,0
130463,1,1,17,17,17,17,17,17,17,17,17,17
130463,2,1,0,0,0,0,0,0,0,19,0,0
130464,1,1,13,13,13,13,13,13,13,13,13,13
130465,1,1,0,0,0,0,0,0,0,0,0,0
130465,2,1,0,0,0,0,0,0,0,0,0,0
130466,1,1,0,0,22,0,0,0,0,0,0,0
130466,2,1,0,0,0,0,0,0,0,0,0,0
130467,1,1,0,7,0,0,0,0,0,0,0,0
130467,2,1,0,0,0,0,0,0,0,0,0,0
130468,1,1,0,0,0,0,11,0,0,0,0,0
130469,1,1,0,0,0,0,0,0,0,0,0,0
130470,0,1,14,14,14,14,14,14,14,14,14,14
130470,1,1,0,4,10,0,0,0,0,0,0,0
130471,1,1,0,0,0,0,0,0,0,0,0,0
130472,1,1,0,0,0,0,0,0,0,0,0,0
130473,0,1,0,0,0,0,0,0,0,0,0,0
130473,0,2,0,7,0,0,35,0,22,0,14,0
130473,1,1,16,12,22,32,12,18,12,40,23,20
130474,1,1,18,27,20,30,11,29,13,20,22,28
130475,1,1,2,2,2,2,2,2,2,2,2,2
130476,1,1,0,0,0,0,0,0,0,0,0,0
130476,2,1,0,0,0,0,0,0,0,0,0,0
130477,1,1,0,0,0,0,0,0,0,0,0,0
130477,2,1,0,14,0,0,0,0,0,0,0,0
130478,1,1,0,0,0,0,0,0,0,0,0,0
130479,1,1,0,0,0,0,0,0,0,0,0,0
130479,2,1,0,0,0,0,0,0,0,0,0,0
130480,1,1,0,0,0,0,0,0,0,0,0,0
130481,1,1,0,0,0,0,0,0,0,0,0,0
130481,2,1,0,0,0,0,0,0,0,0,0,0
130482,1,1,25,25,25,25,25,25,25,25,25,25
130483,1,1,0,0,0,0,0,0,0,0,0,0
130484,1,1,24,24,24,24,24,24,24,24,24,24
130484,2,1,0,0,0,0,0,0,0,0,0,0
130485,0,1,29,29,29,29,29,29,29,29,29,29
130485,1,1,0,11,0,0,0,0,0,0,7,0
130486,1,1,0,0,0,0,0,0,0,0,0,0
130486,2,1,0,0,0,0,0,0,0,0,0,0
130487,0,1,0,0,0,0,0,0,0,0,0,0
130487,1,1,0,0,0,0,0,0,0,0,0,0
130488,1,1,0,0,0,0,0,0,0,0,0,0
130488,2,1,0,0,0,0,0,0,0,0,0,0
130489,1,1,0,0,0,0,0,0,0,0,0,0
130489,2,1,0,0,0,0,0,0,0,0,0,0
130490,1,1,0,0,0,0,0,13,0,0,0,0
130491,1,1,9,9,9,9,9,9,9,9,9,9
130491,2,1,0,0,0,0,0,0,0,0,0,0
130492,1,1,0,0,0,0,0,0,0,0,0,0
130493,1,1,17,0,14,0,16,0,0,13,27,21
130494,1,1,0,0,0,0,0,0,0,0,0,0
130495,1,1,14,14,14,14,14,14,14,14,14,14
130496,1,1,0,0,0,0,0,0,0,0,0,0
130496,2,1,0,0,0,0,0,0,0,0,0,0
130497,1,1,22,22,22,22,22,22,22,22,22,22
130497,2,1,2,2,2,2,2,2,2,2,2,2
130498,1,1,11,11,11,11,11,11,11,11,11,11
130499,1,1,0,0,0,0,0,0,0,0,0,0
130499,2,1,0,0,8,0,0,0,0,0,0,0
130500,1,1,0,0,0,0,0,0,0,0,0,0
130501,1,1,0,0,0,0,0,0,0,0,0,0
130501,2,1,0,0,0,0,0,0,0,0,0,0
130501,3,1,0,0,0,0,0,0,0,0,0,0
130502,1,1,0,0,0,0,0,0,0,0,0,0
130503,1,1,17,17,17,17,17,17,17,17,17,17
130504,1,1,0,0,0,0,0,0,0,0,0,0
130504,2,1,0,16,19,19,0,24,0,0,0,0
130505,1,1,0,0,0,0,0,0,0,0,0,0
130505,2,1,7,7,7,7,7,7,7,7,7,7
130506,1,1,0,0,12,0,0,0,0,0,0,0
130507,1,1,0,0,0,0,0,0,0,0,0,27
130508,1,1,0,0,0,0,0,0,0,0,0,0
130508,2,1,0,0,0,0,0,0,0,0,0,0
130509,1,1,0,0,0,0,0,0,0,0,0,0
130509,2,1,0,0,0,0,0,0,0,0,0,0
130509,3,1,0,0,0,0,0,0,0,0,0,0
130510,1,1,0,0,0,0,0,0,0,0,0,0
130510,2,1,0,0,0,0,0,0,0,0,0,0
130511,1,1,0,0,0,0,0,0,0,0,0,0
130511,2,1,0,0,0,0,10,0,0,0,0,0
130512,1,1,29,14,0,0,24,0,0,0,0,0
130513,1,1,0,0,0,0,0,0,0,0,0,0
130513,2,1,0,0,0,0,0,0,0,0,0,0
130514,1,1,0,0,0,0,0,0,0,0,0,0
130515,1,1,7,7,7,7,7,7,7,7,7,7
130516,0,1,24,24,24,24,24,24,24,24,24,24
130516,1,1,12,34,0,0,0,0,0,26,34,5
130517,1,1,0,0,0,0,0,0,0,0,0,0
130518,1,1,19,19,19,19,19,19,19,19,19,19
130519,1,1,19,16,12,24,13,16,12,16,21,19
130520,1,1,0,0,0,0,0,0,0,0,0,0
130521,1,1,0,16,14,0,26,0,0,22,0,0
130522,1,1,0,0,0,0,7,0,0,0,0,0
130522,2,1,0,0,0,0,0,0,0,0,0,0
130523,1,1,0,0,0,0,0,0,0,0,0,0
130524,1,1,30,13,0,0,0,0,0,0,29,0
130524,2,1,0,0,0,0,0,0,0,0,0,0
130525,1,1,0,0,0,0,0,0,0,0,0,0
130526,1,1,0,0,0,0,0,0,0,0,0,0
130526,2,1,0,0,0,0,0,0,0,0,0,0
130527,1,1,6,6,6,6,6,6,6,6,6,6
130528,1,1,0,0,0,0,0,0,0,0,0,0
130529,1,1,0,0,0,0,0,0,26,0,0,0
130530,1,1,0,0,0,0,0,0,0,0,0,0
130531,1,1,0,0,0,0,0,0,0,0,0,0
130532,1,1,21,21,21,21,21,21,21,21,21,21
130533,1,1,0,0,0,0,0,0,5,0,0,0
130533,2,1,0,0,0,0,0,0,0,0,0,0
130534,1,1,0,0,0,0,0,0,0,0,10,0
130535,1,1,0,0,0,0,0,0,0,0,0,0
130535,2,1,0,0,0,0,0,0,10,0,0,0
130536,1,1,0,0,0,0,0,0,0,0,0,0
130537,0,1,0,0,0,0,0,0,0,0,0,0
130537,1,1,0,0,0,0,0,0,0,0,0,0
130538,1,1,0,0,0,0,0,0,0,0,0,0
130538,2,1,0,0,0,0,0,0,0,6,0,0
130539,1,1,22,22,22,22,22,22,22,22,22,22
130540,0,1,18,0,16,0,0,11,0,0,29,15
130540,1,1,0,0,0,0,0,0,0,0,14,0
130541,1,1,0,0,0,0,0,0,0,0,0,0
130541,2,1,0,0,0,0,0,0,0,0,0,0
130541,3,1,0,0,0,0,0,0,0,0,0,0
130542,1,1,0,0,0,0,0,0,0,0,0,0
130543,1,1,15,15,15,15,15,15,15,15,15,15
130544,1,1,0,0,0,0,0,0,0,0,0,0
130545,1,1,0,0,20,0,0,13,0,0,0,0
130545,2,1,0,0,0,0,0,0,0,0,0,0
130546,0,1,0,0,0,0,0,0,0,0,0,0
130546,1,1,0,0,0,0,0,0,0,0,0,0
130547,1,1,0,0,0,0,0,0,0,0,0,0
130547,2,1,0,0,0,0,0,0,0,0,0,0
130548,1,1,0,12,0,0,0,0,0,0,0,0
130549,1,1,0,0,0,0,0,0,0,0,0,0
130550,1,1,0,0,0,0,0,0,0,0,0,0
130551,1,1,0,0,0,0,0,0,0,0,0,0
130552,1,1,25,25,25,25,25,25,25,25,25,25
130553,1,1,0,0,0,0,0,0,0,0,0,0
130553,2,1,0,0,0,0,0,0,0,0,0,0
130553,3,1,0,0,0,0,0,0,0,0,0,0
130554,1,1,14,14,14,14,14,14,14,14,14,14
130555,1,1,0,0,0,0,0,0,0,0,0,0
130555,2,1,0,0,0,0,0,0,0,0,0,0
130556,1,1,0,0,0,0,0,0,0,7,0,0
130557,1,1,0,0,0,0,0,0,0,0,0,0
130557,2,1,0,12,0,0,4,0,0,0,20,0
130558,0,1,0,0,0,0,0,0,0,0,0,0
130558,1,1,0,0,0,0,0,0,0,0,0,0
130559,1,1,0,0,0,0,0,0,0,0,0,0
130559,2,1,0,0,0,0,0,0,0,0,0,0
130560,1,1,0,0,0,0,0,28,20,19,0,0
130561,1,1,11,11,11,11,11,11,11,11,11,11
130562,0,1,22,22,22,22,22,22,22,22,22,22
130562,1,1,0,0,0,11,0,0,0,15,0,0
130563,1,1,0,0,0,0,0,0,0,0,0,0
130564,1,1,0,0,0,0,0,0,0,0,0,0
130565,1,1,12,12,12,12,12,12,12,12,12,12
130566,0,1,29,29,29,29,29,29,29,29,29,29
130566,1,1,0,0,0,0,0,0,0,0,0,0
130567,0,1,0,22,0,0,0,12,0,0,0,0
130567,1,1,0,0,0,0,11,0,0,0,0,0
130568,1,1,17,17,27,0,14,0,0,0,30,19
130569,0,1,0,0,0,0,0,0,0,0,3,0
130569,1,1,0,0,0,0,0,0,0,0,0,0
130570,1,1,0,0,0,0,0,0,0,0,0,0
130571,1,1,4,4,4,4,4,4,4,4,4,4
130572,1,1,0,0,0,0,0,0,0,0,0,0
130573,1,1,0,0,0,0,0,0,0,0,0,0
130574,1,1,20,20,20,20,20,20,20,20,20,20
130575,1,1,0,2,0,8,0,0,0,0,0,0
130575,2,1,0,0,0,0,0,0,0,0,0,0
130576,1,1,0,0,0,0,0,0,0,0,0,0
130576,2,1,0,0,0,0,0,0,0,0,0,0
130577,1,1,0,0,0,0,0,0,0,0,0,0
130577,2,1,0,0,0,0,0,0,0,0,0,0
130577,3,1,0,0,0,0,0,0,0,0,0,0
130578,1,1,0,0,0,0,0,24,0,21,0,0
130579,0,1,21,21,21,21,21,21,21,21,21,21
130579,1,1,0,0,0,14,0,14,0,0,0,13
130580,1,1,0,0,0,0,0,0,0,0,0,0
130581,1,1,0,0,0,0,7,0,0,0,0,0
130582,1,1,0,0,15,0,0,0,0,0,0,0
130582,2,1,0,0,0,0,0,0,0,0,0,0
130583,1,1,0,18,0,0,19,0,0,0,0,0
130584,1,1,0,0,0,0,0,0,0,0,0,0
130584,2,1,0,0,0,0,0,0,0,0,0,0
130585,1,1,0,10,0,0,0,0,0,0,0,0
130586,1,1,0,0,0,0,0,0,0,0,0,0
130587,1,1,26,3,24,14,22,8,10,23,7,19
130587,2,1,0,0,0,0,0,0,0,0,0,0
130588,1,1,0,0,0,0,0,0,0,0,0,0
130589,1,1,30,30,30,30,30,30,30,30,30,30
130589,2,1,3,0,0,0,0,0,0,0,0,0
130590,0,1,0,0,0,0,0,0,0,11,0,0
130590,1,1,0,0,0,0,0,0,0,0,0,0
130591,1,1,0,0,0,0,12,0,0,0,0,0
130591,2,1,0,0,0,0,0,0,0,0,0,0
130592,1,1,15,28,7,33,0,14,7,16,21,0
130593,1,1,30,30,30,30,30,30,30,30,30,30
130594,1,1,0,0,0,0,0,0,0,0,0,0
130594,2,1,0,0,0,0,0,0,0,0,0,19
130595,1,1,0,0,0,0,0,0,0,0,0,0
130596,1,1,0,0,0,0,0,0,0,0,0,0
130597,1,1,0,0,0,0,0,0,0,0,0,0
130598,1,1,0,0,0,0,0,0,0,0,0,0
130598,2,1,0,0,0,0,0,0,0,0,0,0
130598,3,1,0,0,0,0,0,0,0,0,0,0
130599,1,1,0,0,0,0,0,0,0,0,0,0
130600,1,1,0,0,0,10,0,0,0,7,0,0
130601,1,1,14,0,0,17,7,18,0,0,0,0
130601,2,1,5,5,5,5,5,5,5,5,5,5
130601,3,1,0,0,0,0,0,0,8,0,0,0
130602,1,1,0,0,0,0,0,0,0,0,0,0
130602,2,1,0,0,0,0,0,0,0,0,0,0
130602,3,1,0,0,0,0,0,0,0,0,0,0
130603,1,1,0,0,0,0,0,0,0,0,0,0
130603,2,1,0,0,0,0,0,0,0,0,0,0
130604,1,1,0,0,0,0,0,0,0,0,0,0
130605,1,1,0,0,0,0,0,2,12,0,0,0
130606,1,1,0,0,0,0,0,0,0,0,0,0
130606,2,1,10,10,10,10,10,10,10,10,10,10
130607,1,1,0,0,0,0,0,0,0,0,0,0
130608,1,1,0,0,0,0,0,0,0,0,0,0
130609,1,1,0,20,0,0,6,18,0,0,0,0
130609,2,1,0,0,0,0,0,0,0,0,0,0
130610,1,1,0,0,0,0,0,0,0,0,0,0
130610,2,1,0,0,0,0,14,35,0,0,0,0
130610,3,1,0,0,0,0,0,0,0,0,0,0
130611,1,1,0,0,0,0,0,0,0,0,0,0
130611,2,1,0,0,0,0,0,0,0,0,0,0
130612,1,1,0,0,0,0,0,0,0,0,0,0
130613,1,1,0,0,0,0,0,0,0,0,0,0
130613,2,1,0,0,0,0,0,0,0,0,0,0
130614,1,1,0,18,20,0,0,0,0,0,0,6
130614,2,1,0,0,0,0,0,0,0,0,0,0
130615,0,1,0,0,0,0,0,0,0,0,0,0
130615,1,1,0,0,0,0,0,0,0,0,0,0
130616,1,1,0,0,0,0,0,0,0,0,0,0
130616,2,1,0,0,0,0,0,0,0,0,0,0
130617,1,1,0,0,0,0,0,0,0,0,0,0
130618,1,1,0,15,22,20,0,7,0,0,0,13
130619,1,1,16,0,0,0,0,0,0,0,0,20
130620,1,1,0,0,0,0,0,0,0,0,0,0
130620,2,1,0,0,13,0,0,0,0,0,0,0
130621,1,1,0,0,0,0,0,0,0,0,0,0
130622,1,1,0,2,0,19,0,0,0,0,0,0
130623,1,1,0,0,0,0,0,0,0,0,0,0
130623,2,1,0,0,0,0,0,0,0,0,0,0
130624,1,1,0,0,0,0,0,0,0,0,0,0
130625,1,1,22,22,22,22,22,22,22,22,22,22
130626,1,1,14,14,14,14,14,14,14,14,14,14
130627,1,1,17,17,17,17,17,17,17,17,17,17
130627,2,1,0,0,0,0,0,0,0,0,0,0
130628,1,1,0,0,0,0,0,0,0,0,0,0
130628,2,1,0,0,0,0,0,0,0,0,0,0
130629,1,1,0,0,0,0,0,0,0,0,0,0
130630,0,1,0,0,0,0,0,0,0,0,0,0
130630,1,1,0,0,0,0,13,0,0,0,0,0
130631,1,1,0,0,0,4,0,0,0,0,0,0
130631,2,1,0,0,0,0,0,12,0,0,0,0
130632,1,1,24,24,24,24,24,24,24,24,24,24
130633,1,1,20,0,0,0,0,0,8,0,0,0
130633,2,1,0,0,0,0,0,0,0,0,0,0
130634,1,1,8,17,18,14,21,11,36,6,14,15
130635,1,1,0,0,0,0,0,0,0,0,0,0
130635,2,1,0,0,0,0,0,0,0,0,0,0
130635,3,1,0,0,0,0,0,0,0,0,0,0
130636,0,1,0,20,19,0,0,6,19,15,0,22
130636,1,1,0,0,0,0,0,0,0,0,0,0
130637,1,1,0,20,10,0,19,9,0,0,0,0
130638,1,1,0,0,16,0,0,0,0,0,0,0
130639,1,1,0,0,0,0,0,0,0,0,0,0
130639,2,1,0,0,0,0,0,0,0,0,0,0
130640,1,1,0,0,0,0,0,0,0,0,0,0
130640,2,1,0,0,0,0,0,0,0,0,0,0
130641,0,1,0,0,0,0,0,0,0,0,0,0
130641,1,1,0,0,0,0,0,0,0,0,0,0
130642,1,1,15,15,15,15,15,15,15,15,15,15
130643,1,1,13,13,13,13,13,13,13,13,13,13
130644,1,1,0,0,0,0,0,0,0,0,0,0
130644,2,1,0,0,0,0,0,0,0,0,0,0
130645,1,1,0,0,0,0,0,0,0,0,0,0
130645,2,1,0,0,0,0,0,0,0,0,0,0
130646,1,1,0,0,0,0,0,0,0,0,0,0
130647,1,1,18,18,18,18,18,18,18,18,18,18
130648,1,1,25,0,0,0,11,0,12,0,0,0
130649,0,1,0,0,0,0,0,0,0,0,0,5
130649,1,1,0,0,0,0,0,24,11,0,0,0
130650,1,1,0,0,0,0,0,0,0,0,0,0
130651,1,1,0,0,0,0,0,0,0,0,0,0
130651,2,1,0,0,0,0,0,0,0,0,0,0
130652,1,1,0,0,0,0,0,0,0,0,0,0
130652,2,1,0,0,0,0,0,0,0,0,0,0
130653,0,1,0,0,0,0,0,0,0,0,0,0
130653,1,1,14,14,14,14,14,14,14,14,14,14
130654,0,1,20,15,24,22,22,5,17,17,20,22
130654,1,1,0,0,0,0,0,0,0,0,0,15
130655,1,1,0,0,0,0,0,0,0,0,0,0
130655,2,1,0,0,0,0,0,0,0,0,0,0
130656,1,1,24,24,24,24,24,24,24,24,24,24
130657,1,1,0,0,0,26,0,0,0,0,0,0
130657,2,1,0,6,0,0,0,0,0,0,0,0
130658,0,1,15,15,15,15,15,15,15,15,15,15
130658,1,1,0,0,0,0,0,20,0,0,0,0
130659,1,1,0,0,0,7,0,0,0,0,0,0
130659,2,1,0,0,0,0,0,0,0,0,0,0
130660,1,1,2,2,2,2,2,2,2,2,2,2
130661,1,1,0,0,0,0,0,0,0,0,0,0
130661,2,1,7,0,0,0,0,0,0,0,0,0
130662,1,1,0,0,0,0,0,0,0,0,0,0
130664,0,1,0,0,0,0,0,0,0,0,0,0
130664,0,2,0,8,0,0,24,0,0,0,0,0
130664,1,1,0,0,0,0,0,0,0,0,0,0
130665,0,1,0,0,7,31,0,0,13,18,18,0
130665,1,1,24,17,11,0,0,11,13,4,0,0
130666,1,1,0,0,0,0,0,0,0,0,0,0
130666,2,1,0,0,0,0,0,0,0,0,0,0
130667,1,1,11,11,11,11,11,11,11,11,11,11
130668,1,1,0,26,21,29,0,23,20,17,33,15
130669,1,1,0,0,0,0,0,0,0,0,0,0
130670,1,1,0,0,0,0,0,0,0,0,0,0
130670,2,1,0,0,0,0,0,0,0,0,0,0
130671,1,1,13,9,0,22,9,14,7,11,14,7
130672,1,1,14,14,14,14,14,14,14,14,14,14
130673,0,1,0,0,17,43,0,4,10,0,0,15
130673,0,2,0,0,0,0,0,0,0,0,0,0
130673,1,1,0,0,0,0,0,0,0,0,0,0
130674,1,1,0,0,0,0,0,0,0,0,0,0
130675,0,1,6,0,20,20,10,0,0,8,14,0
130675,1,1,0,0,0,0,0,0,0,0,0,0
130676,1,1,16,16,16,16,16,16,16,16,16,16
130677,1,1,12,12,12,12,12,12,12,12,12,12
130678,1,1,30,0,0,0,0,19,26,0,0,0
130679,1,1,0,0,0,0,0,0,0,0,0,0
130679,2,1,0,0,0,0,0,0,0,0,0,0
130680,1,1,0,0,0,0,0,0,0,0,0,0
130681,0,1,0,0,0,0,0,0,0,0,0,0
130681,1,1,0,0,0,0,0,0,0,0,0,0
130682,1,1,0,0,0,17,19,0,3,0,0,0
130682,2,1,0,0,0,0,0,0,22,0,0,0
130683,1,1,0,0,0,0,0,0,0,0,0,0
130684,1,1,0,0,15,18,26,0,0,0,0,0
130684,2,1,0,12,17,0,0,0,0,0,0,0
130685,1,1,19,19,19,19,19,19,19,19,19,19
130686,1,1,0,0,0,0,0,0,0,0,0,0
130686,2,1,0,0,0,0,0,0,0,0,0,0
130687,1,1,12,12,12,12,12,12,12,12,12,12
130688,0,1,0,0,0,0,0,0,0,0,0,0
130688,1,1,0,0,0,0,0,0,0,0,0,0
130689,1,1,0,0,0,0,0,0,0,0,0,0
130689,2,1,0,0,0,0,0,0,0,0,0,0
130690,0,1,26,26,26,26,26,26,26,26,26,26
130690,1,1,0,0,0,0,0,0,0,0,0,0
130690,2,1,0,0,0,0,5,4,0,0,0,0
130691,1,1,0,0,0,0,0,0,0,0,0,0
130692,1,1,0,0,0,0,0,0,0,0,0,0
130692,2,1,0,0,0,0,0,0,0,0,0,0
130693,0,1,18,9,0,0,0,14,0,0,0,9
130693,1,1,0,0,14,0,0,0,0,0,0,15
130694,1,1,0,0,0,0,0,0,0,0,0,0
130694,2,1,0,0,0,0,0,0,0,0,0,0
130695,0,1,0,20,0,0,7,0,0,0,0,10
130695,1,1,0,0,7,0,0,0,0,0,0,0
130696,1,1,0,0,0,0,0,0,0,0,0,0
130697,1,1,0,0,0,0,0,0,0,0,0,0
130697,2,1,0,0,0,0,0,0,0,0,0,0
130697,3,1,0,0,0,0,0,0,0,0,0,0
130697,4,1,0,0,0,0,0,0,0,0,0,0
130698,1,1,19,19,19,19,19,19,19,19,19,19
130698,2,1,0,0,0,0,0,0,0,0,0,0
130699,1,1,0,13,0,0,0,10,0,0,0,0
130699,2,1,0,0,0,0,0,0,0,0,0,0
130700,1,1,4,4,4,4,4,4,4,4,4,4
130701,1,1,0,0,0,0,0,0,0,0,0,0
130702,1,1,0,0,0,0,0,0,0,0,0,0
130703,1,1,0,0,0,0,0,0,0,0,0,0
130703,2,1,0,0,0,0,0,0,0,0,0,0
130704,1,1,28,28,28,28,28,28,28,28,28,28
130705,1,1,0,0,0,0,0,0,0,0,0,0
130705,2,1,0,0,0,0,0,0,0,0,0,0
130706,0,1,0,0,0,0,0,0,0,0,0,0
130706,1,1,0,0,0,0,0,0,0,0,0,0
130707,1,1,0,0,0,0,0,0,0,0,0,0
130707,2,1,0,0,0,0,0,0,0,0,0,0
130708,1,1,0,0,0,0,0,0,0,0,0,0
130708,2,1,0,0,0,0,0,0,0,0,0,0
130709,1,1,12,12,12,12,12,12,12,12,12,12
130710,1,1,16,16,16,16,16,16,16,16,16,16
130711,1,1,0,0,0,0,0,0,0,0,0,0
130711,2,1,0,0,0,0,0,0,0,0,0,0
130712,1,1,0,0,0,0,0,0,0,0,0,0
130712,2,1,5,5,5,5,5,5,5,5,5,5
130713,1,1,0,0,0,0,0,0,0,0,0,0
130714,1,1,0,0,0,0,0,0,0,0,0,0
130714,2,1,0,0,0,0,0,0,0,0,0,0
130715,1,1,0,0,0,0,0,0,0,0,0,0
130715,2,1,0,0,0,0,0,0,0,0,0,0
130716,1,1,0,0,0,0,0,0,0,0,0,0
130717,0,1,0,0,11,0,0,0,0,0,0,0
130717,1,1,3,0,0,0,14,0,12,14,0,0
130718,1,1,0,0,0,0,0,0,0,0,0,0
130719,1,1,0,0,0,0,0,0,0,0,0,0
130720,1,1,0,0,0,0,0,0,0,0,0,6
130721,1,1,35,35,35,35,35,35,35,35,35,35
130721,2,1,0,0,0,0,0,0,0,0,0,0
130722,1,1,20,20,20,20,20,20,20,20,20,20
130723,1,1,16,16,16,16,16,16,16,16,16,16
130724,1,1,19,19,19,19,19,19,19,19,19,19
130725,1,1,0,0,0,0,0,0,0,0,0,0
130725,3,1,0,0,0,0,0,0,0,0,0,0
130726,1,1,0,0,0,0,0,0,0,0,0,0
130727,1,1,0,0,0,0,0,0,0,0,0,0
130728,1,1,6,6,6,6,6,6,6,6,6,6
130729,1,1,0,0,0,0,0,0,0,0,0,0
130730,1,1,21,21,21,21,21,21,21,21,21,21
130731,0,1,16,16,16,16,16,16,16,16,16,16
130731,1,1,0,0,50,12,0,0,0,0,11,0
130732,1,1,0,0,0,0,0,0,0,0,0,0
130733,1,1,0,0,0,0,0,0,0,0,0,0
130734,1,1,27,27,27,27,27,27,27,27,27,27
130735,1,1,0,0,0,0,0,0,0,0,0,0
130736,1,1,2,2,2,2,2,2,2,2,2,2
130736,2,1,0,0,0,0,0,0,0,0,0,0
130737,1,1,0,0,0,0,0,8,18,0,0,0