ST_CASE,VEH_NO,PER_NO,P1,P2,P3,P4,P5,P6,P7,P8,P9,P10
130738,1,1,3,0,0,0,0,0,0,25,0,0
130739,1,1,0,0,0,0,0,0,0,0,0,0
130739,2,1,0,0,0,0,0,0,0,0,0,0
130740,0,1,0,0,0,0,0,0,0,0,0,0
130740,1,1,0,0,0,0,0,0,0,0,0,0
130741,0,1,35,35,35,35,35,35,35,35,35,35
130741,1,1,0,0,0,0,0,14,0,0,0,0
130742,1,1,0,0,0,0,0,0,0,0,0,0
130743,1,1,0,0,0,0,0,0,0,0,0,0
130743,2,1,0,0,0,0,0,0,0,0,0,0
130743,3,1,0,0,0,0,0,0,0,0,0,0
130744,1,1,35,35,35,35,35,35,35,35,35,35
130745,1,1,0,0,0,0,0,0,0,0,0,0
130745,2,1,0,0,0,0,0,0,0,0,0,0
130746,1,1,32,0,12,0,14,0,0,0,35,22
130747,1,1,21,0,0,16,21,0,0,0,0,0
130748,1,1,16,16,16,16,16,16,16,16,16,16
130749,1,1,0,0,0,0,0,0,0,0,0,0
130749,2,1,0,0,0,0,0,0,0,0,0,0
130750,1,1,0,0,0,0,0,0,0,0,0,0
130750,2,1,0,0,0,0,0,0,0,0,0,0
130751,1,1,9,9,9,9,9,9,9,9,9,9
130752,1,1,0,0,0,0,0,0,0,0,0,0
130753,1,1,0,0,0,0,0,0,0,0,0,0
130754,1,1,0,0,0,0,0,0,0,0,0,0
130754,2,1,0,13,0,0,0,0,0,0,0,0
130755,1,1,0,0,0,0,11,0,0,0,0,0
130755,2,1,0,0,0,0,0,0,0,0,0,0
130756,1,1,0,0,0,0,0,0,0,0,0,0
130757,1,1,0,0,0,0,0,0,0,0,0,0
130758,1,1,0,0,0,0,0,0,0,0,0,0
130758,2,1,0,0,0,0,0,0,0,0,0,0
130759,1,1,0,8,0,0,0,0,0,0,0,0
130759,2,1,0,0,0,0,0,0,0,0,0,0
130760,0,1,0,0,0,0,0,0,0,0,0,0
130760,1,1,0,0,0,0,0,0,0,0,0,0
130760,2,1,0,0,0,0,0,0,0,0,0,0
130761,1,1,0,22,0,0,0,0,0,0,0,0
130761,2,1,0,0,0,0,0,0,0,0,0,0
130762,1,1,8,8,8,8,8,8,8,8,8,8
130762,2,1,0,0,0,0,0,0,0,0,0,0
130762,3,1,0,0,0,0,0,0,0,0,0,0
130762,4,1,0,0,0,0,0,0,0,0,0,0
130762,5,1,0,0,0,0,0,0,0,0,0,0
130763,1,1,0,0,0,0,0,0,0,0,0,0
130763,2,1,0,0,0,0,0,0,0,0,0,0
130763,3,1,0,0,0,0,0,0,0,0,0,0
130763,4,1,0,0,0,0,0,0,0,0,0,0
130763,5,1,0,0,0,0,0,0,0,0,0,0
130764,1,1,0,0,0,0,0,0,0,0,0,0
130764,2,1,0,0,0,0,0,0,0,0,0,0
130765,0,1,0,19,0,0,0,6,26,0,14,31
130765,1,1,0,0,0,0,0,0,0,0,0,0
130766,1,1,10,10,10,10,10,10,10,10,10,10
130767,1,1,0,0,0,0,0,0,0,0,0,0
130767,2,1,0,0,0,0,0,0,0,0,0,0
130768,1,1,0,0,0,0,0,0,0,0,0,0
130769,1,1,0,0,0,0,0,0,0,0,0,0
130769,2,1,0,0,0,0,0,0,0,0,0,0
130770,1,1,12,12,12,12,12,12,12,12,12,12
130771,1,1,10,14,16,11,45,28,9,10,12,34
130771,2,1,0,0,0,0,0,0,0,21,0,0
130772,1,1,0,0,0,0,0,0,0,0,0,0
130772,2,1,0,0,0,0,0,0,0,0,0,0
130773,1,1,3,3,3,3,3,3,3,3,3,3
130774,1,1,13,13,13,13,13,13,13,13,13,13
130775,1,1,0,0,0,0,0,0,0,0,0,0
130776,1,1,0,18,0,0,11,0,38,0,0,0
130777,0,1,0,0,0,0,0,0,0,0,0,0
130777,2,1,0,0,0,0,0,0,27,0,0,0
130777,3,1,0,0,0,0,0,0,0,0,0,0
130778,1,1,6,0,0,0,0,0,0,0,0,0
130778,2,1,0,0,0,0,0,0,0,0,0,0
130779,1,1,4,4,4,4,4,4,4,4,4,4
130780,1,1,17,25,7,12,5,8,19,23,17,15
130781,1,1,0,0,0,0,0,0,0,0,0,0
130782,1,1,0,0,0,0,0,0,0,0,0,0
130782,2,1,0,0,0,0,0,0,0,0,0,0
130783,1,1,0,0,0,0,0,0,18,0,0,0
130783,2,1,0,0,0,0,0,0,0,0,0,0
130784,1,1,10,19,30,20,13,19,25,15,20,12
130784,2,1,24,0,0,0,10,0,0,0,0,0
130785,1,1,0,0,0,0,0,0,0,0,0,0
130785,2,1,0,0,0,11,0,0,0,0,0,0
130786,1,1,0,0,0,0,0,0,0,0,0,0
130787,1,1,10,10,10,10,10,10,10,10,10,10
130787,2,1,1,1,1,1,1,1,1,1,1,1
130788,1,1,9,9,9,9,9,9,9,9,9,9
130789,1,1,0,0,0,0,0,0,0,0,0,0
130790,1,1,0,0,0,0,0,0,0,0,0,0
130790,2,1,0,0,0,0,0,0,0,0,0,0
130791,1,1,0,0,0,0,0,0,0,0,0,0
130791,2,1,0,0,0,0,0,0,0,0,0,0
130792,1,1,15,15,15,15,15,15,15,15,15,15
130792,2,1,0,0,0,0,0,0,0,0,0,0
130793,1,1,0,0,0,0,0,0,0,0,0,0
130794,1,1,26,26,26,26,26,26,26,26,26,26
130794,2,1,0,0,0,0,0,0,0,0,0,0
130795,1,1,11,21,0,9,0,0,12,5,25,0
130795,2,1,0,0,0,0,0,0,0,0,0,0
130795,3,1,0,0,0,0,0,0,0,0,0,0
130795,4,1,0,0,0,0,0,0,0,0,0,0
130796,1,1,0,0,0,0,0,0,0,0,0,0
130797,1,1,0,0,0,0,0,0,0,0,0,0
130798,1,1,30,30,30,30,30,30,30,30,30,30
130799,0,1,0,0,0,0,0,0,0,0,0,0
130799,1,1,0,0,0,0,0,0,0,0,0,0
130800,1,1,0,0,0,0,0,0,0,0,0,0
130800,2,1,0,0,0,0,0,0,0,0,0,0
130801,0,1,0,7,0,0,0,0,0,0,0,8
130801,1,1,0,0,0,0,0,0,0,0,0,0
130802,1,1,0,0,0,0,0,0,0,0,0,0
130803,1,1,0,0,0,0,0,0,0,0,0,0
130803,2,1,0,0,0,0,0,0,0,0,0,0
130804,1,1,0,0,0,0,0,0,0,0,0,0
130804,2,1,0,0,0,0,0,0,0,0,0,0
130805,0,1,0,0,0,0,0,0,0,0,0,0
130805,1,1,0,0,0,0,0,0,0,0,0,0
130806,1,1,0,15,0,0,0,0,0,0,0,0
130806,2,1,0,0,0,0,0,0,0,0,0,0
130807,1,1,0,0,0,0,0,0,0,0,0,0
130807,2,1,0,0,0,0,0,0,0,0,0,0
130808,1,1,30,30,30,30,30,30,30,30,30,30
130809,1,1,0,0,0,0,0,0,0,0,0,0
130810,1,1,0,0,0,0,0,0,0,0,0,0
130810,2,1,0,0,0,0,0,0,0,22,0,0
130811,0,1,21,21,21,21,21,21,21,21,21,21
130811,1,1,26,0,17,40,16,8,10,0,0,0
130812,0,1,17,17,17,17,17,17,17,17,17,17
130812,1,1,0,0,0,0,0,0,0,0,0,0
130813,1,1,0,0,0,0,0,0,0,0,0,0
130813,2,1,0,0,0,0,0,0,0,0,0,0
130814,1,1,0,0,0,0,0,0,0,0,0,0
130814,2,1,0,0,0,0,0,0,0,0,0,0
130814,3,1,0,0,0,0,0,0,0,0,0,0
130814,4,1,0,0,0,0,0,0,0,0,0,0
130815,1,1,0,0,0,0,0,0,0,0,0,0
130817,1,1,0,15,13,0,0,0,0,0,0,23
130818,1,1,0,0,0,0,0,0,0,0,0,0
130818,2,1,0,0,0,0,0,0,0,0,0,0
130819,1,1,27,24,0,20,0,0,0,31,0,0
130819,2,1,11,0,0,0,0,0,16,0,0,0
130820,0,1,0,0,0,0,0,0,0,0,0,0
130820,1,1,0,0,0,0,0,0,0,0,0,0
130821,0,1,0,0,0,0,0,0,0,0,0,0
130822,1,1,17,17,17,17,17,17,17,17,17,17
130823,1,1,0,0,0,0,0,0,0,0,0,0
130824,1,1,0,0,0,0,0,0,0,0,0,0
130825,1,1,18,20,11,20,5,7,0,4,14,13
130825,2,1,0,0,0,15,4,6,0,13,6,0
130826,0,1,13,13,13,13,13,13,13,13,13,13
130826,1,1,0,0,0,0,0,0,0,0,0,0
130827,1,1,23,0,0,0,0,0,0,10,0,0
130828,1,1,0,0,0,0,0,0,0,0,0,0
130828,2,1,0,0,0,0,0,0,0,0,0,0
130829,1,1,0,0,0,43,0,0,0,0,0,0
130829,2,1,0,0,0,0,0,0,0,0,0,0
130829,3,1,0,0,0,0,0,0,0,0,0,0
130829,4,1,0,0,0,0,0,0,0,0,0,0
130829,5,1,0,0,0,0,0,0,0,0,0,0
130830,0,1,0,0,4,0,0,0,0,33,0,0
130830,1,1,0,0,0,24,0,23,0,0,13,0
130831,0,1,0,0,0,7,29,0,0,15,0,0
130831,1,1,0,0,0,27,0,0,0,0,0,0
130832,0,1,20,20,20,20,20,20,20,20,20,20
130832,2,1,0,0,0,0,0,0,0,0,0,0
130833,1,1,0,0,0,0,0,0,0,0,0,0
130834,1,1,0,0,0,0,0,0,0,0,0,0
130835,1,1,17,17,17,17,17,17,17,17,17,17
130836,0,1,0,12,0,0,0,0,0,0,0,0
130836,0,2,0,0,0,0,0,0,0,0,0,0
130836,0,3,0,0,0,0,0,0,0,0,0,0
130836,1,1,0,0,0,0,0,0,0,0,0,0
130837,1,1,0,0,0,0,0,0,0,0,0,0
130837,2,1,0,0,0,0,13,0,0,0,0,0
130838,1,1,0,0,0,7,0,0,0,0,0,0
130838,2,1,0,0,0,0,0,0,0,0,0,0
130839,1,1,0,4,0,0,0,0,0,0,0,0
130839,2,1,0,0,0,0,0,0,0,0,0,0
130840,1,1,0,0,0,0,0,0,0,0,0,0
130840,2,1,0,0,0,0,0,0,0,0,0,0
130841,0,1,0,0,0,0,0,0,0,0,0,0
130841,1,1,31,32,10,14,23,10,21,22,21,12
130842,0,1,0,0,0,0,0,0,0,0,0,0
130842,1,1,0,0,0,0,0,0,0,2,0,15
130843,1,1,12,12,12,12,12,12,12,12,12,12
130844,1,1,0,0,0,0,0,0,0,0,0,0
130845,1,1,0,0,0,0,0,20,0,0,0,0
130846,1,1,0,0,21,34,0,0,0,0,0,0
130846,2,1,0,0,0,0,0,0,0,0,0,0
130847,1,1,0,0,0,0,0,0,0,0,0,0
130847,2,1,0,0,0,0,0,0,0,0,0,0
130848,1,1,0,0,0,0,0,0,0,0,0,0
130849,1,1,0,0,8,0,0,0,0,27,0,15
130849,2,1,0,0,0,0,0,0,0,0,0,0
130850,1,1,0,0,0,0,0,0,0,0,0,0
130850,2,1,0,0,0,0,0,0,0,0,0,0
130851,1,1,0,0,0,0,0,0,0,6,0,0
130851,2,1,0,0,0,0,0,0,0,0,0,0
130852,1,1,0,0,0,0,0,0,0,0,0,0
130852,2,1,0,0,0,0,0,0,0,0,0,0
130853,1,1,3,0,0,0,0,0,0,0,0,0
130853,2,1,0,0,0,0,0,0,27,0,0,0
130854,1,1,16,16,16,16,16,16,16,16,16,16
130855,1,1,0,0,0,0,0,0,0,0,0,0
130856,1,1,24,24,24,24,24,24,24,24,24,24
130856,2,1,0,0,0,0,0,0,0,0,0,0
130857,1,1,0,0,0,0,0,0,0,0,0,0
130857,2,1,0,0,0,0,0,0,0,0,0,0
130857,3,1,0,0,0,0,0,0,0,0,0,0
130858,1,1,0,0,0,0,0,0,0,0,0,0
130859,1,1,13,13,13,13,13,13,13,13,13,13
130860,0,1,0,0,0,0,15,0,0,0,0,7
130860,0,2,0,0,0,0,0,0,0,0,0,0
130860,1,1,0,0,0,0,0,0,0,30,0,0
130861,0,1,24,24,24,24,24,24,24,24,24,24
130861,1,1,0,12,0,7,0,0,0,0,0,0
130862,1,1,24,24,24,24,24,24,24,24,24,24
130863,1,1,0,0,0,24,0,0,0,0,5,0
130863,2,1,0,0,0,0,0,0,0,0,0,0
130864,1,1,25,10,18,17,25,18,17,24,23,33
130865,0,1,26,26,26,26,26,26,26,26,26,26
130865,1,1,5,5,5,5,5,5,5,5,5,5
130866,1,1,0,0,0,0,0,0,0,0,0,0
130867,1,1,0,0,0,0,0,0,0,0,0,0
130868,1,1,5,5,5,5,5,5,5,5,5,5
130868,2,1,0,0,0,0,0,0,0,0,0,0
130868,3,1,0,0,0,0,0,0,0,0,0,0
130869,1,1,0,0,0,0,0,0,17,0,0,0
130870,1,1,0,0,0,0,0,0,0,0,0,0
130871,1,1,0,0,0,0,0,0,0,0,0,0
130872,1,1,0,0,0,0,0,0,0,0,0,0
130873,1,1,13,13,13,13,13,13,13,13,13,13
130874,1,1,0,0,0,15,0,0,0,0,0,0
130875,1,1,0,19,0,0,23,30,0,27,20,23
130876,0,1,10,6,37,35,13,13,14,13,14,12
130876,1,1,0,0,0,19,0,0,12,8,0,0
130877,1,1,26,0,6,13,20,0,0,0,0,10
130878,1,1,0,0,0,0,0,0,0,0,0,0
130879,1,1,0,0,0,0,0,0,0,0,0,0
130879,2,1,0,0,0,0,0,0,0,0,0,0
130880,1,1,0,0,19,0,5,6,13,12,8,7
130881,0,1,0,0,18,22,0,13,0,22,0,14
130881,1,1,22,22,22,22,22,22,22,22,22,22
130882,1,1,0,0,0,0,0,0,0,0,0,0
130882,2,1,0,0,0,0,0,0,0,0,0,0
130883,1,1,0,0,21,0,0,0,0,0,0,0
130884,1,1,0,0,0,0,0,0,0,0,0,0
130885,0,1,26,26,26,26,26,26,26,26,26,26
130885,1,1,0,0,0,0,0,0,0,0,0,0
130886,1,1,18,18,18,18,18,18,18,18,18,18
130887,1,1,16,0,0,0,0,0,0,0,0,0
130887,2,1,9,0,0,0,0,0,0,10,0,0
130888,1,1,0,0,0,0,0,0,0,0,0,0
130889,0,1,0,10,18,36,24,19,25,31,22,13
130889,1,1,0,0,0,0,0,50,0,0,0,2
130890,1,1,0,0,0,0,0,6,0,0,0,0
130891,1,1,17,17,17,17,17,17,17,17,17,17
130891,2,1,0,0,0,0,0,0,0,0,0,0
130892,1,1,0,0,0,0,0,0,0,0,0,0
130892,2,1,0,0,0,0,0,0,0,0,0,0
130893,1,1,0,0,0,0,0,0,0,0,0,0
130893,2,1,0,0,0,0,0,0,0,0,0,0
130894,0,1,0,0,0,0,0,0,0,0,0,0
130894,1,1,24,0,18,25,10,2,0,11,7,0
130895,1,1,0,0,0,0,0,0,0,0,0,0
130896,1,1,0,0,0,0,0,0,0,0,0,0
130897,1,1,0,0,3,0,14,0,23,23,16,0
130897,2,1,3,0,0,19,0,14,0,10,0,0
130898,0,1,0,0,0,0,0,0,0,0,0,0
130898,1,1,0,0,0,0,0,0,0,0,0,0
130898,2,1,0,0,0,0,0,0,0,0,0,0
130899,1,1,0,0,0,0,0,0,0,0,0,0
130900,0,1,0,15,18,0,0,15,8,21,21,12
130900,1,1,18,0,0,0,23,0,0,0,0,0
130901,1,1,0,0,0,0,0,0,0,0,0,0
130901,2,1,0,0,0,0,0,0,0,0,0,0
130902,1,1,0,0,0,0,0,0,0,0,0,0
130902,2,1,0,0,0,0,0,0,0,0,5,0
130903,1,1,0,0,0,0,0,0,0,0,0,0
130903,2,1,0,0,0,0,0,0,0,0,0,0
130904,0,1,0,0,0,0,0,0,0,0,0,0
130904,1,1,0,0,0,0,0,0,0,0,0,0
130904,2,1,0,0,0,0,0,0,0,0,0,0
130905,0,1,14,0,26,0,0,9,0,0,0,17
130905,1,1,0,0,0,0,0,0,0,0,0,0
130905,2,1,0,0,0,0,0,0,0,0,0,0
130905,3,1,26,0,0,0,0,0,0,0,0,0
130906,1,1,0,0,0,0,0,0,0,0,0,0
130907,1,1,0,0,0,0,0,0,0,0,0,0
130907,2,1,0,0,0,0,0,0,0,0,0,0
130908,1,1,0,0,0,0,0,0,0,0,0,0
130908,2,1,0,0,0,0,0,0,0,0,0,10
130909,1,1,0,0,0,0,0,0,0,0,0,4
130910,1,1,22,22,22,22,22,22,22,22,22,22
130910,2,1,0,0,0,0,0,0,18,0,0,0
130911,1,1,0,0,0,0,0,0,0,0,0,0
130911,2,1,0,0,0,0,0,0,0,7,0,0
130912,0,1,18,18,18,18,18,18,18,18,18,18
130912,1,1,0,0,0,0,0,0,0,0,0,0
130913,1,1,17,17,17,17,17,17,17,17,17,17
130914,1,1,0,0,0,0,11,0,0,0,12,0
130914,2,1,0,0,35,0,0,0,0,0,0,0
130915,1,1,0,0,0,0,17,0,0,0,0,0
130915,2,1,0,0,0,0,0,0,0,0,0,0
130916,1,1,13,13,13,13,13,13,13,13,13,13
130916,2,1,0,25,0,0,0,0,0,0,0,0
130916,3,1,0,0,0,0,0,0,0,0,0,0
130917,1,1,0,0,0,0,0,0,0,0,0,0
130918,0,1,0,0,0,16,0,10,0,0,0,0
130918,1,1,0,0,0,0,0,0,0,0,0,0
130919,1,1,3,3,3,3,3,3,3,3,3,3
130920,1,1,22,22,22,22,22,22,22,22,22,22
130921,1,1,16,16,16,16,16,16,16,16,16,16
130922,1,1,22,22,22,22,22,22,22,22,22,22
130923,1,1,0,0,0,0,0,0,0,0,0,0
130924,1,1,0,0,0,0,0,0,0,0,0,0
130925,1,1,18,18,18,18,18,18,18,18,18,18
130926,0,1,0,0,0,0,0,0,0,0,0,0
130926,1,1,0,0,0,0,0,0,0,0,0,0
130927,1,1,0,0,0,0,0,0,0,0,0,0
130927,2,1,0,0,0,0,0,0,0,0,0,0
130928,1,1,16,16,16,16,16,16,16,16,16,16
130929,1,1,0,0,0,0,0,0,0,0,0,0
130930,0,1,14,14,14,14,14,14,14,14,14,14
130930,1,1,0,0,0,0,0,0,0,15,0,0
130931,1,1,0,0,0,0,0,0,0,0,0,0
130932,1,1,2,2,2,2,2,2,2,2,2,2
130932,2,1,0,0,0,15,0,0,0,0,0,0
130932,3,1,0,0,0,0,0,0,0,0,0,0
130933,1,1,0,0,0,0,0,0,0,0,0,0
130933,2,1,0,0,0,0,0,0,0,0,0,0
130934,1,1,13,13,13,13,13,13,13,13,13,13
130935,0,1,0,0,0,0,0,0,0,0,0,0
130935,1,1,0,0,0,0,0,0,0,0,0,0
130936,1,1,2,2,2,2,2,2,2,2,2,2
130937,1,1,0,0,0,0,0,0,0,0,0,0
130938,1,1,0,0,0,0,0,0,0,0,9,0
130938,2,1,0,0,0,0,0,0,0,0,0,0
130939,1,1,0,0,0,0,0,0,0,0,0,0
130940,1,1,22,22,22,22,22,22,22,22,22,22
130941,1,1,0,0,0,0,0,0,0,0,0,0
130942,1,1,0,0,0,0,0,0,0,0,0,0
130942,2,1,0,0,0,0,0,0,0,0,0,0
130942,3,1,0,0,0,0,0,0,0,0,0,0
130942,4,1,0,0,0,0,0,0,0,0,0,0
130943,1,1,0,0,0,0,0,0,0,0,0,0
130943,2,1,0,0,0,0,0,0,0,0,0,0
130944,1,1,0,0,0,0,0,0,0,0,0,0
130945,0,1,0,0,0,0,0,0,0,0,0,0
130945,1,1,0,0,0,0,0,0,0,0,0,0
130946,1,1,20,20,20,20,20,20,20,20,20,20
130947,1,1,13,13,13,13,13,13,13,13,13,13
130949,1,1,10,0,14,18,12,0,0,0,0,10
130950,1,1,11,11,11,11,11,11,11,11,11,11
130951,1,1,0,0,0,0,0,0,0,0,0,0
130951,2,1,0,0,0,0,0,0,0,0,0,0
130952,1,1,0,0,0,0,0,0,0,0,0,0
130952,2,1,0,0,0,0,0,0,0,0,0,0
130953,0,1,25,25,25,25,25,25,25,25,25,25
130953,1,1,0,0,0,0,0,0,0,0,0,0
130954,1,1,0,0,0,14,0,0,0,0,0,0
130954,2,1,0,0,0,0,0,0,0,0,0,0
130955,1,1,14,14,14,14,14,14,14,14,14,14
130956,1,1,0,0,0,0,0,0,0,0,0,0
130956,2,1,0,0,0,0,0,0,0,0,0,0
130957,1,1,0,0,0,0,0,0,0,0,0,0
130958,1,1,19,19,19,19,19,19,19,19,19,19
130959,0,1,0,0,0,0,0,0,0,0,0,0
130959,1,1,0,0,0,0,0,0,0,0,0,0
130960,1,1,0,0,0,0,0,0,0,0,0,0
130960,2,1,0,0,0,0,0,0,0,0,0,0
130961,0,1,0,0,9,0,22,0,0,8,32,7
130961,1,1,0,0,0,0,0,0,0,0,0,0
130962,0,1,0,24,0,24,0,0,12,0,21,0
130962,1,1,0,0,0,0,0,13,14,0,0,0
130963,1,1,0,0,0,0,0,0,0,0,23,0
130963,2,1,0,0,0,0,0,0,0,0,0,0
130964,0,1,0,0,0,0,0,0,0,0,0,0
130964,1,1,0,0,0,0,0,0,0,0,0,0
130965,0,1,0,0,0,0,0,0,0,0,0,0
130965,1,1,0,0,0,0,0,0,0,0,13,0
130966,1,1,0,0,0,0,0,0,0,0,0,0
130966,2,1,0,0,0,0,0,0,0,0,0,0
130967,1,1,34,34,13,34,7,23,27,38,36,38
130968,1,1,0,5,0,0,0,0,12,0,27,16
130969,1,1,0,0,0,0,0,0,0,0,0,0
130970,0,1,0,0,0,0,0,0,25,0,0,0
130970,1,1,0,0,0,22,0,0,0,0,0,0
130971,1,1,30,30,30,30,30,30,30,30,30,30
130971,2,1,0,0,0,0,0,0,0,0,0,0
130972,1,1,0,0,0,0,0,0,0,0,0,0
130972,2,1,0,0,0,0,0,0,0,0,0,0
130972,3,1,0,0,0,0,0,0,0,0,0,0
130973,1,1,0,0,0,0,0,0,0,0,0,0
130973,2,1,0,0,0,0,0,0,0,0,0,0
130974,1,1,0,0,0,0,0,0,0,0,0,0
130974,2,1,0,0,0,0,0,0,0,0,0,0
130975,1,1,0,0,0,0,0,0,0,0,0,0
130975,2,1,0,0,0,0,0,0,0,0,0,0
130976,1,1,0,0,0,0,0,0,0,0,0,0
130977,1,1,0,0,0,0,0,0,0,0,0,0
130977,2,1,0,0,0,0,0,0,0,0,0,0
130978,0,1,0,0,0,0,0,0,0,0,0,0
130978,0,2,0,0,22,0,2,14,0,18,0,0
130978,1,1,29,0,0,18,0,13,5,0,0,0
130979,1,1,0,0,0,0,0,0,0,0,0,0
130979,2,1,0,0,0,0,0,0,0,0,0,0
130979,3,1,0,0,0,0,0,0,0,0,0,0
130980,1,1,0,0,0,0,0,0,0,0,0,0
130980,2,1,0,0,0,0,0,0,0,0,0,0
130980,3,1,0,0,0,11,0,0,0,0,0,0
130981,0,1,0,0,0,10,0,0,0,0,0,23
130981,1,1,0,0,0,0,0,0,0,0,0,0
130982,0,1,0,0,0,0,0,0,0,0,0,0
130982,1,1,0,0,0,0,0,0,0,0,0,0
130983,1,1,31,31,31,31,31,31,31,31,31,31
130984,1,1,12,0,12,0,0,0,0,0,16,0
130985,1,1,6,0,0,0,0,0,0,0,0,0
130985,2,1,0,0,0,0,0,0,0,0,0,0
130986,1,1,0,0,0,0,0,0,0,0,0,0
130986,2,1,0,0,0,0,0,0,0,0,0,0
130987,0,1,0,0,0,0,0,0,0,0,0,0
130987,1,1,0,0,0,0,0,0,0,0,0,0
130987,2,1,0,0,0,0,0,0,0,0,0,0
130988,1,1,0,0,0,0,0,0,0,0,0,0
130988,2,1,0,0,0,0,0,0,0,0,0,0
130989,1,1,0,0,0,0,0,0,0,0,0,12
130989,2,1,0,0,0,0,0,0,0,0,0,0
130990,1,1,0,0,0,0,0,0,0,0,0,0
130990,2,1,0,0,0,0,0,0,0,0,0,0
130991,0,1,0,13,0,27,27,27,14,0,0,17
130991,1,1,0,0,0,0,0,0,0,0,0,0
130992,1,1,0,0,0,0,0,0,0,0,0,0
130992,2,1,0,0,0,0,0,0,0,0,0,0
130993,1,1,6,6,6,6,6,6,6,6,6,6
130993,2,1,0,0,0,0,0,0,0,0,0,0
130994,1,1,0,0,0,0,0,0,0,0,0,0
130994,2,1,0,0,0,0,0,0,0,0,0,0
130994,3,1,0,0,0,0,0,0,0,0,0,0
130995,1,1,0,0,0,0,0,0,0,0,0,0
130995,2,1,0,0,0,0,0,0,0,0,0,0
130996,0,1,27,27,27,27,27,27,27,27,27,27
130996,1,1,0,0,0,0,0,0,0,0,0,0
130997,1,1,0,0,0,0,0,0,0,0,0,0
130997,2,1,0,0,0,0,0,0,0,0,0,0
130998,1,1,0,0,0,0,0,0,0,0,0,0
130998,2,1,0,0,0,0,0,0,0,0,0,0
130999,1,1,0,0,0,33,0,0,0,16,0,0
131000,1,1,0,0,0,0,0,0,0,0,0,0
131001,1,1,0,0,0,0,0,0,0,0,0,0
131001,2,1,0,0,0,0,0,0,0,0,0,0
131001,3,1,0,0,0,0,0,0,0,0,0,0
131002,1,1,0,0,0,0,0,0,0,0,0,0
131002,2,1,0,0,0,0,0,0,0,0,0,0
131003,1,1,6,6,6,6,6,6,6,6,6,6
131003,2,1,0,0,0,0,0,0,0,0,0,0
131004,1,1,0,0,0,0,25,0,0,0,17,19
131004,2,1,0,0,0,0,0,0,0,0,0,5
131005,1,1,0,0,0,0,0,0,0,0,0,0
131005,2,1,0,0,0,0,0,0,0,0,0,0
131006,1,1,0,0,0,0,0,11,0,0,0,0
131006,2,1,12,12,12,12,12,12,12,12,12,12
131007,1,1,0,0,0,0,0,0,0,0,0,0
131008,1,1,23,37,0,25,12,22,24,25,33,14
131009,1,1,0,5,28,18,17,14,0,17,9,16
131010,1,1,0,0,0,0,0,0,0,0,0,0
131010,2,1,0,0,0,0,0,0,0,0,0,0
131010,3,1,0,0,0,0,0,0,0,0,0,0
131010,4,1,0,0,0,0,0,0,0,0,0,0
131011,0,1,0,0,0,0,0,0,0,0,0,0
131011,1,1,8,8,8,8,8,8,8,8,8,8
131012,1,1,0,0,0,0,0,0,0,0,0,0
131013,1,1,0,0,0,0,0,0,0,0,0,0
131013,2,1,0,0,0,0,0,0,3,0,0,0
131013,3,1,0,0,0,0,0,0,0,0,0,0
131013,4,1,0,0,0,0,0,0,0,0,0,0
131014,1,1,0,0,0,0,0,0,0,0,0,0
131015,1,1,0,0,0,0,0,0,0,0,0,14
131015,2,1,0,0,0,0,0,0,0,4,0,0
131016,1,1,0,0,0,0,0,0,0,0,0,0
131017,1,1,0,0,0,0,0,0,0,0,0,0
131017,2,1,0,0,0,0,0,0,0,0,0,0
131018,0,1,0,0,21,0,0,0,0,0,0,18
131018,1,1,0,0,0,0,0,0,0,0,0,0
131019,1,1,0,0,0,0,0,0,0,0,0,0
131020,1,1,0,0,0,0,0,0,0,14,12,0
131021,1,1,0,0,0,0,0,0,0,0,0,0
131021,2,1,0,0,0,0,0,0,0,0,0,0
131022,1,1,0,2,17,0,0,0,0,0,0,0
131022,2,1,0,0,0,0,0,2,0,0,0,0
131023,1,1,0,0,0,0,0,0,0,0,0,0
131023,2,1,0,0,0,0,0,0,0,0,0,0
131024,1,1,0,0,0,0,0,0,0,0,0,0
131024,2,1,0,0,0,0,0,0,0,0,0,0
131025,1,1,0,0,0,0,0,0,0,0,0,0
131026,1,1,0,0,0,0,0,0,0,0,0,0
131027,1,1,29,29,29,29,29,29,29,29,29,29
131028,1,1,0,0,0,0,0,0,0,0,0,0
131028,2,1,0,0,0,0,0,0,0,0,0,12
131029,1,1,24,24,24,24,24,24,24,24,24,24
131030,1,1,11,20,13,7,18,7,13,17,17,26
131031,1,1,0,0,0,0,0,0,0,0,0,0
131032,1,1,0,0,0,0,0,0,0,0,0,0
131032,2,1,0,0,0,0,0,0,0,0,6,0
131033,1,1,15,15,15,15,15,15,15,15,15,15
131034,1,1,29,29,29,29,29,29,29,29,29,29
131035,1,1,0,0,0,0,0,0,0,11,0,0
131036,1,1,0,0,0,0,0,0,0,0,0,0
131036,2,1,0,0,0,0,0,0,0,0,0,0
131037,0,1,22,22,22,22,22,22,22,22,22,22
131037,1,1,0,0,0,0,0,0,0,0,0,0
131038,1,1,0,0,0,0,0,0,0,0,0,0
131038,2,1,0,0,0,0,0,0,0,0,0,0
131039,1,1,0,0,0,0,0,0,0,0,0,0
131040,1,1,0,0,0,0,0,0,0,12,35,0
131041,1,1,0,0,0,0,0,0,0,0,0,0
131041,2,1,0,0,0,0,0,0,0,0,0,0
131041,3,1,0,0,0,0,0,0,0,0,0,0