ST_CASE,VEH_NO,PER_NO,P1,P2,P3,P4,P5,P6,P7,P8,P9,P10
131042,1,1,0,0,0,0,0,0,0,0,0,0
131042,2,1,0,0,0,0,0,0,0,0,0,0
131043,1,1,0,0,0,0,0,0,0,0,0,0
131043,2,1,0,0,0,0,0,0,0,0,0,0
131044,1,1,20,20,20,20,20,20,20,20,20,20
131045,1,1,0,0,0,0,0,0,0,0,0,0
131045,2,1,0,0,0,0,0,0,0,0,0,0
131046,1,1,0,0,0,0,0,0,0,0,0,0
131046,2,1,0,0,0,0,0,0,0,0,0,0
131046,3,1,0,0,0,0,0,0,0,0,0,0
131047,1,1,0,0,0,0,0,0,0,0,0,0
131047,2,1,11,11,11,11,11,11,11,11,11,11
131048,1,1,0,0,0,0,0,0,0,0,0,0
131048,2,1,0,0,0,0,0,0,0,0,0,0
131049,0,1,0,0,0,29,0,0,0,0,14,0
131049,1,1,0,0,0,0,0,0,0,7,0,0
131050,1,1,0,0,0,0,0,0,0,0,0,0
131050,2,1,0,0,0,0,0,0,0,0,0,0
131051,0,1,0,0,0,0,0,0,0,0,0,0
131051,1,1,0,0,0,0,0,0,0,0,0,0
131052,1,1,25,25,25,25,25,25,25,25,25,25
131053,1,1,0,0,0,0,0,0,0,0,0,0
131054,1,1,0,0,0,0,0,0,0,0,0,0
131055,1,1,14,14,14,14,14,14,14,14,14,14
131055,2,1,0,0,0,0,0,0,0,0,0,0
131056,0,1,0,0,31,0,0,0,0,0,0,0
131056,1,1,0,0,0,7,0,0,0,0,0,0
131057,1,1,13,13,13,13,13,13,13,13,13,13
131058,1,1,0,0,0,0,0,0,0,0,0,0
131058,2,1,0,0,0,0,0,0,0,0,0,0
131058,3,1,0,0,0,0,0,0,0,0,0,0
131058,4,1,0,0,0,0,0,0,0,0,0,0
131059,1,1,0,0,0,0,0,0,0,18,0,0
131060,0,1,22,0,17,11,0,0,8,15,0,14
131060,0,2,27,9,0,15,18,19,0,11,0,23
131060,1,1,0,0,7,19,0,14,0,0,12,0
131061,1,1,0,0,0,0,0,0,0,0,0,0
131062,0,1,0,23,12,21,0,0,0,9,17,0
131062,1,1,0,0,0,0,0,0,0,0,0,0
131063,0,1,0,0,0,0,0,0,0,0,0,0
131063,1,1,0,0,0,0,0,6,13,0,0,0
131064,1,1,14,14,14,14,14,14,14,14,14,14
131065,1,1,0,0,0,0,0,0,0,0,0,0
131065,2,1,0,0,0,0,0,0,0,0,0,0
131066,0,1,0,0,0,0,0,0,0,0,0,0
131066,1,1,0,0,0,0,0,0,0,27,17,0
131067,1,1,26,26,26,26,26,26,26,26,26,26
131068,1,1,0,0,0,0,0,0,0,0,0,0
131069,1,1,0,20,0,0,0,0,0,0,0,0
131070,1,1,11,11,11,11,11,11,11,11,11,11
131071,1,1,19,9,29,33,20,12,17,33,25,39
131072,1,1,0,0,0,0,8,0,0,16,0,0
131072,2,1,20,0,0,0,0,0,0,0,22,0
131073,1,1,0,0,0,0,0,0,0,0,0,0
131074,0,1,21,16,34,12,29,7,10,0,0,0
131074,1,1,0,0,0,0,0,0,0,0,0,0
131075,1,1,30,30,30,30,30,30,30,30,30,30
131076,1,1,32,25,31,9,28,19,18,7,20,27
131077,1,1,24,24,24,24,24,24,24,24,24,24
131078,0,1,0,0,0,0,0,0,0,0,0,0
131078,1,1,0,0,0,0,0,0,0,0,0,0
131079,1,1,18,18,18,18,18,18,18,18,18,18
131080,0,1,29,20,0,28,29,18,20,28,31,18
131080,1,1,0,0,0,18,11,22,2,14,22,0
131081,1,1,0,0,0,0,0,0,0,0,0,0
131082,1,1,0,0,0,0,0,0,0,0,0,0
131082,2,1,0,0,0,0,0,0,0,0,0,0
131083,1,1,0,0,0,0,0,0,0,0,0,0
131084,0,1,8,8,8,8,8,8,8,8,8,8
131084,1,1,0,0,0,0,0,0,0,0,0,0
131085,1,1,16,16,16,16,16,16,16,16,16,16
131086,1,1,0,0,0,0,0,0,0,0,0,0
131087,1,1,0,0,0,0,0,0,0,0,0,0
131087,2,1,0,0,0,0,0,0,0,0,0,0
131088,1,1,33,33,33,33,33,33,33,33,33,33
131088,2,1,0,0,0,0,0,0,0,4,0,0
131089,1,1,0,0,0,0,0,0,0,0,0,0
131090,0,1,0,0,0,0,0,0,0,0,0,0
131090,0,2,0,0,0,0,0,0,0,0,0,0
131090,1,1,0,0,0,0,0,0,0,0,0,0
131091,1,1,11,11,11,11,11,11,11,11,11,11
131091,2,1,0,0,0,0,0,0,0,0,0,0
131092,0,1,0,0,0,0,0,0,0,0,0,0
131092,1,1,0,0,0,0,0,0,0,0,0,0
131093,1,1,30,30,30,30,30,30,30,30,30,30
131094,1,1,0,0,0,0,0,0,0,0,0,0
131095,1,1,0,0,0,0,0,0,0,0,0,0
131096,1,1,0,0,0,0,0,0,0,0,0,0
131096,2,1,0,0,0,0,0,0,0,0,0,0
131097,1,1,0,0,0,0,0,0,0,0,0,0
131098,1,1,15,15,15,15,15,15,15,15,15,15
131098,2,1,24,14,0,0,0,36,0,0,0,0
131099,1,1,11,11,11,11,11,11,11,11,11,11
131099,2,1,26,20,29,29,37,17,16,5,20,10
131099,3,1,7,7,7,7,7,7,7,7,7,7
131100,1,1,0,21,17,0,14,0,0,9,10,13
131100,2,1,0,0,0,0,0,0,0,0,0,0
131101,1,1,0,0,0,0,0,0,0,0,0,0
131102,1,1,0,0,0,0,0,0,0,0,0,0
131102,2,1,0,0,0,0,0,0,0,0,0,0
131103,1,1,0,0,0,0,0,0,0,18,18,0
131103,2,1,0,0,0,0,0,0,0,0,0,0
131104,1,1,0,18,0,0,10,0,23,0,8,0
131105,0,1,28,28,28,28,28,28,28,28,28,28
131105,1,1,0,0,0,0,0,0,0,0,0,0
131106,1,1,19,19,19,19,19,19,19,19,19,19
131107,1,1,0,0,0,0,0,0,0,0,0,0
131107,2,1,0,0,0,0,0,0,0,0,0,0
131108,1,1,14,14,14,14,14,14,14,14,14,14
131109,1,1,18,15,14,12,11,27,0,18,9,17
131110,1,1,16,16,16,16,16,16,16,16,16,16
131111,1,1,0,0,0,0,0,0,0,0,0,0
131112,0,1,21,21,21,21,21,21,21,21,21,21
131112,1,1,0,0,0,0,0,0,0,0,0,0
131113,1,1,0,0,0,0,0,0,0,0,0,0
131114,0,1,24,19,7,0,0,14,14,23,20,0
131114,1,1,0,0,0,0,0,0,0,0,0,0
131115,0,1,0,33,0,14,0,0,0,0,26,17
131115,1,1,0,0,0,0,0,0,0,0,0,0
131116,1,1,3,3,3,3,3,3,3,3,3,3
131116,2,1,0,0,0,0,0,0,0,0,0,0
131117,0,1,17,0,0,0,52,0,0,14,0,18
131117,1,1,14,30,30,0,20,8,13,11,19,26
131118,1,1,0,0,0,0,25,0,0,0,0,0
131118,2,1,0,0,0,0,0,0,0,0,0,0
131119,1,1,26,26,26,26,26,26,26,26,26,26
131120,1,1,0,0,0,0,0,0,0,0,0,0
131120,2,1,0,0,0,0,0,0,0,0,0,0
131121,1,1,0,0,0,0,0,0,0,0,0,0
131121,2,1,0,0,0,0,0,0,0,0,0,0
131122,1,1,0,0,0,0,0,0,0,0,0,0
131122,2,1,0,0,0,0,0,0,0,0,0,0
131123,1,1,0,0,0,26,0,0,0,0,0,0
131123,2,1,0,0,0,0,0,0,0,0,0,0
131124,1,1,0,0,0,0,0,0,0,0,0,0
131125,1,1,0,0,0,0,0,0,0,0,0,0
131126,1,1,0,0,0,0,0,0,0,0,0,0
131126,2,1,0,0,0,0,0,0,0,0,0,0
131127,1,1,0,0,0,0,0,0,0,10,0,0
131127,2,1,0,0,0,0,0,0,0,0,0,0
131128,1,1,4,4,4,4,4,4,4,4,4,4
131128,2,1,5,5,5,5,5,5,5,5,5,5
131129,1,1,24,32,24,38,0,13,20,34,25,36
131130,1,1,0,0,0,0,0,0,0,0,0,0
131131,1,1,0,0,0,0,0,0,0,0,0,0
131132,1,1,0,0,0,0,0,0,0,0,0,0
131133,1,1,25,25,25,25,25,25,25,25,25,25
131134,1,1,0,0,0,0,0,0,0,0,0,0
131134,2,1,11,11,11,11,11,11,11,11,11,11
131135,1,1,0,0,0,0,0,0,0,0,0,10
131135,2,1,0,0,0,0,0,0,0,0,0,0
131136,1,1,0,0,0,0,0,0,0,0,0,0
131137,0,1,26,26,26,26,26,26,26,26,26,26
131137,1,1,0,0,0,0,0,0,0,0,0,0
131138,1,1,0,0,0,0,0,0,0,0,0,0
131138,2,1,0,0,0,0,0,0,0,0,0,0
131139,1,1,0,0,0,0,0,0,0,0,0,0
131139,2,1,0,0,0,0,0,0,0,0,0,0
131140,1,1,0,0,0,0,0,0,0,0,0,0
131140,2,1,0,0,0,0,0,5,0,0,0,21
131140,3,1,0,0,0,0,0,0,0,0,0,0
131140,4,1,0,0,0,0,0,0,0,19,0,0
131141,0,1,8,28,7,14,22,19,17,0,37,0
131141,1,1,0,0,0,0,0,0,0,0,0,0
131141,2,1,0,0,0,0,0,0,0,0,0,0
131142,0,1,0,0,0,0,0,0,0,0,0,0
131142,1,1,0,0,0,0,0,0,0,0,0,0
131143,1,1,0,0,0,0,0,0,0,0,0,0
131143,2,1,0,0,0,7,0,0,0,0,0,0
131143,3,1,0,0,0,0,0,0,0,2,0,0
131144,1,1,19,19,19,19,19,19,19,19,19,19
131145,1,1,0,0,0,0,0,0,0,0,0,0
131147,0,1,20,20,20,20,20,20,20,20,20,20
131147,1,1,0,0,0,0,0,0,0,0,18,0
131147,2,1,0,0,0,0,0,0,0,0,0,0
131148,1,1,24,24,24,24,24,24,24,24,24,24
131149,1,1,0,0,27,0,0,0,0,0,10,0
131150,1,1,0,0,0,0,0,0,0,0,0,0
131150,2,1,0,0,0,0,0,0,0,0,0,0
131151,1,1,14,0,0,0,0,0,0,0,0,0
131152,1,1,0,0,0,0,0,0,0,0,9,0
131153,1,1,14,0,0,0,0,0,0,0,0,0
131154,1,1,0,0,0,0,0,0,0,0,0,0
131155,1,1,14,14,14,14,14,14,14,14,14,14
131156,1,1,0,0,26,0,0,0,0,0,0,0
131157,1,1,0,0,0,0,0,0,0,0,0,0
131157,2,1,0,0,0,0,0,0,0,0,0,0
131158,1,1,0,0,0,0,0,0,0,0,0,0
131158,2,1,6,0,0,0,0,0,0,0,0,0
150001,1,1,19,19,19,19,19,19,19,19,19,19
150002,1,1,0,0,0,0,0,0,0,0,0,0
150003,0,1,0,0,0,0,0,0,0,0,0,0
150003,1,1,0,0,0,0,0,0,0,0,0,0
150004,0,1,17,17,17,17,17,17,17,17,17,17
150004,1,1,30,30,30,30,30,30,30,30,30,30
150005,0,1,0,0,0,0,0,0,0,0,0,0
150005,1,1,0,0,0,0,0,0,0,0,0,0
150006,1,1,0,0,0,0,0,0,0,0,0,0
150007,0,1,0,0,0,0,0,0,0,0,0,0
150007,1,1,0,36,0,6,0,0,0,0,0,0
150008,0,1,0,0,0,0,0,0,0,0,0,0
150008,1,1,12,12,12,12,12,12,12,12,12,12
150009,1,1,11,11,11,11,11,11,11,11,11,11
150009,2,1,0,0,0,0,0,0,0,0,0,0
150010,1,1,18,18,18,18,18,18,18,18,18,18
150010,2,1,0,0,0,0,0,0,0,0,0,0
150011,1,1,0,0,0,0,0,0,0,0,0,0
150011,2,1,0,0,0,0,0,0,0,0,0,0
150012,1,1,14,14,14,14,14,14,14,14,14,14
150013,1,1,0,0,0,0,0,0,0,0,0,0
150013,2,1,0,0,0,0,0,0,0,0,0,0
150014,0,1,0,0,0,0,0,0,0,0,0,0
150014,1,1,0,0,0,0,0,0,0,0,0,0
150015,1,1,0,0,0,0,0,0,0,0,0,0
150015,2,1,0,0,0,0,0,0,0,0,0,0
150016,1,1,0,0,0,0,0,0,0,0,0,0
150017,1,1,0,0,0,0,0,0,0,0,0,0
150018,1,1,0,0,0,0,0,0,0,0,0,0
150018,2,1,0,0,0,0,0,0,0,0,0,0
150018,3,1,0,0,0,0,0,0,0,0,0,0
150019,0,1,0,0,0,0,0,0,0,0,0,0
150019,1,1,0,0,0,0,0,0,0,0,0,0
150020,1,1,0,0,0,0,0,0,0,0,0,0
150020,2,1,0,0,0,0,0,0,0,0,0,0
150021,1,1,20,20,20,20,20,20,20,20,20,20
150021,2,1,0,0,0,0,0,0,0,0,0,0
150022,1,1,23,23,23,23,23,23,23,23,23,23
150022,2,1,0,12,0,0,0,20,0,9,0,0
150023,1,1,17,17,17,17,17,17,17,17,17,17
150024,1,1,0,0,0,0,0,0,0,0,0,0
150025,1,1,0,0,0,0,0,0,0,0,0,0
150026,1,1,14,14,14,14,14,14,14,14,14,14
150027,0,1,0,0,0,0,0,0,0,0,0,0
150027,1,1,0,0,0,0,0,0,0,0,0,0
150027,2,1,0,0,0,0,0,0,0,0,0,0
150028,1,1,0,0,0,0,0,0,0,0,0,0
150028,2,1,0,0,0,0,0,0,10,0,0,0
150029,1,1,25,25,25,25,25,25,25,25,25,25
150030,0,1,25,25,25,25,25,25,25,25,25,25
150030,1,1,0,0,0,0,0,0,0,0,0,0
150031,1,1,18,18,18,18,18,18,18,18,18,18
150032,1,1,14,14,14,14,14,14,14,14,14,14
150033,1,1,0,0,0,0,0,0,0,0,0,0
150033,2,1,0,0,0,0,0,0,0,0,0,0
150033,3,1,0,0,0,0,0,0,0,0,0,0
150033,4,1,0,0,0,0,0,0,0,0,0,0
150034,1,1,23,23,23,23,23,23,23,23,23,23
150035,1,1,0,0,0,0,0,0,0,0,0,0
150036,1,1,18,18,18,18,18,18,18,18,18,18
150037,1,1,24,24,24,24,24,24,24,24,24,24
150038,1,1,0,0,0,0,0,0,0,0,0,0
150038,2,1,0,0,0,0,0,0,0,0,0,0
150039,1,1,20,20,20,20,20,20,20,20,20,20
150040,1,1,0,0,0,0,0,0,0,0,0,0
150041,1,1,0,0,0,0,0,0,0,0,0,0
150041,2,1,0,0,0,0,0,0,0,0,0,0
150042,1,1,0,0,0,0,0,0,0,0,0,0
150042,2,1,0,0,0,0,0,0,0,0,0,0
150043,1,1,17,17,17,17,17,17,17,17,17,17
150043,2,1,0,0,0,0,0,7,0,0,0,0
150044,1,1,0,0,0,0,0,0,0,0,0,0
150045,1,1,20,20,20,20,20,20,20,20,20,20
150045,2,1,0,0,0,0,0,0,0,0,0,0
150046,1,1,0,0,0,0,0,0,0,0,16,0
150046,2,1,0,0,0,0,0,0,0,0,0,0
150047,1,1,0,0,0,0,0,0,0,0,0,0
150047,2,1,0,0,0,0,0,0,0,0,0,0
150048,0,1,0,0,0,0,0,0,0,0,0,0
150048,1,1,0,0,0,0,0,0,0,0,0,0
150048,2,1,12,0,0,0,0,0,0,0,0,0
150049,1,1,8,8,8,8,8,8,8,8,8,8
150049,2,1,0,0,0,0,0,0,0,0,0,0
150049,3,1,0,0,0,0,0,0,0,0,0,0
150050,1,1,15,15,15,15,15,15,15,15,15,15
150050,2,1,10,10,10,10,10,10,10,10,10,10
150051,1,1,0,0,0,0,0,0,0,0,0,0
150052,1,1,0,0,0,0,0,0,0,0,0,0
150053,1,1,0,0,0,0,0,0,0,0,0,0
150054,1,1,0,0,0,0,0,0,0,0,0,0
150054,2,1,0,0,0,0,0,0,0,0,0,0
150055,1,1,14,14,14,14,14,14,14,14,14,14
150055,2,1,0,0,0,0,0,0,0,0,0,0
150056,1,1,24,24,24,24,24,24,24,24,24,24
150057,0,1,0,0,0,0,0,0,0,0,0,0
150057,1,1,4,4,4,4,4,4,4,4,4,4
150058,1,1,0,0,0,0,0,0,0,0,0,0
150058,2,1,0,0,0,0,0,0,0,0,0,0
150059,1,1,0,0,0,0,0,0,0,0,0,0
150060,0,1,34,34,34,34,34,34,34,34,34,34
150060,1,1,0,0,0,0,0,0,0,0,0,0
150060,2,1,0,0,0,0,0,0,0,0,0,0
150061,1,1,0,0,0,0,0,0,0,0,0,0
150062,1,1,20,20,20,20,20,20,20,20,20,20
150063,1,1,17,17,17,17,17,17,17,17,17,17
150063,2,1,0,0,0,0,0,0,0,0,0,0
150064,0,1,0,0,0,0,0,0,0,0,0,0
150064,1,1,0,0,0,0,0,0,0,0,0,0
150065,0,1,0,0,0,0,0,0,0,0,0,0
150065,1,1,0,0,0,0,0,0,0,0,0,0
150066,1,1,13,13,13,13,13,13,13,13,13,13
150067,1,1,0,0,0,0,0,0,0,0,0,0
150067,2,1,0,0,12,0,2,0,0,0,8,0
150068,1,1,10,10,10,10,10,10,10,10,10,10
150068,2,1,23,19,17,9,4,0,19,8,9,17
150069,0,1,0,0,0,0,0,0,0,0,0,0
150069,1,1,0,0,0,0,0,0,0,0,10,0
150070,1,1,26,26,26,26,26,26,26,26,26,26
150070,2,1,0,0,0,0,7,30,0,38,33,0
150071,1,1,20,20,20,20,20,20,20,20,20,20
150072,1,1,19,19,19,19,19,19,19,19,19,19
150073,1,1,12,12,12,12,12,12,12,12,12,12
150074,1,1,19,19,19,19,19,19,19,19,19,19
150074,2,1,0,0,0,0,0,0,0,0,0,0
150075,0,1,0,0,0,0,0,0,0,0,0,0
150075,1,1,0,0,0,0,0,31,0,0,16,0
150076,0,1,0,0,0,0,0,0,0,0,0,0
150076,0,2,0,0,0,0,0,0,0,0,0,0
150076,1,1,4,4,4,4,4,4,4,4,4,4
150077,1,1,0,0,0,0,0,0,0,0,0,0
150077,2,1,0,0,0,0,0,0,0,0,0,0
150078,0,1,0,0,0,0,0,0,0,0,0,0
150078,1,1,0,0,0,0,0,0,0,0,0,0
150079,1,1,16,16,16,16,16,16,16,16,16,16
150080,0,1,0,0,0,0,0,0,0,0,0,0
150080,1,1,0,0,0,0,0,0,0,0,0,0
150081,1,1,0,0,0,0,0,0,0,0,0,0
150082,1,1,0,0,0,0,0,0,0,0,0,0
150082,2,1,0,0,0,0,0,0,0,0,0,0
150083,1,1,0,0,0,0,0,0,0,0,0,0
150084,0,1,0,0,0,0,0,0,0,0,0,0
150084,1,1,0,0,0,0,0,0,0,0,0,0
150085,1,1,3,3,3,3,3,3,3,3,3,3
150086,0,1,16,16,16,16,16,16,16,16,16,16
150086,1,1,7,7,7,7,7,7,7,7,7,7
150087,1,1,0,0,0,0,0,0,0,0,0,0
150087,2,1,0,0,0,0,0,0,0,0,0,0
150088,1,1,0,0,0,0,0,0,0,0,0,0
150088,2,1,0,0,0,0,7,0,0,0,0,4
150089,1,1,0,0,0,0,0,0,0,0,0,0
150089,2,1,0,0,0,0,0,0,0,0,0,0
150090,0,1,0,0,0,0,0,0,0,0,0,0
150090,1,1,0,0,0,0,0,0,0,0,0,0
150091,1,1,0,0,0,0,0,0,0,0,0,0
150091,2,1,0,0,0,0,0,0,0,0,0,0
150092,1,1,0,0,0,0,0,0,0,0,0,0
150092,2,1,0,0,0,0,0,0,0,0,0,0
150093,0,1,0,0,0,0,0,0,0,0,0,0
150093,1,1,0,0,0,0,0,0,0,0,0,0
150094,0,1,0,0,0,0,0,0,0,0,0,0
150094,1,1,0,0,0,0,0,0,0,0,0,0
150095,1,1,23,23,23,23,23,23,23,23,23,23
150096,0,1,31,31,31,31,31,31,31,31,31,31
150096,1,1,0,0,0,0,0,0,0,0,0,0
150097,0,1,0,0,0,0,0,0,0,0,0,0
150097,1,1,0,0,0,0,0,0,0,0,0,0
150098,1,1,9,9,9,9,9,9,9,9,9,9
150099,0,1,17,17,17,17,17,17,17,17,17,17
150099,1,1,10,0,8,4,8,20,11,12,0,0
150100,0,1,0,0,0,0,0,0,0,0,0,0
150100,1,1,4,4,4,4,4,4,4,4,4,4
150101,1,1,10,10,10,10,10,10,10,10,10,10
150102,1,1,15,15,15,15,15,15,15,15,15,15
150103,1,1,0,0,0,0,0,0,0,0,0,0
150104,1,1,20,20,20,20,20,20,20,20,20,20
150105,1,1,0,0,0,0,0,0,0,0,0,0
150107,1,1,0,0,0,0,0,0,0,0,0,0
150107,2,1,0,0,0,0,0,0,0,0,0,0
150108,0,1,0,0,0,0,0,0,0,0,0,0
150108,1,1,0,0,0,7,0,0,0,0,15,24
150109,1,1,0,0,0,0,0,0,0,0,0,0
150109,2,1,0,0,0,0,0,0,0,0,0,0
150110,1,1,0,0,0,0,0,0,0,0,0,0
160001,1,1,0,0,0,0,0,0,0,0,0,0
160001,2,1,0,0,0,0,0,0,0,0,0,0
160002,1,1,0,0,0,0,0,0,0,0,0,0
160003,0,1,0,0,24,0,0,0,0,0,0,0
160003,1,1,0,0,0,0,0,0,0,0,0,0
160004,1,1,0,10,0,21,17,0,14,0,20,31
160005,1,1,0,0,0,0,0,0,0,0,0,0
160005,2,1,0,0,0,0,0,0,0,0,0,0
160006,1,1,14,14,14,14,14,14,14,14,14,14
160007,1,1,0,0,0,0,0,0,0,0,0,0
160008,1,1,0,0,0,0,0,0,0,0,0,0
160009,1,1,16,16,16,16,16,16,16,16,16,16
160010,1,1,20,20,20,20,20,20,20,20,20,20
160011,1,1,0,0,0,0,0,0,0,0,0,0
160011,2,1,0,0,0,0,0,0,0,0,0,0
160012,1,1,0,0,0,0,0,0,0,0,0,0
160013,1,1,20,0,0,0,0,0,0,0,0,0
160013,2,1,0,0,0,0,0,0,0,0,0,0
160014,1,1,24,24,24,24,24,24,24,24,24,24
160015,1,1,0,0,0,0,0,0,0,0,0,0
160016,1,1,0,0,0,0,0,0,0,0,0,0
160017,1,1,13,13,13,13,13,13,13,13,13,13
160018,1,1,0,0,0,0,0,0,0,0,0,0
160019,1,1,0,0,0,0,0,0,0,0,0,0
160020,1,1,25,21,2,0,13,14,0,20,12,17
160021,1,1,5,5,5,5,5,5,5,5,5,5
160022,1,1,0,0,0,0,0,0,0,0,0,0
160023,1,1,16,16,16,16,16,16,16,16,16,16
160024,1,1,0,0,0,0,0,0,0,0,0,0
160025,1,1,0,0,0,0,0,0,0,0,0,0
160026,1,1,0,0,0,0,0,0,0,0,0,0
160027,1,1,0,0,0,0,0,0,0,0,0,0
160028,1,1,0,0,39,0,0,0,0,0,0,0
160028,2,1,0,0,0,0,0,0,0,0,0,0
160029,1,1,4,4,4,4,4,4,4,4,4,4
160030,1,1,0,0,0,0,0,0,0,0,0,0
160031,1,1,0,0,0,0,0,0,0,0,0,0
160032,1,1,0,0,0,0,0,0,0,0,0,0
160032,2,1,0,0,0,0,0,0,0,0,0,0
160033,1,1,0,0,0,0,0,0,0,0,0,0
160034,1,1,0,0,0,0,0,0,0,0,0,0
160035,1,1,0,0,0,0,0,0,0,0,0,0
160036,0,1,33,33,33,33,33,33,33,33,33,33
160036,1,1,15,15,15,15,15,15,15,15,15,15
160037,1,1,0,0,0,0,0,0,0,0,0,0
160037,2,1,0,0,0,0,0,0,0,0,0,0
160038,1,1,12,12,12,12,12,12,12,12,12,12
160038,2,1,0,0,0,0,0,0,0,0,0,0
160039,1,1,0,12,0,0,0,0,0,0,0,0
160039,2,1,0,0,0,0,0,0,0,0,0,0
160039,3,1,0,0,0,0,0,0,0,0,0,0
160039,4,1,0,0,0,0,0,0,0,0,0,0
160039,5,1,0,0,0,0,0,0,0,0,0,11
160040,1,1,0,0,0,0,0,0,0,0,0,0
160041,1,1,0,0,0,0,0,0,0,0,0,0
160041,2,1,0,0,0,0,0,0,0,0,0,0
160042,1,1,19,19,19,19,19,19,19,19,19,19
160043,1,1,0,0,0,0,0,0,0,12,0,0
160044,1,1,0,0,0,0,0,0,0,0,0,0
160045,1,1,0,0,0,0,0,0,0,0,0,0
160046,1,1,0,0,0,0,0,0,0,0,0,0
160047,1,1,0,0,0,0,0,0,0,0,0,0
160048,1,1,0,0,0,0,0,0,0,27,0,0
160049,1,1,15,15,15,15,15,15,15,15,15,15
160050,1,1,26,26,26,26,26,26,26,26,26,26
160051,1,1,22,22,22,22,22,22,22,22,22,22
160052,1,1,1,1,1,1,1,1,1,1,1,1
160052,2,1,0,0,0,0,0,0,0,0,0,0
160053,1,1,0,0,0,0,0,0,0,0,0,0
160054,1,1,0,0,0,0,0,0,0,0,0,0
160055,1,1,0,0,0,0,0,0,0,0,0,0
160056,1,1,18,18,18,18,18,18,18,18,18,18
160057,1,1,0,0,0,0,0,0,0,0,0,0
160058,1,1,23,23,23,23,23,23,23,23,23,23
160059,1,1,3,9,0,20,0,0,14,0,0,0
160060,1,1,0,12,0,0,0,0,0,15,0,0
160060,2,1,0,0,0,0,0,0,0,0,0,0
160061,1,1,0,0,0,0,0,0,0,0,0,0
160062,1,1,20,20,20,20,20,20,20,20,20,20
160063,1,1,0,0,37,0,0,0,0,0,0,0
160063,2,1,15,15,15,15,15,15,15,15,15,15
160064,1,1,0,0,0,0,0,0,0,0,0,0
160064,2,1,0,0,0,0,0,0,0,0,0,0
160065,1,1,0,0,0,0,0,0,0,0,0,0
160065,2,1,0,0,0,0,0,0,0,0,0,0
160066,1,1,18,18,18,18,18,18,18,18,18,18
160067,1,1,0,0,0,0,0,0,0,0,0,0
160067,2,1,0,0,0,0,0,0,0,0,0,0
160068,1,1,0,11,0,14,0,5,0,7,0,0
160069,1,1,16,16,16,16,16,16,16,16,16,16
160070,0,1,0,0,0,0,0,0,0,0,0,0
160070,1,1,0,0,0,0,0,0,0,0,0,0
160071,1,1,0,0,0,0,0,0,0,0,0,0
160072,1,1,0,0,0,0,0,0,0,0,0,0
160072,2,1,0,0,0,0,0,0,0,0,0,0
160073,1,1,11,11,11,11,11,11,11,11,11,11
160074,1,1,0,0,0,0,0,0,0,0,0,0
160075,1,1,21,21,21,21,21,21,21,21,21,21
160075,2,1,0,0,0,0,0,0,0,15,0,0
160076,1,1,11,11,11,11,11,11,11,11,11,11
160077,1,1,0,0,0,0,0,0,0,0,0,0
160078,1,1,0,0,0,0,0,0,0,0,0,0
160078,2,1,2,2,2,2,2,2,2,2,2,2
160079,1,1,11,11,11,11,11,11,11,11,11,11
160080,1,1,5,5,5,5,5,5,5,5,5,5
160081,0,1,0,0,0,0,0,0,0,0,0,0
160081,1,1,0,0,0,0,0,0,0,0,0,0
160082,1,1,19,19,19,19,19,19,19,19,19,19
160082,2,1,0,0,0,0,0,0,0,0,0,0
160083,1,1,0,0,0,0,0,0,0,0,0,0
160083,2,1,0,0,0,0,0,0,0,0,0,0
160084,1,1,14,14,14,14,14,14,14,14,14,14
160085,1,1,14,14,14,14,14,14,14,14,14,14
160086,1,1,0,0,0,0,0,0,0,0,0,0
160087,1,1,14,14,14,14,14,14,14,14,14,14
160088,1,1,25,25,25,25,25,25,25,25,25,25
160089,1,1,6,6,6,6,6,6,6,6,6,6
160090,0,1,0,0,0,0,0,0,0,0,0,0
160090,1,1,0,0,0,0,0,0,0,0,0,0
160091,1,1,19,19,19,19,19,19,19,19,19,19
160092,1,1,0,0,0,0,0,0,0,0,0,0
160092,2,1,0,0,0,0,0,0,0,0,0,0
160093,1,1,21,21,21,21,21,21,21,21,21,21
160094,1,1,0,0,0,0,0,0,0,0,0,0
160094,2,1,0,0,0,0,0,0,0,0,12,0
160094,3,1,0,0,0,0,0,0,0,0,0,4
160095,1,1,15,15,15,15,15,15,15,15,15,15
160096,1,1,0,0,0,0,0,0,0,0,0,0
160097,1,1,0,0,0,0,0,0,0,0,0,0
160097,2,1,0,0,0,0,0,0,0,0,0,0
160098,1,1,0,0,0,0,0,0,0,0,0,0
160098,2,1,0,0,0,0,0,0,0,0,0,0
160099,1,1,0,7,0,0,0,10,0,0,0,0
160100,1,1,0,0,0,0,0,0,0,0,0,0