ST_CASE,VEH_NO,PER_NO,P1,P2,P3,P4,P5,P6,P7,P8,P9,P10
160101,1,1,28,28,28,28,28,28,28,28,28,28
160101,2,1,0,0,0,0,0,0,0,0,0,0
160102,1,1,26,26,26,26,26,26,26,26,26,26
160103,0,1,0,0,0,0,0,0,0,0,0,0
160103,1,1,0,0,0,0,0,0,0,0,0,0
160104,1,1,0,0,0,0,0,0,0,0,0,0
160105,0,1,0,0,0,0,0,0,0,0,0,0
160105,0,2,0,0,0,0,0,0,0,0,0,0
160105,1,1,3,3,3,3,3,3,3,3,3,3
160106,1,1,0,0,0,0,0,0,0,0,0,0
160106,2,1,0,0,0,0,0,0,0,0,0,0
160106,3,1,0,0,0,0,0,0,0,0,30,0
160107,1,1,37,37,37,37,37,37,37,37,37,37
160107,2,1,0,0,0,0,0,0,0,0,0,0
160108,1,1,0,0,0,0,0,0,0,0,0,0
160109,1,1,0,0,0,0,0,0,0,0,0,0
160109,2,1,0,0,0,0,0,0,0,0,0,0
160110,1,1,0,0,0,0,0,0,0,0,0,0
160110,2,1,0,0,0,0,0,0,0,0,0,0
160111,1,1,21,21,21,21,21,21,21,21,21,21
160112,1,1,3,3,3,3,3,3,3,3,3,3
160113,1,1,26,26,26,26,26,26,26,26,26,26
160114,1,1,0,0,0,0,0,0,0,0,0,0
160115,1,1,0,0,0,0,0,0,0,0,0,0
160115,2,1,0,0,0,0,0,0,0,0,0,0
160116,1,1,0,0,0,0,0,0,0,0,18,0
160116,2,1,0,0,0,0,0,0,0,0,0,0
160117,1,1,0,0,0,0,0,0,0,0,0,0
160117,2,1,20,0,20,0,0,0,0,8,0,11
160118,1,1,24,24,24,24,24,24,24,24,24,24
160119,1,1,14,14,14,14,14,14,14,14,14,14
160120,1,1,0,0,0,0,0,0,0,0,0,0
160121,1,1,0,0,0,0,0,0,0,0,0,0
160122,0,1,0,0,0,0,0,0,0,0,0,0
160122,1,1,0,0,0,0,0,0,0,0,0,0
160123,1,1,24,24,24,24,24,24,24,24,24,24
160124,1,1,0,0,0,0,0,0,0,0,0,0
160124,2,1,0,0,0,0,0,0,0,0,0,0
160125,1,1,26,26,26,26,26,26,26,26,26,26
160126,1,1,0,0,0,0,0,0,0,0,0,0
160127,1,1,19,19,19,19,19,19,19,19,19,19
160128,1,1,22,22,22,22,22,22,22,22,22,22
160128,2,1,0,0,0,0,0,0,0,0,0,0
160129,1,1,0,0,0,0,0,0,0,0,0,0
160130,1,1,0,0,0,0,0,0,0,0,0,0
160131,1,1,21,23,0,14,11,0,19,14,25,21
160132,1,1,0,0,0,0,0,0,0,0,0,0
160133,1,1,0,0,0,0,0,0,0,0,0,0
160133,2,1,0,0,0,0,0,0,0,0,0,0
160134,1,1,0,0,0,0,0,0,0,0,0,0
160134,2,1,0,0,0,0,0,0,0,0,0,0
160135,0,1,0,0,0,0,0,0,0,0,0,0
160135,1,1,0,0,0,0,0,0,0,0,0,0
160136,1,1,16,16,16,16,16,16,16,16,16,16
160136,2,1,0,0,0,0,0,0,0,0,0,0
160137,1,1,0,0,0,13,0,0,0,13,9,0
160138,1,1,19,19,19,19,19,19,19,19,19,19
160138,2,1,0,0,0,15,0,0,0,0,0,0
160139,1,1,0,0,0,0,0,0,0,0,0,0
160139,2,1,0,0,0,0,0,0,0,0,0,0
160140,1,1,0,0,0,0,0,0,0,0,0,0
160141,1,1,0,0,0,0,0,0,0,0,0,0
160141,2,1,0,0,0,0,0,0,0,0,0,0
160142,1,1,0,0,0,0,0,0,0,0,0,0
160142,2,1,0,0,0,0,0,0,0,0,0,0
160143,1,1,24,24,24,24,24,24,24,24,24,24
160144,1,1,24,24,24,24,24,24,24,24,24,24
160145,1,1,25,25,25,25,25,25,25,25,25,25
160146,1,1,0,0,0,0,0,0,0,0,0,0
160146,2,1,0,0,0,0,0,0,0,0,0,0
160147,1,1,18,18,18,18,18,18,18,18,18,18
160148,1,1,14,14,14,14,14,14,14,14,14,14
160149,1,1,0,0,0,0,0,0,0,0,0,0
160149,2,1,0,0,0,0,0,0,0,0,0,0
160150,0,1,19,19,19,19,19,19,19,19,19,19
160150,1,1,0,0,0,0,0,0,0,0,0,0
160151,1,1,0,0,0,0,0,0,0,0,0,0
160151,2,1,0,0,0,0,0,0,0,0,0,0
160152,1,1,0,0,0,0,0,0,0,0,0,0
160153,1,1,0,0,0,0,0,0,0,0,0,0
160154,1,1,0,0,0,0,0,0,0,0,0,0
160155,1,1,0,0,0,0,0,0,0,0,0,0
160156,1,1,0,0,0,0,0,0,0,0,0,0
160156,2,1,0,0,0,0,0,0,0,0,0,0
160157,1,1,0,0,0,0,0,0,0,0,0,0
160157,2,1,0,0,0,0,0,0,0,0,0,0
160158,0,1,0,0,0,0,0,0,0,0,0,0
160158,0,2,0,0,0,0,11,0,0,0,0,23
160158,1,1,0,0,0,0,0,0,0,0,0,0
160159,1,1,0,0,0,0,0,0,0,0,0,0
160159,2,1,0,0,0,0,0,0,6,0,0,0
160160,0,1,0,0,0,0,0,0,0,0,0,0
160160,1,1,0,0,0,0,0,0,0,0,0,0
160161,1,1,15,15,15,15,15,15,15,15,15,15
160161,2,1,0,0,0,0,0,0,0,0,0,0
160162,1,1,0,0,0,0,0,0,0,0,0,0
160162,2,1,0,0,0,0,0,0,0,0,0,0
160162,3,1,0,0,0,0,0,0,0,0,0,0
160163,1,1,0,0,0,0,0,0,0,0,0,0
160163,2,1,0,0,0,0,0,0,0,0,0,0
160164,1,1,0,0,0,0,0,0,0,0,0,0
160165,1,1,23,23,23,23,23,23,23,23,23,23
160166,1,1,0,0,0,0,0,0,0,0,0,0
160166,2,1,0,8,0,0,0,0,0,0,0,0
160167,1,1,0,0,0,0,0,0,0,0,0,0
160167,2,1,0,0,0,0,0,0,0,0,0,0
160168,1,1,26,26,26,26,26,26,26,26,26,26
160169,1,1,0,0,0,0,0,0,0,0,0,0
160170,1,1,27,27,27,27,27,27,27,27,27,27
160170,2,1,0,0,0,0,0,0,0,0,0,0
160171,1,1,0,0,0,0,0,0,0,0,0,0
160172,1,1,0,0,0,0,0,0,0,0,0,0
160172,2,1,0,0,0,0,0,0,0,0,0,0
160172,3,1,0,0,0,0,0,0,0,0,0,0
160173,1,1,0,0,0,0,0,0,0,0,0,0
160174,1,1,14,14,14,14,14,14,14,14,14,14
160175,1,1,0,0,0,0,0,0,0,0,0,0
160176,1,1,0,0,0,0,0,0,0,0,0,0
160176,2,1,0,0,0,0,0,0,0,0,0,0
160177,0,1,0,0,0,0,0,0,0,0,0,0
160177,1,1,0,0,0,0,0,0,0,0,0,0
160177,3,1,0,0,0,0,0,0,0,0,0,0
160178,1,1,0,0,0,0,0,0,0,0,0,0
160179,1,1,0,0,0,0,0,0,0,0,0,0
160179,2,1,0,0,0,0,0,0,0,0,0,0
160180,0,1,0,0,16,0,0,0,0,0,0,0
160180,0,2,0,0,0,0,0,0,0,0,0,0
160180,1,1,0,0,0,0,0,0,0,0,0,0
160182,1,1,0,0,0,0,0,0,0,0,0,0
160183,1,1,2,2,2,2,2,2,2,2,2,2
160183,2,1,0,0,0,0,0,0,0,0,0,0
160184,1,1,0,0,0,0,0,0,0,0,0,0
160184,2,1,0,0,0,0,0,0,0,0,0,0
160185,1,1,0,0,0,0,0,0,0,0,0,0
160186,1,1,25,25,25,25,25,25,25,25,25,25
160186,2,1,18,18,18,18,18,18,18,18,18,18
170001,1,1,12,0,0,0,0,0,0,0,0,0
170001,2,1,0,0,0,0,0,0,0,0,0,0
170002,1,1,0,0,0,0,0,0,0,0,0,0
170002,2,1,0,0,0,0,0,0,0,0,0,0
170003,1,1,21,21,21,21,21,21,21,21,21,21
170004,1,1,32,32,32,32,32,32,32,32,32,32
170005,1,1,30,30,30,30,30,30,30,30,30,30
170005,2,1,0,0,0,0,0,0,0,0,0,0
170005,3,1,0,0,0,0,0,0,0,0,0,0
170005,4,1,0,0,0,0,0,0,10,0,0,0
170006,1,1,0,0,0,0,0,0,0,0,0,0
170006,2,1,0,0,0,0,0,0,0,0,0,0
170007,1,1,5,0,0,0,0,0,0,0,0,0
170008,1,1,0,0,0,0,0,0,0,0,0,0
170008,2,1,0,0,0,0,0,0,0,0,0,0
170009,1,1,0,0,0,0,0,0,0,0,0,0
170009,2,1,0,0,0,0,0,0,0,0,0,0
170010,1,1,0,0,0,0,0,0,0,0,0,0
170010,2,1,0,0,0,0,0,0,0,0,0,0
170011,0,1,22,22,22,22,22,22,22,22,22,22
170011,1,1,0,0,0,0,0,0,0,0,0,0
170012,1,1,18,18,18,18,18,18,18,18,18,18
170013,1,1,0,0,0,0,0,0,0,0,0,0
170014,1,1,0,0,0,0,0,0,0,0,0,0
170014,2,1,0,0,0,0,0,0,0,0,0,0
170015,1,1,0,0,0,0,0,0,0,0,0,0
170015,2,1,0,0,0,0,0,0,0,0,0,0
170016,1,1,15,15,15,15,15,15,15,15,15,15
170017,1,1,0,0,0,0,0,0,0,0,0,0
170018,1,1,19,19,19,19,19,19,19,19,19,19
170018,2,1,0,0,0,0,0,0,0,0,0,0
170019,1,1,0,0,0,0,0,0,0,0,0,0
170020,1,1,22,22,22,22,22,22,22,22,22,22
170021,0,1,20,20,20,20,20,20,20,20,20,20
170021,1,1,12,12,12,12,12,12,12,12,12,12
170022,1,1,0,0,0,0,0,0,0,0,0,0
170022,2,1,0,0,0,0,0,0,0,0,0,0
170023,1,1,0,0,0,0,0,0,0,0,0,0
170023,2,1,0,0,0,0,0,0,0,0,0,0
170024,1,1,0,0,0,0,0,0,0,0,0,0
170024,2,1,0,0,0,0,0,0,0,0,0,0
170025,1,1,17,0,0,0,0,0,0,0,0,0
170026,1,1,0,0,0,0,0,0,0,0,0,0
170027,1,1,11,11,11,11,11,11,11,11,11,11
170027,2,1,0,0,0,0,0,0,0,0,0,0
170029,1,1,0,0,0,0,0,0,0,0,0,0
170030,1,1,0,0,0,0,0,0,0,0,0,0
170030,2,1,0,0,0,0,0,0,0,0,0,0
170031,1,1,0,0,0,0,0,0,0,0,0,0
170031,2,1,0,0,0,0,0,0,0,0,0,0
170032,1,1,12,12,12,12,12,12,12,12,12,12
170033,1,1,0,27,0,0,0,0,0,0,0,0
170033,2,1,0,0,0,0,0,0,0,0,0,0
170034,1,1,10,10,10,10,10,10,10,10,10,10
170034,2,1,0,0,0,0,0,0,0,0,0,0
170035,0,1,0,0,0,0,0,0,0,0,0,0
170035,1,1,0,0,22,0,0,0,0,0,0,0
170036,1,1,12,12,12,12,12,12,12,12,12,12
170037,0,1,24,24,24,24,24,24,24,24,24,24
170037,1,1,0,0,0,0,0,0,0,25,0,0
170038,1,1,25,25,25,25,25,25,25,25,25,25
170039,1,1,17,17,17,17,17,17,17,17,17,17
170039,2,1,0,0,0,0,0,0,0,0,0,0
170041,1,1,22,22,22,22,22,22,22,22,22,22
170043,1,1,0,0,0,0,0,0,0,0,0,0
170043,2,1,0,0,0,0,0,0,0,0,0,0
170044,1,1,22,22,22,22,22,22,22,22,22,22
170044,2,1,0,0,0,0,0,0,0,0,0,0
170045,1,1,21,21,21,21,21,21,21,21,21,21
170046,0,1,2,2,2,2,2,2,2,2,2,2
170046,1,1,0,0,0,0,0,0,0,0,0,0
170047,1,1,4,4,4,4,4,4,4,4,4,4
170047,2,1,0,0,0,0,0,0,0,0,0,0
170048,0,1,0,0,0,0,0,0,0,0,0,0
170048,1,1,0,0,0,0,0,0,0,0,0,0
170049,1,1,11,11,11,11,11,11,11,11,11,11
170050,1,1,27,27,27,27,27,27,27,27,27,27
170051,1,1,0,0,0,0,0,0,0,0,0,0
170053,1,1,0,0,0,0,0,0,0,0,0,0
170053,2,1,0,0,0,0,0,0,0,0,0,0
170054,1,1,0,0,0,0,0,0,0,0,0,0
170055,1,1,0,5,0,0,0,0,0,0,0,0
170055,2,1,0,0,14,0,0,0,16,0,0,0
170056,1,1,0,0,0,0,0,0,0,0,0,0
170056,2,1,0,0,0,0,0,0,0,0,0,0
170057,1,1,1,1,1,1,1,1,1,1,1,1
170058,1,1,0,0,0,0,0,0,0,0,0,0
170058,2,1,0,0,0,0,0,0,0,22,0,0
170059,1,1,0,0,0,0,0,0,0,0,0,0
170060,1,1,0,0,0,0,0,0,0,0,0,0
170060,2,1,0,0,0,0,0,0,0,0,0,0
170060,3,1,0,0,0,0,0,0,0,0,0,0
170060,4,1,0,0,0,0,0,0,0,0,0,0
170061,1,1,11,11,11,11,11,11,11,11,11,11
170061,2,1,19,19,19,19,19,19,19,19,19,19
170062,1,1,0,0,0,0,0,0,0,0,0,0
170062,2,1,0,0,0,0,0,0,0,0,0,0
170063,1,1,0,0,0,0,0,0,0,0,0,0
170063,2,1,0,0,0,0,0,0,0,0,0,0
170063,3,1,0,0,0,41,0,0,0,0,0,15
170064,1,1,26,26,26,26,26,26,26,26,26,26
170065,1,1,7,7,7,7,7,7,7,7,7,7
170065,2,1,0,0,0,0,0,0,0,0,0,0
170066,1,1,0,0,0,0,0,0,0,0,0,0
170066,2,1,0,0,0,0,0,26,0,0,0,0
170067,1,1,0,0,0,0,0,0,0,0,0,0
170067,2,1,0,0,16,0,0,0,0,0,0,0
170068,1,1,3,3,3,3,3,3,3,3,3,3
170069,1,1,8,8,8,8,8,8,8,8,8,8
170070,1,1,0,0,0,0,0,0,0,0,0,0
170070,2,1,0,0,0,0,0,0,0,0,0,0
170070,3,1,0,0,0,0,0,0,0,0,0,0
170071,1,1,22,22,22,22,22,22,22,22,22,22
170072,1,1,0,0,0,0,0,0,0,0,0,0
170073,1,1,22,22,22,22,22,22,22,22,22,22
170075,1,1,0,0,0,0,0,0,0,0,0,0
170075,2,1,0,0,0,0,0,0,0,0,0,0
170075,3,1,0,0,0,0,0,0,0,0,0,0
170075,4,1,0,0,0,0,39,0,0,0,0,0
170076,1,1,0,0,0,0,0,0,0,0,0,0
170076,2,1,0,0,0,0,0,0,0,0,0,0
170077,1,1,8,8,8,8,8,8,8,8,8,8
170078,1,1,0,0,0,0,0,0,0,0,0,0
170079,1,1,0,0,0,0,0,0,0,0,0,0
170079,2,1,9,0,0,0,0,0,0,0,0,12
170079,3,1,0,0,0,0,0,0,0,0,0,0
170079,4,1,0,0,0,0,0,0,0,0,0,0
170080,0,1,22,22,22,22,22,22,22,22,22,22
170080,1,1,0,0,0,0,0,0,0,0,12,0
170081,1,1,0,0,0,0,0,0,0,0,0,0
170081,2,1,0,0,0,0,0,0,0,0,0,0
170082,1,1,1,1,1,1,1,1,1,1,1,1
170082,2,1,0,5,0,0,0,0,21,0,0,0
170083,1,1,0,0,0,0,0,0,0,0,0,0
170084,1,1,0,0,0,0,0,0,0,0,0,0
170084,2,1,0,0,0,0,0,0,0,0,0,0
170085,1,1,0,0,0,0,0,0,0,0,0,0
170085,2,1,0,0,0,0,0,0,0,0,0,0
170086,0,1,0,0,0,0,0,0,0,0,0,0
170086,1,1,0,0,0,0,0,24,0,22,0,0
170087,0,1,18,18,18,18,18,18,18,18,18,18
170087,1,1,0,12,29,19,0,0,13,0,0,0
170088,1,1,35,35,35,35,35,35,35,35,35,35
170089,1,1,0,0,0,0,0,0,0,0,0,0
170089,2,1,0,0,0,0,0,0,0,0,0,0
170090,0,1,0,0,0,0,0,0,0,0,0,0
170090,1,1,0,0,0,0,0,0,0,0,0,0
170091,0,1,0,0,0,0,0,0,0,0,0,0
170091,1,1,0,0,0,0,0,0,0,0,0,0
170092,1,1,16,16,16,16,16,16,16,16,16,16
170093,1,1,0,0,0,0,0,0,0,0,0,0
170094,1,1,17,17,17,17,17,17,17,17,17,17
170094,2,1,0,0,0,0,0,0,0,0,0,0
170095,1,1,27,27,27,27,27,27,27,27,27,27
170096,1,1,2,2,2,2,2,2,2,2,2,2
170096,2,1,0,17,0,17,24,29,0,22,0,0
170097,1,1,0,0,0,0,0,0,0,0,0,0
170097,2,1,0,0,0,0,0,0,0,0,0,0
170098,1,1,0,0,0,0,0,0,0,0,0,0
170099,0,1,0,0,0,0,0,0,19,17,0,0
170099,0,2,0,0,0,0,0,0,0,0,0,0
170099,1,1,1,1,1,1,1,1,1,1,1,1
170100,1,1,0,0,0,0,0,0,0,0,0,0
170101,1,1,20,20,20,20,20,20,20,20,20,20
170102,1,1,11,11,11,11,11,11,11,11,11,11
170102,2,1,0,0,0,0,0,0,0,0,0,0
170103,0,1,0,0,0,0,0,0,0,0,0,0
170103,1,1,0,16,10,17,10,13,19,20,0,0
170104,0,1,0,0,0,0,0,0,0,0,0,0
170104,1,1,0,0,0,0,0,0,0,0,0,0
170105,1,1,0,0,0,0,0,0,0,0,0,0
170105,2,1,0,0,0,0,0,0,0,0,0,0
170106,1,1,0,0,0,0,0,0,0,0,0,0
170108,1,1,11,11,11,11,11,11,11,11,11,11
170109,1,1,0,0,0,0,0,0,0,0,0,0
170110,1,1,14,14,14,14,14,14,14,14,14,14
170111,1,1,0,0,0,0,0,0,0,0,0,0
170111,2,1,0,17,0,0,0,0,0,0,0,0
170112,1,1,0,0,0,0,0,0,0,0,0,0
170112,2,1,0,0,0,0,0,0,0,0,0,0
170113,0,1,0,0,0,0,0,0,0,0,0,0
170113,1,1,0,0,0,0,0,0,0,0,0,0
170114,1,1,0,0,0,0,0,0,0,0,0,0
170114,2,1,0,0,0,0,0,0,0,0,0,0
170115,1,1,0,0,0,0,0,0,0,0,0,0
170117,1,1,0,0,0,0,0,0,0,0,0,0
170118,1,1,19,19,19,19,19,19,19,19,19,19
170118,2,1,0,0,0,0,0,0,0,0,0,0
170119,1,1,0,0,0,0,0,0,0,0,0,0
170119,2,1,0,0,0,0,0,0,0,0,0,0
170120,0,1,9,9,9,9,9,9,9,9,9,9
170120,0,2,0,0,0,0,17,16,10,0,6,0
170120,1,1,9,9,9,9,9,9,9,9,9,9
170121,1,1,25,25,25,25,25,25,25,25,25,25
170122,1,1,0,0,0,0,0,0,0,0,0,0
170122,2,1,0,0,0,0,0,0,0,0,0,0
170123,1,1,0,0,0,0,0,0,0,0,0,0
170123,2,1,0,0,9,0,0,0,0,0,0,0
170124,1,1,0,0,0,0,0,0,0,0,0,0
170126,0,1,0,0,0,0,0,0,0,0,0,0
170126,1,1,0,0,0,0,0,0,0,0,0,0
170127,1,1,0,0,0,0,0,0,0,0,0,0
170127,2,1,0,0,0,0,0,0,0,0,0,0
170127,3,1,23,0,0,0,0,12,0,9,0,0
170128,1,1,0,0,0,0,0,0,0,0,0,0
170128,2,1,0,0,0,0,0,0,0,0,0,0
170128,3,1,0,25,0,0,0,0,10,0,0,0
170129,0,1,0,0,0,0,0,0,0,0,0,0
170129,1,1,0,0,0,0,0,0,0,0,0,0
170130,1,1,0,0,0,0,0,0,0,0,0,0
170130,2,1,0,0,0,0,0,0,0,0,0,0
170131,1,1,0,0,0,0,0,0,0,0,0,0
170132,1,1,0,0,0,0,0,0,0,0,0,0
170132,2,1,6,6,6,6,6,6,6,6,6,6
170133,1,1,22,22,22,22,22,22,22,22,22,22
170134,0,1,0,0,0,0,0,0,0,0,0,0
170134,0,2,0,0,0,0,0,0,0,0,0,0
170134,0,3,0,0,0,0,0,0,0,0,0,0
170134,1,1,0,0,0,0,0,0,0,0,0,0
170135,1,1,21,21,21,21,21,21,21,21,21,21
170136,1,1,0,0,0,0,0,0,0,0,0,0
170137,1,1,25,25,25,25,25,25,25,25,25,25
170137,2,1,0,0,0,0,0,0,0,0,0,0
170138,1,1,23,23,23,23,23,23,23,23,23,23
170138,2,1,0,0,0,0,0,0,0,0,0,0
170139,1,1,25,25,25,25,25,25,25,25,25,25
170140,1,1,0,0,0,0,0,0,0,0,0,0
170142,0,1,0,0,0,0,0,0,0,0,0,0
170142,1,1,0,0,0,0,0,0,0,0,0,0
170143,0,1,15,15,15,15,15,15,15,15,15,15
170143,0,2,0,0,21,0,0,0,5,3,0,9
170143,0,3,5,30,17,0,0,0,12,0,14,18
170143,1,1,0,0,0,0,0,0,0,0,0,0
170144,0,1,0,0,0,0,0,0,0,0,0,0
170144,1,1,0,0,0,0,0,0,0,0,0,0
170145,0,1,24,24,24,24,24,24,24,24,24,24
170145,1,1,0,0,0,0,0,0,0,0,0,0
170146,0,1,0,0,0,0,0,0,0,0,0,0
170146,0,2,25,20,0,0,2,8,0,7,0,0
170146,1,1,0,0,0,0,0,0,0,0,0,0
170147,1,1,0,0,0,0,0,0,0,0,0,0
170148,1,1,20,2,6,16,11,9,8,19,22,17
170148,2,1,0,0,0,0,0,0,0,0,0,0
170149,1,1,0,0,0,0,0,7,0,10,19,7
170149,2,1,0,0,0,0,0,0,0,0,19,0
170150,1,1,18,18,18,18,18,18,18,18,18,18
170151,1,1,0,0,0,0,0,0,0,0,0,0
170152,1,1,0,0,0,0,0,0,0,0,0,0
170152,2,1,0,0,0,0,0,0,0,0,0,0
170153,1,1,21,21,21,21,21,21,21,21,21,21
170154,1,1,25,25,25,25,25,25,25,25,25,25
170154,2,1,0,0,0,0,0,0,0,0,0,0
170155,1,1,9,9,9,9,9,9,9,9,9,9
170156,1,1,0,0,0,0,0,0,0,0,0,0
170157,1,1,0,0,0,0,0,0,0,0,0,0
170158,1,1,0,0,0,0,0,0,0,0,0,0
170158,2,1,0,0,0,0,0,0,0,0,0,0
170159,1,1,0,10,0,8,5,9,0,0,0,0
170160,1,1,9,23,0,0,19,0,0,0,21,0
170160,2,1,0,0,19,0,24,0,50,0,0,0
170161,1,1,0,0,0,0,0,0,0,0,0,0
170161,2,1,0,0,0,0,0,0,0,0,0,0
170162,1,1,0,0,0,0,0,0,0,0,0,0
170162,2,1,0,0,0,0,0,0,0,0,0,0
170163,1,1,0,0,0,0,0,0,0,0,0,0
170164,1,1,4,0,11,0,0,0,0,0,0,0
170165,1,1,4,4,4,4,4,4,4,4,4,4
170167,1,1,0,0,0,0,0,14,0,0,0,25
170168,1,1,0,0,0,0,0,0,0,0,0,0
170170,1,1,0,0,0,0,0,0,0,0,0,0
170170,2,1,0,0,0,0,0,23,0,29,0,0
170171,1,1,0,0,0,0,0,0,0,0,0,0
170171,2,1,0,0,0,0,0,0,0,0,0,0
170172,1,1,0,0,0,0,0,0,0,0,0,0
170172,2,1,0,0,0,0,0,0,0,0,0,0
170173,1,1,13,13,13,13,13,13,13,13,13,13
170173,2,1,0,0,0,0,0,0,0,0,0,0
170174,1,1,0,0,0,0,0,0,0,0,0,0
170174,2,1,0,0,0,0,0,0,0,2,0,0
170175,1,1,21,21,21,21,21,21,21,21,21,21
170176,0,1,0,0,0,0,0,0,0,0,0,0
170176,1,1,0,0,0,13,0,0,0,11,0,0
170177,0,1,1,1,1,1,1,1,1,1,1,1
170177,0,2,12,23,12,12,13,26,10,18,12,20
170177,1,1,0,0,13,20,25,20,3,16,0,4
170178,1,1,5,5,5,5,5,5,5,5,5,5
170178,2,1,0,0,0,0,0,0,0,0,0,0
170179,1,1,13,13,13,13,13,13,13,13,13,13
170180,1,1,0,0,0,0,0,0,0,0,0,0
170180,2,1,0,0,0,0,0,0,0,0,0,0
170181,1,1,1,1,1,1,1,1,1,1,1,1
170181,2,1,0,0,0,0,0,0,0,0,0,0
170182,1,1,0,0,0,0,0,0,0,0,0,0
170182,2,1,0,0,0,0,9,0,0,0,0,0
170183,1,1,0,0,0,0,0,0,0,0,0,0
170183,2,1,0,0,0,0,0,0,0,0,0,0
170184,1,1,0,19,0,0,0,0,0,0,0,19
170185,1,1,0,0,0,0,0,0,0,0,0,0
170186,0,1,0,0,0,0,0,0,0,0,0,0
170186,0,2,0,0,0,0,0,0,0,0,0,0
170186,1,1,0,0,0,0,0,0,0,0,0,0
170186,2,1,0,0,0,0,0,0,0,0,0,0
170187,1,1,0,0,0,0,0,0,0,0,0,0
170187,2,1,0,0,0,0,0,0,0,0,0,0
170188,1,1,0,0,0,0,0,0,0,0,0,0
170189,1,1,10,14,0,0,0,0,0,0,0,0
170189,2,1,0,0,0,0,0,0,0,0,0,0
170189,3,1,0,0,0,0,0,0,0,0,0,0
170190,1,1,0,0,0,0,12,0,0,0,0,0
170191,1,1,17,17,17,17,17,17,17,17,17,17
170191,2,1,0,0,0,0,0,0,0,0,0,0
170192,1,1,0,0,0,0,0,0,0,0,0,0
170193,1,1,20,20,20,20,20,20,20,20,20,20
170193,2,1,0,0,7,17,0,22,0,0,0,0
170194,1,1,0,0,0,0,0,0,0,0,0,0
170195,0,1,0,0,0,0,0,0,0,0,0,0
170195,1,1,0,0,0,0,0,0,0,0,0,0
170197,1,1,29,17,31,16,26,15,23,13,4,26
170198,1,1,8,8,8,8,8,8,8,8,8,8
170200,1,1,0,0,0,13,0,0,10,0,0,0
170200,2,1,0,0,0,0,0,0,0,0,0,0
170201,1,1,0,17,0,0,9,0,0,8,0,11
170201,2,1,0,0,0,0,0,0,31,8,0,0
170201,3,1,0,0,0,0,0,0,0,0,0,14
170202,1,1,0,0,0,0,0,0,0,0,0,0
170202,2,1,0,0,0,0,0,0,0,0,0,0
170203,1,1,18,18,18,18,18,18,18,18,18,18
170204,1,1,20,20,20,20,20,20,20,20,20,20
170204,2,1,0,0,0,0,0,0,0,0,0,0
170205,1,1,15,15,15,15,15,15,15,15,15,15
170206,1,1,0,0,0,0,0,0,0,0,0,0
170207,0,1,0,0,0,0,0,0,0,0,0,0
170207,1,1,0,0,0,0,0,0,0,0,0,0
170208,0,1,0,0,0,0,0,0,0,0,0,0
170208,1,1,0,0,0,0,0,0,0,0,0,0
170209,1,1,0,0,0,0,0,0,0,0,0,0
170209,2,1,0,0,0,0,0,0,0,0,0,0
170210,0,1,14,14,14,14,14,14,14,14,14,14
170210,1,1,0,0,0,0,0,0,0,0,0,0
170211,1,1,10,10,10,10,10,10,10,10,10,10
170212,1,1,0,0,0,0,0,0,0,0,0,0
170212,2,1,0,0,0,0,0,0,0,0,0,0
170213,1,1,0,0,0,0,0,0,0,0,0,0
170213,2,1,0,0,0,0,0,0,0,0,0,0
170214,1,1,0,0,0,0,0,0,0,0,0,0
170215,1,1,0,0,0,0,0,0,0,0,0,0
170215,2,1,0,10,0,0,0,5,0,8,7,0
170216,1,1,3,3,3,3,3,3,3,3,3,3
170217,0,1,0,0,0,0,0,0,0,0,0,0
170217,1,1,0,0,0,0,0,0,0,0,0,0
170218,1,1,0,0,0,0,0,0,0,0,0,0
170218,2,1,0,0,0,0,0,0,0,0,0,0
170219,1,1,14,14,14,14,14,14,14,14,14,14
170219,2,1,0,0,0,0,0,0,0,0,0,0
170219,3,1,0,0,0,0,0,0,22,0,0,0
170220,1,1,23,23,23,23,23,23,23,23,23,23
170221,1,1,0,0,0,0,0,0,0,0,0,0
170222,1,1,20,20,20,20,20,20,20,20,20,20
170223,1,1,0,0,0,0,0,0,0,0,0,0
170223,2,1,0,0,0,0,0,0,0,0,0,0
170224,1,1,0,0,0,0,0,0,0,0,0,0
170224,2,1,0,0,0,0,0,0,0,0,0,0
170224,3,1,0,0,0,0,0,6,0,0,0,0
170225,1,1,0,0,0,0,0,0,0,0,0,0
170227,1,1,0,0,0,0,0,0,0,0,0,0
170227,2,1,0,5,0,0,0,0,0,0,0,0
170228,0,1,0,0,15,0,0,0,0,0,25,0
170228,0,2,0,0,0,13,0,0,3,5,11,0
170228,0,3,0,0,0,0,0,0,0,0,0,0
170228,1,1,5,5,5,5,5,5,5,5,5,5
170228,2,1,0,0,0,0,0,0,0,0,22,23
170228,3,1,0,0,0,0,5,0,0,0,0,0
170228,4,1,0,0,0,0,0,0,0,0,0,0
170228,5,1,0,0,0,0,0,0,8,30,0,0
170228,6,1,0,0,0,0,0,0,0,0,0,0
170229,1,1,0,0,0,0,0,0,0,0,25,7
170229,2,1,0,0,0,0,0,0,0,0,0,0
170229,3,1,0,0,0,0,0,0,0,0,0,0