ST_CASE,VEH_NO,PER_NO,P1,P2,P3,P4,P5,P6,P7,P8,P9,P10
170230,1,1,27,27,27,27,27,27,27,27,27,27
170231,1,1,21,21,21,21,21,21,21,21,21,21
170233,1,1,0,0,0,0,0,0,0,0,0,0
170233,2,1,23,0,0,0,0,0,0,0,8,0
170233,3,1,0,0,0,0,0,0,0,0,0,0
170234,1,1,0,0,0,25,0,17,7,0,0,0
170234,2,1,0,0,0,0,0,0,0,0,0,0
170235,1,1,9,9,9,9,9,9,9,9,9,9
170235,2,1,16,16,16,16,16,16,16,16,16,16
170236,1,1,0,0,0,0,0,0,0,0,0,0
170237,1,1,4,4,4,4,4,4,4,4,4,4
170238,0,1,10,10,10,10,10,10,10,10,10,10
170238,1,1,0,0,0,0,0,0,0,0,0,0
170239,1,1,0,0,0,0,0,0,0,0,0,0
170239,2,1,0,0,0,0,0,0,0,0,0,0
170239,3,1,0,0,0,0,0,0,0,0,0,0
170241,1,1,0,0,0,0,0,0,0,9,7,0
170242,1,1,19,19,19,19,19,19,19,19,19,19
170243,1,1,0,0,0,0,0,0,0,0,0,0
170244,0,1,0,0,0,0,0,0,0,0,0,0
170244,1,1,0,0,0,0,0,0,0,0,0,0
170245,1,1,0,0,0,0,0,0,0,0,0,0
170246,1,1,27,27,27,27,27,27,27,27,27,27
170246,2,1,0,0,0,0,0,0,0,0,0,0
170248,1,1,0,0,0,0,0,0,0,0,0,0
170249,1,1,0,0,0,0,0,0,0,0,0,0
170249,2,1,0,0,0,0,0,0,0,0,0,0
170250,1,1,0,0,0,0,0,0,0,0,0,0
170250,2,1,0,0,0,0,30,0,0,0,0,0
170250,3,1,0,0,0,0,4,7,0,0,0,0
170250,4,1,0,0,0,7,8,0,0,0,0,11
170251,1,1,26,26,26,26,26,26,26,26,26,26
170252,1,1,0,0,0,0,0,25,0,0,0,0
170252,2,1,0,0,0,0,0,0,0,0,0,0
170253,1,1,5,5,5,5,5,5,5,5,5,5
170254,1,1,0,0,0,0,0,0,0,0,0,0
170254,2,1,0,0,0,0,0,0,0,0,0,0
170255,1,1,4,0,15,26,27,14,0,0,0,18
170255,2,1,0,0,0,0,0,0,0,0,0,0
170256,1,1,0,0,0,0,0,0,0,0,0,0
170256,2,1,0,0,0,10,9,0,0,0,0,0
170257,1,1,0,0,0,0,0,0,0,0,8,0
170258,1,1,0,0,0,0,0,0,0,0,0,0
170259,1,1,18,18,18,18,18,18,18,18,18,18
170260,1,1,5,5,5,5,5,5,5,5,5,5
170261,1,1,0,0,0,0,0,0,0,0,0,0
170262,1,1,0,0,0,0,0,0,0,0,0,0
170262,2,1,0,0,0,0,0,0,0,0,0,0
170263,1,1,20,20,20,20,20,20,20,20,20,20
170264,1,1,0,0,0,0,0,0,0,0,0,0
170264,2,1,0,0,0,0,0,0,0,0,0,0
170264,3,1,0,0,0,0,0,0,0,0,0,0
170264,4,1,0,0,0,0,0,0,0,0,0,0
170264,5,1,0,0,0,0,0,0,6,0,0,0
170264,6,1,0,0,0,0,0,0,0,0,0,0
170264,7,1,0,0,0,0,0,0,0,0,0,0
170264,8,1,0,0,0,0,0,0,0,0,0,0
170264,9,1,0,0,0,0,0,0,0,0,0,0
170265,1,1,0,0,0,0,0,0,0,0,0,0
170266,0,1,11,11,11,11,11,11,11,11,11,11
170266,1,1,0,0,0,29,26,0,0,8,0,0
170267,1,1,0,0,0,0,0,0,0,0,0,0
170267,2,1,0,0,0,0,0,0,0,0,0,0
170268,1,1,0,0,0,0,0,0,0,0,0,0
170268,2,1,0,0,0,0,0,0,22,0,0,28
170269,1,1,11,0,0,17,0,0,0,0,0,0
170269,2,1,0,0,0,0,0,0,0,0,0,0
170270,1,1,1,1,1,1,1,1,1,1,1,1
170270,2,1,0,0,0,27,0,0,8,9,0,0
170271,1,1,16,16,16,16,16,16,16,16,16,16
170272,1,1,15,15,15,15,15,15,15,15,15,15
170273,1,1,0,0,0,0,0,0,0,0,0,0
170274,1,1,21,21,21,21,21,21,21,21,21,21
170275,1,1,13,13,13,13,13,13,13,13,13,13
170276,0,1,0,0,0,0,0,0,0,0,0,0
170276,1,1,37,37,37,37,37,37,37,37,37,37
170277,0,1,27,27,27,27,27,27,27,27,27,27
170277,1,1,0,0,0,0,0,0,0,0,0,0
170278,0,1,0,0,0,0,0,0,0,0,0,0
170278,1,1,3,3,3,3,3,3,3,3,3,3
170278,2,1,0,0,0,0,0,0,0,21,8,0
170278,3,1,0,3,0,0,0,0,0,0,0,0
170279,1,1,0,0,0,0,0,0,0,0,0,0
170280,0,1,0,0,0,0,22,0,15,0,18,29
170280,1,1,0,0,5,0,0,0,0,0,0,0
170281,1,1,0,0,0,0,0,7,0,0,0,0
170281,2,1,0,0,0,0,0,0,0,0,35,0
170281,3,1,0,0,10,0,0,0,0,0,15,0
170281,4,1,0,0,0,16,0,0,0,0,11,0
170282,0,1,0,0,0,0,0,0,0,0,0,0
170282,1,1,0,0,0,16,0,0,0,0,0,0
170283,1,1,33,33,33,33,33,33,33,33,33,33
170284,1,1,0,0,0,0,0,13,26,0,0,0
170284,2,1,0,0,0,0,0,0,0,0,0,0
170284,3,1,18,0,0,0,0,0,12,0,0,0
170285,0,1,15,15,15,15,15,15,15,15,15,15
170285,1,1,0,0,0,0,0,0,0,0,0,0
170286,1,1,0,0,0,0,0,0,0,0,0,0
170287,0,1,0,0,0,0,0,0,0,0,0,0
170287,1,1,10,10,10,10,10,10,10,10,10,10
170288,1,1,21,21,21,21,21,21,21,21,21,21
170289,1,1,12,12,12,12,12,12,12,12,12,12
170289,2,1,0,0,0,0,0,0,0,0,0,0
170290,0,1,0,0,0,0,0,0,0,0,0,0
170290,1,1,0,0,0,0,0,0,0,0,0,0
170291,1,1,8,8,8,8,8,8,8,8,8,8
170292,1,1,0,0,0,0,0,0,0,0,0,0
170293,1,1,0,0,0,0,0,0,0,0,0,0
170293,2,1,0,0,0,0,0,0,16,0,0,0
170294,1,1,0,0,0,0,0,0,0,0,0,0
170294,2,1,0,0,0,0,0,0,0,0,0,0
170296,1,1,15,15,15,15,15,15,15,15,15,15
170297,1,1,0,0,0,0,0,0,0,0,0,0
170297,2,1,0,0,0,0,0,0,0,21,0,0
170298,1,1,0,0,0,0,0,0,0,0,0,0
170298,2,1,0,17,0,0,0,0,0,0,0,0
170299,1,1,0,0,0,0,19,0,0,0,0,0
170299,2,1,0,0,0,0,0,0,0,0,0,0
170300,0,1,0,0,0,0,0,0,0,0,0,0
170300,1,1,5,18,22,7,25,5,13,17,0,18
170301,1,1,31,31,31,31,31,31,31,31,31,31
170302,1,1,13,13,13,13,13,13,13,13,13,13
170303,1,1,0,0,0,0,0,0,0,0,0,0
170303,2,1,0,0,0,8,0,0,0,0,0,0
170304,1,1,15,15,15,15,15,15,15,15,15,15
170304,2,1,0,0,0,10,0,0,0,0,0,0
170305,1,1,0,0,0,0,0,0,0,0,0,0
170306,1,1,19,19,19,19,19,19,19,19,19,19
170307,1,1,0,0,0,0,0,0,0,0,0,0
170308,1,1,14,14,14,14,14,14,14,14,14,14
170309,1,1,6,6,6,6,6,6,6,6,6,6
170309,2,1,5,5,5,5,5,5,5,5,5,5
170310,1,1,0,0,0,0,0,0,0,0,0,0
170310,2,1,0,0,0,0,0,0,0,0,0,0
170311,1,1,7,7,7,7,7,7,7,7,7,7
170312,1,1,0,0,0,0,0,0,0,0,0,0
170313,0,1,0,0,0,0,0,0,0,0,0,0
170313,1,1,10,0,0,12,11,0,17,0,0,0
170314,1,1,9,22,0,5,10,0,11,0,0,0
170315,1,1,7,7,7,7,7,7,7,7,7,7
170316,1,1,16,16,16,16,16,16,16,16,16,16
170317,1,1,6,6,6,6,6,6,6,6,6,6
170318,0,1,22,0,21,28,29,10,31,0,0,8
170318,1,1,0,17,7,17,0,11,0,9,9,0
170319,1,1,0,0,0,0,0,0,0,0,0,0
170319,2,1,25,0,0,0,12,0,0,8,0,16
170320,1,1,0,0,0,0,0,0,0,0,0,0
170320,2,1,0,0,0,0,0,0,0,0,0,0
170321,1,1,0,0,0,0,0,0,0,0,0,22
170321,2,1,0,0,0,0,0,11,0,0,0,0
170322,0,1,0,24,26,0,0,0,0,3,0,0
170322,1,1,0,11,0,0,0,0,0,30,12,0
170323,1,1,0,0,0,0,0,0,0,0,0,0
170324,1,1,20,20,20,20,20,20,20,20,20,20
170326,1,1,15,15,15,15,15,15,15,15,15,15
170326,2,1,2,2,2,2,2,2,2,2,2,2
170327,1,1,22,22,22,22,22,22,22,22,22,22
170329,1,1,16,16,16,16,16,16,16,16,16,16
170330,1,1,0,0,8,0,0,0,0,0,0,23
170330,2,1,0,0,0,0,0,0,0,0,0,0
170331,1,1,0,0,0,0,0,0,0,0,0,0
170331,2,1,0,0,0,0,0,0,0,0,0,0
170332,0,1,3,3,3,3,3,3,3,3,3,3
170332,1,1,0,0,0,0,0,0,0,0,0,0
170334,1,1,13,13,13,13,13,13,13,13,13,13
170335,1,1,18,18,18,18,18,18,18,18,18,18
170336,1,1,0,0,0,0,0,0,0,0,0,0
170337,1,1,0,0,0,0,0,0,6,0,10,0
170337,2,1,0,0,0,0,0,0,0,0,0,0
170338,1,1,0,0,0,0,0,0,0,0,0,0
170339,0,1,0,0,0,0,0,0,0,0,0,0
170339,1,1,0,24,0,0,0,0,0,0,0,0
170340,1,1,21,21,21,21,21,21,21,21,21,21
170341,0,1,25,25,25,25,25,25,25,25,25,25
170341,1,1,0,2,0,10,0,0,0,0,0,0
170343,1,1,0,0,18,0,0,0,0,0,0,0
170343,2,1,0,0,16,0,0,0,33,0,0,0
170344,1,1,0,0,0,0,0,0,0,0,0,0
170345,1,1,1,1,1,1,1,1,1,1,1,1
170346,1,1,22,22,22,22,22,22,22,22,22,22
170347,1,1,13,13,13,13,13,13,13,13,13,13
170348,1,1,0,0,0,0,0,0,0,0,0,0
170348,2,1,7,7,7,7,7,7,7,7,7,7
170349,1,1,18,19,0,21,2,28,10,0,13,0
170350,1,1,0,0,0,0,0,0,0,0,0,0
170351,1,1,1,1,1,1,1,1,1,1,1,1
170353,1,1,22,22,22,22,22,22,22,22,22,22
170353,2,1,3,3,3,3,3,3,3,3,3,3
170354,1,1,0,0,0,0,0,0,0,0,0,0
170355,0,1,0,23,0,0,17,0,0,0,0,0
170355,1,1,0,0,0,0,0,0,0,0,0,0
170356,1,1,0,0,0,0,0,0,0,0,0,0
170357,1,1,6,6,6,6,6,6,6,6,6,6
170357,2,1,0,0,0,0,0,0,0,0,0,0
170358,1,1,0,0,0,0,0,0,0,0,0,0
170358,2,1,0,0,0,0,0,0,0,0,0,0
170359,1,1,5,5,5,5,5,5,5,5,5,5
170359,2,1,0,0,0,0,0,0,0,0,0,0
170360,1,1,6,6,6,6,6,6,6,6,6,6
170361,1,1,20,20,20,20,20,20,20,20,20,20
170362,1,1,4,4,4,4,4,4,4,4,4,4
170363,1,1,26,3,17,22,9,20,27,5,10,22
170364,1,1,20,20,20,20,20,20,20,20,20,20
170365,1,1,11,11,11,11,11,11,11,11,11,11
170366,1,1,13,13,13,13,13,13,13,13,13,13
170367,1,1,0,0,0,0,0,0,0,0,0,0
170367,2,1,0,0,0,0,0,0,0,0,0,0
170368,1,1,0,0,0,0,0,0,0,0,0,0
170368,2,1,0,0,0,0,0,0,0,0,0,0
170369,1,1,0,0,0,0,0,0,0,0,0,0
170369,2,1,0,0,0,0,0,0,0,0,0,0
170371,1,1,36,36,36,36,36,36,36,36,36,36
170371,2,1,0,20,0,0,0,0,0,0,0,0
170372,1,1,0,0,0,0,0,0,0,0,0,0
170374,1,1,0,0,0,0,0,0,0,0,0,0
170375,1,1,15,15,15,15,15,15,15,15,15,15
170375,2,1,0,0,0,0,0,0,0,0,0,0
170376,1,1,18,18,18,18,18,18,18,18,18,18
170376,2,1,0,0,0,0,0,0,0,0,0,0
170377,1,1,0,0,0,0,0,0,0,0,0,0
170378,1,1,8,8,8,8,8,8,8,8,8,8
170378,2,1,23,0,0,25,0,20,25,0,0,0
170379,1,1,15,15,15,15,15,15,15,15,15,15
170380,1,1,20,16,11,25,0,10,0,14,15,22
170381,1,1,31,31,31,31,31,31,31,31,31,31
170382,1,1,0,0,0,0,0,0,0,0,0,0
170383,1,1,0,0,0,0,0,0,0,0,0,0
170383,2,1,2,2,2,2,2,2,2,2,2,2
170384,1,1,0,0,0,0,0,0,0,0,0,0
170384,2,1,0,0,0,0,0,35,0,46,0,22
170385,1,1,0,0,0,21,0,0,0,0,0,0
170386,1,1,4,4,4,4,4,4,4,4,4,4
170387,1,1,0,0,0,0,0,0,0,0,0,0
170387,2,1,11,0,0,0,12,0,0,18,0,0
170388,1,1,11,11,11,11,11,11,11,11,11,11
170389,1,1,0,0,0,0,0,0,0,0,0,0
170390,1,1,0,0,0,0,0,0,0,0,0,0
170390,2,1,0,0,0,0,0,0,0,0,0,0
170391,0,1,22,22,22,22,22,22,22,22,22,22
170391,1,1,0,0,0,0,0,0,0,0,0,0
170394,1,1,0,0,0,0,0,0,0,0,0,0
170394,2,1,0,0,11,0,0,0,0,0,0,0
170394,3,1,0,0,0,12,0,0,0,0,0,0
170395,1,1,6,6,6,6,6,6,6,6,6,6
170396,1,1,0,0,0,0,0,17,0,0,0,0
170396,2,1,0,0,0,0,0,0,0,0,0,0
170396,3,1,0,0,0,0,0,0,0,0,0,0
170397,1,1,15,15,15,15,15,15,15,15,15,15
170398,1,1,24,0,0,0,0,0,0,0,0,0
170398,2,1,0,0,0,0,0,0,0,0,0,0
170399,0,1,0,0,0,0,0,0,0,0,0,0
170399,1,1,0,0,0,0,0,0,0,0,0,0
170400,0,1,5,5,5,5,5,5,5,5,5,5
170400,0,2,1,1,1,1,1,1,1,1,1,1
170400,1,1,0,0,7,0,0,0,12,0,0,0
170401,1,1,0,0,0,0,0,0,0,0,0,0
170401,2,1,0,0,0,0,0,0,0,0,0,0
170402,1,1,0,0,0,0,0,0,0,0,0,0
170403,1,1,3,3,3,3,3,3,3,3,3,3
170404,1,1,0,0,0,0,0,0,0,0,0,0
170405,1,1,0,0,0,0,0,0,0,0,0,0
170405,2,1,0,0,0,0,0,0,0,0,0,0
170405,3,1,0,0,0,0,0,0,0,0,0,0
170405,4,1,0,0,0,0,0,0,0,0,0,0
170405,5,1,0,0,0,0,0,0,0,0,0,0
170405,6,1,0,0,0,0,0,0,0,0,0,0
170405,7,1,0,0,0,0,0,0,0,0,0,0
170406,1,1,0,0,0,0,0,0,0,0,0,0
170407,1,1,0,0,0,0,0,0,0,0,0,0
170407,2,1,0,0,0,0,0,0,0,0,0,0
170408,1,1,1,1,1,1,1,1,1,1,1,1
170409,1,1,0,0,0,0,0,0,0,0,0,0
170410,1,1,1,1,1,1,1,1,1,1,1,1
170410,2,1,0,0,0,0,0,0,0,0,0,0
170411,1,1,0,0,6,0,0,0,0,0,4,2
170411,2,1,0,9,0,0,0,0,0,0,0,0
170411,3,1,21,21,21,21,21,21,21,21,21,21
170412,1,1,0,0,0,0,0,0,0,0,0,0
170413,1,1,15,15,15,15,15,15,15,15,15,15
170414,1,1,0,0,0,0,0,0,0,0,0,0
170414,2,1,0,0,0,0,0,0,0,0,0,0
170415,1,1,0,0,0,0,0,8,12,0,0,0
170415,2,1,0,0,0,0,0,0,0,0,0,0
170416,0,1,0,0,0,0,0,0,0,0,0,0
170416,1,1,0,0,0,0,0,0,0,0,0,0
170417,1,1,8,8,8,8,8,8,8,8,8,8
170417,2,1,10,10,10,10,10,10,10,10,10,10
170418,1,1,0,0,0,0,9,0,0,0,0,0
170419,1,1,20,20,20,20,20,20,20,20,20,20
170420,1,1,0,0,0,0,0,0,0,0,0,0
170420,2,1,0,0,0,0,0,0,0,0,0,0
170421,1,1,0,0,0,0,0,0,0,0,0,0
170421,2,1,0,0,2,12,3,4,10,8,8,3
170422,1,1,0,0,0,0,0,0,0,0,0,0
170422,2,1,0,0,0,0,0,0,0,0,0,0
170422,3,1,0,0,0,0,0,0,0,0,0,0
170423,1,1,29,20,23,29,15,16,17,34,23,36
170424,1,1,0,0,0,0,0,0,0,0,0,0
170425,1,1,0,0,0,0,0,0,0,0,0,0
170426,1,1,0,0,0,0,0,0,0,0,0,0
170427,1,1,0,0,0,0,0,0,0,0,0,0
170427,2,1,0,0,0,0,0,0,0,0,0,0
170428,1,1,0,0,0,0,0,0,0,0,0,0
170428,2,1,0,0,0,0,0,0,0,0,0,0
170429,1,1,0,0,5,0,0,0,10,17,0,0
170429,2,1,0,0,0,0,0,0,0,0,0,0
170430,1,1,20,20,20,20,20,20,20,20,20,20
170431,1,1,18,18,18,18,18,18,18,18,18,18
170432,1,1,0,0,0,0,0,0,0,0,0,0
170433,0,1,36,36,36,36,36,36,36,36,36,36
170433,1,1,0,0,0,0,0,0,10,0,0,15
170434,1,1,20,20,20,20,20,20,20,20,20,20
170435,1,1,19,19,19,19,19,19,19,19,19,19
170436,1,1,0,19,0,0,26,0,0,0,0,30
170437,1,1,1,1,1,1,1,1,1,1,1,1
170437,2,1,0,0,0,0,0,0,0,0,0,0
170438,0,1,26,26,26,26,26,26,26,26,26,26
170438,1,1,0,0,0,0,0,0,0,0,0,0
170439,1,1,0,0,12,0,0,10,0,0,0,0
170440,1,1,0,0,0,0,0,0,0,0,0,0
170441,0,1,0,0,0,0,0,0,0,0,0,0
170441,1,1,0,0,0,0,0,0,0,0,0,0
170442,1,1,15,15,15,15,15,15,15,15,15,15
170443,1,1,0,0,0,0,0,0,0,0,0,0
170443,2,1,0,0,0,0,0,0,0,0,0,0
170443,3,1,0,0,0,0,0,0,0,0,0,6
170444,1,1,0,0,0,0,0,0,0,0,0,0
170444,2,1,0,0,0,0,17,0,0,0,0,0
170444,3,1,0,0,0,0,0,0,0,0,0,0
170444,4,1,0,0,0,0,0,0,0,0,0,0
170446,1,1,0,0,0,0,0,0,0,0,0,0
170447,1,1,0,0,0,0,0,0,0,0,0,0
170448,1,1,0,0,0,0,0,0,0,0,0,0
170448,2,1,0,0,0,0,0,0,0,0,0,0
170448,3,1,0,28,0,0,0,0,0,0,0,0
170449,0,1,0,0,0,0,0,0,0,0,0,0
170449,1,1,0,0,0,10,0,13,0,0,12,0
170449,2,1,17,0,0,0,0,12,7,0,0,0
170450,1,1,0,2,0,0,0,4,5,0,0,0
170450,2,1,0,0,0,0,0,0,0,0,5,0
170451,1,1,0,0,0,0,0,0,0,0,0,0
170452,1,1,0,0,0,0,0,0,0,0,0,0
170452,2,1,0,0,0,0,0,0,0,0,0,0
170453,0,1,0,0,0,0,0,0,0,0,0,0
170453,2,1,0,27,0,0,0,0,0,0,0,0
170454,1,1,0,0,0,0,0,0,0,0,0,0
170454,2,1,0,0,0,0,0,0,0,0,0,0
170455,1,1,0,0,0,0,0,0,0,0,0,0
170456,1,1,0,0,0,0,0,0,0,0,0,0
170456,2,1,0,0,0,0,0,0,0,6,0,4
170457,1,1,0,0,0,0,0,0,0,0,0,0
170458,1,1,0,0,0,0,0,0,0,0,0,0
170459,0,1,35,35,35,35,35,35,35,35,35,35
170459,1,1,15,15,15,15,15,15,15,15,15,15
170460,0,1,13,13,13,13,13,13,13,13,13,13
170460,1,1,0,0,0,17,13,9,0,0,0,0
170461,1,1,17,17,17,17,17,17,17,17,17,17
170461,2,1,8,8,8,8,8,8,8,8,8,8
170462,1,1,12,12,12,12,12,12,12,12,12,12
170463,1,1,0,0,0,0,0,0,0,0,0,0
170463,2,1,0,0,0,0,0,9,0,0,0,0
170463,3,1,0,0,0,0,0,0,0,0,0,0
170463,4,1,0,0,0,0,0,0,0,0,0,0
170463,5,1,0,0,0,0,0,0,0,0,0,0
170464,1,1,14,14,14,14,14,14,14,14,14,14
170465,1,1,24,24,24,24,24,24,24,24,24,24
170466,1,1,0,0,0,0,0,0,0,0,0,0
170466,2,1,0,0,0,0,0,0,0,0,0,0
170467,1,1,29,29,29,29,29,29,29,29,29,29
170468,1,1,0,0,0,0,0,0,0,0,0,21
170468,2,1,0,0,0,0,0,0,0,0,0,0
170468,3,1,0,0,0,0,0,0,0,0,0,0
170471,1,1,19,19,19,19,19,19,19,19,19,19
170472,1,1,0,0,15,0,23,18,0,4,0,0
170473,1,1,0,0,0,0,0,0,0,0,0,0
170473,2,1,0,0,0,0,0,0,0,0,0,0
170474,1,1,15,15,15,15,15,15,15,15,15,15
170474,2,1,0,0,0,0,0,0,0,0,0,0
170475,1,1,0,0,0,0,0,0,0,0,0,0
170476,1,1,21,21,21,21,21,21,21,21,21,21
170476,2,1,0,0,0,0,0,0,0,0,0,0
170477,0,1,18,18,18,18,18,18,18,18,18,18
170477,1,1,12,0,0,0,27,18,0,0,0,0
170479,1,1,22,22,22,22,22,22,22,22,22,22
170480,1,1,20,20,20,20,20,20,20,20,20,20
170481,0,1,22,22,22,22,22,22,22,22,22,22
170481,1,1,4,4,4,4,4,4,4,4,4,4
170482,1,1,16,16,16,16,16,16,16,16,16,16
170482,2,1,0,0,0,0,0,0,0,0,0,0
170483,1,1,4,4,4,4,4,4,4,4,4,4
170483,2,1,0,0,0,0,0,0,0,0,0,0
170484,1,1,24,24,24,24,24,24,24,24,24,24
170485,1,1,0,0,0,0,0,0,0,0,0,0
170486,1,1,25,25,25,25,25,25,25,25,25,25
170487,1,1,20,20,20,20,20,20,20,20,20,20
170488,0,1,0,0,0,0,0,0,0,0,0,0
170488,1,1,0,0,0,0,0,0,0,0,0,0
170489,0,1,7,7,7,7,7,7,7,7,7,7
170489,1,1,0,0,0,0,0,0,0,0,0,0
170490,1,1,12,12,12,12,12,12,12,12,12,12
170491,0,1,14,14,14,14,14,14,14,14,14,14
170491,1,1,15,15,15,15,15,15,15,15,15,15
170492,1,1,0,0,0,0,0,0,0,0,0,0
170492,2,1,0,0,14,0,0,0,0,0,15,0
170492,3,1,0,0,0,13,0,0,0,0,0,0
170493,1,1,0,0,0,0,0,0,0,0,0,0
170493,2,1,0,0,0,0,0,8,0,0,0,0
170494,1,1,0,0,0,0,0,0,0,0,0,0
170495,1,1,0,0,0,0,0,0,0,0,0,0
170495,2,1,0,0,0,0,0,0,0,0,0,0
170495,3,1,0,0,0,0,0,0,0,0,0,0
170496,1,1,0,0,0,0,0,0,0,0,0,0
170496,2,1,0,0,0,0,0,0,0,0,0,0
170496,3,1,0,0,0,0,0,0,0,0,0,0
170497,1,1,1,1,1,1,1,1,1,1,1,1
170497,2,1,0,0,0,0,10,0,0,0,0,0
170498,1,1,0,0,0,0,0,0,0,0,0,17
170498,2,1,0,0,0,0,0,0,0,0,0,0
170499,1,1,0,0,0,0,0,0,0,0,0,0
170499,2,1,0,0,0,0,0,0,0,0,0,0
170500,1,1,1,1,1,1,1,1,1,1,1,1
170501,1,1,0,0,0,0,0,0,0,0,0,0
170501,2,1,0,0,0,0,0,0,0,0,0,0
170502,1,1,0,0,0,0,0,0,0,0,0,0
170502,2,1,0,0,0,0,0,0,0,0,0,0
170503,1,1,15,15,15,15,15,15,15,15,15,15
170503,2,1,0,0,0,0,0,0,0,0,0,0
170504,1,1,15,15,15,15,15,15,15,15,15,15
170505,1,1,25,25,25,25,25,25,25,25,25,25
170506,1,1,0,0,0,0,0,0,0,0,0,0
170506,2,1,0,0,0,0,0,0,0,0,0,0
170507,1,1,0,0,0,0,0,0,0,0,0,0
170508,1,1,0,0,0,0,0,0,0,0,0,0
170508,2,1,0,0,0,0,0,0,0,0,0,0
170509,0,1,8,8,8,8,8,8,8,8,8,8
170509,1,1,0,0,0,0,0,0,0,0,0,0
170510,1,1,0,5,6,0,0,13,17,12,0,26
170511,1,1,0,0,0,0,0,0,0,0,0,0
170512,1,1,0,8,0,0,0,0,0,0,0,0
170512,2,1,0,0,0,0,0,0,0,0,0,0
170513,1,1,18,18,18,18,18,18,18,18,18,18
170514,1,1,0,0,0,0,0,0,0,0,0,0
170514,2,1,0,0,0,0,0,0,0,0,0,0
170515,1,1,21,21,21,21,21,21,21,21,21,21
170516,1,1,0,0,0,0,0,0,0,0,0,0
170517,1,1,0,0,0,0,12,0,0,0,0,0
170518,1,1,4,0,0,0,10,0,0,0,0,0
170519,0,1,0,0,0,0,0,0,0,0,0,0
170519,1,1,0,0,0,0,0,0,0,0,0,0
170519,2,1,13,13,13,13,13,13,13,13,13,13
170520,0,1,18,18,18,18,18,18,18,18,18,18
170520,1,1,0,0,0,0,0,0,0,0,12,0
170521,1,1,11,11,11,11,11,11,11,11,11,11
170521,2,1,2,35,13,28,0,10,17,0,0,23
170522,1,1,0,0,0,0,0,0,0,0,0,0
170522,2,1,8,0,25,0,0,0,0,0,0,0
170522,3,1,0,0,0,0,0,0,0,0,0,0
170523,1,1,21,21,21,21,21,21,21,21,21,21
170524,1,1,0,0,0,0,0,0,0,0,0,0
170525,1,1,0,0,0,0,0,0,0,0,0,0
170526,1,1,16,16,16,16,16,16,16,16,16,16
170527,1,1,0,0,0,0,0,0,0,0,0,0
170527,2,1,0,0,0,0,0,0,0,0,0,0
170527,3,1,0,0,0,0,0,0,0,0,0,0
170528,1,1,0,0,0,0,0,0,0,0,0,0
170528,2,1,0,0,0,0,0,0,0,0,0,0
170528,3,1,0,0,0,0,0,0,0,0,0,0
170530,1,1,0,0,0,0,0,0,0,0,0,0
170530,2,1,0,0,0,0,0,0,0,0,0,0
170531,1,1,0,0,0,0,0,0,0,0,0,0
170531,2,1,0,0,0,0,0,0,0,0,0,0
170532,1,1,18,18,18,18,18,18,18,18,18,18
170533,1,1,23,23,23,23,23,23,23,23,23,23
170533,2,1,12,12,12,12,12,12,12,12,12,12
170534,1,1,0,0,0,0,0,0,0,0,0,0
170535,1,1,5,0,0,0,0,0,0,13,0,17
170536,1,1,18,18,18,18,18,18,18,18,18,18
170536,2,1,0,0,0,0,0,0,0,0,0,0
170537,1,1,0,0,0,0,0,0,0,0,0,0
170537,2,1,0,0,0,0,0,0,0,0,0,0
170537,3,1,0,0,0,0,0,0,0,0,0,0
170538,1,1,0,0,0,0,0,0,0,0,0,0
170539,1,1,13,13,13,13,13,13,13,13,13,13
170540,1,1,0,0,0,0,0,0,0,0,0,0
170540,2,1,0,0,0,0,0,0,0,0,0,0
170541,1,1,0,0,0,0,0,0,0,0,0,0
170541,2,1,5,0,0,0,0,0,0,0,0,0
170543,0,1,0,0,0,0,0,0,0,0,0,0
170543,1,1,0,0,0,0,0,0,0,0,0,0
170544,1,1,11,11,11,11,11,11,11,11,11,11
170544,2,1,0,0,0,0,0,0,0,0,0,0
170544,3,1,0,0,0,0,0,0,0,0,0,0
170547,1,1,2,2,2,2,2,2,2,2,2,2
170547,2,1,11,11,11,11,11,11,11,11,11,11
170548,0,1,13,13,13,13,13,13,13,13,13,13
170548,1,1,0,0,0,0,0,0,0,0,0,0
170549,0,1,7,7,7,7,7,7,7,7,7,7
170549,1,1,0,0,0,0,0,0,0,0,0,0
170551,1,1,0,0,0,0,0,0,0,0,0,0
170551,2,1,0,0,0,0,0,0,0,0,0,0
170552,1,1,0,0,0,0,0,0,0,0,0,0
170553,1,1,0,0,0,0,0,0,0,0,0,0
170553,2,1,0,0,0,0,0,0,0,0,0,0
170554,1,1,0,0,0,0,0,0,0,0,0,0
170555,1,1,33,33,33,33,33,33,33,33,33,33
170556,1,1,0,0,0,0,0,0,0,0,0,0
170557,1,1,0,0,0,0,0,0,0,0,0,0