ST_CASE,VEH_NO,PER_NO,P1,P2,P3,P4,P5,P6,P7,P8,P9,P10
170557,2,1,0,0,0,0,0,0,0,0,0,0
170558,1,1,21,21,21,21,21,21,21,21,21,21
170559,1,1,0,0,0,0,0,0,0,0,0,0
170559,2,1,0,0,0,0,0,0,0,0,0,0
170559,3,1,0,0,0,0,0,0,0,0,0,0
170559,4,1,7,0,0,0,0,0,0,0,0,0
170560,1,1,17,17,17,17,17,17,17,17,17,17
170561,0,1,1,1,1,1,1,1,1,1,1,1
170561,1,1,0,0,30,27,25,0,0,0,0,0
170562,1,1,0,0,0,0,0,0,0,0,0,0
170562,2,1,9,0,0,0,0,0,0,0,0,0
170562,3,1,0,0,0,0,0,0,0,0,0,0
170563,0,1,0,0,0,0,0,0,0,0,0,0
170563,1,1,0,0,0,7,0,0,0,0,0,0
170564,0,1,17,17,17,17,17,17,17,17,17,17
170564,1,1,0,0,0,0,0,0,0,0,0,0
170565,1,1,0,0,0,0,0,0,0,0,0,0
170566,1,1,0,0,0,0,0,0,0,0,0,0
170566,2,1,0,0,0,0,0,0,0,0,0,0
170567,1,1,0,0,0,0,0,0,0,0,0,0
170567,2,1,0,0,0,0,0,0,0,0,0,44
170568,1,1,25,25,25,25,25,25,25,25,25,25
170570,1,1,24,0,0,0,0,0,24,0,0,25
170570,2,1,0,0,0,0,0,0,0,0,0,0
170571,1,1,0,0,0,0,0,0,0,0,0,0
170572,0,1,0,0,0,0,0,0,0,0,0,0
170572,1,1,0,0,0,0,0,0,0,0,0,0
170573,0,1,0,0,0,0,0,0,0,0,0,0
170573,1,1,0,0,0,0,0,0,0,0,0,17
170574,1,1,0,0,0,0,0,0,0,0,0,0
170574,2,1,0,0,0,0,0,0,0,0,0,0
170575,1,1,0,0,0,0,0,0,0,0,0,0
170575,2,1,0,0,0,0,0,0,0,0,0,0
170576,1,1,0,0,0,0,0,0,0,0,0,0
170577,1,1,0,0,0,20,6,4,14,13,0,11
170578,0,1,14,14,14,14,14,14,14,14,14,14
170578,1,1,3,3,3,3,3,3,3,3,3,3
170579,1,1,0,0,0,0,0,0,0,0,0,0
170579,2,1,0,0,0,0,0,0,0,0,0,0
170579,3,1,0,0,0,0,0,0,0,0,0,0
170580,0,1,0,0,0,0,0,0,0,0,0,0
170580,1,1,0,0,0,0,0,0,0,0,0,0
170581,1,1,0,0,0,0,0,0,0,0,0,0
170582,1,1,0,0,0,0,0,0,0,0,0,0
170583,1,1,20,20,20,20,20,20,20,20,20,20
170584,1,1,0,0,0,0,0,0,0,0,0,0
170585,1,1,0,0,0,0,0,0,0,0,0,0
170585,2,1,0,0,0,0,0,0,0,0,0,0
170588,1,1,28,28,28,28,28,28,28,28,28,28
170588,2,1,0,0,0,0,0,0,0,0,0,0
170589,1,1,0,0,0,0,26,0,0,0,0,0
170589,2,1,0,0,0,0,0,0,0,0,0,0
170589,3,1,0,0,0,0,0,0,4,0,0,0
170590,0,1,0,0,0,0,0,0,0,0,0,0
170590,1,1,0,0,0,0,0,0,0,0,0,0
170591,1,1,0,0,0,0,0,0,0,0,0,0
170592,1,1,0,0,0,0,0,0,0,0,0,0
170593,1,1,0,0,0,0,0,0,0,0,0,0
170593,2,1,0,0,0,0,0,0,0,0,0,0
170594,1,1,16,16,16,16,16,16,16,16,16,16
170594,2,1,0,0,0,0,0,0,0,0,0,0
170595,0,1,0,0,0,0,0,0,0,0,0,0
170595,1,1,0,0,0,0,0,0,0,0,0,0
170596,1,1,0,0,0,0,0,0,0,0,0,0
170596,2,1,0,0,0,0,0,0,0,0,0,0
170597,1,1,0,0,0,0,0,0,0,0,0,0
170598,1,1,0,0,0,0,0,0,0,0,0,0
170599,1,1,0,0,0,0,0,0,0,0,0,0
170599,2,1,0,0,0,0,0,0,0,0,0,0
170600,1,1,0,0,0,0,0,0,0,0,0,0
170601,1,1,0,0,0,0,0,0,0,0,0,0
170601,2,1,0,0,0,0,0,0,0,0,0,0
170601,3,1,0,0,0,13,0,0,0,0,0,0
170601,4,1,0,0,0,0,0,0,0,7,0,0
170603,1,1,0,0,0,0,0,0,0,0,0,0
170603,2,1,0,0,0,0,0,0,0,0,0,0
170604,1,1,0,0,0,0,0,0,0,0,0,0
170604,2,1,0,0,0,0,0,0,0,0,0,0
170605,1,1,0,0,0,0,0,0,0,0,0,0
170606,1,1,0,0,0,0,0,0,0,0,0,0
170607,0,1,0,0,0,0,0,0,0,0,0,0
170607,1,1,0,0,0,0,0,0,0,0,0,0
170608,1,1,17,17,17,17,17,17,17,17,17,17
170609,1,1,0,0,0,0,0,0,0,0,0,0
170610,1,1,0,0,0,0,2,0,0,0,7,0
170611,0,1,0,0,0,0,0,0,0,0,0,0
170611,1,1,0,0,0,0,0,0,0,0,0,0
170612,1,1,0,0,0,0,0,0,0,0,0,0
170612,2,1,0,0,0,0,0,0,0,0,0,0
170613,1,1,30,30,30,30,30,30,30,30,30,30
170614,0,1,16,16,16,16,16,16,16,16,16,16
170614,1,1,2,2,2,2,2,2,2,2,2,2
170615,1,1,0,0,0,0,0,0,0,0,0,0
170616,1,1,0,0,0,0,0,0,0,0,0,0
170616,2,1,0,0,0,0,0,0,0,0,0,0
170616,3,1,0,0,0,0,0,0,0,0,0,0
170617,1,1,0,0,0,0,0,0,0,0,0,0
170617,2,1,0,0,0,0,0,0,0,0,0,0
170618,1,1,0,0,0,8,0,0,19,0,0,0
170619,1,1,0,0,0,0,0,0,0,0,0,0
170619,2,1,0,0,0,0,0,0,0,0,0,0
170620,0,1,0,0,0,0,0,0,0,0,0,0
170620,1,1,0,0,0,0,0,0,0,0,0,0
170621,1,1,18,18,18,18,18,18,18,18,18,18
170622,0,1,31,31,31,31,31,31,31,31,31,31
170622,1,1,0,0,0,10,0,0,0,10,10,0
170623,1,1,10,10,10,10,10,10,10,10,10,10
170624,0,1,20,20,20,20,20,20,20,20,20,20
170624,1,1,0,0,0,0,0,0,0,0,0,0
170624,2,1,0,0,0,0,0,0,2,0,0,0
170625,1,1,9,9,9,9,9,9,9,9,9,9
170626,0,1,0,0,0,0,0,0,0,0,0,0
170626,1,1,0,0,0,0,0,0,0,0,0,0
170627,1,1,0,0,0,0,0,0,0,0,0,0
170628,1,1,0,0,0,0,0,0,0,0,0,0
170628,2,1,0,0,0,0,0,0,0,0,0,0
170629,0,1,0,0,0,0,0,0,0,0,0,0
170629,0,2,0,0,0,0,0,0,0,0,0,33
170629,0,3,0,14,0,0,15,0,0,0,0,0
170629,1,1,0,0,0,0,0,0,0,0,0,0
170629,2,1,0,0,0,0,0,0,0,0,0,0
170630,1,1,18,18,18,18,18,18,18,18,18,18
170630,2,1,0,0,0,0,0,0,0,0,0,17
170630,3,1,0,0,0,0,0,0,0,0,0,0
170631,1,1,17,17,17,17,17,17,17,17,17,17
170632,1,1,25,25,25,25,25,25,25,25,25,25
170633,1,1,11,11,11,11,11,11,11,11,11,11
170634,1,1,0,0,0,0,0,0,0,0,0,0
170634,2,1,0,0,0,0,0,0,0,0,0,0
170635,1,1,0,0,0,0,0,0,0,0,0,0
170635,2,1,8,8,8,8,8,8,8,8,8,8
170636,0,1,0,0,0,0,0,0,0,0,0,0
170637,0,1,0,0,0,0,0,0,0,0,0,0
170637,1,1,0,0,0,0,0,0,0,0,0,0
170638,1,1,30,30,30,30,30,30,30,30,30,30
170638,2,1,0,0,0,0,0,0,0,0,0,0
170639,0,1,0,0,0,0,0,0,0,0,0,0
170639,1,1,18,0,21,22,25,30,0,24,12,22
170640,1,1,1,1,1,1,1,1,1,1,1,1
170640,2,1,0,0,0,0,0,0,0,11,0,0
170642,1,1,0,0,0,0,0,0,0,0,0,0
170642,2,1,0,0,0,0,0,0,0,0,0,0
170642,3,1,0,0,0,0,0,0,0,0,0,0
170643,1,1,0,0,0,11,0,0,14,4,0,0
170643,2,1,0,0,0,0,0,0,0,0,0,0
170644,1,1,0,0,0,0,0,0,0,0,0,0
170644,2,1,0,0,0,0,0,0,0,0,0,0
170645,1,1,0,0,0,0,0,0,0,0,0,0
170646,1,1,0,0,0,0,0,0,0,0,0,0
170646,2,1,0,0,0,0,0,0,0,0,0,0
170647,1,1,19,19,19,19,19,19,19,19,19,19
170648,1,1,0,0,0,0,0,0,0,0,0,0
170650,1,1,0,0,0,0,0,0,0,0,0,0
170651,1,1,21,21,21,21,21,21,21,21,21,21
170652,1,1,27,27,27,27,27,27,27,27,27,27
170653,1,1,0,0,0,0,0,0,0,0,0,0
170653,2,1,0,0,0,0,0,0,0,0,0,0
170654,1,1,0,0,0,0,0,0,0,0,0,0
170654,2,1,0,0,0,0,0,0,6,0,0,0
170655,1,1,17,17,17,17,17,17,17,17,17,17
170655,2,1,0,0,0,0,0,0,0,0,0,0
170656,1,1,0,0,0,0,0,0,0,0,0,0
170656,2,1,0,0,0,0,0,0,0,0,0,0
170657,1,1,0,0,9,0,0,0,0,0,0,0
170657,2,1,1,1,1,1,1,1,1,1,1,1
170658,0,1,0,0,0,0,0,0,0,0,0,0
170658,1,1,0,0,0,0,0,0,0,0,0,0
170659,1,1,0,0,0,0,0,0,0,0,0,0
170659,2,1,0,0,0,0,0,0,0,0,0,0
170659,3,1,0,0,0,0,0,0,0,0,0,0
170660,1,1,0,0,0,0,0,0,0,0,0,0
170660,2,1,0,0,0,0,0,13,0,0,0,0
170661,1,1,20,20,20,20,20,20,20,20,20,20
170662,1,1,15,15,15,15,15,15,15,15,15,15
170662,2,1,0,0,0,0,0,0,0,0,0,0
170662,3,1,0,0,0,0,0,0,0,0,0,0
170662,4,1,0,0,0,0,0,0,0,0,0,0
170663,1,1,0,0,0,0,0,0,0,0,0,0
170663,2,1,0,0,0,0,0,0,0,0,0,0
170664,1,1,0,0,0,0,0,0,0,0,0,0
170664,2,1,0,0,0,0,0,0,0,0,0,0
170665,0,1,42,42,42,42,42,42,42,42,42,42
170665,1,1,0,0,0,16,14,0,15,0,0,0
170666,1,1,0,0,0,0,0,0,0,0,0,0
170666,2,1,0,0,0,0,0,0,0,0,0,0
170667,1,1,0,0,0,0,0,0,0,0,0,0
170669,1,1,0,0,0,0,0,0,0,0,0,0
170669,2,1,0,0,0,0,0,0,0,0,0,0
170670,1,1,0,0,0,0,0,0,0,0,0,0
170670,2,1,0,0,0,0,0,0,0,0,0,0
170671,1,1,0,0,0,0,0,0,0,0,0,0
170671,2,1,0,0,0,0,0,0,0,0,0,0
170672,1,1,19,19,19,19,19,19,19,19,19,19
170674,0,1,0,0,0,0,0,0,0,0,0,0
170674,1,1,0,0,0,14,31,0,20,0,0,0
170675,1,1,0,0,0,0,0,0,0,0,0,0
170676,1,1,0,0,0,0,0,0,0,0,0,0
170676,2,1,0,0,0,0,0,0,0,0,0,0
170677,1,1,2,2,2,2,2,2,2,2,2,2
170678,1,1,1,1,1,1,1,1,1,1,1,1
170678,2,1,0,0,0,0,0,0,0,0,0,17
170679,1,1,13,27,5,18,23,32,25,16,29,19
170680,1,1,0,0,0,0,0,0,0,0,0,0
170680,2,1,0,0,0,0,0,0,0,0,0,0
170681,1,1,0,0,0,0,0,0,0,0,0,0
170681,2,1,0,0,0,0,0,0,0,0,0,0
170682,1,1,30,30,30,30,30,30,30,30,30,30
170683,1,1,8,8,8,8,8,8,8,8,8,8
170683,2,1,0,0,0,0,0,0,0,0,0,0
170684,1,1,16,16,16,16,16,16,16,16,16,16
170684,2,1,0,0,0,0,0,0,0,0,0,0
170685,1,1,0,0,0,0,0,0,0,0,0,0
170686,1,1,0,0,0,0,0,0,0,0,0,0
170686,2,1,0,0,0,0,0,0,0,0,0,0
170686,3,1,0,0,0,0,0,0,0,0,0,0
170686,4,1,0,0,0,0,0,0,0,0,0,0
170687,1,1,0,0,26,0,0,0,0,0,0,0
170687,2,1,0,0,0,0,0,0,0,0,0,0
170688,1,1,0,0,0,0,0,0,0,0,0,0
170688,2,1,0,0,0,0,0,0,0,0,0,0
170689,1,1,20,20,20,20,20,20,20,20,20,20
170690,1,1,0,0,0,0,0,0,0,0,0,0
170690,2,1,0,0,0,0,0,0,0,0,0,0
170691,1,1,0,0,0,0,0,0,0,0,0,0
170692,1,1,10,10,10,10,10,10,10,10,10,10
170692,2,1,0,0,0,0,0,0,0,0,0,0
170693,1,1,0,0,0,0,0,0,0,0,0,0
170695,1,1,0,0,0,0,0,0,0,0,0,0
170696,1,1,0,0,0,0,0,0,0,18,0,0
170696,2,1,0,0,0,0,0,0,0,0,0,0
170697,1,1,0,0,0,0,0,0,0,0,0,0
170697,2,1,0,0,0,0,0,0,0,0,0,0
170698,1,1,16,16,16,16,16,16,16,16,16,16
170699,1,1,0,0,0,0,0,0,0,0,0,0
170700,1,1,0,0,0,0,0,0,0,0,0,0
170700,2,1,0,0,0,0,0,0,0,0,0,0
170701,0,1,0,0,0,0,0,0,0,0,0,0
170701,1,1,0,0,0,0,0,0,0,0,0,0
170703,1,1,25,25,25,25,25,25,25,25,25,25
170704,0,1,0,0,0,0,0,0,0,0,0,0
170704,1,1,0,0,0,0,0,0,0,0,0,0
170705,1,1,28,28,28,28,28,28,28,28,28,28
170707,1,1,0,18,3,19,16,0,25,20,0,0
170708,1,1,0,0,0,0,0,0,0,0,0,0
170708,2,1,0,0,0,0,0,0,0,0,0,0
170709,0,1,11,11,11,11,11,11,11,11,11,11
170709,1,1,0,0,0,0,0,0,0,0,0,0
170710,1,1,14,14,14,14,14,14,14,14,14,14
170711,0,1,0,0,0,0,0,0,0,0,0,0
170711,1,1,15,0,0,0,0,0,0,0,0,0
170712,1,1,0,0,0,0,0,0,0,0,0,0
170712,2,1,0,0,0,0,0,0,0,0,0,0
170713,1,1,20,20,20,20,20,20,20,20,20,20
170714,1,1,0,0,19,0,0,0,0,0,0,0
170714,2,1,0,0,0,0,0,0,0,0,0,0
170714,3,1,0,0,0,0,0,0,0,0,0,0
170715,1,1,0,0,0,0,0,0,0,0,0,0
170716,1,1,0,3,0,0,0,0,0,0,0,0
170716,2,1,0,0,0,0,0,0,0,0,0,0
170718,1,1,0,0,0,0,0,0,0,0,0,0
170719,1,1,0,0,0,0,0,0,0,0,0,0
170719,2,1,0,0,0,0,0,0,0,0,0,0
170720,1,1,0,0,0,0,0,0,0,0,0,0
170720,2,1,0,0,0,0,0,0,0,0,0,0
170721,1,1,26,26,26,26,26,26,26,26,26,26
170722,1,1,25,25,25,25,25,25,25,25,25,25
170723,1,1,0,0,0,0,0,0,0,0,0,0
170723,2,1,0,0,0,0,0,0,0,0,0,0
170723,3,1,0,0,0,0,0,0,0,0,0,0
170724,1,1,0,0,0,0,0,0,0,0,0,0
170724,2,1,0,0,0,0,0,0,0,0,0,0
170724,3,1,0,0,0,0,0,0,0,0,0,0
170725,1,1,13,13,13,13,13,13,13,13,13,13
170725,2,1,0,0,0,0,0,0,0,0,0,0
170728,1,1,27,27,27,27,27,27,27,27,27,27
170729,0,1,0,0,0,0,0,0,0,0,0,0
170729,1,1,0,0,0,0,0,0,0,0,0,0
170730,0,1,0,0,0,0,0,0,0,0,0,0
170730,1,1,0,0,0,0,0,0,0,0,0,0
170731,0,1,0,0,0,0,0,0,0,0,0,0
170731,1,1,0,0,0,0,0,0,0,0,0,0
170732,0,1,17,17,17,17,17,17,17,17,17,17
170732,1,1,0,0,0,0,14,0,17,0,0,0
170733,0,1,0,0,0,0,0,0,0,0,22,0
170733,1,1,0,0,0,0,0,0,0,0,0,0
170734,1,1,5,5,5,5,5,5,5,5,5,5
170734,2,1,0,0,0,0,0,0,0,0,0,0
170735,1,1,0,0,0,0,0,0,0,0,0,0
170736,1,1,0,0,0,0,0,0,0,0,0,0
170737,1,1,6,6,6,6,6,6,6,6,6,6
170737,2,1,0,0,0,0,0,0,0,0,0,0
170738,0,1,35,35,35,35,35,35,35,35,35,35
170738,1,1,0,0,0,0,0,0,0,0,0,0
170739,1,1,11,11,11,11,11,11,11,11,11,11
170740,1,1,0,0,0,0,0,0,0,0,0,0
170740,2,1,0,0,0,16,0,0,0,0,0,0
170742,1,1,29,29,29,29,29,29,29,29,29,29
170743,1,1,0,0,0,0,0,0,0,0,0,0
170743,2,1,0,0,0,0,0,0,0,0,0,0
170744,1,1,0,0,0,0,0,0,0,0,0,0
170744,2,1,0,0,0,0,0,0,0,0,0,0
170745,1,1,11,11,11,11,11,11,11,11,11,11
170746,1,1,23,23,23,23,23,23,23,23,23,23
170747,1,1,31,31,31,31,31,31,31,31,31,31
170747,2,1,0,0,0,0,0,14,0,0,0,0
170748,0,1,32,32,32,32,32,32,32,32,32,32
170748,1,1,0,0,0,0,0,0,0,0,0,0
170749,1,1,3,3,3,3,3,3,3,3,3,3
170750,1,1,16,16,16,16,16,16,16,16,16,16
170750,2,1,0,0,0,0,0,0,0,0,0,0
170751,1,1,22,22,22,22,22,22,22,22,22,22
170752,0,1,0,0,0,0,0,0,0,0,0,0
170752,1,1,0,0,0,0,0,0,0,0,0,0
170753,1,1,0,0,0,0,0,0,0,0,0,0
170753,2,1,1,1,1,1,1,1,1,1,1,1
170754,1,1,23,20,23,16,0,23,0,3,0,8
170755,1,1,0,0,0,0,0,0,0,0,0,0
170755,2,1,0,0,0,0,0,0,10,0,0,0
170756,1,1,22,22,22,22,22,22,22,22,22,22
170757,0,1,0,0,0,0,0,0,0,0,0,0
170757,1,1,4,0,0,0,0,18,0,0,0,0
170758,1,1,23,23,23,23,23,23,23,23,23,23
170759,0,1,0,0,0,16,0,0,0,0,0,0
170759,1,1,0,0,0,0,0,0,0,0,0,0
170760,1,1,0,0,21,0,0,6,0,0,0,0
170761,1,1,0,0,0,0,0,0,0,0,0,0
170761,2,1,0,0,0,0,0,0,0,0,0,0
170762,0,1,0,0,0,0,0,0,0,0,0,0
170762,1,1,0,0,0,0,0,0,0,0,0,0
170763,0,1,0,0,0,10,0,0,0,0,0,0
170763,1,1,20,0,0,0,13,15,0,0,0,0
170763,2,1,0,13,0,0,21,8,0,0,20,8
170764,0,1,16,16,16,16,16,16,16,16,16,16
170764,1,1,0,0,0,14,6,16,0,0,0,0
170766,0,1,0,0,0,0,0,0,0,0,0,0
170766,1,1,0,0,0,0,0,0,0,0,0,0
170767,1,1,5,5,5,5,5,5,5,5,5,5
170768,1,1,0,0,0,0,0,0,0,0,0,0
170768,2,1,0,0,0,0,0,0,0,0,0,0
170769,0,1,0,0,0,0,0,0,0,0,0,0
170769,0,2,0,0,10,16,0,0,0,14,7,0
170769,1,1,3,3,3,3,3,3,3,3,3,3
170770,0,1,16,16,16,16,16,16,16,16,16,16
170770,1,1,23,23,23,23,23,23,23,23,23,23
170771,1,1,0,0,0,0,0,0,0,0,0,0
170772,1,1,6,6,6,6,6,6,6,6,6,6
170773,0,1,0,0,0,0,0,0,0,0,0,0
170773,1,1,0,0,0,0,0,0,0,0,0,0
170774,0,1,0,0,0,0,0,0,0,0,0,0
170774,0,2,0,0,0,0,0,0,0,0,0,0
170774,1,1,4,0,0,0,0,6,0,0,0,0
170775,1,1,0,0,0,0,0,0,0,0,0,0
170776,1,1,0,0,0,0,0,0,0,0,0,0
170776,2,1,0,0,0,0,0,0,0,0,0,0
170777,1,1,0,0,0,0,0,0,0,0,0,0
170778,1,1,0,0,0,0,0,0,0,0,0,0
170778,2,1,0,0,0,0,0,0,0,0,0,0
170779,1,1,30,30,30,30,30,30,30,30,30,30
170779,2,1,0,0,0,0,0,0,0,0,0,0
170780,1,1,9,9,9,9,9,9,9,9,9,9
170781,1,1,0,0,0,0,0,0,0,0,0,0
170781,2,1,0,0,0,0,20,0,0,0,0,0
170782,1,1,0,0,0,0,0,0,0,0,0,0
170783,1,1,0,0,0,0,0,0,0,0,0,0
170784,1,1,0,0,0,0,0,0,0,0,0,0
170784,2,1,0,0,0,0,0,0,0,0,0,0
170785,1,1,31,31,31,31,31,31,31,31,31,31
170786,1,1,0,0,0,0,0,0,0,0,0,0
170786,2,1,0,26,0,0,12,26,0,0,21,13
170787,0,1,0,0,0,0,0,0,0,0,0,0
170787,1,1,0,0,0,0,0,0,0,0,0,0
170788,1,1,0,0,0,0,0,0,0,0,0,0
170788,2,1,0,0,0,0,0,0,0,0,0,0
170789,1,1,0,0,0,0,0,0,0,0,0,0
170790,1,1,20,20,20,20,20,20,20,20,20,20
170791,1,1,24,24,24,24,24,24,24,24,24,24
170792,1,1,18,18,18,18,18,18,18,18,18,18
170793,1,1,11,11,11,11,11,11,11,11,11,11
170794,1,1,0,0,0,0,0,0,0,0,0,0
170794,2,1,0,0,0,0,0,0,0,0,0,0
170795,0,1,10,10,10,10,10,10,10,10,10,10
170795,0,2,9,0,0,0,0,20,0,15,0,0
170795,1,1,17,17,17,17,17,17,17,17,17,17
170796,1,1,0,0,0,0,0,0,0,0,0,0
170796,2,1,0,0,0,0,0,0,0,0,0,0
170797,0,1,0,0,0,0,0,0,0,0,0,0
170797,1,1,0,0,0,0,0,0,0,0,0,0
170798,0,1,23,23,23,23,23,23,23,23,23,23
170798,1,1,6,6,6,6,6,6,6,6,6,6
170799,1,1,25,25,25,25,25,25,25,25,25,25
170800,1,1,0,0,0,0,0,0,0,0,0,0
170800,2,1,0,0,0,0,0,0,0,0,0,0
170801,0,1,2,2,2,2,2,2,2,2,2,2
170801,0,2,0,0,0,16,6,0,8,2,0,0
170801,1,1,20,20,20,20,20,20,20,20,20,20
170802,1,1,0,0,0,0,0,0,0,0,0,0
170802,2,1,0,0,0,0,0,0,0,0,0,0
170803,1,1,0,0,0,0,0,0,0,0,0,0
170804,1,1,15,15,15,15,15,15,15,15,15,15
170805,0,1,33,33,33,33,33,33,33,33,33,33
170805,1,1,0,0,0,0,0,0,0,0,0,0
170806,1,1,27,27,27,27,27,27,27,27,27,27
170807,1,1,0,0,0,0,0,0,0,0,0,0
170807,2,1,0,0,0,0,0,0,0,0,0,0
170807,3,1,0,0,0,0,0,0,0,0,0,0
170808,1,1,0,0,0,0,0,0,0,0,0,0
170808,2,1,0,0,0,0,0,0,0,0,0,0
170809,1,1,0,0,0,0,0,0,0,0,0,0
170809,2,1,0,0,0,0,0,0,0,0,0,0
170810,1,1,0,0,0,0,0,0,0,0,0,0
170810,2,1,0,0,0,0,0,0,0,0,0,0
170811,1,1,9,9,9,9,9,9,9,9,9,9
170811,2,1,4,4,4,4,4,4,4,4,4,4
170811,3,1,0,0,0,0,0,0,0,0,0,0
170812,1,1,29,29,29,29,29,29,29,29,29,29
170813,1,1,23,23,23,23,23,23,23,23,23,23
170814,1,1,0,0,0,0,0,0,0,0,0,0
170814,2,1,0,0,0,0,0,0,0,0,0,0
170815,1,1,0,0,0,0,0,0,0,0,0,0
170815,2,1,0,0,0,0,0,19,0,0,0,0
170816,1,1,0,0,0,0,0,0,0,0,0,0
170817,1,1,0,0,0,0,0,0,0,0,0,0
170818,1,1,14,7,32,0,0,11,0,0,14,0
170818,2,1,1,1,1,1,1,1,1,1,1,1
170819,1,1,0,0,0,0,0,0,0,0,0,0
170819,2,1,0,0,0,0,0,0,0,0,0,0
170820,1,1,23,23,23,23,23,23,23,23,23,23
170821,1,1,19,19,19,19,19,19,19,19,19,19
170821,2,1,6,6,6,6,6,6,6,6,6,6
170822,1,1,24,24,24,24,24,24,24,24,24,24
170823,1,1,21,21,21,21,21,21,21,21,21,21
170824,1,1,0,0,0,0,0,0,0,0,0,0
170824,2,1,0,0,0,0,0,0,0,0,0,0
170825,1,1,0,0,0,0,0,0,0,0,0,0
170825,2,1,0,0,0,0,0,0,0,0,0,0
170826,1,1,0,0,0,0,0,0,0,0,0,0
170827,0,1,18,18,18,18,18,18,18,18,18,18
170827,1,1,17,0,0,11,0,0,0,15,0,13
170828,1,1,0,0,0,0,0,0,0,0,0,0
170828,2,1,0,0,0,0,0,0,0,0,0,0
170828,3,1,0,0,0,0,0,0,0,0,0,0
170829,1,1,0,0,0,0,0,0,0,0,0,0
170829,2,1,0,0,0,22,0,0,0,0,0,0
170829,3,1,0,0,0,0,0,0,0,0,0,0
170830,0,1,32,32,32,32,32,32,32,32,32,32
170830,1,1,16,0,7,8,15,15,7,21,10,7
170831,1,1,13,13,13,13,13,13,13,13,13,13
170832,0,1,0,0,0,0,0,0,0,0,0,0
170832,1,1,0,0,0,0,0,0,0,0,0,0
170833,1,1,20,20,20,20,20,20,20,20,20,20
170834,1,1,10,10,10,10,10,10,10,10,10,10
170835,1,1,0,0,0,0,0,0,0,0,0,0
170836,1,1,0,0,0,0,0,0,0,0,0,0
170837,1,1,20,20,20,20,20,20,20,20,20,20
170838,0,1,0,0,0,0,0,0,0,0,0,0
170838,1,1,0,0,0,0,0,0,0,0,0,0
170839,1,1,0,0,0,0,0,0,0,0,0,0
170840,1,1,0,0,0,0,0,0,0,0,0,0
170840,2,1,0,0,0,0,0,0,0,0,0,0
170840,3,1,0,0,0,0,0,0,0,0,0,0
170841,1,1,0,0,0,0,0,0,0,0,0,0
170842,1,1,0,0,0,0,0,0,0,0,0,0
170842,2,1,0,0,0,0,0,0,0,0,0,0
170842,3,1,0,0,0,0,0,0,0,0,0,0
170843,1,1,0,0,0,0,0,0,0,0,0,0
170843,2,1,0,0,0,0,0,0,0,0,0,0
170843,3,1,0,0,0,0,0,0,0,0,0,0
170844,1,1,0,0,0,0,0,0,0,0,0,0
170844,2,1,0,0,0,0,0,0,0,0,0,0
170845,1,1,0,0,0,0,0,0,0,0,0,0
170846,1,1,0,0,0,0,0,0,0,0,0,0
170846,2,1,0,0,0,0,0,0,0,0,0,0
170846,3,1,0,0,0,0,0,0,0,0,0,0
170846,4,1,0,0,0,0,0,0,0,0,0,0
170847,1,1,0,0,0,0,0,0,0,0,0,0
170847,2,1,0,0,0,0,0,15,0,0,9,0
170848,0,1,2,2,2,2,2,2,2,2,2,2
170848,1,1,8,0,0,0,0,0,0,22,0,0
170849,1,1,0,0,0,0,0,0,0,0,0,0
170849,2,1,0,0,0,0,0,0,0,0,0,0
170850,1,1,0,0,0,0,0,0,0,0,0,0
170851,1,1,0,0,0,0,0,0,0,0,0,0
170851,2,1,0,0,0,0,0,0,0,0,0,0
170852,1,1,20,20,20,20,20,20,20,20,20,20
170853,0,1,0,0,0,0,0,0,0,0,0,0
170853,1,1,0,0,15,0,0,0,0,0,0,0
170854,1,1,0,0,0,0,0,17,0,0,0,0
170854,2,1,0,0,0,0,0,0,0,0,0,0
170855,1,1,0,0,0,0,0,0,0,0,0,0
170855,2,1,0,0,0,0,0,0,0,0,0,0
170856,1,1,0,0,0,0,0,0,0,0,0,0
170857,1,1,0,0,0,0,0,0,0,0,0,0
170857,2,1,0,0,0,0,0,0,0,0,0,0
170858,0,1,0,0,0,0,0,0,0,0,0,0
170858,1,1,0,7,0,0,0,0,0,0,0,0
170859,1,1,18,18,18,18,18,18,18,18,18,18
170860,1,1,0,0,0,0,0,0,0,0,0,0
170860,2,1,0,0,0,0,0,0,0,0,0,0
170861,1,1,0,0,0,0,0,0,0,0,0,0
170861,2,1,0,0,0,0,0,0,0,0,0,0
170862,1,1,0,0,0,0,0,0,0,0,0,0
170862,2,1,5,5,5,5,5,5,5,5,5,5
170863,1,1,0,0,0,0,0,0,0,0,0,0
170863,2,1,0,0,0,0,0,0,0,0,0,0
170863,3,1,0,0,0,0,0,0,0,0,0,0
170864,1,1,26,26,26,26,26,26,26,26,26,26
170865,1,1,0,0,0,0,0,0,0,0,0,0
170866,1,1,0,0,0,0,0,0,0,0,0,0
170866,2,1,0,0,0,0,0,0,0,0,0,0
170868,1,1,0,0,0,0,0,0,0,0,0,0
170869,1,1,0,0,0,0,0,0,0,0,0,0
170870,1,1,18,18,18,18,18,18,18,18,18,18
170871,1,1,0,0,0,0,0,0,0,0,0,0
170871,2,1,0,7,0,0,0,0,0,0,0,0