ST_CASE,VEH_NO,PER_NO,P1,P2,P3,P4,P5,P6,P7,P8,P9,P10
170872,0,1,3,3,3,3,3,3,3,3,3,3
170872,1,1,0,0,0,0,0,0,0,0,0,0
170873,1,1,0,0,0,0,0,0,0,0,0,0
170873,2,1,0,0,0,0,0,0,0,0,0,0
170874,1,1,19,19,19,19,19,19,19,19,19,19
170875,1,1,0,0,0,0,0,0,0,0,0,0
170875,2,1,0,0,0,0,0,0,0,0,0,0
170875,3,1,0,0,0,0,0,0,0,0,0,0
170876,1,1,7,7,7,7,7,7,7,7,7,7
170877,0,1,0,0,0,0,0,0,0,0,0,0
170877,1,1,0,0,0,0,0,0,0,0,0,0
170878,0,1,1,1,1,1,1,1,1,1,1,1
170878,1,1,0,0,0,0,0,14,0,0,0,0
170880,1,1,0,0,0,0,0,0,0,0,0,0
170881,1,1,27,27,27,27,27,27,27,27,27,27
170881,2,1,10,0,0,0,0,0,0,7,0,0
170882,1,1,0,0,0,0,0,0,0,0,0,0
170882,2,1,0,0,0,0,0,0,0,0,0,0
170883,1,1,0,0,0,0,0,0,0,0,0,0
170883,2,1,0,0,0,0,0,0,0,0,0,0
170884,1,1,0,0,0,0,0,0,0,0,0,0
170884,2,1,4,4,4,4,4,4,4,4,4,4
170885,1,1,0,0,0,0,0,0,0,0,0,0
170885,2,1,0,0,2,14,2,0,0,0,0,25
170886,0,1,0,0,0,0,0,0,0,0,0,0
170886,1,1,0,0,0,0,0,0,0,0,0,0
170887,1,1,0,0,0,0,0,0,0,0,0,0
170887,2,1,0,0,0,0,0,0,0,19,0,0
170888,1,1,24,16,8,0,15,0,28,19,8,23
170889,1,1,0,0,0,0,0,0,0,0,0,0
170889,2,1,0,0,0,0,0,0,0,0,0,0
170890,0,1,0,0,0,0,0,0,0,0,0,0
170890,1,1,0,0,0,0,8,19,0,19,0,0
170891,1,1,11,11,11,11,11,11,11,11,11,11
170892,1,1,7,7,7,7,7,7,7,7,7,7
170893,1,1,0,0,0,0,0,0,0,0,0,17
170893,2,1,7,0,0,0,0,0,0,0,0,0
170894,1,1,0,0,0,0,0,0,0,0,0,0
170894,2,1,0,0,0,0,0,0,0,0,0,0
170895,1,1,1,1,1,1,1,1,1,1,1,1
170895,2,1,0,0,0,0,0,0,0,0,0,0
170896,1,1,0,0,0,0,0,0,0,0,0,0
170896,2,1,0,0,0,0,0,0,0,0,0,0
170897,1,1,1,1,1,1,1,1,1,1,1,1
170897,2,1,2,2,2,2,2,2,2,2,2,2
170898,1,1,38,10,6,21,13,7,10,11,31,29
170898,2,1,30,9,6,6,13,16,5,7,20,8
170899,1,1,0,0,0,0,0,0,0,0,0,0
170900,1,1,0,0,0,0,0,0,0,0,0,0
170900,2,1,0,0,0,0,0,0,0,0,0,0
170901,0,1,18,18,18,18,18,18,18,18,18,18
170901,1,1,5,13,20,8,11,0,0,0,9,0
170902,1,1,0,0,0,0,0,0,0,0,0,0
170902,2,1,0,0,0,0,0,0,0,0,0,0
170903,1,1,17,17,17,17,17,17,17,17,17,17
170903,2,1,1,1,1,1,1,1,1,1,1,1
170904,1,1,0,0,0,0,0,0,0,0,0,0
170905,1,1,0,0,0,0,0,0,0,0,0,0
170905,2,1,0,0,0,0,0,0,0,0,0,0
170906,0,1,0,0,0,0,0,0,0,0,0,0
170906,1,1,0,0,0,0,0,0,0,0,0,0
170907,0,1,0,0,0,0,6,0,0,0,0,0
170907,1,1,0,0,0,0,0,0,0,0,0,0
170908,1,1,0,0,0,0,0,3,0,0,0,0
170909,1,1,0,6,0,0,0,0,0,0,19,0
170909,2,1,0,0,0,0,14,0,0,0,0,0
170909,3,1,0,0,0,0,0,0,0,0,0,0
170910,1,1,0,0,0,0,0,0,0,0,0,0
170911,1,1,0,0,0,0,0,0,0,0,0,0
170911,2,1,0,0,0,0,0,0,0,0,0,0
170912,1,1,0,0,0,0,0,0,0,0,0,0
180001,1,1,34,23,0,0,24,22,9,26,11,35
180002,1,1,0,0,0,0,0,0,0,0,0,0
180003,1,1,0,0,0,0,0,0,0,0,0,0
180003,2,1,0,0,0,0,0,0,0,0,0,0
180004,1,1,18,18,18,18,18,18,18,18,18,18
180004,2,1,0,0,0,0,0,0,0,0,0,0
180005,1,1,0,0,0,0,0,0,0,0,0,0
180005,2,1,0,0,0,0,0,0,0,0,0,0
180006,0,1,0,0,0,0,0,0,0,0,0,0
180006,2,1,0,0,0,0,0,0,0,0,0,0
180007,1,1,0,0,0,0,0,0,0,0,0,0
180007,2,1,0,0,0,0,0,0,0,0,0,0
180008,1,1,0,0,0,0,0,0,0,0,0,0
180008,2,1,0,0,0,0,0,0,0,30,0,22
180009,1,1,0,0,0,0,0,0,0,0,0,0
180009,2,1,0,0,0,0,0,0,0,0,0,0
180009,3,1,0,0,0,0,0,0,0,0,0,0
180010,1,1,0,0,0,0,0,0,0,0,0,0
180011,1,1,33,33,33,33,33,33,33,33,33,33
180012,1,1,0,0,0,0,0,0,0,0,0,0
180013,1,1,11,11,11,11,11,11,11,11,11,11
180014,1,1,0,0,0,0,0,0,0,0,0,0
180014,2,1,0,0,0,0,0,0,0,0,0,0
180015,1,1,0,0,0,0,0,0,0,0,0,0
180015,2,1,0,0,0,0,0,0,0,0,0,0
180015,3,1,0,0,0,0,0,0,0,0,0,0
180016,1,1,59,59,59,59,59,59,59,59,59,59
180017,1,1,0,0,0,0,0,0,0,0,0,0
180017,2,1,0,0,0,0,0,0,0,0,0,0
180018,0,1,0,0,0,0,0,0,0,0,0,0
180018,1,1,0,0,0,0,0,0,0,0,0,0
180019,0,1,22,22,22,22,22,22,22,22,22,22
180019,1,1,18,18,18,18,18,18,18,18,18,18
180020,1,1,0,0,0,0,0,0,0,0,0,0
180021,1,1,0,0,0,0,0,0,0,0,0,0
180021,2,1,0,0,0,0,7,0,7,0,0,0
180022,1,1,13,13,13,13,13,13,13,13,13,13
180023,1,1,0,0,0,0,0,0,0,0,0,0
180024,0,1,12,12,12,12,12,12,12,12,12,12
180024,1,1,0,0,0,0,0,0,0,0,0,0
180025,1,1,0,0,0,0,0,0,0,0,0,0
180026,1,1,0,0,0,0,0,0,0,0,0,0
180026,2,1,0,0,0,0,0,0,0,0,8,0
180027,0,1,0,0,0,0,0,0,0,0,0,0
180027,1,1,0,0,0,0,0,0,0,0,0,0
180028,0,1,0,0,0,0,0,0,0,0,0,0
180028,1,1,0,0,0,0,0,0,0,0,0,0
180029,0,1,0,0,0,0,0,0,0,0,0,0
180029,1,1,0,0,0,0,0,0,0,0,0,0
180030,1,1,0,0,0,0,0,0,0,0,0,0
180031,1,1,0,0,0,0,0,0,0,0,0,0
180032,1,1,12,0,9,0,0,0,0,10,0,0
180033,1,1,27,0,0,0,23,0,0,29,0,0
180033,2,1,0,0,0,0,0,0,0,0,11,0
180034,1,1,15,15,15,15,15,15,15,15,15,15
180035,0,1,17,0,0,0,0,0,26,16,0,0
180035,1,1,0,0,0,0,0,0,0,0,0,0
180035,2,1,0,0,0,16,0,0,0,0,0,0
180036,1,1,0,0,0,0,0,0,0,0,0,0
180036,2,1,0,0,0,0,0,0,0,0,0,0
180037,1,1,0,0,0,0,0,0,0,0,0,0
180038,1,1,0,0,0,0,0,0,0,0,0,0
180038,2,1,0,0,0,0,0,0,0,0,0,0
180039,1,1,0,0,0,0,0,0,0,0,0,0
180039,2,1,0,0,0,0,0,0,0,0,0,0
180040,1,1,21,21,21,21,21,21,21,21,21,21
180041,1,1,0,0,0,0,0,0,0,0,0,0
180042,1,1,0,0,0,0,0,0,0,0,0,0
180042,2,1,0,0,0,0,0,0,0,0,0,0
180043,1,1,0,0,0,0,0,0,0,0,0,0
180043,2,1,0,0,0,0,0,0,0,0,0,0
180044,0,1,0,0,0,0,15,17,0,0,15,0
180044,1,1,0,0,0,5,0,7,9,3,0,0
180045,0,1,15,13,0,0,0,0,0,0,15,0
180045,1,1,10,10,10,10,10,10,10,10,10,10
180046,1,1,0,0,0,0,0,0,0,0,0,0
180046,2,1,0,11,0,0,0,0,0,0,21,15
180047,1,1,0,0,0,0,0,0,0,0,0,0
180048,1,1,0,0,0,0,0,0,0,0,0,0
180049,1,1,0,0,0,0,0,0,0,0,0,0
180049,2,1,0,0,0,0,0,0,0,0,0,0
180051,1,1,0,0,0,0,0,0,0,0,0,0
180052,1,1,15,16,0,0,0,0,0,0,0,18
180053,1,1,0,0,0,0,0,0,0,0,0,0
180053,2,1,0,0,0,0,0,0,0,0,0,0
180053,3,1,0,0,0,0,0,0,0,0,0,0
180054,1,1,0,0,0,0,0,0,0,0,0,8
180054,2,1,0,0,0,0,0,0,0,0,0,0
180055,1,1,0,0,0,0,0,0,0,0,0,0
180055,2,1,0,0,0,0,0,0,0,0,0,0
180055,3,1,0,0,0,0,0,0,0,0,0,0
180056,1,1,0,0,0,0,0,0,0,0,0,0
180056,2,1,0,0,0,0,0,0,0,0,0,0
180057,1,1,0,0,0,0,0,0,0,0,0,0
180057,2,1,0,0,0,0,0,0,0,0,0,0
180058,1,1,0,0,0,0,0,0,0,0,0,0
180058,2,1,0,0,0,0,0,0,0,0,0,0
180059,1,1,0,0,0,0,0,0,0,0,0,0
180060,1,1,18,18,18,18,18,18,18,18,18,18
180061,1,1,0,0,0,0,0,0,0,0,0,0
180061,2,1,0,0,0,0,0,0,0,0,0,0
180062,1,1,0,0,0,0,0,0,0,0,0,0
180062,2,1,0,9,0,0,0,0,0,0,0,0
180062,3,1,0,0,0,0,0,0,0,0,0,0
180063,1,1,15,15,15,15,15,15,15,15,15,15
180063,2,1,6,6,6,6,6,6,6,6,6,6
180064,1,1,0,0,0,0,0,0,0,0,0,0
180064,2,1,0,0,0,0,0,0,0,0,0,0
180065,1,1,0,0,0,0,0,0,0,0,0,0
180065,2,1,0,0,0,0,0,0,0,0,0,0
180066,1,1,0,0,0,0,0,0,0,0,0,0
180066,2,1,0,0,0,0,0,0,0,0,0,0
180066,3,1,0,0,0,0,0,0,0,0,0,0
180067,1,1,0,0,0,0,0,0,0,0,0,0
180068,1,1,0,0,0,0,0,0,0,0,0,0
180068,2,1,0,0,0,0,0,0,0,0,0,0
180069,1,1,11,11,11,11,11,11,11,11,11,11
180070,1,1,0,0,0,0,0,0,0,0,0,0
180070,2,1,0,0,0,0,0,0,0,0,0,0
180071,1,1,19,19,19,19,19,19,19,19,19,19
180072,1,1,0,0,7,0,0,0,0,0,0,0
180073,1,1,0,0,0,0,0,0,0,0,0,0
180073,2,1,0,0,0,0,0,0,0,0,0,0
180074,1,1,0,0,0,0,0,0,0,0,0,0
180074,2,1,24,0,0,0,0,0,0,0,7,0
180075,1,1,13,13,13,13,13,13,13,13,13,13
180076,1,1,0,0,0,0,0,0,0,0,0,0
180076,2,1,0,0,0,0,0,0,0,0,0,0
180077,1,1,0,0,0,0,0,0,0,0,0,0
180077,2,1,0,0,0,0,0,0,0,0,0,0
180078,1,1,6,6,6,6,6,6,6,6,6,6
180079,1,1,11,11,11,11,11,11,11,11,11,11
180080,1,1,0,0,0,0,0,0,0,0,0,0
180080,2,1,0,0,0,0,0,0,0,0,0,0
180082,1,1,0,0,0,0,0,0,0,0,0,0
180082,2,1,0,0,0,0,0,0,0,0,0,0
180083,1,1,0,0,0,0,0,0,0,0,0,0
180084,0,1,0,19,0,26,0,0,0,6,19,0
180084,0,2,18,22,16,14,29,0,34,0,16,12
180084,1,1,12,12,12,12,12,12,12,12,12,12
180084,4,1,0,0,0,24,0,0,36,15,0,10
180085,1,1,25,25,25,25,25,25,25,25,25,25
180086,1,1,25,25,25,25,25,25,25,25,25,25
180087,1,1,0,0,0,0,0,0,0,0,0,0
180088,1,1,18,18,18,18,18,18,18,18,18,18
180089,0,1,0,0,0,0,0,0,0,0,0,0
180090,1,1,0,0,0,0,0,0,0,0,0,0
180091,1,1,24,24,24,24,24,24,24,24,24,24
180092,1,1,0,0,0,0,0,0,0,0,13,0
180093,1,1,10,10,10,10,10,10,10,10,10,10
180093,2,1,0,0,0,0,0,0,0,0,0,0
180094,1,1,18,18,18,18,18,18,18,18,18,18
180095,1,1,0,0,0,0,0,0,0,0,0,0
180096,1,1,0,0,0,13,0,0,0,0,0,7
180096,2,1,0,0,0,0,0,0,0,0,0,0
180097,1,1,9,9,9,9,9,9,9,9,9,9
180098,1,1,0,0,0,0,0,0,0,0,0,0
180098,2,1,0,0,0,0,0,0,0,0,0,0
180099,1,1,0,0,0,0,0,0,0,0,0,0
180099,2,1,0,0,0,0,0,0,0,0,0,8
180100,1,1,0,0,0,0,0,0,0,0,0,0
180101,1,1,0,0,0,0,0,0,0,0,0,0
180101,2,1,0,0,0,0,0,0,0,0,0,0
180102,1,1,0,0,0,0,0,0,25,0,0,0
180103,0,1,0,0,0,0,0,0,0,0,0,0
180103,1,1,0,0,0,0,0,0,0,0,0,0
180104,1,1,16,16,16,16,16,16,16,16,16,16
180105,1,1,0,0,0,0,0,0,0,0,0,0
180105,2,1,0,0,0,0,0,0,0,0,0,0
180106,1,1,0,0,0,0,0,0,0,0,0,10
180107,1,1,0,0,0,0,0,0,0,0,0,0
180107,2,1,0,0,0,0,0,0,0,0,0,0
180109,1,1,0,0,0,0,0,0,0,0,0,0
180109,2,1,0,0,0,0,0,0,0,0,0,0
180110,1,1,0,0,0,0,0,0,0,0,0,0
180111,0,1,0,0,0,0,0,0,0,0,0,0
180111,1,1,13,0,11,0,0,18,6,4,32,20
180112,1,1,25,25,25,25,25,25,25,25,25,25
180113,1,1,0,0,0,0,0,0,0,0,0,0
180113,2,1,0,0,0,0,0,0,0,0,0,0
180114,1,1,26,26,26,26,26,26,26,26,26,26
180115,0,1,0,0,0,0,0,0,0,0,0,0
180115,1,1,0,0,0,0,0,0,0,0,0,0
180116,1,1,21,21,21,21,21,21,21,21,21,21
180117,1,1,0,0,0,0,0,0,0,0,0,0
180117,3,1,0,0,0,0,0,0,0,0,0,0
180118,1,1,0,0,0,0,0,0,0,0,0,0
180119,1,1,0,0,0,0,0,0,0,0,0,0
180119,2,1,0,0,0,0,0,0,0,0,0,0
180120,1,1,0,0,0,0,0,0,0,0,0,0
180121,0,1,0,0,0,0,0,0,0,0,0,0
180121,1,1,31,31,31,31,31,31,31,31,31,31
180122,1,1,0,0,0,0,0,0,0,0,0,0
180123,1,1,0,0,0,0,0,0,0,0,0,0
180123,2,1,0,0,0,0,0,0,0,0,0,0
180124,1,1,29,29,29,29,29,29,29,29,29,29
180125,1,1,0,0,0,0,0,0,0,0,0,0
180125,2,1,3,3,3,3,3,3,3,3,3,3
180126,1,1,0,0,0,0,0,0,0,0,0,0
180126,2,1,0,0,0,0,0,0,0,0,0,0
180126,3,1,0,0,0,0,0,0,0,0,0,0
180127,1,1,26,26,26,26,26,26,26,26,26,26
180128,0,1,0,0,0,0,0,0,0,0,0,0
180128,0,2,0,42,22,0,0,23,0,0,0,0
180128,1,1,0,0,0,0,0,0,0,0,0,0
180129,1,1,0,0,0,0,0,0,0,0,0,0
180129,2,1,0,4,30,0,0,22,0,0,14,0
180129,3,1,0,0,0,0,0,0,0,0,0,0
180129,4,1,0,23,0,17,0,0,0,18,0,0
180130,1,1,0,0,0,0,0,0,0,0,0,0
180130,2,1,0,0,0,0,0,0,0,0,0,0
180131,1,1,0,0,0,0,0,0,0,0,0,0
180131,2,1,0,0,0,0,0,0,0,0,0,0
180132,1,1,0,0,0,0,0,0,0,0,0,0
180132,2,1,0,0,0,0,0,0,0,0,0,0
180133,1,1,0,0,0,0,0,0,0,0,0,0
180133,2,1,0,0,0,0,0,0,0,0,0,0
180134,1,1,0,0,7,0,0,0,0,0,0,0
180134,2,1,0,0,0,0,0,0,0,0,0,0
180135,0,1,0,0,0,0,0,0,0,0,0,0
180135,1,1,0,0,0,0,0,0,0,0,0,0
180136,1,1,21,21,21,21,21,21,21,21,21,21
180137,1,1,0,0,0,0,0,0,0,0,0,0
180138,1,1,0,0,0,0,0,0,0,0,0,0
180138,2,1,0,0,0,0,0,0,0,0,0,0
180138,3,1,0,0,0,0,0,0,0,0,0,0
180138,4,1,0,0,0,0,0,0,0,0,0,0
180139,1,1,0,0,0,0,0,0,0,0,0,0
180139,2,1,0,0,0,0,0,0,0,0,0,0
180140,1,1,0,0,0,0,0,0,0,0,0,0
180141,0,1,2,2,2,2,2,2,2,2,2,2
180141,1,1,0,0,0,0,0,0,0,0,0,0
180142,1,1,0,0,0,0,0,0,0,0,0,0
180142,2,1,0,0,0,0,0,0,0,0,0,0
180143,1,1,0,0,0,0,0,0,0,0,0,0
180144,1,1,0,0,0,0,0,0,0,0,0,0
180144,2,1,0,0,0,0,0,0,0,0,0,0
180145,1,1,0,0,0,0,0,0,0,0,0,0
180145,2,1,0,0,0,0,0,0,0,0,0,0
180146,1,1,3,3,3,3,3,3,3,3,3,3
180147,0,1,0,0,0,0,0,0,0,0,0,0
180147,1,1,17,0,0,33,33,0,13,26,42,0
180147,2,1,0,0,16,14,14,19,0,6,9,0
180147,3,1,0,0,0,7,0,0,0,0,0,0
180148,1,1,3,3,3,3,3,3,3,3,3,3
180149,1,1,0,0,0,0,0,0,0,0,0,0
180149,2,1,0,0,0,0,0,0,0,0,0,0
180150,1,1,0,0,0,0,0,0,0,0,0,0
180150,2,1,0,0,0,0,0,0,0,0,0,0
180151,1,1,0,0,0,0,0,0,0,0,0,0
180151,2,1,0,0,0,0,21,0,0,0,0,0
180152,1,1,4,4,4,4,4,4,4,4,4,4
180153,1,1,0,0,0,0,0,0,0,0,0,0
180154,1,1,23,23,23,23,23,23,23,23,23,23
180154,2,1,0,0,0,0,0,0,0,0,0,0
180155,1,1,0,0,0,0,0,0,0,0,0,0
180155,2,1,0,0,0,0,0,0,0,0,0,0
180156,1,1,0,0,0,0,0,0,0,0,0,0
180156,2,1,0,0,0,0,0,0,0,0,0,0
180157,1,1,0,0,0,0,0,0,0,0,0,0
180157,2,1,0,0,0,0,0,0,0,0,0,0
180158,1,1,0,0,0,0,0,0,0,0,0,0
180158,2,1,0,0,0,0,0,0,0,0,0,0
180158,3,1,0,0,0,0,0,0,0,0,0,0
180158,4,1,0,0,0,0,0,0,0,0,0,0
180158,5,1,0,0,0,0,0,0,0,0,0,0
180159,1,1,0,0,0,0,0,0,0,0,0,0
180159,2,1,0,0,0,0,0,0,0,0,0,0
180160,1,1,0,0,5,14,0,0,0,0,0,0
180160,2,1,0,0,0,0,0,0,0,0,0,0
180161,1,1,10,10,10,10,10,10,10,10,10,10
180161,2,1,0,0,0,0,11,0,0,0,0,0
180162,1,1,0,0,0,0,0,0,0,0,0,0
180163,1,1,0,0,0,0,0,0,0,0,5,0
180164,1,1,0,0,0,0,0,0,0,0,0,0
180164,2,1,0,0,0,0,0,0,0,0,0,0
180165,1,1,0,0,0,0,0,0,0,0,0,0
180165,2,1,0,0,0,0,0,0,0,0,0,0
180166,1,1,0,0,0,0,0,0,0,0,0,0
180167,1,1,0,0,0,0,0,0,0,0,0,0
180167,2,1,0,0,0,0,0,0,0,0,0,0
180168,1,1,0,0,17,0,12,0,3,0,20,0
180169,1,1,14,14,14,14,14,14,14,14,14,14
180170,1,1,17,17,17,17,17,17,17,17,17,17
180171,1,1,0,0,0,0,0,0,0,0,0,0
180171,2,1,0,0,0,0,0,0,0,0,0,0
180172,1,1,0,0,0,0,0,0,0,0,0,0
180173,1,1,0,0,0,0,0,0,0,0,0,0
180173,2,1,0,0,0,0,0,0,0,0,0,0
180174,1,1,0,0,0,0,0,0,0,0,0,0
180174,2,1,0,0,0,0,0,0,0,0,0,0
180175,1,1,0,0,0,0,0,0,0,0,0,0
180175,2,1,0,10,0,0,0,0,0,0,0,0
180176,1,1,0,0,0,0,0,0,0,0,0,0
180177,0,1,0,0,0,0,0,0,0,0,0,0
180177,1,1,0,0,0,0,0,0,0,0,0,0
180178,1,1,28,28,28,28,28,28,28,28,28,28
180179,1,1,0,0,0,0,0,0,0,0,0,0
180180,1,1,0,0,0,0,0,0,0,0,0,0
180180,2,1,0,16,0,0,0,0,0,0,0,0
180181,1,1,0,0,0,0,0,0,0,0,0,0
180181,2,1,0,0,0,0,0,0,0,0,0,0
180182,1,1,0,0,0,0,0,0,0,0,0,0
180182,3,1,8,8,8,8,8,8,8,8,8,8
180183,1,1,7,7,7,7,7,7,7,7,7,7
180184,1,1,0,0,0,0,0,0,0,0,0,0
180185,1,1,0,0,0,0,0,0,0,0,0,0
180186,1,1,0,0,0,0,0,0,0,0,0,0
180186,2,1,0,0,0,0,0,0,0,0,0,0
180187,1,1,39,23,31,25,27,14,2,15,17,14
180188,1,1,0,0,0,0,0,0,0,0,0,0
180188,2,1,0,0,0,0,0,0,0,0,0,0
180189,0,1,0,14,0,0,11,17,22,28,0,16
180189,1,1,12,12,12,12,12,12,12,12,12,12
180190,1,1,0,0,0,0,0,0,0,0,0,0
180190,2,1,0,0,0,0,0,0,0,0,0,11
180190,3,1,0,0,0,0,0,0,0,0,0,0
180190,4,1,0,0,0,0,0,0,0,0,0,0
180190,5,1,0,0,0,0,0,0,0,0,0,0
180191,1,1,20,21,18,14,32,30,33,24,21,10
180192,1,1,20,20,20,20,20,20,20,20,20,20
180193,1,1,18,18,18,18,18,18,18,18,18,18
180194,1,1,0,0,0,0,0,0,0,0,0,0
180195,1,1,0,0,9,9,0,10,14,22,0,3
180196,1,1,0,0,0,0,0,0,0,0,0,0
180197,1,1,23,23,23,23,23,23,23,23,23,23
180198,1,1,0,0,0,0,0,0,0,0,0,0
180199,1,1,25,25,25,25,25,25,25,25,25,25
180200,0,1,4,0,0,0,0,0,0,0,0,0
180200,0,2,0,0,0,0,22,0,20,0,0,0
180200,1,1,19,19,19,19,19,19,19,19,19,19
180201,1,1,32,32,32,32,32,32,32,32,32,32
180201,2,1,15,15,15,15,15,15,15,15,15,15
180202,1,1,14,14,14,14,14,14,14,14,14,14
180203,1,1,21,21,21,21,21,21,21,21,21,21
180204,0,1,0,0,0,0,0,0,0,0,0,0
180204,1,1,0,0,0,0,0,0,0,0,0,0
180205,1,1,0,0,0,0,0,0,0,0,0,0
180205,2,1,0,0,6,0,0,0,0,0,39,20
180206,1,1,0,13,19,20,36,0,0,12,16,38
180207,1,1,0,0,0,0,0,0,0,0,0,0
180207,2,1,0,0,0,0,0,0,0,0,26,0
180208,1,1,0,0,0,0,0,0,0,0,0,0
180209,1,1,21,21,21,21,21,21,21,21,21,21
180209,2,1,0,0,0,0,0,0,0,0,0,0
180210,1,1,13,13,13,13,13,13,13,13,13,13
180210,2,1,0,0,0,0,0,0,0,15,0,0
180211,1,1,0,0,0,0,0,21,0,0,12,37
180212,1,1,15,15,15,15,15,15,15,15,15,15
180213,1,1,15,15,15,15,15,15,15,15,15,15
180214,0,1,0,0,0,0,0,0,0,0,0,0
180214,1,1,0,0,0,0,0,0,0,0,0,0
180215,1,1,0,0,0,0,0,0,0,0,0,0
180215,2,1,0,0,0,0,0,0,0,0,0,0
180216,1,1,0,0,0,0,0,0,0,0,0,0
180217,1,1,17,17,17,17,17,17,17,17,17,17
180218,1,1,0,0,0,0,0,0,0,0,0,0
180218,2,1,0,0,0,0,0,0,0,0,0,0
180219,1,1,0,0,22,0,0,0,0,7,0,0
180220,1,1,0,0,0,0,0,0,0,0,0,0
180221,1,1,0,7,0,0,13,0,26,0,0,0
180221,2,1,0,0,0,0,0,0,0,0,0,0
180222,1,1,0,0,0,0,0,0,0,0,0,0
180222,2,1,0,0,0,0,0,0,0,0,0,0
180223,1,1,8,8,8,8,8,8,8,8,8,8
180224,1,1,16,16,16,16,16,16,16,16,16,16
180225,1,1,0,0,0,0,0,0,0,0,0,0
180226,1,1,0,0,10,10,9,16,12,0,11,6
180227,1,1,16,18,18,0,15,27,14,11,0,14
180228,0,1,0,0,0,0,0,0,0,0,0,0
180228,1,1,0,0,0,0,0,0,0,0,0,0
180229,1,1,0,0,0,0,0,0,0,0,0,0
180230,1,1,0,0,0,0,6,6,0,3,0,0
180231,1,1,16,16,16,16,16,16,16,16,16,16
180231,2,1,0,0,0,0,0,0,0,0,0,0
180232,1,1,0,0,0,0,0,0,0,0,0,0
180232,2,1,0,0,0,0,0,0,0,0,0,0
180232,3,1,0,0,0,0,0,0,0,0,0,0
180233,1,1,0,0,0,0,0,0,0,0,0,0
180234,1,1,18,18,18,18,18,18,18,18,18,18
180235,1,1,0,0,0,0,0,0,0,0,0,21
180235,2,1,0,0,0,0,0,0,0,0,0,0
180236,0,1,0,0,0,0,0,0,0,0,0,0
180236,1,1,0,0,0,0,0,0,0,0,0,0
180237,1,1,6,6,6,6,6,6,6,6,6,6
180237,2,1,0,0,0,0,0,13,0,0,0,0
180239,1,1,0,0,0,0,6,0,30,0,0,0
180240,1,1,28,28,28,28,28,28,28,28,28,28
180241,1,1,0,0,0,0,0,0,0,0,0,20
180242,1,1,0,0,0,0,0,0,0,0,0,0
180243,1,1,0,0,0,0,0,0,0,0,0,0
180243,2,1,0,0,0,0,0,0,0,0,0,0
180244,1,1,18,16,0,26,0,0,0,18,0,0
180245,1,1,0,0,0,0,0,0,0,0,0,0
180245,2,1,0,0,0,0,0,0,0,0,0,0
180246,1,1,0,0,0,0,0,0,0,0,0,0
180246,2,1,0,0,0,0,0,0,0,0,0,0
180247,1,1,15,0,0,17,0,0,0,0,0,0
180248,1,1,24,24,24,24,24,24,24,24,24,24
180249,1,1,0,0,0,0,0,0,0,0,0,0
180249,2,1,0,0,0,0,0,0,0,0,0,0
180250,1,1,0,11,0,9,30,0,2,8,0,0
180250,2,1,0,0,0,0,0,0,0,0,0,0
180251,1,1,0,0,0,0,0,0,0,0,0,0
180251,2,1,0,0,0,0,0,0,0,0,0,0
180252,1,1,0,0,0,0,0,0,0,0,0,0
180252,2,1,0,0,0,0,0,0,0,0,0,0
180253,1,1,0,0,0,0,0,0,0,0,0,0
180253,2,1,0,0,0,0,0,0,0,0,0,0
180254,1,1,0,0,0,0,0,0,11,0,13,19
180254,2,1,0,0,0,0,0,0,0,0,0,0
180255,1,1,40,40,40,40,40,40,40,40,40,40
180256,1,1,0,0,0,0,0,0,0,0,0,0
180257,1,1,0,0,0,0,0,0,0,0,0,0
180258,1,1,20,20,20,20,20,20,20,20,20,20
180259,1,1,0,0,0,0,0,0,0,0,0,0
180259,2,1,0,0,0,0,0,0,0,0,0,0
180260,1,1,0,0,0,0,0,0,0,0,0,0
180260,2,1,0,0,0,0,0,0,0,0,0,0
180261,1,1,0,0,0,0,0,0,0,0,0,0
180262,1,1,0,0,0,0,0,0,0,0,0,0
180262,2,1,0,0,0,0,0,0,14,0,0,0
180263,0,1,13,0,0,0,0,0,0,0,0,0
180263,0,2,0,0,0,0,0,0,0,0,0,0
180263,1,1,20,20,20,20,20,20,20,20,20,20
180263,2,1,0,0,0,0,0,0,0,0,0,0
180265,1,1,0,0,0,0,0,0,0,0,0,0
180265,2,1,0,0,0,0,0,0,0,0,0,0
180266,1,1,35,35,35,35,35,35,35,35,35,35
180266,2,1,0,0,0,0,0,0,0,0,0,0
180266,3,1,0,0,0,0,0,0,0,0,0,0
180267,1,1,15,15,15,15,15,15,15,15,15,15
180268,1,1,13,13,13,13,13,13,13,13,13,13
180269,1,1,0,0,0,0,0,0,0,0,0,0
180269,2,1,0,0,0,0,0,0,0,0,0,0
180270,1,1,20,20,20,20,20,20,20,20,20,20
180270,2,1,0,0,0,0,0,0,0,0,0,0
180270,3,1,0,0,0,0,0,0,0,0,0,0
180271,1,1,0,0,0,0,0,0,0,0,0,0
180271,2,1,0,0,0,0,0,0,0,0,0,0
180272,1,1,0,0,0,0,0,0,0,0,0,0
180273,1,1,5,5,5,5,5,5,5,5,5,5
180274,1,1,0,0,0,0,0,0,0,0,0,0
180274,2,1,0,0,0,0,0,0,0,0,0,0
180275,1,1,0,0,0,0,0,0,0,0,0,0
180276,1,1,0,27,0,0,30,5,31,18,0,4
180277,1,1,0,0,0,0,0,0,0,0,0,0