ST_CASE,VEH_NO,PER_NO,P1,P2,P3,P4,P5,P6,P7,P8,P9,P10
180277,2,1,6,8,0,8,4,0,0,0,9,0
180279,0,1,0,0,0,0,0,0,0,0,0,0
180279,1,1,15,15,15,15,15,15,15,15,15,15
180280,1,1,0,0,0,0,0,0,0,0,0,0
180280,2,1,0,0,0,0,0,0,0,0,0,0
180281,1,1,0,0,0,0,0,0,0,0,0,0
180281,2,1,0,0,0,0,3,0,0,0,0,0
180282,1,1,0,0,0,0,0,0,0,0,0,0
180283,1,1,0,0,0,0,0,0,0,0,0,0
180283,2,1,0,0,0,0,0,0,0,0,0,0
180284,1,1,0,0,0,0,0,0,0,0,0,0
180284,2,1,0,0,0,0,0,0,0,0,0,0
180285,1,1,0,0,0,0,0,0,0,0,0,0
180285,2,1,0,0,0,0,0,0,0,0,0,0
180286,1,1,0,0,0,0,0,0,0,0,0,0
180286,2,1,0,0,0,0,0,0,0,0,0,0
180287,1,1,0,0,0,0,0,0,0,0,0,0
180287,2,1,0,0,0,0,0,0,0,0,0,0
180287,3,1,7,0,12,0,0,0,0,17,0,0
180288,1,1,0,0,0,0,0,0,0,0,0,0
180289,1,1,0,0,0,0,0,0,0,0,0,0
180290,1,1,0,0,0,0,0,0,0,0,0,0
180290,2,1,0,0,0,0,0,0,14,10,0,0
180291,1,1,0,0,0,0,0,0,0,0,0,0
180291,2,1,0,0,0,0,0,0,0,0,0,0
180292,1,1,0,0,0,0,0,0,0,0,0,0
180292,2,1,0,0,0,0,0,0,0,0,0,0
180293,1,1,21,21,21,21,21,21,21,21,21,21
180293,2,1,0,0,0,0,0,0,0,0,0,0
180294,1,1,0,0,0,0,0,0,0,0,0,0
180294,2,1,0,0,0,0,0,0,0,0,0,0
180295,1,1,12,12,12,12,12,12,12,12,12,12
180296,1,1,0,0,0,0,0,0,0,0,0,0
180297,1,1,23,23,23,23,23,23,23,23,23,23
180298,0,1,0,0,0,0,0,0,0,0,0,0
180298,1,1,0,0,0,0,0,0,0,0,0,0
180299,1,1,0,0,0,0,0,0,0,0,0,0
180300,1,1,0,0,0,0,0,0,0,0,0,0
180300,2,1,0,0,0,0,0,0,0,0,0,0
180300,3,1,0,0,0,0,0,0,0,0,0,0
180301,1,1,0,0,0,0,0,0,0,0,0,0
180301,2,1,21,21,21,21,21,21,21,21,21,21
180302,1,1,0,0,0,0,0,0,0,0,0,8
180303,0,1,19,19,19,19,19,19,19,19,19,19
180303,1,1,0,0,0,0,0,0,0,0,0,0
180303,2,1,0,0,0,0,0,0,0,0,0,0
180304,1,1,0,0,0,0,0,0,0,0,0,0
180304,2,1,0,0,0,0,0,0,0,0,0,0
180305,1,1,0,0,0,0,0,0,0,0,0,0
180306,0,1,0,0,0,0,0,0,0,0,0,0
180306,1,1,0,0,0,0,0,0,0,0,0,0
180307,1,1,0,15,20,0,22,14,2,0,0,0
180308,1,1,0,0,0,0,0,0,0,0,0,0
180309,1,1,0,0,0,0,0,0,0,0,0,0
180310,0,1,0,0,24,36,22,30,0,0,46,34
180310,2,1,15,0,0,0,0,0,0,0,0,0
180311,1,1,0,0,0,0,0,0,0,0,0,0
180311,2,1,0,0,0,0,0,0,0,0,0,0
180312,1,1,0,11,22,28,0,10,22,14,8,0
180313,1,1,0,0,0,0,0,0,0,0,0,0
180315,1,1,0,0,0,0,0,0,0,0,0,0
180316,1,1,0,0,0,0,0,0,0,0,0,0
180316,2,1,12,0,11,0,8,0,6,0,0,11
180317,1,1,0,0,0,0,0,0,0,0,0,0
180318,1,1,0,0,0,0,0,0,0,0,0,0
180319,1,1,24,24,24,24,24,24,24,24,24,24
180320,1,1,4,4,4,4,4,4,4,4,4,4
180320,2,1,0,0,0,0,0,0,0,0,0,0
180321,1,1,0,0,0,0,0,0,0,0,0,0
180321,2,1,0,0,0,0,0,0,0,0,0,0
180322,0,1,17,17,17,17,17,17,17,17,17,17
180322,1,1,0,0,0,0,0,0,0,0,0,0
180323,1,1,14,0,25,14,0,19,0,21,0,19
180324,1,1,20,20,20,20,20,20,20,20,20,20
180325,1,1,0,0,0,0,0,0,8,0,0,0
180325,2,1,0,0,0,0,0,0,0,0,0,0
180326,1,1,0,0,0,0,0,0,0,0,0,0
180326,2,1,0,0,0,0,0,0,0,0,0,0
180327,1,1,17,6,0,0,10,31,5,0,21,16
180328,1,1,4,4,4,4,4,4,4,4,4,4
180329,1,1,0,0,1,13,0,13,7,0,0,17
180330,1,1,21,21,21,21,21,21,21,21,21,21
180331,1,1,0,0,0,0,0,0,0,0,0,0
180332,1,1,0,0,0,0,0,0,0,0,0,0
180333,1,1,6,0,10,0,0,0,0,0,0,0
180333,2,1,8,8,8,8,8,8,8,8,8,8
180334,1,1,0,0,0,0,0,0,0,0,0,0
180334,2,1,0,0,0,7,0,0,15,18,0,0
180335,1,1,0,0,0,0,0,0,0,0,0,0
180335,2,1,0,0,0,0,0,0,0,0,0,0
180336,1,1,0,0,0,0,0,0,0,0,0,0
180337,1,1,0,0,0,10,0,0,0,0,0,0
180337,2,1,13,0,0,0,0,0,0,0,0,0
180338,1,1,0,0,0,0,0,0,0,0,0,0
180339,1,1,0,0,0,0,0,0,0,0,0,0
180339,2,1,0,0,0,0,0,0,0,0,0,0
180340,1,1,0,0,0,0,0,0,0,0,0,0
180341,1,1,0,0,0,0,0,0,0,0,0,0
180341,2,1,0,0,0,0,0,0,0,0,0,0
180341,3,1,0,0,0,0,0,0,0,0,0,0
180342,1,1,0,0,0,0,0,13,0,0,6,0
180343,1,1,0,0,0,0,0,0,0,0,0,0
180343,2,1,0,0,0,0,0,0,0,0,0,0
180344,1,1,0,0,0,0,0,0,0,0,0,0
180345,1,1,0,0,0,0,0,0,0,0,0,0
180346,1,1,24,24,24,24,24,24,24,24,24,24
180347,1,1,0,0,0,0,0,0,0,0,0,0
180347,2,1,3,3,3,3,3,3,3,3,3,3
180348,1,1,0,0,0,0,0,0,0,0,0,0
180349,1,1,0,0,0,0,0,0,16,0,0,0
180349,2,1,0,0,0,0,0,0,0,0,0,0
180349,3,1,0,0,0,0,0,0,0,0,0,0
180349,4,1,0,0,0,0,0,0,0,0,0,0
180349,5,1,0,0,0,0,0,0,0,0,0,0
180350,1,1,4,4,4,4,4,4,4,4,4,4
180350,2,1,0,0,0,0,0,0,0,0,0,0
180350,3,1,0,0,0,0,0,0,0,0,0,0
180351,1,1,0,0,0,0,0,0,0,0,0,0
180352,1,1,0,0,0,0,0,0,0,0,0,0
180352,2,1,0,0,0,0,0,0,0,0,0,0
180353,1,1,0,0,0,0,0,0,0,0,0,0
180354,1,1,0,0,0,0,0,0,0,0,0,0
180355,1,1,17,17,17,17,17,17,17,17,17,17
180355,2,1,0,0,0,0,0,0,0,0,19,0
180356,1,1,0,0,0,0,0,0,0,0,0,0
180356,2,1,0,0,0,0,0,0,0,0,0,0
180357,1,1,8,8,8,8,8,8,8,8,8,8
180357,2,1,0,4,0,1,0,22,21,24,0,6
180358,1,1,0,0,0,0,0,0,0,0,0,0
180359,1,1,0,0,0,0,0,0,0,0,0,0
180359,2,1,0,0,0,0,0,22,0,0,0,0
180360,1,1,0,0,0,0,0,0,0,0,0,0
180360,2,1,0,0,0,0,0,0,0,0,0,0
180361,1,1,0,0,0,0,0,0,0,0,0,0
180362,0,1,29,0,0,0,15,0,0,0,16,0
180362,1,1,0,0,0,0,0,0,0,0,0,0
180363,1,1,0,0,0,0,0,0,0,0,0,0
180363,2,1,0,0,0,0,0,0,0,0,0,0
180363,3,1,0,0,0,0,0,0,0,0,0,0
180363,4,1,0,0,0,0,0,0,0,0,0,0
180364,1,1,0,0,0,0,0,0,0,0,0,0
180365,1,1,11,11,11,11,11,11,11,11,11,11
180365,2,1,0,0,0,0,0,0,0,0,0,0
180366,1,1,0,0,0,0,0,0,0,0,0,0
180366,2,1,0,0,0,0,0,0,0,0,0,0
180367,1,1,0,0,0,0,0,0,0,0,0,0
180368,1,1,22,22,22,22,22,22,22,22,22,22
180369,0,1,0,0,0,0,0,13,0,0,0,0
180369,1,1,0,0,0,0,0,0,0,0,3,0
180370,1,1,0,0,0,0,0,0,0,0,0,0
180371,0,1,0,0,0,0,7,6,0,0,0,0
180371,1,1,0,0,0,0,0,0,0,0,0,0
180372,1,1,13,13,13,13,13,13,13,13,13,13
180373,1,1,0,0,0,0,0,0,0,0,0,0
180373,2,1,0,0,0,0,0,0,0,0,0,0
180374,1,1,0,0,0,0,0,0,0,0,0,0
180374,2,1,0,0,0,0,0,0,0,0,0,0
180375,1,1,0,0,0,0,0,0,0,0,0,0
180376,1,1,0,0,0,0,0,0,0,0,0,0
180376,2,1,0,0,0,0,0,0,0,0,0,0
180377,1,1,0,0,0,0,0,0,0,0,0,0
180377,2,1,0,0,0,0,0,0,0,0,0,0
180378,1,1,0,9,0,0,0,0,0,0,0,0
180378,2,1,0,0,0,0,0,0,0,0,0,0
180379,1,1,0,0,0,0,0,0,0,0,0,0
180379,2,1,2,2,2,2,2,2,2,2,2,2
180380,1,1,0,0,0,0,0,0,0,0,0,0
180380,2,1,0,0,0,0,0,0,0,0,0,0
180381,1,1,0,0,0,0,0,0,0,0,0,0
180381,2,1,0,0,0,0,0,0,0,0,0,0
180382,1,1,15,15,15,15,15,15,15,15,15,15
180383,1,1,0,0,0,0,0,0,0,0,0,0
180383,2,1,0,0,0,0,0,0,0,0,0,0
180384,1,1,19,19,19,19,19,19,19,19,19,19
180384,2,1,0,0,0,0,0,0,0,0,0,0
180384,3,1,0,0,0,0,0,0,0,0,0,0
180384,4,1,0,0,0,0,0,0,0,0,0,0
180385,1,1,0,18,0,0,0,0,5,15,0,0
180385,2,1,0,0,0,6,0,0,0,0,0,0
180386,1,1,0,0,0,0,0,0,0,0,0,0
180386,2,1,0,0,0,0,0,0,0,0,0,0
180387,1,1,0,0,0,0,0,0,0,0,0,0
180387,2,1,0,0,0,0,0,0,0,0,0,0
180388,1,1,0,0,0,0,0,0,0,0,0,0
180388,2,1,0,0,0,0,0,0,0,0,0,0
180389,1,1,14,14,14,14,14,14,14,14,14,14
180390,1,1,0,0,0,0,0,0,0,0,0,0
180391,1,1,19,19,19,19,19,19,19,19,19,19
180392,1,1,25,25,25,25,25,25,25,25,25,25
180393,1,1,21,21,21,21,21,21,21,21,21,21
180393,2,1,0,0,0,0,0,0,0,0,0,0
180394,1,1,0,0,0,0,0,0,0,0,0,0
180395,1,1,0,0,0,0,0,0,0,0,0,0
180396,1,1,0,0,0,0,0,0,0,0,0,0
180396,2,1,0,0,0,0,0,0,0,0,0,0
180397,1,1,0,0,0,0,0,0,0,0,0,0
180397,2,1,0,0,0,0,0,0,0,0,0,0
180398,1,1,0,0,0,0,0,0,0,0,0,0
180398,2,1,2,2,2,2,2,2,2,2,2,2
180399,1,1,0,0,0,0,0,0,0,0,0,0
180399,2,1,0,0,0,0,0,0,0,0,0,0
180400,0,1,0,0,0,0,0,0,0,0,0,0
180400,1,1,0,0,0,0,0,0,0,0,0,0
180401,1,1,16,16,16,16,16,16,16,16,16,16
180402,1,1,0,0,0,0,0,0,0,0,0,0
180403,1,1,28,28,28,28,28,28,28,28,28,28
180404,1,1,15,15,15,15,15,15,15,15,15,15
180405,1,1,8,8,8,8,8,8,8,8,8,8
180406,1,1,0,0,0,0,0,0,0,0,0,0
180406,2,1,0,0,0,0,0,0,0,0,0,0
180407,1,1,0,0,0,0,0,0,0,0,0,0
180408,1,1,0,0,0,0,0,0,0,0,0,0
180409,1,1,0,0,0,0,0,0,0,0,0,0
180409,2,1,0,0,0,0,0,0,0,0,0,0
180410,1,1,13,13,13,13,13,13,13,13,13,13
180410,2,1,0,0,0,0,0,0,0,0,0,0
180411,1,1,0,0,0,0,0,0,0,0,0,0
180412,1,1,0,0,0,0,0,0,0,0,0,0
180413,0,1,0,0,0,0,0,0,0,0,0,0
180413,1,1,0,0,0,0,0,0,0,0,0,0
180414,1,1,0,0,0,0,0,0,0,0,0,0
180414,2,1,0,0,0,0,0,0,0,0,0,0
180416,0,1,0,11,30,25,0,20,0,0,0,0
180416,1,1,0,0,0,0,0,0,0,0,0,0
180417,1,1,18,18,18,18,18,18,18,18,18,18
180418,1,1,22,22,22,22,22,22,22,22,22,22
180418,2,1,0,0,0,0,0,0,0,0,0,0
180419,1,1,0,0,8,0,0,0,0,0,0,0
180419,2,1,0,0,0,0,0,0,0,0,0,0
180420,1,1,0,0,0,0,0,0,0,0,0,0
180420,2,1,0,0,0,0,0,0,0,0,0,0
180421,0,1,0,0,0,0,0,0,0,0,0,0
180421,1,1,0,0,0,0,0,0,0,0,0,0
180422,1,1,0,0,0,0,0,0,0,0,0,0
180422,2,1,0,0,0,0,32,0,0,0,0,0
180423,1,1,26,26,26,26,26,26,26,26,26,26
180424,1,1,14,14,14,14,14,14,14,14,14,14
180425,1,1,0,0,0,0,0,0,0,0,0,0
180426,1,1,0,0,0,0,0,0,0,0,0,0
180426,2,1,0,0,0,0,0,0,0,0,0,0
180427,1,1,0,0,0,0,0,0,0,5,0,0
180427,2,1,0,0,0,0,0,0,0,0,0,0
180428,1,1,0,0,0,0,0,0,0,0,0,0
180428,2,1,0,0,0,0,0,0,0,0,0,0
180429,1,1,0,0,0,0,0,0,0,0,0,0
180429,2,1,0,0,0,0,0,0,0,0,0,0
180430,1,1,0,0,0,0,0,0,0,0,0,0
180430,2,1,14,14,14,14,14,14,14,14,14,14
180431,1,1,0,0,0,0,0,0,0,0,0,0
180431,2,1,0,0,0,0,0,0,0,0,0,0
180432,1,1,0,0,0,0,0,0,0,0,0,0
180432,2,1,0,0,0,0,0,0,0,0,0,0
180433,1,1,0,0,0,0,0,0,25,0,12,0
180433,2,1,1,1,1,1,1,1,1,1,1,1
180435,1,1,0,0,0,0,0,0,0,0,0,0
180435,2,1,0,0,0,0,0,0,0,0,0,0
180435,3,1,0,0,0,0,0,0,0,0,0,0
180436,1,1,0,0,0,0,0,0,0,0,0,0
180436,2,1,0,0,0,0,0,0,0,0,0,0
180437,1,1,24,0,4,0,0,10,0,0,0,0
180437,2,1,0,0,0,0,0,0,0,0,0,0
180438,0,1,0,0,0,15,0,0,0,0,0,14
180438,1,1,0,0,0,0,0,0,0,0,0,0
180439,1,1,10,10,10,10,10,10,10,10,10,10
180439,2,1,0,0,0,0,0,0,0,0,0,0
180440,1,1,0,0,0,0,0,0,0,0,0,19
180440,2,1,0,0,0,0,0,0,0,0,0,0
180441,1,1,0,0,0,0,0,0,0,0,15,0
180441,2,1,0,0,0,0,0,0,0,0,0,0
180441,3,1,0,0,0,0,0,0,0,0,0,0
180442,1,1,14,14,14,14,14,14,14,14,14,14
180443,1,1,0,0,0,0,0,0,0,0,0,0
180443,2,1,0,0,0,0,0,0,0,0,0,0
180444,1,1,0,0,0,0,0,0,0,0,0,0
180444,2,1,0,0,0,0,0,0,0,0,0,0
180444,3,1,0,0,0,0,0,0,0,0,0,0
180445,1,1,0,0,0,0,0,0,0,0,0,0
180445,2,1,0,0,0,0,0,0,0,0,4,0
180446,1,1,0,0,0,0,0,0,0,0,0,0
180446,2,1,0,10,0,5,20,10,0,19,0,0
180447,1,1,0,0,0,0,0,0,0,0,0,0
180447,2,1,0,0,17,10,0,0,0,0,11,0
180447,3,1,16,0,0,0,0,0,0,0,0,0
180448,1,1,22,22,22,22,22,22,22,22,22,22
180449,1,1,0,0,0,0,0,8,0,0,0,0
180449,2,1,0,0,0,0,0,0,0,0,0,0
180450,1,1,0,0,0,0,0,0,0,0,0,0
180450,2,1,0,0,0,0,0,0,0,0,0,0
180451,1,1,8,8,8,8,8,8,8,8,8,8
180452,0,1,0,0,0,0,0,0,0,0,0,0
180452,1,1,0,0,0,0,0,0,0,0,0,0
180453,1,1,0,0,0,0,0,0,0,0,0,0
180454,1,1,0,0,19,0,0,0,0,0,0,0
180454,2,1,0,0,0,0,0,0,0,0,0,0
180455,1,1,0,0,0,0,0,0,0,0,0,0
180455,2,1,0,0,0,0,0,0,0,0,0,0
180456,1,1,14,0,0,0,0,0,0,4,0,10
180457,1,1,20,20,20,20,20,20,20,20,20,20
180457,2,1,0,0,30,0,0,0,0,0,0,0
180458,1,1,0,0,0,0,0,0,0,0,0,0
180458,2,1,0,0,0,0,0,0,0,0,0,0
180460,1,1,0,0,0,0,0,0,0,0,0,0
180460,2,1,0,0,0,0,0,0,0,0,0,0
180461,0,1,0,0,0,0,0,0,0,0,0,0
180461,1,1,0,0,0,0,0,0,0,0,0,0
180462,0,1,0,0,0,0,0,0,0,0,0,0
180462,1,1,0,0,0,0,0,0,0,0,0,0
180463,1,1,0,0,0,0,0,0,0,0,0,0
180463,2,1,0,0,0,0,0,0,0,0,0,0
180464,1,1,0,0,0,0,0,0,0,0,0,0
180464,2,1,0,0,0,0,0,0,0,0,0,0
180465,1,1,17,17,17,17,17,17,17,17,17,17
180466,1,1,24,24,24,24,24,24,24,24,24,24
180467,1,1,5,5,5,5,5,5,5,5,5,5
180467,2,1,0,0,0,0,0,0,0,0,0,0
180468,1,1,11,11,11,11,11,11,11,11,11,11
180468,2,1,19,19,19,19,19,19,19,19,19,19
180469,1,1,12,12,12,12,12,12,12,12,12,12
180470,1,1,0,0,0,0,0,0,0,0,0,0
180471,1,1,0,0,0,0,0,0,0,0,0,0
180472,1,1,0,0,0,0,0,0,0,0,0,0
180472,2,1,0,9,0,8,0,0,0,0,0,0
180473,1,1,12,12,12,12,12,12,12,12,12,12
180474,1,1,0,0,0,0,0,0,0,0,0,0
180474,2,1,0,0,0,0,0,0,0,0,0,0
180475,1,1,0,0,0,0,0,0,0,0,0,0
180476,1,1,0,0,0,0,0,0,0,0,0,0
180476,2,1,0,0,0,0,0,0,0,0,0,19
180477,1,1,0,0,0,0,0,0,0,0,0,0
180477,2,1,0,0,0,0,0,0,0,0,0,0
180478,1,1,26,26,26,26,26,26,26,26,26,26
180478,2,1,0,0,0,0,0,3,0,0,0,0
180479,1,1,0,0,0,0,0,0,0,0,0,0
180479,2,1,0,0,0,0,0,0,0,0,0,0
180480,1,1,0,0,0,0,0,0,0,0,0,0
180481,0,1,0,0,0,0,20,0,0,0,11,0
180481,1,1,14,0,8,6,12,0,10,16,0,0
180482,1,1,25,25,25,25,25,25,25,25,25,25
180482,2,1,13,5,0,8,0,0,0,0,0,0
180483,1,1,0,0,0,0,0,0,0,0,0,0
180483,2,1,0,0,0,0,0,0,0,0,0,0
180483,3,1,3,0,0,0,0,0,0,0,0,0
180484,1,1,23,23,23,23,23,23,23,23,23,23
180485,1,1,0,0,0,0,0,0,0,0,0,0
180485,2,1,0,0,0,0,0,0,0,0,0,0
180486,1,1,0,0,0,0,0,0,0,0,0,0
180486,2,1,0,0,0,0,0,0,0,0,0,0
180487,1,1,0,0,0,0,0,0,0,0,0,0
180487,2,1,0,0,0,0,0,0,0,0,0,0
180488,1,1,0,0,0,0,0,0,0,0,0,0
180488,2,1,0,0,0,0,0,0,0,0,0,0
180489,1,1,0,0,0,0,0,0,0,0,0,0
180489,2,1,0,0,0,0,0,0,0,0,0,0
180490,1,1,21,21,21,21,21,21,21,21,21,21
180490,2,1,0,0,0,0,0,0,0,0,0,0
180491,1,1,18,18,18,18,18,18,18,18,18,18
180493,1,1,0,0,0,0,0,0,0,0,0,0
180493,2,1,0,0,0,0,0,0,0,0,0,0
180494,1,1,0,0,0,0,0,0,0,0,0,0
180494,2,1,0,0,0,0,0,0,0,0,0,0
180495,1,1,0,5,0,0,0,0,0,0,0,0
180495,2,1,0,0,0,0,0,0,0,0,0,0
180496,0,1,37,11,23,11,32,10,26,30,37,12
180496,1,1,0,0,0,0,0,0,0,0,0,0
180497,1,1,0,0,0,0,0,0,3,0,0,0
180498,0,1,0,0,0,0,0,0,0,0,0,0
180498,1,1,0,0,0,0,0,0,0,0,0,0
180499,1,1,14,14,14,14,14,14,14,14,14,14
180500,1,1,0,0,0,0,0,0,0,0,0,0
180500,2,1,0,0,0,0,0,0,0,0,0,0
180500,3,1,0,0,0,0,0,0,0,0,0,0
180501,1,1,17,30,17,28,16,34,0,25,22,18
180502,1,1,0,0,0,0,0,0,0,0,0,0
180503,1,1,29,29,29,29,29,29,29,29,29,29
180503,2,1,0,0,0,0,0,0,0,0,0,0
180504,1,1,0,0,0,0,0,0,0,0,0,0
180504,2,1,0,0,0,0,0,0,0,0,0,0
180505,1,1,0,9,0,0,0,0,0,0,17,0
180506,1,1,14,14,14,14,14,14,14,14,14,14
180507,1,1,0,0,0,0,0,0,0,0,0,0
180507,2,1,0,0,0,0,0,0,0,0,0,0
180508,1,1,0,0,0,0,0,0,0,0,0,0
180509,1,1,10,10,10,10,10,10,10,10,10,10
180509,2,1,0,0,0,0,0,0,0,0,0,0
180510,1,1,0,0,0,0,0,0,0,0,0,0
180511,1,1,0,0,0,0,0,0,0,0,0,0
180512,0,1,36,36,36,36,36,36,36,36,36,36
180512,1,1,0,0,0,0,0,0,0,0,0,0
180513,1,1,0,0,0,0,0,0,0,0,0,0
180513,2,1,0,0,0,0,0,0,0,0,0,0
180513,3,1,0,0,0,0,0,0,0,0,0,0
180514,1,1,0,0,0,0,0,0,0,0,0,0
180515,0,1,0,0,0,0,0,0,0,0,0,0
180515,1,1,0,0,0,0,0,0,0,0,0,0
180516,1,1,0,0,0,0,0,0,0,0,0,0
180516,2,1,40,40,40,40,40,40,40,40,40,40
180517,1,1,0,0,0,0,0,0,0,0,0,0
180517,2,1,0,0,0,0,0,0,0,0,0,0
180518,1,1,0,0,0,0,0,0,0,0,0,0
180519,0,1,0,12,0,0,0,0,15,0,15,0
180519,1,1,0,0,0,0,0,0,0,0,0,0
180520,1,1,0,0,0,0,0,0,0,0,0,0
180521,0,1,0,0,0,0,0,0,0,0,18,0
180521,1,1,0,0,0,0,0,0,0,0,0,0
180522,1,1,0,0,0,0,0,0,0,0,0,0
180523,1,1,0,8,14,0,0,0,9,0,0,9
180524,1,1,13,13,13,13,13,13,13,13,13,13
180525,1,1,0,0,0,0,0,0,0,0,0,0
180525,2,1,0,0,0,0,0,0,0,0,0,0
180526,1,1,6,6,6,6,6,6,6,6,6,6
180527,1,1,11,11,11,11,11,11,11,11,11,11
180527,2,1,0,0,0,0,0,0,0,0,0,0
180528,1,1,0,0,0,0,0,0,0,0,0,0
180528,2,1,0,0,0,0,0,0,0,0,0,0
180529,1,1,10,10,10,10,10,10,10,10,10,10
180529,2,1,0,0,0,0,0,0,0,0,0,0
180530,1,1,24,24,24,24,24,24,24,24,24,24
180530,2,1,0,0,0,0,0,0,0,0,0,0
180531,1,1,0,0,0,0,0,0,0,0,0,0
180531,2,1,0,0,0,0,0,0,14,0,0,13
180532,1,1,0,0,0,0,0,0,0,0,0,0
180532,2,1,0,0,0,0,0,0,0,0,0,0
180533,1,1,0,0,0,0,0,0,0,0,0,0
180534,1,1,0,0,0,0,0,0,0,0,0,0
180534,2,1,0,0,0,0,0,0,0,0,0,0
180536,1,1,39,39,39,39,39,39,39,39,39,39
180537,1,1,13,13,13,13,13,13,13,13,13,13
180538,1,1,0,0,0,0,0,0,0,0,0,0
180538,2,1,0,0,0,0,0,0,0,0,0,0
180539,1,1,0,0,0,0,0,0,0,0,0,0
180539,2,1,0,0,0,0,0,0,0,15,0,0
180540,1,1,0,0,0,0,0,0,0,0,0,0
180540,2,1,0,0,0,0,0,0,0,0,0,0
180541,1,1,0,0,0,0,0,0,0,0,0,0
180541,2,1,19,0,5,5,0,20,0,8,10,0
180542,1,1,0,0,0,21,0,0,0,22,15,0
180543,1,1,0,0,0,15,0,11,0,0,0,19
180544,0,1,0,0,0,0,0,0,0,0,0,16
180544,1,1,0,0,0,0,0,0,0,0,0,0
180545,1,1,23,23,23,23,23,23,23,23,23,23
180546,0,1,0,0,0,0,0,0,0,0,0,0
180546,1,1,12,12,12,12,12,12,12,12,12,12
180547,1,1,0,0,0,0,0,0,0,0,0,0
180547,2,1,16,16,16,16,16,16,16,16,16,16
180548,1,1,0,0,0,0,0,0,0,0,0,0
180549,1,1,0,24,19,0,0,0,0,0,10,0
180549,2,1,0,0,0,0,0,0,0,0,0,0
180550,1,1,0,0,0,0,0,0,0,0,0,0
180551,1,1,25,25,25,25,25,25,25,25,25,25
180552,1,1,0,0,0,0,0,0,0,0,0,0
180552,2,1,0,0,0,0,0,0,0,0,0,0
180553,1,1,32,13,0,8,0,0,0,21,27,9
180554,1,1,0,0,0,0,0,0,0,0,0,0
180555,1,1,0,0,0,0,0,0,0,0,0,0
180556,1,1,21,0,21,0,0,0,0,0,13,27
180557,1,1,27,29,3,0,16,0,12,22,0,24
180558,1,1,30,30,30,30,30,30,30,30,30,30
180559,1,1,23,23,23,23,23,23,23,23,23,23
180560,1,1,0,0,0,0,0,0,0,0,0,0
180561,0,1,0,11,0,0,0,0,0,0,12,0
180561,1,1,0,0,0,0,0,0,0,0,0,0
180562,1,1,0,0,0,0,0,0,0,0,0,0
180562,2,1,0,0,0,0,0,0,0,0,0,0
180563,1,1,10,10,10,10,10,10,10,10,10,10
180564,1,1,0,0,0,0,0,0,0,0,0,0
180564,2,1,0,0,0,0,0,0,0,0,0,0
180565,1,1,11,11,11,11,11,11,11,11,11,11
180566,1,1,0,0,0,0,0,0,0,0,0,0
180566,2,1,0,0,0,0,0,0,0,0,0,0
180567,1,1,0,0,0,0,0,0,0,0,0,0
180568,1,1,0,0,0,0,0,0,0,0,0,0
180569,1,1,0,0,0,0,0,0,0,0,0,0
180569,2,1,0,0,0,0,0,0,0,0,0,0
180570,1,1,0,0,0,0,0,0,0,0,0,0
180570,2,1,0,0,0,0,0,0,0,0,0,4
180571,0,1,0,0,0,0,0,0,0,0,0,0
180571,0,2,0,0,0,0,0,0,0,0,0,0
180571,1,1,0,0,0,0,0,0,0,0,0,0
180572,1,1,0,0,0,0,0,0,0,0,0,0
180572,2,1,0,0,0,0,0,0,0,0,0,0
180573,1,1,0,0,0,0,0,0,0,0,0,0
180573,2,1,0,0,0,0,0,0,0,0,0,0
180573,3,1,0,0,0,0,0,0,0,0,0,0
180574,1,1,0,0,0,0,0,0,0,0,0,0
180575,1,1,0,0,0,0,0,0,0,0,0,0
180575,2,1,0,0,0,0,0,0,0,0,0,0
180576,1,1,8,42,14,13,17,29,25,9,4,8
180577,1,1,0,0,0,0,18,0,0,0,0,0
180577,2,1,0,0,0,0,0,0,0,0,0,0
180578,1,1,0,20,0,24,0,21,0,0,13,11
180579,1,1,0,0,0,0,0,0,0,0,0,0
180579,2,1,0,0,0,0,0,0,0,0,0,0
180580,1,1,24,0,7,18,0,15,17,0,10,13
180581,1,1,0,0,0,0,0,0,0,0,0,0
180581,2,1,0,0,0,0,0,0,0,0,0,0
180582,1,1,0,0,0,0,0,0,0,0,0,0
180582,2,1,0,0,23,0,10,0,0,8,14,0
180583,1,1,0,0,0,0,0,0,0,0,0,0
180584,1,1,16,16,16,16,16,16,16,16,16,16
180585,1,1,0,0,0,0,0,0,0,0,0,0
180585,2,1,0,0,0,0,0,0,0,0,0,0
180586,1,1,0,0,0,0,0,0,0,0,0,0
180586,2,1,0,0,0,0,0,0,0,0,0,0
180587,1,1,7,7,7,7,7,7,7,7,7,7
180588,1,1,0,0,0,0,0,0,0,0,0,0
180588,2,1,0,0,0,0,0,0,0,0,0,0
180589,1,1,26,26,26,26,26,26,26,26,26,26
180590,1,1,0,0,0,0,0,0,0,0,0,0
180590,2,1,0,0,0,0,0,0,0,0,0,0
180591,1,1,0,0,0,0,0,0,0,0,0,0
180591,2,1,0,0,0,0,0,0,0,0,0,0
180591,3,1,0,0,0,0,0,0,0,0,0,0
180592,1,1,0,0,0,0,0,0,0,0,0,0
180592,2,1,0,0,0,0,0,0,0,0,0,0
180593,1,1,0,0,0,0,0,0,0,0,0,0
180593,2,1,0,0,0,0,0,0,0,0,0,0
180594,1,1,26,26,26,26,26,26,26,26,26,26
180594,2,1,0,0,0,0,0,0,0,0,0,0
180595,1,1,0,0,0,0,0,0,0,0,0,0