ST_CASE,VEH_NO,PER_NO,P1,P2,P3,P4,P5,P6,P7,P8,P9,P10
180595,2,1,0,0,0,0,0,7,0,0,0,0
180596,0,1,0,0,0,0,0,0,0,0,0,0
180596,1,1,24,24,24,24,24,24,24,24,24,24
180597,1,1,0,0,0,0,0,0,0,0,0,0
180598,1,1,29,29,29,29,29,29,29,29,29,29
180599,1,1,18,18,18,18,18,18,18,18,18,18
180600,1,1,0,0,0,0,0,0,0,0,0,0
180600,2,1,0,0,0,0,0,0,0,0,0,0
180601,1,1,0,0,0,0,0,0,0,0,0,0
180601,2,1,0,0,0,0,0,0,0,0,0,0
180601,3,1,0,0,0,0,0,0,0,0,0,0
180601,4,1,0,0,0,0,0,0,0,0,0,0
180602,1,1,0,0,0,0,0,0,0,0,0,0
180603,1,1,0,0,0,0,0,0,0,0,0,0
180603,2,1,0,0,0,0,0,0,0,0,0,0
180603,3,1,0,0,0,0,0,0,0,0,0,0
180603,4,1,0,0,0,0,0,0,0,0,0,0
180603,5,1,0,0,0,0,0,0,0,0,0,0
180604,1,1,0,0,0,0,0,0,0,0,0,0
180604,2,1,0,0,0,0,0,0,0,0,0,0
180605,1,1,0,0,0,0,15,10,0,8,0,0
180605,2,1,0,11,0,0,0,0,0,0,0,0
180606,1,1,0,0,0,0,0,0,0,0,0,0
180607,1,1,0,0,0,0,0,0,0,0,0,0
180607,2,1,0,0,0,0,0,0,0,0,0,0
180608,1,1,0,0,0,0,0,0,0,0,0,0
180609,1,1,0,0,0,0,0,0,0,0,0,0
180609,2,1,0,0,0,14,0,0,0,0,0,0
180610,0,1,30,48,13,20,31,9,19,24,23,13
180610,1,1,0,0,0,0,0,0,0,0,0,0
180611,1,1,0,0,0,0,0,0,0,0,0,0
180612,1,1,0,0,0,0,0,0,0,0,0,0
180612,2,1,0,0,0,0,0,0,0,0,0,0
180613,1,1,0,0,0,0,0,0,0,0,0,0
180614,1,1,39,39,39,39,39,39,39,39,39,39
180615,1,1,15,0,17,0,33,15,28,20,18,18
180616,0,1,0,0,0,0,0,0,0,25,0,0
180616,1,1,0,0,0,0,0,0,0,0,0,0
180617,1,1,17,17,17,17,17,17,17,17,17,17
180618,0,1,35,35,35,35,35,35,35,35,35,35
180618,1,1,0,0,0,0,0,0,0,0,0,0
180620,1,1,0,29,0,0,0,0,10,20,9,0
180621,1,1,0,0,0,30,0,0,0,0,0,0
180622,1,1,0,0,13,0,0,0,0,0,0,0
180622,2,1,0,0,0,0,0,0,0,0,0,0
180623,1,1,0,0,0,0,0,0,0,0,0,0
180624,1,1,7,0,25,17,28,0,9,13,0,0
180625,0,1,0,0,0,0,0,0,0,0,0,0
180625,1,1,0,0,0,0,0,0,0,0,0,0
180626,0,1,0,0,0,0,0,0,0,0,0,0
180626,1,1,0,0,0,0,0,0,0,0,0,0
180627,1,1,32,32,32,32,32,32,32,32,32,32
180628,0,1,0,0,0,0,0,0,0,12,0,0
180628,0,2,0,0,0,0,0,0,11,7,0,0
180628,1,1,0,0,0,0,0,0,0,0,0,0
180629,1,1,0,14,7,31,0,0,0,0,0,8
180630,1,1,0,0,0,0,0,0,0,0,0,0
180630,2,1,0,0,0,0,0,0,0,0,0,0
180630,3,1,0,0,0,0,0,0,0,0,0,0
180630,4,1,0,0,0,0,0,0,0,0,0,0
180631,0,1,0,0,0,0,0,0,0,0,0,0
180631,1,1,0,0,0,0,0,0,0,0,0,0
180632,1,1,0,0,0,0,0,0,0,0,0,0
180632,2,1,0,0,0,0,0,0,9,0,0,0
180633,1,1,26,26,26,26,26,26,26,26,26,26
180634,1,1,0,0,0,0,0,0,0,0,0,0
180634,2,1,0,0,0,0,0,0,0,0,0,0
180635,1,1,0,0,0,16,12,0,5,0,0,0
180635,2,1,16,17,7,20,9,13,17,17,23,22
180636,1,1,0,0,0,0,0,0,0,0,0,0
180636,2,1,0,0,0,0,0,0,0,0,0,0
180636,3,1,0,0,0,0,0,0,0,0,0,0
180636,4,1,0,0,0,0,0,0,0,0,0,0
180636,5,1,0,0,0,0,0,0,0,0,0,0
180636,6,1,0,0,0,0,0,0,0,0,0,0
180637,1,1,0,0,0,0,0,0,0,0,0,0
180637,2,1,0,0,0,0,0,0,0,0,0,0
180637,3,1,0,0,0,0,0,0,0,0,0,0
180638,1,1,0,0,0,0,0,0,0,0,0,0
180638,2,1,0,0,0,0,0,0,0,0,0,0
180639,1,1,0,0,0,0,0,0,0,0,0,0
180639,2,1,0,0,0,0,0,0,0,0,0,0
180640,1,1,0,0,0,0,0,0,0,0,0,0
180641,1,1,0,0,0,0,0,0,0,0,0,0
180641,2,1,0,0,0,0,0,0,0,0,0,0
180642,1,1,0,0,0,0,0,0,0,0,0,0
180642,2,1,0,0,0,0,18,0,16,0,0,0
180642,3,1,0,0,0,0,0,0,0,0,0,0
180643,0,1,0,0,0,20,0,0,0,0,0,0
180643,1,1,0,0,0,0,0,0,0,0,0,0
180644,1,1,0,0,0,0,0,0,0,0,0,0
180645,1,1,0,0,0,0,0,0,0,0,0,0
180646,1,1,0,0,0,0,0,0,0,0,0,0
180646,2,1,0,0,0,0,0,0,0,0,0,0
180647,1,1,17,17,17,17,17,17,17,17,17,17
180648,1,1,0,0,3,0,0,0,0,0,0,0
180648,2,1,0,0,0,0,0,0,0,0,0,0
180649,1,1,0,0,0,0,0,0,0,0,0,0
180650,1,1,0,0,0,0,0,0,0,0,0,0
180650,2,1,0,0,0,0,0,0,0,0,0,0
180651,1,1,0,0,0,0,0,0,0,0,0,0
180651,2,1,0,0,0,0,0,0,0,0,0,0
180651,3,1,0,0,0,0,0,0,0,0,0,0
180652,0,1,0,0,0,0,0,0,0,0,0,0
180652,1,1,0,0,0,0,0,0,0,0,0,0
180653,0,1,0,0,0,0,0,0,0,0,0,0
180653,0,2,0,0,0,0,0,0,0,0,0,0
180653,1,1,0,0,0,0,0,0,0,0,0,0
180654,1,1,35,35,35,35,35,35,35,35,35,35
180654,2,1,0,0,0,0,0,0,0,0,0,0
180655,0,1,0,0,0,0,0,0,0,0,0,0
180655,1,1,0,0,0,0,0,0,0,0,0,0
180656,1,1,0,0,0,0,0,0,0,0,0,0
180656,2,1,0,0,0,0,0,0,0,0,0,0
180657,1,1,0,0,0,0,0,0,0,0,0,0
180658,1,1,0,0,0,0,0,0,0,0,0,0
180659,1,1,0,9,0,0,13,24,16,0,0,0
180660,1,1,0,0,0,0,0,0,0,0,0,0
180661,1,1,0,0,0,0,0,0,0,0,0,0
180662,1,1,0,0,0,0,0,0,0,0,0,0
180662,2,1,0,0,0,0,0,0,0,0,0,0
180663,1,1,0,0,0,0,0,0,0,0,0,0
180663,2,1,0,0,0,0,0,0,0,0,0,0
180664,1,1,0,0,0,0,0,0,0,0,0,0
180665,1,1,0,0,0,0,0,0,0,0,0,0
180665,2,1,0,0,0,0,0,0,0,0,0,0
180666,1,1,0,0,0,0,0,0,0,0,0,10
180666,2,1,0,0,0,0,0,0,0,0,0,0
180667,1,1,0,0,0,0,0,0,0,0,0,0
180668,1,1,0,0,0,0,0,0,0,0,0,0
180669,1,1,0,0,0,0,0,0,0,0,0,0
180669,2,1,0,0,0,0,0,0,0,0,0,0
180670,1,1,0,0,0,0,0,0,0,0,0,0
180671,1,1,0,0,0,0,0,0,0,0,0,0
180671,2,1,0,0,0,0,0,0,0,0,0,0
180672,0,1,22,0,0,0,10,0,14,0,0,0
180672,1,1,0,0,0,0,5,0,0,0,0,0
180672,2,1,0,16,0,8,28,0,20,18,0,0
180673,1,1,0,0,0,0,0,0,0,0,0,0
180673,2,1,0,0,0,0,0,0,0,0,0,0
180674,1,1,0,0,0,0,0,0,0,0,0,0
180674,2,1,0,0,0,0,0,0,0,0,0,0
180675,1,1,0,0,0,0,0,0,0,0,0,0
180675,2,1,0,0,0,0,0,0,0,0,0,0
180676,1,1,0,0,0,0,0,0,0,0,0,0
180677,1,1,0,0,0,8,21,21,0,0,0,0
180677,2,1,0,0,0,0,0,0,0,0,0,0
180677,3,1,0,0,0,0,0,0,0,0,0,0
180678,1,1,2,2,2,2,2,2,2,2,2,2
180678,2,1,0,0,0,0,0,0,0,0,0,0
180679,1,1,0,0,23,0,0,0,0,0,0,12
180679,2,1,0,0,0,0,0,0,0,0,0,0
180680,0,1,0,0,0,0,0,0,0,0,0,0
180680,1,1,0,0,0,0,0,0,0,0,0,0
180681,1,1,0,0,0,0,0,0,0,0,0,0
180681,2,1,0,0,0,0,0,0,0,0,0,0
180682,1,1,31,31,31,31,31,31,31,31,31,31
180683,1,1,0,0,0,0,0,0,0,0,0,0
180684,1,1,21,21,21,21,21,21,21,21,21,21
180685,1,1,15,15,15,15,15,15,15,15,15,15
180686,1,1,0,0,0,0,0,0,0,0,0,0
180686,2,1,0,6,0,8,9,19,19,0,29,0
180687,1,1,0,0,0,0,0,0,0,0,0,0
180687,2,1,0,0,0,0,0,0,0,0,0,0
180688,0,1,0,0,0,0,0,0,0,0,0,0
180688,0,2,0,0,0,0,0,0,0,0,0,0
180688,1,1,20,20,20,20,20,20,20,20,20,20
180689,0,1,0,0,0,0,0,0,0,0,0,0
180689,1,1,0,0,0,0,0,0,0,0,0,0
180690,0,1,0,0,0,0,0,0,0,0,13,21
180690,0,2,0,0,0,0,0,0,0,0,12,0
180690,1,1,0,0,0,0,0,0,0,0,0,0
180691,1,1,0,0,0,0,0,0,0,0,0,0
180692,1,1,0,0,0,0,0,0,0,0,0,0
180692,2,1,0,0,0,0,0,0,0,0,0,0
180693,1,1,0,0,0,0,0,0,0,0,0,0
180693,2,1,0,0,0,0,0,0,0,0,0,0
180694,1,1,16,16,16,16,16,16,16,16,16,16
180694,2,1,0,0,0,0,0,0,0,0,0,0
180695,1,1,0,0,0,0,0,0,0,0,0,0
180696,0,1,0,0,0,17,0,14,0,0,9,0
180696,0,2,0,0,0,0,11,0,0,0,10,7
180696,0,3,0,0,0,0,0,22,0,19,9,0
180696,0,4,0,12,0,0,11,24,0,0,8,0
180696,1,1,9,9,9,9,9,9,9,9,9,9
180697,1,1,0,0,0,0,0,0,0,0,0,0
180697,2,1,0,0,0,0,0,0,0,0,0,0
180698,1,1,0,0,0,0,0,0,0,0,0,0
180698,2,1,0,0,0,0,0,0,0,0,0,0
180699,1,1,0,0,0,0,0,0,0,0,0,0
180699,2,1,0,0,0,0,0,0,0,0,0,0
180700,1,1,0,0,0,0,18,0,0,0,0,0
180700,2,1,0,0,0,0,0,0,0,0,0,0
180701,1,1,0,0,0,0,0,0,0,0,0,0
180702,1,1,21,21,21,21,21,21,21,21,21,21
180703,1,1,0,0,0,0,0,0,0,0,0,0
180704,1,1,35,35,35,35,35,35,35,35,35,35
180704,2,1,17,17,17,17,17,17,17,17,17,17
180705,1,1,14,14,14,14,14,14,14,14,14,14
180706,1,1,0,20,0,0,0,0,0,0,0,0
180707,1,1,0,0,0,0,0,0,0,0,0,0
180707,2,1,0,0,0,0,0,0,0,0,0,0
180708,1,1,0,0,0,0,0,0,0,0,0,0
180709,0,1,0,0,0,0,0,0,0,0,0,0
180709,1,1,0,0,0,0,0,0,0,0,0,0
180710,1,1,15,15,15,15,15,15,15,15,15,15
180711,1,1,0,0,0,0,0,0,0,0,0,0
180712,1,1,0,0,0,0,0,0,0,0,0,0
180712,2,1,0,0,0,0,0,0,0,0,0,0
180713,1,1,0,0,0,0,0,0,0,0,0,0
180713,2,1,0,0,0,0,0,0,0,0,0,0
180714,1,1,0,0,0,0,0,0,0,0,0,0
190001,1,1,0,0,0,0,0,0,0,0,0,0
190001,2,1,0,0,0,0,0,0,0,0,0,0
190002,1,1,0,0,0,0,0,0,0,0,0,0
190002,2,1,0,0,0,0,0,0,0,0,0,0
190002,3,1,0,0,0,0,0,0,0,0,0,0
190003,1,1,0,0,0,0,0,0,0,0,0,0
190003,2,1,0,0,0,0,0,0,0,0,0,0
190004,1,1,12,12,12,12,12,12,12,12,12,12
190004,2,1,0,0,0,0,8,0,0,0,0,0
190005,1,1,0,0,0,0,0,0,0,0,0,0
190006,1,1,0,0,0,0,0,0,0,0,0,0
190007,1,1,0,0,0,0,0,0,0,0,0,0
190007,2,1,0,0,0,0,0,0,0,0,0,0
190008,1,1,0,0,17,0,0,0,7,0,0,0
190009,1,1,16,16,16,16,16,16,16,16,16,16
190010,1,1,0,0,0,0,0,0,0,0,14,0
190011,1,1,0,0,0,0,0,0,0,0,0,0
190011,2,1,0,0,0,0,0,0,0,0,0,7
190012,1,1,0,0,0,0,0,0,0,0,0,0
190012,2,1,0,0,0,0,0,0,0,0,0,0
190013,1,1,0,0,0,0,0,0,0,0,0,0
190013,2,1,0,0,0,0,0,0,0,0,0,0
190014,1,1,0,0,0,0,0,0,0,0,0,0
190014,2,1,0,0,0,0,0,0,0,0,0,0
190014,3,1,0,0,0,0,0,0,0,0,0,0
190015,1,1,0,0,0,0,0,0,0,0,0,0
190016,1,1,0,0,0,0,0,0,0,0,0,0
190016,2,1,0,0,0,0,0,0,0,0,0,0
190017,1,1,0,0,0,0,0,0,0,25,0,0
190017,2,1,0,0,0,0,0,0,0,0,0,0
190018,1,1,0,0,0,0,0,0,0,0,0,0
190018,2,1,0,0,0,0,0,0,0,0,0,0
190019,1,1,0,0,0,0,0,0,0,0,0,0
190019,2,1,0,10,0,0,0,0,0,0,0,0
190020,1,1,0,0,0,0,0,0,0,0,0,0
190020,2,1,0,0,0,0,0,0,0,0,0,0
190021,1,1,0,0,0,0,0,0,0,0,0,0
190022,1,1,32,0,0,21,0,0,0,0,11,0
190023,1,1,4,4,4,4,4,4,4,4,4,4
190024,1,1,23,23,23,23,23,23,23,23,23,23
190024,2,1,18,18,18,18,18,18,18,18,18,18
190025,1,1,0,0,0,0,0,0,0,0,0,0
190025,2,1,0,0,0,19,0,22,0,0,16,0
190026,1,1,0,0,0,0,0,0,0,0,0,0
190027,1,1,0,0,0,16,0,0,0,0,0,0
190027,2,1,0,0,0,0,0,0,0,0,0,0
190028,1,1,0,0,0,13,0,0,0,0,0,0
190028,2,1,0,3,0,0,0,0,0,0,0,0
190028,3,1,0,0,0,0,0,0,0,0,0,0
190029,1,1,0,4,0,0,0,0,0,0,0,0
190029,2,1,0,0,0,0,0,0,0,0,0,0
190029,3,1,0,0,0,0,0,0,0,0,0,0
190029,4,1,0,0,0,0,0,0,0,0,0,0
190029,5,1,0,0,0,0,0,0,0,0,0,0
190030,1,1,0,0,0,0,0,0,0,0,0,0
190030,2,1,0,0,0,0,0,0,0,0,0,0
190030,3,1,0,0,0,0,0,0,0,0,0,0
190031,1,1,0,0,0,0,0,0,0,0,0,0
190031,2,1,0,0,0,0,0,0,0,0,0,0
190032,1,1,0,0,0,0,0,0,0,0,0,0
190032,2,1,0,0,0,0,0,0,0,0,0,0
190033,1,1,14,16,24,17,8,14,27,11,23,28
190034,1,1,0,0,0,0,0,0,0,0,0,0
190034,2,1,0,0,0,0,0,0,0,0,0,0
190035,1,1,0,0,0,0,0,0,0,0,0,0
190035,2,1,0,0,0,0,0,0,0,0,0,0
190036,1,1,0,0,0,0,0,0,0,0,0,0
190036,2,1,0,0,0,0,0,0,0,0,0,0
190037,1,1,0,0,0,0,0,0,0,0,0,0
190037,2,1,0,0,0,0,0,0,0,0,0,0
190038,1,1,16,16,16,16,16,16,16,16,16,16
190039,1,1,0,0,0,0,0,0,0,0,0,0
190039,2,1,0,0,0,0,0,0,0,0,0,0
190040,1,1,0,0,0,0,0,0,0,0,0,0
190040,2,1,0,0,0,0,0,0,0,0,0,0
190041,1,1,0,0,0,0,0,0,0,0,0,0
190041,2,1,0,0,0,0,0,0,0,0,0,0
190042,0,1,0,0,0,0,0,0,0,0,0,0
190042,0,2,0,0,0,0,0,0,0,0,0,0
190042,1,1,0,0,0,0,0,0,0,0,0,0
190043,1,1,0,0,0,0,0,9,0,0,0,0
190043,2,1,0,0,0,0,5,0,9,0,0,0
190044,1,1,0,0,0,0,0,0,0,0,0,0
190044,2,1,0,0,0,0,0,0,0,0,0,22
190045,1,1,2,2,2,2,2,2,2,2,2,2
190046,1,1,0,0,0,0,0,0,0,0,0,0
190047,1,1,0,0,0,0,0,0,0,0,0,0
190048,0,1,0,0,0,0,0,0,0,0,0,0
190048,1,1,0,0,0,0,0,0,0,0,0,0
190049,1,1,0,0,0,0,0,0,0,0,0,0
190049,2,1,0,0,0,0,0,0,0,0,0,0
190050,1,1,15,15,15,15,15,15,15,15,15,15
190051,1,1,0,0,0,0,0,0,0,0,9,0
190051,2,1,0,0,0,0,0,0,0,0,0,0
190052,1,1,0,0,0,0,0,0,0,0,0,0
190052,2,1,0,0,0,0,0,0,0,0,0,0
190053,1,1,0,0,0,0,11,0,0,0,0,0
190053,2,1,0,0,0,0,0,0,0,0,0,0
190054,1,1,5,5,5,5,5,5,5,5,5,5
190055,1,1,0,0,0,0,0,0,0,0,0,0
190055,2,1,0,0,0,0,0,0,0,0,0,0
190056,1,1,0,0,0,0,0,0,0,0,0,0
190056,2,1,0,0,0,0,0,0,0,0,0,0
190057,1,1,9,0,16,0,0,0,0,0,0,14
190058,1,1,0,0,0,0,0,0,0,0,0,0
190058,2,1,0,0,0,0,0,0,0,0,0,0
190059,1,1,0,0,0,0,0,0,0,0,0,0
190059,2,1,0,0,0,0,0,0,0,0,0,0
190060,1,1,0,20,0,0,16,0,0,0,0,0
190061,1,1,0,0,0,0,0,0,0,0,0,0
190061,2,1,0,0,0,0,0,0,0,0,0,0
190062,1,1,0,0,0,0,0,0,0,0,0,0
190062,2,1,0,0,0,0,0,0,0,0,0,0
190063,1,1,11,11,11,11,11,11,11,11,11,11
190063,2,1,6,6,6,6,6,6,6,6,6,6
190064,1,1,21,0,6,0,0,20,0,19,0,15
190065,1,1,0,0,0,0,0,0,0,0,0,0
190065,2,1,0,0,0,0,0,0,0,0,0,0
190066,1,1,0,0,0,0,0,0,0,0,0,0
190067,1,1,0,0,0,0,0,0,0,0,0,0
190068,1,1,0,0,0,0,0,0,0,0,0,0
190068,2,1,0,0,0,0,0,0,0,0,0,0
190069,1,1,0,0,0,0,0,0,0,0,0,0
190069,2,1,0,0,0,29,0,0,0,0,0,0
190070,1,1,27,27,27,27,27,27,27,27,27,27
190071,1,1,0,0,0,0,0,0,0,0,0,0
190072,1,1,0,0,0,0,0,0,0,0,0,0
190072,2,1,0,0,0,0,0,0,0,0,0,0
190073,1,1,18,18,18,18,18,18,18,18,18,18
190074,1,1,15,15,15,15,15,15,15,15,15,15
190075,1,1,0,0,0,0,0,0,0,0,0,0
190075,2,1,0,0,0,0,0,0,0,0,0,0
190076,1,1,0,0,0,0,0,0,0,0,0,0
190077,1,1,0,3,0,6,0,0,0,0,0,0
190078,1,1,0,0,0,0,0,0,0,0,0,0
190079,1,1,0,0,0,0,0,0,0,0,0,0
190079,2,1,0,0,0,0,0,29,0,0,0,0
190080,1,1,29,29,29,29,29,29,29,29,29,29
190081,1,1,0,0,0,0,0,0,0,0,0,0
190082,1,1,0,0,0,0,27,0,3,0,0,9
190083,1,1,15,15,15,15,15,15,15,15,15,15
190084,1,1,0,0,0,0,0,0,0,0,0,0
190084,2,1,0,0,0,0,0,0,0,0,0,0
190085,0,1,0,0,0,0,0,0,0,0,0,0
190085,1,1,0,0,7,0,0,0,0,0,0,0
190086,1,1,0,0,0,0,0,0,0,0,0,0
190086,2,1,0,0,0,0,0,0,0,0,0,0
190087,1,1,0,0,0,0,0,0,0,0,0,0
190088,1,1,23,19,24,9,0,24,26,10,11,15
190089,1,1,0,0,0,0,0,0,0,0,0,0
190089,2,1,0,0,0,0,0,0,0,0,0,0
190090,1,1,0,0,0,0,0,0,0,0,0,0
190091,0,1,0,10,0,0,0,0,9,0,0,0
190091,1,1,0,0,0,0,0,0,0,0,0,0
190092,1,1,0,0,0,0,0,0,0,0,9,0
190092,2,1,0,0,0,0,0,0,0,0,0,0
190092,3,1,0,0,0,0,0,0,0,0,0,0
190093,1,1,11,11,11,11,11,11,11,11,11,11
190093,2,1,0,0,7,0,8,0,0,0,0,0
190094,1,1,15,0,0,0,20,0,0,0,0,0
190094,2,1,0,0,0,28,0,0,37,0,0,30
190095,1,1,0,0,0,0,0,0,0,0,0,0
190095,2,1,0,0,0,0,0,0,0,0,0,0
190096,1,1,0,0,0,0,0,0,0,0,0,0
190096,2,1,17,0,17,0,0,0,0,0,10,7
190096,3,1,0,0,0,0,0,0,0,0,0,0
190097,1,1,0,0,0,17,11,34,16,15,21,36
190098,1,1,10,12,22,0,14,0,15,9,0,0
190099,1,1,0,0,0,0,8,0,0,0,11,0
190100,1,1,0,0,0,0,0,0,0,0,0,20
190101,1,1,0,0,0,0,0,0,0,0,0,0
190101,2,1,0,0,0,0,0,0,0,0,0,0
190102,0,1,0,0,0,17,0,0,0,0,0,0
190102,1,1,0,0,0,0,0,0,0,0,0,0
190103,1,1,7,0,0,0,0,16,0,0,0,0
190103,2,1,0,0,0,0,0,0,0,0,0,0
190104,1,1,0,0,0,0,0,14,0,0,0,0
190104,2,1,0,0,0,0,0,0,0,0,0,0
190105,1,1,17,17,17,17,17,17,17,17,17,17
190106,1,1,0,0,0,0,0,0,0,0,0,0
190107,1,1,0,0,0,0,0,0,0,0,0,0
190107,2,1,0,0,0,0,0,0,0,0,0,0
190108,1,1,0,0,0,0,0,0,0,0,0,0
190109,1,1,0,0,0,0,0,0,0,0,0,0
190109,2,1,0,0,0,0,0,0,0,0,0,0
190110,1,1,22,22,22,22,22,22,22,22,22,22
190111,1,1,0,0,0,0,0,0,0,12,0,0
190112,1,1,0,0,0,0,0,0,0,0,0,0
190112,2,1,0,0,0,0,0,0,0,0,0,0
190112,3,1,0,0,0,0,0,0,0,0,0,0
190112,4,1,0,0,0,0,0,0,0,0,0,0
190113,1,1,0,0,0,0,0,0,0,0,0,0
190114,1,1,0,0,0,0,0,0,0,0,0,0
190114,2,1,0,0,0,0,0,0,0,0,0,0
190115,1,1,0,0,0,0,0,0,0,0,0,0
190116,1,1,7,7,7,7,7,7,7,7,7,7
190116,2,1,0,0,0,0,0,0,0,0,0,0
190117,1,1,0,10,0,10,18,16,0,0,0,0
190118,1,1,0,0,0,0,0,0,0,0,0,0
190118,2,1,0,0,0,0,0,0,0,0,0,0
190119,1,1,0,13,15,13,8,22,11,0,0,0
190120,1,1,0,0,0,0,0,0,0,0,0,29
190120,2,1,0,0,0,0,0,0,0,0,0,0
190121,1,1,24,24,24,24,24,24,24,24,24,24
190122,1,1,17,0,0,0,0,0,0,0,0,0
190122,2,1,0,0,23,0,0,0,0,0,0,0
190123,1,1,0,0,0,0,0,0,0,0,0,0
190124,1,1,0,0,0,0,0,0,0,0,0,0
190124,2,1,0,0,0,0,0,0,0,0,0,0
190125,1,1,0,0,0,0,0,0,0,0,0,0
190125,2,1,0,0,0,0,0,14,0,0,0,0
190126,0,1,31,28,25,9,16,21,28,28,32,32
190126,1,1,0,0,0,0,0,0,0,0,0,0
190127,1,1,0,0,0,0,0,0,0,0,0,0
190127,2,1,0,0,0,0,0,0,0,0,0,0
190128,1,1,0,0,0,0,0,0,0,0,0,0
190128,2,1,1,1,1,1,1,1,1,1,1,1
190129,1,1,0,0,0,0,0,0,0,0,0,0
190131,1,1,9,0,0,0,0,0,0,0,0,0
190132,1,1,0,0,0,0,0,0,0,0,0,0
190132,2,1,0,0,0,0,0,0,0,0,0,0
190132,3,1,0,0,0,0,0,0,0,0,0,0
190133,1,1,9,0,4,0,0,0,0,0,0,11
190133,2,1,0,7,0,0,0,0,0,0,0,0
190134,1,1,17,0,0,14,0,0,0,0,0,0
190134,2,1,0,0,0,0,0,0,0,0,0,0
190135,0,1,0,0,0,0,0,0,0,0,0,0
190135,1,1,0,0,0,0,0,0,0,0,0,0
190136,1,1,0,0,0,0,0,0,0,0,0,0
190137,1,1,4,0,0,0,0,0,0,0,0,0
190138,0,1,0,0,0,0,0,0,0,0,0,0
190139,1,1,0,0,0,0,0,0,0,0,0,0
190140,1,1,0,0,0,0,0,0,17,0,0,0
190141,1,1,0,0,0,0,0,0,0,0,0,0
190142,1,1,0,0,0,7,0,0,0,0,0,0
190142,2,1,0,0,0,0,0,0,0,0,0,0
190142,3,1,0,0,0,0,0,0,0,0,0,0
190143,1,1,0,0,0,0,0,0,0,0,0,0
190144,1,1,0,0,0,0,0,0,0,0,0,0
190144,2,1,0,0,0,0,0,0,0,0,0,0
190145,1,1,0,0,0,0,0,0,0,0,0,0
190145,2,1,0,0,0,15,0,0,0,0,0,0
190145,3,1,0,0,0,26,0,0,0,0,0,0
190146,1,1,0,0,0,0,0,0,0,0,0,0
190146,2,1,0,0,0,0,0,0,0,0,0,0
190147,1,1,0,0,0,0,0,0,0,0,0,0
190147,2,1,0,0,0,0,0,0,0,0,0,0
190148,1,1,0,0,0,0,0,0,0,0,0,0
190148,2,1,0,0,0,0,0,0,0,0,0,0
190149,0,1,0,10,0,0,0,0,0,0,0,0
190149,1,1,0,0,0,0,0,0,0,0,12,0
190150,1,1,0,0,0,0,0,0,0,0,0,0
190150,2,1,0,0,0,0,0,0,0,0,0,0
190151,1,1,0,0,0,0,0,0,0,0,0,0
190151,2,1,0,0,0,0,0,0,0,0,0,0
190151,3,1,0,0,0,0,0,0,0,0,0,0
190152,1,1,0,0,0,0,0,0,0,0,0,0
190152,2,1,0,0,0,0,0,0,0,0,0,0
190153,1,1,0,0,0,0,0,0,0,0,0,0
190153,2,1,0,0,0,0,0,0,0,0,0,0
190154,1,1,0,0,0,0,0,0,0,0,0,0
190154,2,1,0,0,0,0,0,0,0,0,0,0
190155,1,1,0,0,0,0,0,0,0,0,0,0
190156,1,1,0,0,0,0,0,0,0,0,0,0
190157,1,1,0,0,0,0,0,0,0,0,0,0
190158,1,1,19,19,19,19,19,19,19,19,19,19
190159,1,1,0,0,0,0,0,0,0,0,0,0
190160,1,1,0,19,35,0,0,10,0,0,0,0
190161,1,1,0,0,0,0,0,0,0,0,0,0
190161,2,1,0,0,0,0,0,0,0,0,5,0
190162,1,1,10,10,10,10,10,10,10,10,10,10
190163,1,1,0,0,0,0,0,0,0,0,0,0
190163,2,1,0,0,0,0,0,0,0,0,0,0
190164,1,1,0,0,0,0,0,0,0,0,0,0
190164,2,1,0,0,0,0,0,0,0,0,0,0
190165,1,1,3,3,3,3,3,3,3,3,3,3
190166,1,1,0,0,0,0,0,0,0,0,0,0
190167,1,1,27,27,27,27,27,27,27,27,27,27
190168,1,1,0,0,0,0,0,0,0,0,0,0
190169,1,1,31,31,31,31,31,31,31,31,31,31
190170,1,1,0,0,0,0,0,0,0,0,0,0
190170,2,1,0,0,0,0,0,0,0,0,0,0
190171,1,1,13,0,0,0,0,12,14,0,0,0
190172,1,1,0,0,0,0,0,0,0,0,0,0
190173,1,1,6,6,6,6,6,6,6,6,6,6
190174,1,1,0,0,0,0,0,0,0,0,0,0
190174,2,1,0,0,0,0,0,0,0,0,0,0
190175,1,1,0,0,0,0,0,0,0,0,0,0
190176,1,1,0,0,0,0,0,0,0,0,0,0
190176,2,1,0,0,0,0,0,0,0,0,0,0
190177,1,1,0,3,0,0,0,0,0,0,0,0
190177,2,1,2,2,2,2,2,2,2,2,2,2
190178,1,1,37,37,37,37,37,37,37,37,37,37
190178,2,1,0,0,0,0,0,0,0,0,0,0
190178,3,1,0,0,0,0,7,0,0,0,0,0
190178,4,1,0,0,0,0,0,0,0,13,0,0
190178,5,1,0,0,0,0,0,0,0,0,0,0
190179,1,1,0,0,0,0,0,33,0,0,0,0
190180,1,1,30,17,21,0,0,0,21,16,14,10
190180,2,1,8,19,12,0,3,0,0,22,11,0
190180,3,1,8,8,8,8,8,8,8,8,8,8
190181,0,1,0,0,0,0,0,0,0,0,0,0
190181,1,1,0,0,0,0,0,14,0,0,0,0
190182,0,1,0,0,0,0,0,0,0,0,0,0
190182,1,1,0,0,0,0,0,0,0,0,0,0
190183,1,1,0,0,0,0,0,0,25,0,0,0
190184,1,1,0,0,0,0,0,0,0,0,0,0
190184,2,1,0,0,0,0,0,0,0,0,0,0
190184,3,1,0,0,0,0,0,0,0,0,0,0
190184,4,1,0,0,0,0,0,0,0,0,0,0
190185,1,1,0,0,15,0,0,0,0,18,0,0
190185,2,1,0,0,0,0,0,0,0,17,0,0
190186,1,1,0,0,0,0,0,0,0,0,0,0
190186,2,1,0,0,0,0,0,0,0,0,0,0