ST_CASE,VEH_NO,PER_NO,P1,P2,P3,P4,P5,P6,P7,P8,P9,P10
190186,3,1,0,0,0,0,0,0,0,0,0,0
190187,1,1,0,0,0,0,0,0,0,0,0,0
190187,2,1,0,0,0,0,0,0,0,0,0,0
190188,1,1,0,0,0,0,0,0,0,0,0,0
190188,2,1,0,0,0,0,0,0,0,0,0,0
190189,1,1,0,0,0,0,0,0,0,0,0,0
190189,2,1,0,0,0,0,0,0,0,0,0,0
190190,1,1,0,0,0,12,0,0,0,0,0,15
190190,2,1,0,0,0,0,0,0,0,0,0,11
190191,1,1,0,0,0,0,0,0,0,0,0,0
190191,2,1,0,0,0,0,0,0,0,0,0,0
190192,1,1,0,0,0,0,0,0,0,0,0,0
190192,2,1,0,0,0,0,0,0,0,0,0,0
190193,1,1,0,0,0,0,0,0,0,0,0,0
190193,2,1,0,0,0,0,0,0,0,0,0,0
190194,1,1,12,0,0,0,0,0,21,0,0,0
190195,1,1,0,0,0,5,0,1,7,0,6,24
190196,1,1,33,33,33,33,33,33,33,33,33,33
190197,1,1,0,0,0,0,0,0,0,0,0,16
190198,0,1,0,0,0,0,11,20,0,7,13,0
190198,1,1,0,0,0,0,0,0,0,0,0,0
190199,1,1,25,0,4,8,0,0,16,0,0,13
190200,1,1,0,0,0,0,7,0,0,0,20,0
190201,1,1,29,29,29,29,29,29,29,29,29,29
190201,2,1,0,0,0,0,0,0,0,0,0,0
190202,1,1,8,39,29,13,15,22,0,5,22,20
190203,1,1,3,19,22,0,20,14,5,10,0,0
190203,2,1,0,0,0,0,0,0,0,0,0,0
190203,3,1,0,0,0,0,0,0,0,22,0,0
190204,1,1,9,9,9,9,9,9,9,9,9,9
190205,1,1,0,0,0,0,0,0,0,0,0,0
190205,2,1,0,0,0,0,14,0,0,0,0,0
190206,1,1,0,0,0,0,0,0,0,0,0,0
190206,2,1,0,0,0,0,0,0,0,0,0,0
190206,3,1,0,0,9,0,0,0,0,0,0,0
190207,1,1,17,0,0,0,13,0,4,0,0,0
190208,0,1,0,0,0,13,2,0,0,0,0,31
190208,1,1,0,0,0,21,0,0,0,19,0,0
190208,2,1,0,0,0,43,0,0,0,0,0,16
190208,3,1,0,0,0,0,0,0,9,0,0,0
190209,1,1,0,0,0,0,0,0,0,0,0,0
190209,2,1,12,12,12,12,12,12,12,12,12,12
190210,1,1,0,0,0,0,0,0,0,0,0,0
190210,2,1,0,0,0,0,17,0,0,0,13,0
190211,1,1,0,0,0,0,3,0,0,0,0,0
190212,1,1,0,0,0,0,0,0,0,0,0,0
190213,1,1,16,16,16,16,16,16,16,16,16,16
190214,1,1,0,0,3,0,0,0,0,0,0,0
190215,1,1,0,0,0,0,0,0,0,0,0,0
190215,2,1,0,0,0,0,0,0,0,0,0,0
190216,1,1,0,0,0,0,0,0,0,0,0,0
190216,2,1,0,0,0,0,0,3,0,0,0,18
190217,0,1,0,0,0,0,0,0,0,0,0,0
190217,1,1,0,0,0,0,0,33,0,0,0,0
190218,1,1,0,0,0,0,0,0,0,0,0,0
190219,0,1,0,0,0,0,0,0,0,0,0,0
190219,1,1,0,29,0,0,16,0,0,0,0,0
190221,1,1,12,12,12,12,12,12,12,12,12,12
190222,1,1,0,0,0,0,0,0,0,0,0,0
190223,1,1,0,0,0,0,0,0,0,0,0,0
190224,1,1,0,0,0,19,0,0,0,0,0,0
190225,1,1,0,0,0,0,0,0,0,0,0,0
190225,2,1,0,0,0,19,0,0,0,0,0,0
190225,3,1,0,0,0,0,0,0,0,0,0,0
190226,1,1,0,0,0,0,0,0,0,0,0,0
190226,2,1,0,0,0,0,0,0,0,0,0,0
190227,1,1,24,24,24,24,24,24,24,24,24,24
190229,1,1,0,0,0,32,0,0,0,0,8,10
190229,2,1,0,0,0,0,0,0,0,0,0,0
190230,1,1,0,0,0,0,0,0,0,0,8,0
190230,2,1,0,0,0,0,0,0,0,0,0,0
190231,1,1,0,0,0,0,0,0,0,0,0,0
190232,1,1,0,0,0,0,0,0,0,0,0,0
190233,1,1,12,0,0,0,0,0,10,0,0,4
190234,1,1,0,0,0,0,0,0,0,0,0,0
190234,2,1,0,0,0,0,0,0,0,0,0,0
190235,1,1,0,0,0,0,8,0,0,0,25,30
190236,1,1,0,26,19,10,14,10,0,4,0,13
190237,0,1,0,0,0,0,0,0,0,0,0,0
190237,1,1,0,0,0,0,0,0,0,0,0,0
190238,1,1,0,0,0,0,0,0,0,0,0,0
190238,2,1,0,0,0,0,0,0,0,0,0,0
190239,1,1,0,0,0,0,0,0,0,0,0,0
190239,2,1,0,0,0,0,0,0,0,0,0,0
190240,1,1,0,5,0,8,12,0,15,17,10,15
190241,1,1,0,0,0,0,0,0,0,0,0,0
190241,2,1,0,10,0,0,0,0,0,0,0,9
190241,3,1,0,0,0,0,0,0,0,0,0,0
190242,1,1,14,14,14,14,14,14,14,14,14,14
190243,1,1,0,0,0,0,0,0,0,24,0,0
190244,1,1,17,17,17,17,17,17,17,17,17,17
190245,1,1,0,0,0,0,0,0,0,0,0,0
190245,2,1,0,0,0,0,0,0,0,0,0,0
190246,1,1,0,0,0,0,0,0,0,0,0,0
190246,2,1,0,0,0,0,0,0,0,0,0,0
190246,3,1,0,0,0,0,0,0,0,0,0,0
190247,0,1,0,0,16,0,0,0,0,0,0,0
190247,1,1,0,0,0,0,0,0,0,0,0,0
190248,1,1,0,0,0,0,0,0,0,0,0,0
190249,1,1,0,0,0,0,0,0,0,0,0,0
190249,2,1,0,0,0,0,0,0,0,0,0,0
190250,1,1,0,0,0,0,0,0,0,0,0,0
190251,1,1,0,19,0,0,0,0,0,0,0,0
190252,1,1,16,16,16,16,16,16,16,16,16,16
190253,1,1,0,0,0,0,0,0,12,0,0,0
190253,2,1,0,0,0,0,0,0,0,0,0,0
190254,1,1,14,14,14,14,14,14,14,14,14,14
190255,1,1,21,21,21,21,21,21,21,21,21,21
190256,1,1,0,0,0,0,0,0,0,0,0,0
190256,2,1,0,0,0,8,5,0,0,0,0,0
190257,1,1,26,26,26,26,26,26,26,26,26,26
190258,1,1,0,0,0,0,0,0,0,0,0,0
190259,1,1,10,0,0,8,0,0,0,0,0,0
190259,2,1,9,9,9,9,9,9,9,9,9,9
190260,1,1,35,0,0,0,0,0,0,12,0,0
190260,2,1,0,0,0,13,0,0,0,0,0,0
190261,1,1,0,0,0,0,0,0,0,0,0,0
190261,2,1,0,0,0,0,0,0,0,0,0,0
190261,3,1,0,0,0,0,0,0,0,0,0,0
190262,0,1,13,22,7,6,0,13,16,0,0,12
190262,1,1,0,0,0,0,0,0,2,8,0,0
190263,1,1,0,0,0,0,0,0,0,0,0,0
190263,2,1,0,0,0,0,0,8,0,0,0,0
190263,3,1,0,0,0,0,0,0,0,0,0,0
190263,4,1,0,0,0,0,0,0,0,0,0,0
190264,1,1,17,17,17,17,17,17,17,17,17,17
190265,1,1,0,0,0,0,0,0,0,0,0,0
190265,2,1,1,1,1,1,1,1,1,1,1,1
190266,1,1,18,18,18,18,18,18,18,18,18,18
190267,1,1,0,0,0,0,0,0,0,0,0,0
190267,2,1,0,0,0,0,0,0,0,0,0,0
190268,1,1,0,0,0,0,0,0,0,0,0,0
190268,2,1,0,0,0,0,0,0,0,0,0,0
190269,1,1,0,0,0,23,0,0,0,0,0,0
190270,1,1,18,18,18,18,18,18,18,18,18,18
190271,1,1,32,7,23,21,24,20,19,14,31,4
190272,1,1,0,0,0,0,0,0,17,0,0,0
190273,0,1,2,0,0,0,0,0,0,0,0,0
190273,1,1,0,0,0,0,0,0,0,0,0,0
190274,0,1,33,20,0,11,32,0,0,0,15,0
190274,1,1,10,10,10,10,10,10,10,10,10,10
190275,0,1,0,0,0,0,0,0,0,0,0,0
190275,1,1,0,0,0,0,0,0,0,0,0,0
190276,1,1,13,13,13,13,13,13,13,13,13,13
190277,1,1,0,0,0,0,0,0,0,0,0,0
190278,1,1,0,0,0,0,0,0,0,0,0,0
190279,1,1,0,0,0,0,0,0,0,0,0,0
190279,2,1,0,0,0,0,0,0,0,0,0,0
190279,3,1,0,0,0,0,0,0,0,0,0,0
190280,1,1,0,0,0,0,0,0,0,0,0,0
190281,1,1,0,0,0,0,0,0,0,0,0,0
190281,2,1,0,0,0,0,0,0,0,0,0,0
190282,1,1,30,30,30,30,30,30,30,30,30,30
190283,0,1,0,0,0,0,0,0,0,0,0,0
190283,1,1,0,0,0,0,0,0,0,0,0,0
190284,1,1,0,0,0,0,0,0,0,0,0,0
190284,2,1,0,0,0,0,0,0,0,0,0,0
190285,1,1,0,0,0,0,0,0,0,0,0,0
190285,2,1,0,0,0,0,0,0,0,0,0,0
190286,1,1,27,27,27,27,27,27,27,27,27,27
190287,1,1,0,0,0,0,19,0,0,0,0,0
190287,2,1,0,0,0,0,0,0,0,0,7,0
190288,1,1,0,0,0,0,0,0,0,0,0,0
190288,2,1,0,0,0,0,0,0,0,0,0,0
190289,1,1,0,0,0,0,0,0,0,0,29,0
190290,1,1,0,0,0,0,0,0,0,0,0,0
190291,0,1,0,19,0,0,7,0,0,0,0,0
190291,1,1,0,0,0,0,0,0,0,0,0,0
190292,1,1,0,0,0,0,0,0,0,0,0,0
190293,1,1,0,0,0,33,0,0,0,0,0,0
190293,2,1,0,0,0,0,0,0,0,0,0,0
190294,1,1,6,6,6,6,6,6,6,6,6,6
190295,1,1,0,0,0,0,0,0,0,0,0,0
190295,2,1,0,0,0,0,0,0,0,0,0,0
190295,3,1,0,0,0,0,0,0,0,0,0,0
190296,1,1,0,0,0,0,0,0,0,0,0,0
190296,2,1,0,0,0,0,0,0,0,0,0,0
190297,1,1,0,0,0,0,0,0,0,0,0,28
190298,1,1,0,0,0,0,0,0,0,0,0,0
190298,2,1,0,0,0,0,0,0,0,0,0,0
190299,1,1,0,0,0,0,0,0,0,0,0,0
190299,2,1,0,0,0,0,0,0,0,0,0,0
190300,1,1,0,0,0,0,0,0,0,0,0,0
190300,2,1,0,0,0,0,0,0,0,0,0,0
190301,1,1,0,0,0,0,0,0,0,0,0,0
190302,1,1,11,11,11,11,11,11,11,11,11,11
190303,1,1,0,0,0,0,0,0,0,0,0,0
190304,1,1,0,0,0,0,22,0,0,6,0,21
190305,1,1,0,0,0,0,0,0,0,0,0,0
190306,1,1,21,21,21,21,21,21,21,21,21,21
190307,1,1,6,6,6,6,6,6,6,6,6,6
190307,2,1,0,0,0,0,0,0,0,0,0,0
190308,1,1,22,0,0,0,0,0,0,0,0,0
190308,2,1,0,0,0,0,0,0,0,7,0,0
190309,1,1,21,21,21,21,21,21,21,21,21,21
190310,1,1,0,0,0,0,0,0,0,0,0,0
190310,2,1,9,0,0,0,0,13,0,0,0,0
190311,1,1,0,0,0,0,0,0,0,0,0,0
190311,2,1,0,0,0,0,0,0,0,0,0,0
190312,1,1,0,0,0,0,0,0,0,0,0,0
190313,1,1,16,15,5,16,0,30,0,0,0,0
190314,1,1,0,0,0,0,0,0,0,0,0,9
190315,1,1,0,0,0,0,0,0,0,0,0,0
190315,2,1,0,0,0,0,0,0,0,0,0,0
190316,1,1,20,0,0,0,32,0,0,0,0,12
190317,1,1,0,0,0,0,0,0,0,0,0,0
190317,2,1,0,0,0,0,0,0,0,0,0,0
190318,1,1,0,0,0,0,0,0,0,0,0,0
190318,2,1,0,0,0,0,0,0,0,0,0,0
190319,1,1,0,0,14,0,0,0,0,0,0,0
190320,1,1,0,0,0,0,0,0,0,0,0,0
190320,2,1,0,0,0,0,0,0,0,0,0,0
190321,1,1,23,23,23,23,23,23,23,23,23,23
190322,1,1,0,0,0,0,0,0,0,0,0,0
190322,2,1,0,0,0,0,0,0,0,0,0,0
190323,1,1,0,5,0,0,0,0,0,0,0,0
190324,1,1,0,0,0,0,0,0,0,0,0,0
190324,2,1,0,0,0,0,0,0,0,0,0,0
190325,1,1,0,0,0,0,0,0,0,0,0,0
190325,2,1,0,0,0,0,0,0,0,0,0,0
190326,1,1,33,33,33,33,33,33,33,33,33,33
190327,1,1,0,0,0,0,0,0,0,0,0,0
190328,1,1,0,0,0,0,0,0,0,0,0,0
190329,1,1,0,0,0,0,0,0,0,17,0,0
190330,1,1,25,25,25,25,25,25,25,25,25,25
190331,1,1,0,0,0,0,0,0,0,0,0,0
190331,2,1,15,0,0,0,0,0,0,0,0,0
190331,3,1,0,0,0,0,0,0,0,0,0,0
190332,1,1,0,0,0,0,0,0,0,0,0,0
190333,1,1,0,17,10,0,0,0,0,0,0,0
190334,1,1,0,0,0,0,0,0,0,0,0,0
190334,2,1,0,0,0,0,0,0,0,0,0,0
190335,1,1,0,0,0,0,0,0,0,0,0,0
190336,1,1,0,0,10,0,0,0,0,26,0,0
190337,0,1,21,21,21,21,21,21,21,21,21,21
190337,1,1,0,0,0,0,0,0,0,0,0,0
190338,1,1,0,0,4,0,0,0,0,0,0,0
190338,2,1,0,0,0,0,0,0,0,0,0,0
190339,1,1,0,0,0,0,0,0,0,0,0,0
190340,1,1,0,0,0,0,0,10,0,0,0,0
190341,1,1,0,0,0,0,0,0,0,0,0,0
190342,1,1,0,0,0,0,0,0,0,0,0,0
190342,2,1,0,0,0,0,0,0,0,0,0,0
190343,0,1,0,0,5,0,0,0,0,6,5,0
190343,1,1,0,0,0,0,0,0,0,0,0,0
190344,0,1,0,0,0,0,0,0,0,0,0,0
190344,1,1,0,0,0,0,0,0,0,0,0,0
190345,1,1,27,27,27,27,27,27,27,27,27,27
190346,1,1,0,0,0,0,0,0,10,0,0,0
190346,2,1,0,0,0,0,0,0,0,0,0,0
190347,1,1,0,0,0,0,0,0,0,0,0,0
190347,2,1,0,0,0,0,0,0,0,0,0,0
190348,1,1,0,0,0,0,0,0,0,0,0,0
190348,2,1,0,0,0,0,0,0,0,0,0,0
190349,1,1,0,15,0,0,0,0,0,0,0,0
190350,0,1,0,0,0,0,0,0,0,0,0,0
190350,1,1,0,0,0,0,0,0,0,0,0,0
190351,1,1,0,0,0,0,0,0,0,0,0,0
190351,2,1,0,0,0,0,0,0,0,0,0,0
200001,1,1,23,23,23,23,23,23,23,23,23,23
200002,1,1,11,17,15,22,17,41,20,33,31,20
200003,1,1,26,29,12,21,17,15,23,0,0,15
200004,1,1,0,0,0,0,0,0,0,0,0,0
200004,2,1,0,0,0,0,0,0,0,0,0,0
200005,1,1,18,18,18,18,18,18,18,18,18,18
200006,1,1,0,0,0,0,0,0,0,0,0,0
200006,2,1,0,0,0,0,0,0,0,0,0,0
200007,1,1,18,18,18,18,18,18,18,18,18,18
200008,1,1,27,27,27,27,27,27,27,27,27,27
200009,1,1,14,0,0,0,0,0,0,21,28,0
200009,2,1,0,0,0,0,0,0,0,0,0,0
200010,1,1,0,0,0,0,0,0,0,0,0,0
200011,1,1,2,2,2,2,2,2,2,2,2,2
200012,1,1,0,0,0,0,0,0,0,0,0,0
200013,1,1,0,0,0,0,0,0,0,0,0,0
200013,2,1,0,0,0,0,0,0,0,0,0,0
200014,1,1,0,0,9,0,16,0,0,0,0,0
200015,0,1,0,0,0,0,0,0,0,0,0,0
200015,1,1,0,0,0,0,0,0,0,0,0,0
200016,1,1,0,0,0,0,0,0,0,0,0,0
200016,2,1,0,0,0,0,0,0,0,0,0,0
200017,1,1,0,0,0,0,0,0,0,0,0,0
200017,2,1,0,0,0,0,0,0,0,0,0,0
200017,3,1,0,0,0,0,0,0,0,0,0,0
200017,4,1,19,0,0,0,0,0,0,0,0,0
200018,1,1,3,3,3,3,3,3,3,3,3,3
200018,2,1,0,0,0,0,0,0,0,0,0,0
200019,1,1,0,0,0,0,0,0,0,0,0,0
200019,2,1,0,0,0,0,0,0,0,0,0,0
200020,1,1,9,9,9,9,9,9,9,9,9,9
200021,1,1,0,0,0,0,0,0,0,0,0,0
200022,1,1,0,0,0,0,0,0,0,0,0,0
200022,2,1,0,0,0,0,0,0,0,0,0,0
200023,1,1,0,0,0,0,0,0,0,0,0,0
200023,2,1,0,0,0,0,0,0,0,0,0,0
200026,1,1,0,0,0,0,0,0,0,0,0,0
200026,2,1,0,0,0,0,0,0,0,0,0,0
200027,1,1,0,0,0,0,0,0,0,0,0,0
200028,1,1,0,21,0,20,0,0,0,0,0,4
200028,2,1,0,0,0,0,0,0,0,0,0,0
200028,3,1,0,0,0,0,0,0,0,0,0,0
200029,1,1,0,0,0,0,0,0,0,0,0,0
200029,2,1,0,0,0,0,0,0,0,0,0,0
200030,1,1,0,0,0,27,0,0,0,0,0,0
200030,2,1,0,0,0,0,0,0,0,0,0,0
200031,1,1,0,0,0,0,0,0,0,0,0,0
200031,2,1,0,0,0,0,0,0,0,0,0,0
200032,1,1,0,0,0,0,0,0,0,0,0,0
200033,1,1,0,0,0,0,0,0,0,0,0,0
200034,1,1,24,24,24,24,24,24,24,24,24,24
200035,1,1,0,0,0,0,0,0,0,0,0,0
200036,1,1,9,9,9,9,9,9,9,9,9,9
200036,2,1,0,0,0,0,0,0,0,0,0,0
200038,1,1,14,14,14,14,14,14,14,14,14,14
200039,1,1,22,22,22,22,22,22,22,22,22,22
200040,1,1,8,8,8,8,8,8,8,8,8,8
200041,1,1,0,0,0,0,0,0,0,0,0,0
200041,2,1,0,0,0,0,0,0,0,0,0,0
200042,1,1,0,0,0,0,0,0,0,0,0,0
200042,2,1,0,28,0,0,0,0,0,0,19,0
200043,1,1,0,0,0,0,0,0,0,0,0,0
200043,2,1,0,0,0,0,0,0,0,0,0,0
200044,1,1,22,22,22,22,22,22,22,22,22,22
200044,2,1,0,0,0,0,0,0,0,0,0,0
200044,3,1,0,0,0,0,0,0,0,0,0,0
200045,1,1,15,15,15,15,15,15,15,15,15,15
200046,1,1,0,0,14,0,0,0,17,0,0,0
200046,2,1,0,0,0,0,0,0,0,0,0,0
200047,1,1,0,0,0,0,0,0,0,0,0,0
200047,2,1,0,0,0,0,0,0,0,0,0,0
200048,1,1,24,24,24,24,24,24,24,24,24,24
200049,1,1,16,16,16,16,16,16,16,16,16,16
200049,2,1,0,0,0,0,0,0,0,0,0,0
200050,1,1,0,0,0,0,0,0,0,0,0,0
200051,1,1,0,0,0,0,0,0,0,0,0,0
200052,1,1,0,0,0,0,0,0,0,0,0,0
200052,2,1,0,0,0,0,0,0,0,0,0,0
200053,1,1,0,0,0,0,0,0,0,0,0,0
200053,2,1,0,0,0,0,0,0,0,0,0,0
200054,1,1,0,0,0,0,0,0,0,0,0,0
200055,1,1,0,0,0,0,0,0,0,0,0,0
200055,2,1,0,0,0,0,0,0,0,0,0,0
200056,1,1,0,0,0,0,0,0,0,0,0,0
200056,2,1,0,0,0,0,0,0,0,0,0,0
200057,1,1,0,0,0,0,0,0,0,0,0,0
200057,2,1,0,0,0,0,0,0,0,0,0,0
200058,1,1,0,0,0,0,0,0,0,0,0,0
200058,2,1,0,0,0,0,0,0,0,0,0,0
200059,1,1,0,0,0,0,0,0,0,0,0,0
200060,1,1,0,0,0,0,0,0,0,0,0,0
200061,1,1,0,0,0,0,0,0,0,0,0,0
200061,2,1,0,0,0,0,0,0,0,0,0,0
200062,1,1,0,0,0,0,0,0,0,0,0,0
200063,1,1,16,16,16,16,16,16,16,16,16,16
200063,2,1,0,0,0,0,0,0,0,0,0,0
200064,1,1,0,0,0,0,0,0,0,0,0,0
200064,2,1,0,0,0,0,0,0,0,0,0,0
200065,1,1,25,25,25,25,25,25,25,25,25,25
200066,1,1,29,29,29,29,29,29,29,29,29,29
200067,1,1,0,0,0,0,0,0,0,0,0,0
200067,2,1,0,0,0,0,0,0,0,0,0,0
200068,0,1,24,24,24,24,24,24,24,24,24,24
200068,1,1,0,0,0,0,0,0,0,0,0,0
200069,1,1,0,0,0,0,0,0,0,0,0,0
200070,1,1,9,9,9,9,9,9,9,9,9,9
200071,1,1,0,0,0,0,0,0,0,0,0,0
200072,1,1,13,13,13,13,13,13,13,13,13,13
200073,0,1,0,0,0,0,0,0,0,0,0,0
200073,1,1,0,0,0,0,0,0,0,0,0,0
200074,1,1,15,20,14,13,13,0,15,0,0,14
200075,1,1,25,25,25,25,25,25,25,25,25,25
200076,1,1,21,21,21,21,21,21,21,21,21,21
200077,1,1,16,0,26,9,15,28,14,0,12,40
200078,1,1,0,0,0,0,0,0,0,0,0,0
200078,2,1,0,0,0,0,0,0,0,0,0,0
200079,1,1,0,0,0,0,0,0,0,0,0,0
200079,2,1,0,0,0,0,0,0,0,0,0,0
200079,3,1,0,0,0,0,0,0,0,0,0,0
200080,1,1,0,0,0,0,0,0,0,0,0,0
200081,1,1,0,0,0,0,0,0,0,0,0,0
200082,1,1,0,0,0,0,0,0,0,0,0,0
200083,1,1,0,0,0,0,0,0,0,0,0,0
200084,1,1,0,0,0,0,0,0,0,0,0,0
200084,2,1,0,0,0,0,0,0,0,0,0,0
200084,3,1,0,0,0,0,0,0,0,0,0,0
200085,1,1,0,0,0,0,0,0,0,0,0,0
200085,2,1,0,0,0,0,0,0,0,0,0,0
200086,1,1,18,18,18,18,18,18,18,18,18,18
200086,2,1,0,0,0,0,0,0,0,0,0,0
200087,1,1,15,15,15,15,15,15,15,15,15,15
200088,1,1,0,0,0,0,0,0,0,0,0,0
200088,2,1,0,0,0,0,0,0,0,0,0,0
200089,1,1,12,12,12,12,12,12,12,12,12,12
200090,1,1,26,26,26,26,26,26,26,26,26,26
200091,1,1,0,0,0,0,0,0,0,0,0,0
200091,2,1,0,0,0,0,0,0,0,0,0,0
200092,1,1,0,0,0,0,0,0,0,0,0,0
200092,2,1,0,0,0,0,0,0,0,0,0,0
200093,1,1,13,13,13,13,13,13,13,13,13,13
200094,1,1,0,0,0,0,0,0,0,20,0,0
200095,1,1,21,21,21,21,21,21,21,21,21,21
200097,1,1,10,10,10,10,10,10,10,10,10,10
200098,1,1,0,0,0,0,0,0,0,0,0,0
200099,1,1,19,19,19,19,19,19,19,19,19,19
200100,1,1,0,0,0,0,0,0,0,0,0,0
200100,2,1,0,0,0,0,0,0,0,0,0,0
200101,1,1,0,0,0,0,0,0,0,0,0,0
200101,2,1,0,0,0,0,0,17,0,0,0,0
200102,0,1,26,26,26,26,26,26,26,26,26,26
200102,1,1,0,0,0,0,0,0,0,0,0,0
200103,1,1,24,24,24,24,24,24,24,24,24,24
200104,1,1,0,0,0,0,0,0,0,0,0,0
200105,0,1,23,23,23,23,23,23,23,23,23,23
200105,0,2,18,22,0,12,0,30,19,0,15,0
200105,1,1,8,8,8,8,8,8,8,8,8,8
200105,2,1,0,0,8,0,0,32,33,0,25,0
200106,1,1,0,0,0,0,0,0,0,0,0,0
200106,2,1,0,0,0,0,0,0,0,0,0,0
200107,1,1,0,0,0,0,0,0,0,0,0,0
200107,2,1,0,0,0,0,0,0,0,0,0,0
200108,1,1,0,0,0,0,0,0,0,0,0,0
200108,2,1,0,0,0,0,0,0,0,0,0,0
200109,1,1,0,0,0,0,0,0,0,0,0,0
200109,2,1,0,0,0,0,0,0,0,0,0,0
200110,1,1,0,0,0,0,0,0,0,0,0,0
200110,2,1,0,0,0,0,0,0,0,0,0,0
200111,1,1,0,0,0,0,0,0,0,0,0,0
200111,2,1,0,0,0,0,3,0,0,0,0,0
200112,1,1,0,0,0,0,0,0,0,0,0,0
200112,2,1,0,0,0,0,0,0,0,0,0,0
200113,1,1,14,14,14,14,14,14,14,14,14,14
200114,1,1,0,0,0,0,0,0,0,0,0,0
200115,1,1,8,8,8,8,8,8,8,8,8,8
200117,1,1,0,0,0,0,0,0,0,0,0,0
200118,1,1,0,0,0,0,0,0,0,0,0,0
200118,2,1,11,11,11,11,11,11,11,11,11,11
200118,3,1,0,0,0,0,0,0,0,0,0,0
200118,4,1,0,0,0,0,0,0,0,0,0,0
200118,5,1,0,0,0,0,0,0,0,0,0,0
200119,1,1,21,21,21,21,21,21,21,21,21,21
200120,1,1,0,0,0,0,0,0,0,0,0,0
200121,1,1,0,0,0,0,0,0,0,0,0,0
200122,1,1,0,0,0,0,0,0,0,0,0,0
200123,1,1,0,0,0,0,0,0,0,0,0,0
200124,1,1,0,0,0,0,0,0,0,0,0,0
200125,1,1,16,16,16,16,16,16,16,16,16,16
200126,1,1,0,0,0,0,0,0,0,0,0,0
200126,2,1,0,0,0,0,0,0,0,0,0,0
200127,1,1,0,0,0,0,0,0,0,7,0,0
200127,2,1,0,0,0,0,0,0,0,0,0,0
200128,1,1,0,0,0,0,0,0,0,0,0,0
200128,2,1,0,0,0,0,0,0,0,0,0,0
200129,1,1,0,0,0,0,0,0,0,0,0,0
200129,2,1,0,0,0,0,0,0,0,0,0,0
200130,1,1,0,3,0,22,0,0,10,0,0,0
200131,0,1,0,0,0,0,0,0,0,0,0,0
200131,2,1,0,0,0,0,0,0,0,0,0,0
200131,3,1,0,0,0,0,0,0,0,0,0,0
200132,1,1,11,11,11,11,11,11,11,11,11,11
200132,2,1,0,0,0,0,0,0,0,0,0,0
200134,1,1,0,0,0,0,0,0,0,0,0,0
200134,2,1,0,0,0,0,0,0,0,0,0,0
200135,1,1,0,0,0,0,0,0,0,0,0,0
200136,1,1,0,0,0,0,0,0,0,0,0,0
200137,1,1,0,0,0,0,0,0,0,0,0,0
200137,2,1,0,0,0,0,0,0,0,0,0,0
200137,3,1,0,0,0,0,0,0,0,0,0,0
200137,4,1,0,0,0,0,0,0,0,0,0,0
200138,1,1,7,4,11,7,13,4,19,24,0,20
200139,1,1,0,0,0,0,0,0,0,0,0,0
200139,2,1,0,0,0,0,0,0,0,0,0,0
200140,1,1,1,1,1,1,1,1,1,1,1,1
200140,2,1,0,0,0,0,0,0,0,0,0,0
200141,1,1,0,0,0,0,0,0,0,0,0,0
200142,1,1,0,0,0,0,0,0,0,0,0,0
200143,1,1,0,0,0,0,0,0,0,0,0,0
200144,1,1,0,9,0,0,0,0,0,0,0,0
200144,2,1,0,0,0,0,0,0,0,0,0,0
200145,1,1,0,0,0,0,0,0,0,0,0,0
200145,2,1,0,0,0,0,0,0,0,0,0,0
200146,1,1,16,15,21,16,20,20,17,14,25,9
200147,1,1,25,25,25,25,25,25,25,25,25,25
200148,1,1,0,0,0,0,0,0,0,0,0,0
200148,2,1,0,0,0,0,0,0,0,0,0,0
200149,1,1,0,0,0,0,0,0,0,0,0,0
200149,2,1,0,0,0,0,0,0,0,0,0,0
200150,1,1,0,0,0,0,0,0,0,0,0,0
200151,1,1,4,4,4,4,4,4,4,4,4,4
200152,1,1,0,0,0,0,0,0,0,0,0,0
200152,2,1,0,0,0,0,0,0,0,0,0,0
200153,1,1,0,0,0,0,0,0,0,11,0,0
200153,2,1,0,0,0,0,0,0,0,0,0,0
200153,3,1,0,0,0,0,0,0,0,0,0,0
200154,1,1,0,0,0,0,0,0,0,0,0,0
200155,1,1,0,0,0,0,0,0,0,0,0,0
200156,1,1,0,0,0,0,0,0,0,0,0,0
200156,2,1,0,0,0,0,0,0,0,0,0,0
200157,1,1,0,0,0,0,0,0,0,0,0,0
200157,2,1,0,0,0,0,0,0,0,0,0,0
200158,1,1,0,0,0,0,0,0,0,0,0,0
200158,2,1,0,0,0,0,0,0,0,0,0,0
200159,1,1,0,0,0,0,0,0,0,0,0,0
200160,1,1,0,0,0,0,0,0,0,0,18,0
200161,1,1,0,0,0,0,0,0,0,0,0,0
200161,2,1,0,0,0,0,0,0,0,0,0,0
200162,1,1,0,0,0,0,0,0,0,0,0,0
200162,2,1,0,0,0,0,0,0,0,0,0,0
200163,0,1,0,0,0,21,0,0,0,0,0,0
200163,1,1,0,0,0,0,0,0,0,0,0,0
200164,1,1,0,0,0,0,0,0,0,0,0,0
200165,1,1,1,1,1,1,1,1,1,1,1,1
200166,1,1,12,0,13,0,0,0,0,0,0,0
200166,2,1,0,0,0,0,0,0,0,0,0,0
200167,1,1,0,14,0,0,0,0,0,0,0,0
200168,1,1,0,0,0,0,0,0,0,0,0,0
200168,2,1,0,0,0,0,0,0,0,0,0,0
200169,1,1,0,0,0,0,0,0,0,0,0,0
200169,2,1,0,0,0,0,0,0,0,0,0,0
200170,1,1,0,0,0,0,0,0,0,0,0,0
200171,1,1,0,0,0,0,0,0,0,0,0,0