ST_CASE,VEH_NO,PER_NO,P1,P2,P3,P4,P5,P6,P7,P8,P9,P10
200172,1,1,0,0,0,0,0,0,11,0,0,22
200173,1,1,0,0,0,0,0,0,0,0,0,0
200173,2,1,0,0,0,0,0,0,0,0,0,0
200174,1,1,9,9,9,9,9,9,9,9,9,9
200174,2,1,4,4,4,4,4,4,4,4,4,4
200175,1,1,0,0,0,0,0,0,0,0,0,0
200175,2,1,0,0,0,0,0,0,0,0,0,0
200176,1,1,11,11,11,11,11,11,11,11,11,11
200176,2,1,0,0,0,0,0,0,0,0,0,0
200177,1,1,0,0,0,0,0,0,0,0,0,0
200178,1,1,0,0,0,0,0,0,0,0,0,0
200179,1,1,15,15,15,15,15,15,15,15,15,15
200180,1,1,4,0,0,30,32,0,0,0,0,12
200180,2,1,14,14,14,14,14,14,14,14,14,14
200181,0,1,0,0,0,0,0,0,17,0,0,0
200181,1,1,0,0,0,0,0,0,0,0,0,0
200182,1,1,27,27,27,27,27,27,27,27,27,27
200183,1,1,0,0,0,0,0,0,0,0,0,0
200183,2,1,0,0,0,0,0,0,0,0,0,0
200184,1,1,8,11,15,22,13,14,39,6,15,13
200185,1,1,24,24,24,24,24,24,24,24,24,24
200186,1,1,0,0,0,0,0,0,0,0,0,0
200186,2,1,0,0,0,0,0,0,0,0,0,0
200187,1,1,2,2,2,2,2,2,2,2,2,2
200187,2,1,0,0,0,0,0,0,0,0,0,0
200188,1,1,0,0,0,0,0,0,0,0,0,0
200189,1,1,0,0,0,0,0,0,0,0,0,0
200190,1,1,0,0,0,0,0,0,0,0,0,0
200190,2,1,0,0,0,0,0,0,0,0,0,0
200190,3,1,0,2,0,0,0,0,0,0,0,0
200191,1,1,35,0,0,0,21,0,11,19,0,0
200192,1,1,0,0,0,0,0,0,0,0,0,0
200193,1,1,0,0,0,0,0,0,0,0,0,0
200193,2,1,0,0,0,0,0,0,0,0,0,0
200194,1,1,0,0,0,0,0,0,0,0,0,0
200194,2,1,0,0,0,0,0,0,0,0,0,0
200194,3,1,0,0,0,0,0,0,0,0,0,0
200195,1,1,0,0,0,0,0,0,0,0,0,0
200195,2,1,0,0,0,0,0,0,0,0,0,0
200196,1,1,0,0,0,0,0,0,0,0,0,0
200196,2,1,0,0,0,0,0,0,0,3,0,0
200197,1,1,29,29,29,29,29,29,29,29,29,29
200197,2,1,0,0,0,0,9,0,0,0,0,0
200198,1,1,0,0,0,0,0,0,0,0,0,0
200199,1,1,0,0,0,0,0,0,0,0,0,0
200200,1,1,0,0,0,0,0,0,0,0,0,0
200201,1,1,6,6,6,6,6,6,6,6,6,6
200202,1,1,27,27,27,27,27,27,27,27,27,27
200203,1,1,0,12,0,0,0,0,0,0,0,19
200204,1,1,0,0,0,0,0,0,0,0,0,0
200205,1,1,4,13,0,14,3,16,0,17,0,16
200206,1,1,0,0,0,0,0,0,0,0,0,0
200207,1,1,2,2,2,2,2,2,2,2,2,2
200208,1,1,11,11,11,11,11,11,11,11,11,11
200209,1,1,0,0,0,0,0,0,0,0,0,0
200210,1,1,8,8,8,8,8,8,8,8,8,8
200210,2,1,0,0,0,0,0,0,0,0,0,0
200211,1,1,9,9,9,9,9,9,9,9,9,9
200211,2,1,0,0,0,0,0,0,0,0,0,0
200212,1,1,0,0,0,0,0,0,0,0,0,0
200212,2,1,0,0,0,0,0,0,0,0,0,0
200213,1,1,0,0,0,0,0,0,0,0,0,0
200214,1,1,0,0,0,0,0,0,0,0,0,0
200214,2,1,0,0,0,0,0,0,0,0,0,0
200215,1,1,9,9,9,9,9,9,9,9,9,9
200216,1,1,0,0,0,0,0,0,0,0,0,0
200217,1,1,0,0,0,0,0,0,0,0,0,0
200217,2,1,0,0,0,0,0,0,0,0,0,0
200217,3,1,0,0,0,0,0,0,0,0,0,0
200218,2,1,0,0,0,0,0,0,0,0,0,0
200218,3,1,0,0,0,0,0,0,0,0,0,0
200219,1,1,29,29,29,29,29,29,29,29,29,29
200220,1,1,0,0,0,0,0,0,0,0,0,0
200220,2,1,25,0,0,0,0,0,0,0,0,0
200220,3,1,0,0,0,0,0,0,0,0,0,0
200221,1,1,0,0,0,0,0,0,0,0,0,0
200221,2,1,0,0,0,0,0,0,0,0,0,0
200221,3,1,0,0,0,0,0,0,0,0,0,0
200222,1,1,0,0,0,0,0,0,0,0,0,0
200223,1,1,9,9,9,9,9,9,9,9,9,9
200224,1,1,0,0,0,0,0,0,0,0,0,0
200224,2,1,0,0,0,0,0,0,0,0,0,0
200225,1,1,6,6,6,6,6,6,6,6,6,6
200225,2,1,7,0,0,0,0,0,0,0,0,0
200225,3,1,0,0,0,0,0,0,0,0,0,0
200226,1,1,0,0,0,0,0,0,0,0,0,0
200226,2,1,0,0,0,0,0,0,0,0,0,0
200226,3,1,0,0,0,0,0,0,0,0,0,0
200227,1,1,0,0,0,0,0,0,0,0,0,0
200227,2,1,0,0,0,0,0,0,0,0,0,0
200227,3,1,0,0,0,0,0,6,0,0,0,0
200228,1,1,0,0,0,0,0,0,0,0,0,0
200229,1,1,0,0,0,0,0,0,0,0,0,0
200230,1,1,14,14,14,14,14,14,14,14,14,14
200231,1,1,19,19,19,19,19,19,19,19,19,19
200232,1,1,0,0,0,0,0,0,0,0,0,0
200232,2,1,20,20,20,20,20,20,20,20,20,20
200233,1,1,0,0,0,0,0,0,0,0,0,0
200233,2,1,0,0,0,0,0,0,0,0,0,0
200234,1,1,0,0,0,0,0,0,0,0,0,0
200234,2,1,0,0,0,0,0,0,0,0,0,0
200235,1,1,0,0,0,0,0,0,0,0,0,0
200236,1,1,14,0,0,11,7,0,0,0,27,0
200237,1,1,23,23,23,23,23,23,23,23,23,23
200238,1,1,16,16,16,16,16,16,16,16,16,16
200239,1,1,12,12,12,12,12,12,12,12,12,12
200240,1,1,0,0,0,0,0,0,0,0,0,0
200240,2,1,0,0,0,0,0,0,0,0,0,0
200242,1,1,0,0,0,0,0,0,0,0,0,0
200242,2,1,0,0,0,0,0,0,0,0,0,0
200243,1,1,21,21,21,21,21,21,21,21,21,21
200244,1,1,0,0,0,0,0,0,0,0,0,0
200245,1,1,0,0,0,0,0,0,0,0,0,0
200245,2,1,0,0,0,0,0,0,0,0,0,0
200245,3,1,0,0,0,0,0,0,0,0,0,0
200246,1,1,0,0,0,0,0,0,0,0,0,0
200246,2,1,0,0,0,0,0,0,0,0,0,0
200247,1,1,16,19,3,11,30,13,0,31,0,19
200250,1,1,0,0,0,0,0,0,0,0,0,0
200250,2,1,0,0,0,0,0,0,0,0,0,0
200251,1,1,0,0,0,0,0,0,0,0,0,0
200251,2,1,0,0,0,0,0,0,0,0,0,0
200252,1,1,0,0,0,0,0,0,0,0,0,0
200252,2,1,0,0,0,0,0,0,0,0,0,0
200253,1,1,0,0,0,0,0,0,0,0,0,0
200253,2,1,0,0,0,0,0,0,0,0,0,0
200254,1,1,6,6,6,6,6,6,6,6,6,6
200255,1,1,0,0,0,0,0,0,0,0,0,0
200255,2,1,0,0,0,0,0,0,0,0,0,0
200256,1,1,0,0,0,0,0,0,0,0,0,0
200258,0,1,0,0,0,0,0,0,0,0,0,0
200258,1,1,12,12,12,12,12,12,12,12,12,12
200259,1,1,0,0,0,0,0,0,0,0,0,0
200259,2,1,0,0,0,0,0,0,0,0,0,0
200260,1,1,0,0,5,0,0,0,0,0,6,0
200261,1,1,16,16,16,16,16,16,16,16,16,16
200262,1,1,0,0,0,0,15,0,0,0,0,0
200262,2,1,0,0,0,0,0,0,0,0,0,0
200263,1,1,0,0,0,0,0,0,0,0,0,0
200264,1,1,0,0,0,0,0,0,0,0,0,0
200264,2,1,0,0,0,0,0,0,0,0,0,0
200265,0,1,0,0,0,0,0,0,0,0,0,0
200265,1,1,0,0,0,0,0,0,0,0,0,0
200266,1,1,14,14,14,14,14,14,14,14,14,14
200267,1,1,0,0,0,0,0,0,0,0,0,0
200267,2,1,0,0,0,0,0,0,0,0,0,0
200268,1,1,0,0,0,0,0,0,0,0,0,0
200269,1,1,26,26,26,26,26,26,26,26,26,26
200269,2,1,0,0,0,0,0,0,0,0,0,0
200270,1,1,0,0,0,0,0,0,0,6,0,0
200270,2,1,28,28,28,28,28,28,28,28,28,28
200271,1,1,0,0,0,0,0,0,0,0,0,0
200271,2,1,0,0,0,0,0,0,0,0,0,0
200272,1,1,10,10,10,10,10,10,10,10,10,10
200273,1,1,0,0,0,0,0,0,0,0,0,0
200274,1,1,0,0,0,0,0,0,0,0,0,0
200275,1,1,19,13,6,22,12,27,8,30,0,20
200276,1,1,19,19,19,19,19,19,19,19,19,19
200276,2,1,0,0,0,0,0,0,0,0,0,0
200277,1,1,15,15,15,15,15,15,15,15,15,15
200278,0,1,0,0,0,0,0,0,0,0,0,0
200278,1,1,0,0,0,0,0,0,0,0,0,0
200279,1,1,0,0,0,0,0,0,0,0,0,0
200279,2,1,0,0,0,0,0,0,0,0,0,0
200280,1,1,0,0,0,0,0,0,0,0,0,0
200280,2,1,0,0,0,0,0,0,0,0,0,0
200281,1,1,0,0,0,0,0,0,0,0,0,0
200281,2,1,0,0,0,0,0,0,0,0,0,0
200282,1,1,0,0,0,0,0,0,0,0,0,0
200283,1,1,17,0,0,0,0,0,0,0,0,0
200284,0,1,0,0,0,0,0,0,0,0,0,0
200284,0,2,0,0,0,0,0,0,0,0,0,0
200284,0,3,0,0,0,0,0,0,0,0,0,0
200284,0,4,0,0,0,0,0,0,0,0,0,0
200284,1,1,16,0,0,16,13,0,0,0,0,0
200285,1,1,0,0,0,0,0,0,0,0,0,0
200285,2,1,0,0,0,0,0,0,0,0,0,0
200286,1,1,0,0,0,0,0,0,0,0,0,0
200287,1,1,0,0,0,0,0,0,0,0,0,0
200287,2,1,0,0,0,0,0,0,0,0,0,0
200288,1,1,0,0,0,0,0,0,0,0,0,0
200289,1,1,12,12,12,12,12,12,12,12,12,12
200290,1,1,28,28,28,28,28,28,28,28,28,28
200291,1,1,0,0,0,0,0,0,0,0,0,0
200291,2,1,0,0,0,0,0,0,0,0,0,0
200292,1,1,15,22,13,25,19,24,18,30,5,22
200293,1,1,20,20,20,20,20,20,20,20,20,20
200294,1,1,25,25,25,25,25,25,25,25,25,25
200295,1,1,28,28,28,28,28,28,28,28,28,28
200296,1,1,23,23,23,23,23,23,23,23,23,23
200296,2,1,0,0,0,0,0,0,0,0,0,0
200297,1,1,16,16,16,16,16,16,16,16,16,16
200298,1,1,23,23,23,23,23,23,23,23,23,23
200298,2,1,0,0,0,0,0,0,0,0,0,0
200299,1,1,0,0,0,0,0,0,0,0,0,0
200300,1,1,12,12,12,12,12,12,12,12,12,12
200300,2,1,0,0,0,0,0,0,0,0,0,0
200300,3,1,0,0,0,0,0,0,0,0,0,0
200301,1,1,0,0,0,0,0,0,0,0,0,0
200302,1,1,0,0,0,0,0,0,0,0,0,0
200302,2,1,0,0,0,0,0,0,0,0,0,0
200303,1,1,8,7,17,16,24,6,17,10,9,13
200303,2,1,23,23,23,23,23,23,23,23,23,23
200304,1,1,0,0,0,0,0,0,0,0,0,0
200304,2,1,0,0,0,0,0,0,0,0,0,0
200305,1,1,19,19,19,19,19,19,19,19,19,19
200306,1,1,12,12,12,12,12,12,12,12,12,12
200307,1,1,0,0,0,0,0,0,0,0,0,0
200307,2,1,0,0,0,0,0,0,0,0,0,0
200308,1,1,0,0,0,0,0,0,0,0,0,0
200309,1,1,0,0,0,0,0,0,0,0,0,0
200309,2,1,0,0,0,0,0,0,0,0,0,0
200310,1,1,0,0,0,0,0,0,0,0,0,0
200311,1,1,0,0,0,0,0,0,0,0,0,0
200312,1,1,23,23,23,23,23,23,23,23,23,23
200313,1,1,0,0,0,0,0,0,0,0,0,0
200314,1,1,0,0,0,0,0,0,0,0,0,0
200315,1,1,3,3,3,3,3,3,3,3,3,3
200315,2,1,0,0,0,0,0,0,0,0,0,0
200317,1,1,15,15,15,15,15,15,15,15,15,15
200319,1,1,0,0,0,0,12,0,0,0,0,0
200320,1,1,0,0,0,0,0,0,0,0,0,0
200320,2,1,0,0,0,0,0,0,0,0,0,0
200321,1,1,0,0,0,0,0,0,0,0,0,0
200322,1,1,0,0,0,0,0,0,0,0,6,6
200322,2,1,0,0,10,21,0,0,0,0,0,0
200323,1,1,0,0,0,0,0,31,0,0,0,0
200324,1,1,0,0,0,0,0,0,0,0,0,0
200324,2,1,0,0,0,0,0,0,0,0,0,0
200325,1,1,24,24,24,24,24,24,24,24,24,24
200326,1,1,0,0,0,0,0,0,0,0,0,0
200326,2,1,0,0,0,0,0,0,0,0,0,0
200327,1,1,24,24,24,24,24,24,24,24,24,24
200328,1,1,15,15,15,15,15,15,15,15,15,15
200329,1,1,0,0,0,0,0,0,0,0,0,0
200329,2,1,0,0,0,0,0,0,0,0,0,0
200330,1,1,0,0,0,0,0,0,0,0,0,0
200331,1,1,0,0,0,0,0,0,0,0,0,0
200331,2,1,0,0,0,0,0,0,0,0,0,0
200332,1,1,0,0,0,0,0,0,0,0,0,0
200332,2,1,0,0,0,0,0,0,0,0,0,0
200333,1,1,0,0,0,0,0,0,0,0,0,0
200334,0,1,22,21,11,9,6,6,0,0,24,0
200334,1,1,0,0,0,0,0,3,0,0,0,0
200335,1,1,0,0,0,0,0,0,0,0,0,0
200335,2,1,0,0,0,0,0,0,0,0,0,0
200336,1,1,0,0,0,0,0,0,0,0,0,0
200337,1,1,13,13,13,13,13,13,13,13,13,13
200338,1,1,16,16,16,16,16,16,16,16,16,16
200339,0,1,10,10,10,10,10,10,10,10,10,10
200339,0,2,28,28,28,28,28,28,28,28,28,28
200339,1,1,6,6,6,6,6,6,6,6,6,6
200340,1,1,0,0,0,0,0,0,0,0,0,0
200341,1,1,0,0,0,0,0,0,0,0,0,0
200341,2,1,0,0,0,0,0,0,0,0,0,0
200342,1,1,0,0,0,0,0,0,0,0,0,0
200342,2,1,0,0,0,0,0,0,0,0,0,0
200343,1,1,0,0,0,0,0,0,0,0,0,0
200343,2,1,0,0,0,0,0,0,0,0,0,0
200344,1,1,18,18,18,18,18,18,18,18,18,18
200344,2,1,29,0,17,0,20,0,0,0,10,0
200345,1,1,0,0,0,0,0,0,0,0,0,0
200345,2,1,0,0,0,0,0,0,0,0,0,0
200346,1,1,20,20,20,20,20,20,20,20,20,20
200347,1,1,8,8,8,8,8,8,8,8,8,8
200348,1,1,0,0,0,0,0,0,0,0,0,0
200348,2,1,0,0,0,0,0,0,0,8,0,0
200349,1,1,20,20,20,20,20,20,20,20,20,20
200349,2,1,0,0,0,0,0,0,0,0,0,0
200350,1,1,0,0,0,0,0,0,0,0,0,0
200351,1,1,0,0,0,0,0,0,0,0,0,0
200351,2,1,0,0,0,0,0,0,0,0,0,0
200352,1,1,18,18,18,18,18,18,18,18,18,18
200353,1,1,0,0,0,0,0,0,0,0,0,0
200353,2,1,0,0,0,0,0,0,0,0,0,0
200354,1,1,21,21,21,21,21,21,21,21,21,21
200355,1,1,22,16,0,14,10,12,14,21,17,16
200355,2,1,0,0,0,29,8,34,27,25,12,4
200356,0,1,0,0,0,0,0,0,0,0,0,0
200356,1,1,0,0,0,0,0,0,0,0,0,0
200357,1,1,0,0,0,0,0,0,0,0,0,0
200357,2,1,0,0,0,0,0,0,0,0,0,0
200358,1,1,0,0,0,0,0,0,0,0,0,0
200359,1,1,23,23,23,23,23,23,23,23,23,23
200359,2,1,0,0,0,0,0,0,0,0,0,0
200360,1,1,0,0,0,0,0,0,0,0,0,0
200360,2,1,0,0,0,0,0,0,0,0,0,0
200361,1,1,18,0,10,17,18,22,0,7,0,24
200361,2,1,5,10,12,9,19,13,21,18,15,11
200362,1,1,0,0,0,0,0,14,0,0,0,0
200362,2,1,0,0,0,0,0,0,0,0,0,0
200362,3,1,0,0,0,0,0,8,0,0,0,0
200363,1,1,20,20,20,20,20,20,20,20,20,20
200363,2,1,0,0,0,0,0,0,0,0,0,0
200364,1,1,0,0,0,0,0,0,0,0,0,0
200364,2,1,0,0,0,0,0,0,0,0,0,0
200365,1,1,0,0,0,0,0,0,0,0,0,0
200365,2,1,0,0,0,0,0,0,0,0,0,0
200366,2,1,0,0,0,0,0,0,0,0,0,0
200367,1,1,17,17,17,17,17,17,17,17,17,17
200368,1,1,35,17,17,22,19,34,7,20,15,19
200369,1,1,0,0,0,0,0,0,0,0,0,0
200370,0,1,0,0,0,0,0,0,0,0,0,0
200370,1,1,0,0,0,0,0,0,0,0,0,0
200371,1,1,0,0,0,0,0,0,0,0,0,0
200372,1,1,28,28,28,28,28,28,28,28,28,28
200373,1,1,0,0,0,0,0,0,0,0,0,0
200373,2,1,0,0,0,0,0,0,0,0,0,0
200374,1,1,0,0,0,0,0,0,0,0,0,0
200374,2,1,0,0,0,0,0,0,0,0,0,0
200375,1,1,0,0,0,0,0,0,0,0,0,0
200375,2,1,0,0,0,0,0,17,0,0,0,0
200376,1,1,0,0,0,0,0,0,0,0,0,0
200377,1,1,0,0,0,0,7,0,0,0,0,0
200377,2,1,0,0,0,0,0,0,0,0,0,0
200378,1,1,0,0,0,0,0,0,0,0,0,0
200378,2,1,0,0,0,0,0,0,0,0,0,0
200379,1,1,0,0,0,0,0,0,0,0,0,0
200380,1,1,27,27,27,27,27,27,27,27,27,27
200381,1,1,0,0,0,0,0,0,0,0,0,0
200381,2,1,0,0,0,0,15,0,0,0,0,0
200382,0,1,0,0,0,0,10,0,0,0,0,0
200382,1,1,7,9,0,17,14,24,27,0,0,0
200383,1,1,14,14,14,14,14,14,14,14,14,14
200384,1,1,16,16,16,16,16,16,16,16,16,16
200385,1,1,0,0,0,0,0,0,0,0,0,0
200385,2,1,0,0,0,0,0,0,0,0,0,0
200386,1,1,0,0,0,0,0,0,0,0,0,0
200386,2,1,0,0,0,0,0,0,0,0,0,0
200386,3,1,0,0,0,0,0,0,0,0,0,0
200387,0,1,0,0,0,0,0,0,0,0,0,0
200387,1,1,0,0,0,0,0,0,0,0,0,0
200388,1,1,0,0,0,0,0,0,0,0,0,0
210001,1,1,17,17,17,17,17,17,17,17,17,17
210002,1,1,19,19,19,19,19,19,19,19,19,19
210003,1,1,0,0,0,0,0,0,0,0,0,0
210004,1,1,6,6,6,6,6,6,6,6,6,6
210004,2,1,0,0,0,0,0,0,0,0,0,0
210005,1,1,0,0,0,0,0,0,0,0,0,0
210006,1,1,0,0,0,0,0,0,0,0,0,0
210007,1,1,0,0,0,0,0,0,0,0,0,0
210008,1,1,0,0,0,0,0,0,0,0,0,0
210008,2,1,0,0,0,0,0,0,0,0,0,0
210009,1,1,0,0,0,0,0,0,0,0,0,0
210009,2,1,0,0,0,0,0,0,0,0,0,0
210010,1,1,0,0,0,0,0,0,0,0,0,0
210010,2,1,0,0,0,0,0,0,0,0,0,0
210011,1,1,0,0,0,0,0,0,0,0,0,0
210011,2,1,0,0,0,0,0,0,0,0,0,0
210012,1,1,0,0,0,0,0,0,0,0,0,0
210013,1,1,0,0,0,0,0,0,0,0,0,0
210014,1,1,0,0,0,0,0,0,0,0,0,0
210015,0,1,0,0,0,0,0,0,0,0,0,0
210015,1,1,0,0,0,0,0,0,0,0,0,0
210016,0,1,24,24,24,24,24,24,24,24,24,24
210016,1,1,0,0,0,0,0,0,0,0,0,0
210017,1,1,22,22,22,22,22,22,22,22,22,22
210018,1,1,5,5,5,5,5,5,5,5,5,5
210018,2,1,0,0,0,0,0,0,0,0,0,0
210019,1,1,20,20,20,20,20,20,20,20,20,20
210019,2,1,0,0,0,0,0,0,0,0,0,0
210020,1,1,0,0,0,0,0,0,0,0,0,0
210020,2,1,0,0,0,0,0,0,0,0,0,0
210021,1,1,0,0,0,0,0,0,0,0,0,0
210021,2,1,0,0,0,0,0,0,0,0,0,0
210022,1,1,25,25,25,25,25,25,25,25,25,25
210023,1,1,0,0,0,0,0,0,0,0,0,0
210023,2,1,0,0,0,0,0,0,0,0,0,0
210024,1,1,10,10,10,10,10,10,10,10,10,10
210024,2,1,0,0,0,0,0,0,0,0,0,0
210025,1,1,3,3,3,3,3,3,3,3,3,3
210025,2,1,0,0,0,0,0,0,0,0,0,0
210026,1,1,0,0,0,0,0,0,0,0,0,0
210026,2,1,0,0,0,0,0,0,0,0,0,0
210027,1,1,0,0,0,0,0,0,0,0,0,0
210028,0,1,0,0,0,0,0,0,0,0,0,0
210028,1,1,0,0,0,0,0,0,0,0,0,0
210029,1,1,0,0,0,0,0,0,0,0,0,0
210029,2,1,0,0,0,0,0,0,0,0,0,0
210030,1,1,0,0,0,0,0,0,0,0,0,0
210031,0,1,0,0,0,0,0,0,0,0,0,0
210031,0,2,0,0,0,0,0,0,0,0,0,0
210031,0,3,32,0,0,0,0,0,10,0,0,0
210031,0,4,29,17,0,11,24,0,0,0,0,6
210031,1,1,0,0,0,0,0,0,0,0,0,0
210032,1,1,22,22,22,22,22,22,22,22,22,22
210033,1,1,0,0,0,0,0,0,0,0,0,0
210034,1,1,0,0,0,0,0,0,0,0,0,0
210034,2,1,0,0,0,0,0,0,0,0,0,0
210034,3,1,0,0,0,0,0,0,0,0,0,0
210035,0,1,26,26,26,26,26,26,26,26,26,26
210035,1,1,0,0,0,0,0,0,0,0,0,0
210036,1,1,26,26,26,26,26,26,26,26,26,26
210036,2,1,0,0,0,0,0,0,0,0,0,0
210036,3,1,0,0,0,0,0,0,0,0,0,0
210036,4,1,0,0,0,0,0,0,0,0,24,9
210037,1,1,0,0,0,0,0,0,0,0,0,0
210037,2,1,0,0,0,0,0,0,0,0,0,0
210038,1,1,0,0,0,0,0,0,0,0,0,0
210039,1,1,0,0,0,0,0,0,0,0,0,0
210039,2,1,0,0,0,0,0,0,0,0,0,0
210040,1,1,0,0,0,0,0,0,0,0,0,0
210040,2,1,0,0,0,0,21,0,0,0,0,0
210041,1,1,0,0,0,0,0,0,0,0,0,0
210042,1,1,0,0,0,0,0,0,0,0,0,0
210043,1,1,0,0,0,0,0,0,0,0,0,0
210043,2,1,0,0,0,0,0,0,0,0,0,0
210044,1,1,0,0,0,0,0,0,0,0,0,0
210044,2,1,0,0,0,0,0,0,0,0,0,0
210045,1,1,0,0,0,0,0,0,0,0,0,0
210046,0,1,0,0,0,0,0,0,0,0,0,0
210046,1,1,0,0,0,0,0,0,0,0,0,0
210047,1,1,0,0,0,0,0,0,0,0,0,0
210048,1,1,0,0,0,0,0,0,0,0,0,0
210049,1,1,18,18,18,18,18,18,18,18,18,18
210050,1,1,0,0,0,0,0,0,0,0,0,0
210050,2,1,0,0,0,0,0,0,0,0,0,0
210051,1,1,0,0,0,0,0,0,0,0,0,0
210052,1,1,0,0,0,0,0,0,0,0,0,0
210053,1,1,0,0,0,0,0,0,0,0,0,0
210053,2,1,0,0,0,0,0,0,0,0,0,0
210054,1,1,0,0,0,0,0,0,0,0,0,0
210054,2,1,0,0,0,0,0,0,0,0,0,0
210055,1,1,0,0,0,0,0,0,0,0,0,0
210055,2,1,0,0,0,0,0,0,0,0,0,0
210056,0,1,0,0,0,0,0,0,0,0,0,0
210056,1,1,0,0,0,0,0,0,0,0,0,0
210057,1,1,0,0,0,0,0,0,0,0,0,0
210057,2,1,0,0,0,0,0,0,0,0,0,0
210058,1,1,0,0,0,0,0,0,0,0,0,0
210058,2,1,0,0,0,0,0,0,0,0,0,0
210059,1,1,0,0,0,0,0,0,0,0,0,0
210060,1,1,11,11,11,11,11,11,11,11,11,11
210061,1,1,23,12,30,19,16,11,25,15,9,33
210062,1,1,0,0,0,0,0,0,0,0,0,0
210063,1,1,0,0,0,0,0,0,0,0,0,0
210064,1,1,13,13,13,13,13,13,13,13,13,13
210064,2,1,0,0,0,0,0,0,0,0,0,0
210065,1,1,0,0,0,0,0,0,0,0,0,0
210066,1,1,0,0,0,0,0,0,0,0,0,0
210066,2,1,0,0,0,0,0,0,5,0,0,0
210067,1,1,0,0,0,0,0,0,0,0,0,0
210068,1,1,10,10,10,10,10,10,10,10,10,10
210068,2,1,0,0,0,0,0,0,0,0,0,0
210069,1,1,0,0,0,0,0,33,0,0,0,0
210069,2,1,0,0,0,0,0,0,0,0,0,0
210069,3,1,0,0,0,0,0,0,9,0,0,0
210070,1,1,0,0,0,0,0,0,0,0,0,0
210071,1,1,0,0,0,0,0,0,0,0,0,0
210072,1,1,20,4,20,25,24,8,9,13,13,19
210072,2,1,0,0,0,0,0,0,0,0,0,0
210073,1,1,10,10,10,10,10,10,10,10,10,10
210074,0,1,10,10,10,10,10,10,10,10,10,10
210074,1,1,0,0,0,0,0,19,0,0,10,0
210075,1,1,17,17,17,17,17,17,17,17,17,17
210076,0,1,0,0,0,0,0,0,0,0,0,0
210076,1,1,0,0,0,0,0,0,0,0,0,0
210077,1,1,14,14,14,14,14,14,14,14,14,14
210078,1,1,0,0,0,0,0,0,0,0,0,0
210078,2,1,0,0,0,0,0,0,0,0,0,0
210079,1,1,0,0,0,0,0,0,0,0,0,0
210079,2,1,0,0,0,0,0,0,0,0,0,20
210080,1,1,0,0,0,0,0,0,0,0,0,0
210081,1,1,0,0,0,0,0,0,0,0,0,0
210082,1,1,0,0,0,0,0,0,0,0,0,0
210082,2,1,0,0,0,0,0,0,0,0,0,0
210083,1,1,0,0,0,0,0,0,0,0,0,0
210084,1,1,0,0,0,0,0,0,0,0,0,0
210084,2,1,0,0,0,0,0,0,0,0,0,0
210084,3,1,0,0,0,0,0,0,0,0,0,0
210085,1,1,0,0,0,5,0,0,0,0,0,0
210085,2,1,0,0,0,0,0,0,0,0,0,0
210085,3,1,0,0,0,0,0,0,0,0,0,0
210086,1,1,0,0,0,0,0,0,0,0,0,0
210086,2,1,0,0,0,0,0,0,0,0,0,0
210087,1,1,0,0,0,0,0,0,0,0,0,0
210088,1,1,7,22,14,27,11,21,4,28,28,7
210089,1,1,1,1,1,1,1,1,1,1,1,1
210090,1,1,0,0,0,0,0,0,0,0,0,0
210091,1,1,0,26,0,0,0,0,0,0,0,0
210091,2,1,0,0,0,0,0,0,0,0,0,0
210091,3,1,0,0,0,0,0,0,0,0,0,0
210092,1,1,0,0,0,0,0,0,0,0,0,0
210093,1,1,0,0,0,0,0,0,0,0,0,0
210093,2,1,0,0,0,0,0,0,0,0,0,0
210094,1,1,0,0,0,0,0,0,0,0,0,0
210094,2,1,0,0,0,0,0,0,0,0,0,0
210095,1,1,0,0,0,0,0,0,0,0,0,0
210096,1,1,0,0,0,0,0,0,0,0,0,0
210096,2,1,0,0,0,0,0,0,0,0,0,0
210097,1,1,0,0,0,0,0,0,0,0,0,0
210097,2,1,0,0,0,0,0,0,0,0,0,0
210098,1,1,0,0,0,0,0,0,0,0,0,0
210098,2,1,0,0,0,0,0,0,0,0,0,0
210099,1,1,0,0,0,0,0,0,0,0,0,0
210099,2,1,0,0,0,0,0,0,0,0,0,0
210100,1,1,0,0,0,0,0,0,0,0,0,0
210101,1,1,0,0,0,0,0,0,0,0,0,0
210101,2,1,0,0,0,0,0,0,0,0,0,0
210102,1,1,20,24,0,33,16,17,0,0,20,27
210102,2,1,0,0,0,0,0,0,0,0,0,0
210103,1,1,0,0,0,0,0,0,0,0,0,0
210104,1,1,17,17,17,17,17,17,17,17,17,17
210104,2,1,0,25,0,0,14,0,0,0,0,0
210105,1,1,0,0,0,0,0,0,0,0,0,0
210106,0,1,16,0,0,0,0,0,0,0,0,0
210106,1,1,0,0,0,6,0,0,0,0,0,0
210107,1,1,0,0,0,0,0,0,0,0,0,0
210108,1,1,0,0,0,0,0,0,0,0,0,0
210108,2,1,0,0,0,0,0,0,0,0,0,0
210108,3,1,0,0,0,0,0,0,0,0,0,0
210109,1,1,0,0,0,0,0,0,0,0,0,0
210110,1,1,0,0,0,0,0,0,0,0,0,0
210111,1,1,0,0,0,0,0,0,0,0,0,0
210112,1,1,0,0,0,0,0,0,0,0,0,0
210112,2,1,1,1,1,1,1,1,1,1,1,1
210113,1,1,0,0,0,0,0,0,0,0,0,0