ST_CASE,VEH_NO,PER_NO,P1,P2,P3,P4,P5,P6,P7,P8,P9,P10
210113,2,1,0,0,0,0,0,0,0,0,0,0
210114,1,1,0,0,0,0,0,0,0,0,0,0
210115,1,1,0,0,0,0,0,0,0,0,0,0
210116,1,1,0,0,0,0,0,0,0,0,0,0
210116,2,1,0,0,0,0,0,0,0,0,0,0
210117,1,1,0,0,0,0,0,0,0,0,0,0
210118,1,1,18,18,18,18,18,18,18,18,18,18
210119,1,1,14,14,14,14,14,14,14,14,14,14
210120,1,1,20,20,20,20,20,20,20,20,20,20
210121,1,1,0,0,0,0,0,0,0,0,0,0
210121,2,1,0,0,0,0,0,0,0,0,0,0
210122,1,1,0,0,0,0,0,0,0,0,0,0
210122,2,1,0,0,0,0,0,0,0,0,0,0
210123,1,1,0,0,11,0,0,6,0,0,3,0
210124,1,1,0,0,0,0,0,0,0,0,0,0
210125,1,1,10,10,10,10,10,10,10,10,10,10
210126,0,1,0,0,0,0,0,0,0,0,0,0
210126,1,1,0,0,0,0,0,0,0,0,0,0
210127,1,1,1,1,1,1,1,1,1,1,1,1
210128,0,1,3,3,3,3,3,3,3,3,3,3
210128,0,2,0,0,0,0,0,0,0,0,0,0
210128,1,1,0,0,0,0,0,0,0,0,0,0
210129,1,1,15,15,15,15,15,15,15,15,15,15
210129,2,1,0,0,18,0,0,0,0,0,0,0
210130,1,1,0,0,0,0,0,0,0,0,0,0
210131,1,1,0,0,0,0,0,0,0,0,0,0
210131,2,1,0,0,0,0,0,0,0,0,0,0
210131,3,1,0,0,0,0,0,0,0,0,0,0
210132,1,1,0,0,0,0,0,0,0,0,0,0
210133,1,1,0,0,0,0,0,0,0,0,0,0
210133,2,1,0,0,0,0,0,0,0,0,0,0
210135,1,1,0,0,0,0,0,0,0,0,0,0
210135,2,1,0,0,0,0,0,0,0,0,0,0
210136,0,1,0,0,0,0,0,0,0,0,0,0
210136,1,1,0,0,0,0,0,0,0,0,0,0
210137,1,1,0,0,0,0,0,0,0,0,0,0
210137,2,1,13,0,0,0,0,0,7,0,0,0
210138,1,1,0,0,0,0,0,0,0,0,0,0
210138,2,1,0,0,0,0,0,0,0,0,0,0
210139,1,1,10,10,10,10,10,10,10,10,10,10
210139,2,1,0,0,0,0,0,0,0,0,0,0
210139,3,1,0,0,0,0,0,0,0,0,0,0
210140,1,1,0,0,0,0,0,0,0,0,0,0
210140,2,1,0,0,0,0,0,0,0,0,0,0
210141,1,1,14,14,14,14,14,14,14,14,14,14
210142,1,1,24,24,24,24,24,24,24,24,24,24
210143,1,1,50,50,50,50,50,50,50,50,50,50
210143,2,1,0,0,0,0,0,0,0,0,0,0
210143,3,1,0,0,0,0,0,0,0,0,0,0
210143,4,1,0,0,0,0,0,0,0,0,0,0
210143,5,1,28,0,0,0,0,0,0,0,0,0
210144,1,1,11,11,11,11,11,11,11,11,11,11
210144,2,1,0,0,0,0,0,0,0,0,0,0
210145,0,1,3,3,3,3,3,3,3,3,3,3
210145,1,1,15,0,16,13,0,14,9,18,0,0
210146,1,1,16,16,16,16,16,16,16,16,16,16
210147,1,1,9,9,9,9,9,9,9,9,9,9
210147,2,1,0,0,0,0,0,0,0,0,0,0
210148,1,1,0,0,0,0,0,0,0,0,0,0
210149,1,1,14,14,14,14,14,14,14,14,14,14
210150,1,1,0,0,0,0,0,0,0,0,0,0
210150,2,1,0,0,0,0,0,0,0,4,0,0
210151,1,1,19,19,19,19,19,19,19,19,19,19
210152,1,1,0,0,0,0,0,0,0,0,0,8
210152,2,1,0,0,0,0,0,0,0,0,0,0
210153,1,1,0,0,0,0,0,0,0,0,0,0
210154,1,1,0,0,0,0,0,0,0,0,0,0
210155,1,1,18,18,18,18,18,18,18,18,18,18
210155,2,1,0,0,0,0,0,0,0,0,0,0
210156,1,1,0,0,0,0,0,0,0,0,0,0
210156,2,1,0,0,0,0,0,0,0,0,0,0
210157,1,1,11,11,11,11,11,11,11,11,11,11
210157,2,1,0,0,0,0,0,0,0,0,0,0
210158,1,1,0,0,0,0,0,0,0,0,0,0
210159,1,1,0,0,0,0,0,0,0,0,0,0
210160,0,1,0,0,0,0,0,0,0,0,0,0
210160,1,1,0,0,0,0,0,0,0,0,0,0
210161,1,1,0,0,0,0,0,0,0,0,0,0
210163,1,1,0,0,0,0,0,0,0,0,0,0
210163,2,1,0,0,0,0,0,0,0,0,0,0
210163,3,1,0,0,8,0,0,0,0,0,0,0
210164,0,1,0,0,0,0,0,0,0,0,0,0
210164,1,1,5,5,5,5,5,5,5,5,5,5
210165,1,1,0,0,0,0,0,0,0,0,0,0
210166,1,1,0,0,0,0,0,0,0,0,0,0
210167,0,1,0,0,0,0,0,0,0,0,0,0
210167,1,1,0,0,0,0,0,0,0,0,0,0
210168,1,1,3,0,0,0,0,0,0,0,0,0
210169,1,1,0,0,0,0,0,0,0,0,0,0
210169,2,1,0,0,0,0,0,0,0,0,0,0
210170,1,1,0,0,0,0,0,0,0,0,0,0
210170,2,1,0,0,16,0,0,0,0,0,0,0
210171,1,1,0,0,0,0,0,0,0,0,0,0
210171,2,1,0,0,0,0,0,0,0,0,0,0
210172,1,1,0,0,0,0,0,0,0,5,0,0
210172,2,1,0,0,0,0,0,0,0,0,0,0
210173,1,1,0,0,0,0,0,0,0,0,0,0
210173,2,1,0,0,0,0,0,0,0,0,0,0
210174,1,1,11,11,11,11,11,11,11,11,11,11
210175,0,1,0,0,0,0,0,0,0,0,0,0
210175,1,1,3,3,3,3,3,3,3,3,3,3
210176,1,1,11,11,11,11,11,11,11,11,11,11
210177,1,1,31,31,31,31,31,31,31,31,31,31
210178,1,1,0,0,0,0,0,11,0,0,0,0
210179,1,1,0,0,0,0,0,0,0,0,0,0
210179,2,1,0,0,0,0,0,0,0,0,0,0
210180,1,1,0,0,0,0,0,0,0,0,0,0
210181,0,1,0,0,0,0,0,0,0,0,0,0
210181,1,1,0,0,0,0,0,0,0,0,0,0
210182,1,1,9,9,9,9,9,9,9,9,9,9
210183,1,1,8,8,8,8,8,8,8,8,8,8
210184,1,1,0,0,0,0,0,0,0,0,0,0
210184,2,1,0,0,0,0,0,0,0,0,0,0
210185,1,1,21,27,20,9,20,17,11,20,16,13
210186,1,1,0,0,0,0,0,0,0,0,0,0
210187,0,1,0,0,0,0,0,0,0,0,0,0
210187,1,1,0,0,0,0,0,0,0,0,0,0
210188,1,1,0,0,0,0,0,0,0,0,0,0
210189,0,1,14,14,14,14,14,14,14,14,14,14
210189,1,1,0,0,0,0,0,0,0,0,0,0
210190,1,1,0,0,0,0,0,0,0,0,0,0
210190,2,1,0,0,0,0,0,0,0,0,0,0
210191,1,1,20,20,20,20,20,20,20,20,20,20
210191,2,1,0,0,0,0,0,0,0,0,0,0
210192,1,1,0,0,0,0,0,0,0,0,0,0
210193,0,1,0,0,0,0,0,0,0,0,0,0
210193,1,1,0,0,0,0,0,0,0,0,0,0
210194,1,1,27,10,21,5,13,11,16,20,15,27
210195,1,1,0,0,0,0,0,0,0,0,0,0
210195,2,1,0,0,0,0,0,0,0,0,0,0
210195,3,1,0,0,0,0,0,0,22,0,0,0
210196,1,1,2,2,2,2,2,2,2,2,2,2
210197,1,1,0,0,0,0,0,0,0,0,0,0
210197,2,1,0,0,0,0,0,0,0,0,0,0
210198,1,1,0,0,0,0,0,0,0,0,0,0
210198,2,1,0,0,0,0,0,0,0,0,0,0
210198,3,1,0,0,0,0,0,0,0,0,0,0
210199,1,1,0,0,0,0,0,0,0,0,0,0
210200,1,1,0,0,0,0,0,0,0,0,0,0
210200,2,1,0,0,0,0,0,0,0,0,9,0
210200,3,1,0,0,0,0,0,0,0,0,0,0
210201,1,1,24,24,24,24,24,24,24,24,24,24
210201,2,1,0,0,0,0,0,0,0,0,0,0
210201,3,1,0,0,0,0,0,0,0,0,0,0
210202,1,1,0,0,0,0,0,0,0,0,0,0
210203,1,1,0,0,0,0,0,0,0,0,0,0
210204,1,1,0,0,0,0,0,0,0,0,0,0
210204,2,1,0,0,0,0,0,0,0,0,0,0
210205,1,1,10,10,10,10,10,10,10,10,10,10
210206,1,1,0,0,0,0,0,0,0,0,0,0
210206,2,1,0,10,0,0,0,0,0,0,0,0
210207,1,1,0,0,0,0,0,0,0,0,0,0
210208,1,1,0,0,0,0,0,0,0,0,0,0
210208,2,1,0,0,0,0,0,0,0,0,0,0
210209,1,1,21,21,21,21,21,21,21,21,21,21
210210,1,1,0,0,0,0,0,0,0,0,0,0
210210,2,1,0,0,0,0,0,0,0,0,0,0
210210,3,1,0,0,0,0,0,0,0,0,0,0
210211,1,1,0,0,0,0,0,0,0,0,0,0
210212,0,1,0,0,0,0,0,0,0,0,0,0
210212,1,1,0,0,0,0,0,0,0,0,0,0
210213,1,1,0,0,0,0,0,0,0,0,0,0
210213,2,1,0,0,0,0,0,0,0,0,0,0
210214,1,1,0,0,0,0,0,0,0,0,0,0
210215,1,1,0,0,0,0,0,0,0,0,0,0
210216,1,1,0,0,0,0,0,0,0,0,0,0
210217,1,1,11,11,11,11,11,11,11,11,11,11
210217,2,1,0,0,0,0,0,0,0,0,0,0
210218,0,1,0,0,0,0,0,0,0,0,0,0
210218,1,1,0,0,0,0,5,23,0,13,0,0
210219,1,1,6,6,6,6,6,6,6,6,6,6
210220,1,1,0,0,0,0,0,0,0,0,0,0
210220,2,1,0,0,0,0,0,0,0,0,0,0
210221,1,1,0,0,0,0,0,0,0,0,0,0
210222,1,1,0,0,0,0,0,0,0,0,0,0
210223,1,1,0,0,0,0,0,0,0,0,0,0
210223,2,1,0,0,0,0,0,0,0,0,0,0
210224,1,1,31,31,31,31,31,31,31,31,31,31
210224,2,1,0,0,0,0,0,0,0,0,0,0
210225,1,1,32,32,32,32,32,32,32,32,32,32
210226,1,1,0,0,0,0,0,0,0,0,0,0
210226,2,1,6,6,6,6,6,6,6,6,6,6
210227,1,1,0,0,0,0,0,0,0,0,0,0
210227,2,1,0,0,0,0,0,0,0,0,0,0
210228,1,1,0,0,0,0,0,0,0,0,0,0
210228,2,1,0,0,0,0,0,0,0,0,0,0
210229,1,1,17,17,17,17,17,17,17,17,17,17
210230,1,1,0,0,0,0,0,0,0,0,0,0
210231,1,1,0,0,0,0,0,0,0,0,0,0
210232,1,1,0,0,0,0,0,0,0,0,0,0
210232,2,1,21,21,21,21,21,21,21,21,21,21
210233,1,1,0,0,0,11,0,0,0,0,0,0
210234,1,1,0,0,0,0,0,0,0,0,0,0
210234,2,1,0,0,0,0,0,0,0,0,0,0
210235,1,1,6,6,6,6,6,6,6,6,6,6
210235,2,1,0,0,0,0,0,0,0,0,0,0
210235,3,1,0,0,0,0,0,0,0,0,12,0
210236,1,1,0,0,0,0,0,0,0,0,0,0
210237,1,1,0,0,0,0,0,0,0,0,0,0
210238,1,1,20,20,20,20,20,20,20,20,20,20
210239,1,1,0,0,0,0,0,0,0,0,0,0
210239,2,1,0,0,0,0,0,0,0,0,0,0
210240,1,1,9,9,9,9,9,9,9,9,9,9
210241,1,1,9,16,24,16,24,17,8,12,18,4
210242,1,1,19,19,19,19,19,19,19,19,19,19
210243,1,1,0,0,0,0,0,0,0,0,0,0
210244,1,1,0,0,0,0,0,0,0,0,0,0
210244,2,1,0,0,0,0,0,0,0,0,0,0
210245,1,1,0,0,0,0,0,0,0,0,0,0
210246,1,1,0,0,0,0,0,0,0,0,0,0
210246,2,1,0,0,0,0,0,0,0,0,0,0
210247,1,1,2,2,2,2,2,2,2,2,2,2
210247,2,1,0,0,0,0,0,0,0,0,0,0
210248,1,1,0,0,0,0,0,0,0,0,0,0
210249,0,1,22,22,22,22,22,22,22,22,22,22
210249,1,1,0,0,0,0,0,0,0,0,0,0
210250,1,1,14,14,14,14,14,14,14,14,14,14
210250,2,1,0,0,0,0,0,0,0,0,0,0
210251,1,1,24,24,24,24,24,24,24,24,24,24
210252,1,1,0,0,0,0,0,0,0,0,0,0
210253,1,1,0,0,0,0,0,0,0,0,0,0
210253,2,1,0,0,0,0,0,0,0,0,0,0
210254,0,1,0,0,0,0,0,0,0,0,0,0
210254,1,1,0,0,0,0,0,0,25,0,0,0
210255,1,1,0,0,0,0,0,0,0,0,0,0
210256,1,1,0,0,0,0,0,0,0,0,0,0
210256,2,1,0,0,0,0,0,0,0,0,0,0
210256,3,1,0,0,0,0,0,0,0,0,0,0
210257,1,1,0,0,0,0,0,0,0,0,0,0
210257,2,1,0,0,0,0,0,0,0,0,0,0
210258,1,1,16,16,16,16,16,16,16,16,16,16
210258,2,1,0,0,0,0,0,0,16,0,0,0
210259,1,1,0,0,0,0,0,0,0,0,0,0
210260,1,1,13,13,13,13,13,13,13,13,13,13
210261,1,1,3,3,3,3,3,3,3,3,3,3
210261,2,1,0,0,0,0,0,0,0,0,0,0
210261,3,1,0,0,0,0,0,0,0,0,0,0
210262,1,1,0,0,0,0,0,0,0,0,0,0
210263,1,1,0,0,0,0,0,0,0,0,0,0
210263,2,1,0,0,0,0,0,0,0,0,0,0
210264,0,1,0,0,0,0,0,0,0,0,0,0
210264,1,1,0,0,0,0,0,0,0,0,0,0
210265,1,1,0,0,0,0,0,0,0,0,0,0
210266,1,1,16,16,16,16,16,16,16,16,16,16
210266,2,1,0,0,0,0,0,0,0,0,0,0
210267,1,1,0,0,0,0,0,0,0,0,0,0
210268,1,1,4,4,4,4,4,4,4,4,4,4
210269,1,1,4,4,4,4,4,4,4,4,4,4
210269,2,1,9,9,9,9,9,9,9,9,9,9
210269,3,1,0,0,0,0,0,0,0,0,0,0
210270,1,1,0,0,0,0,0,0,0,0,0,0
210271,1,1,0,0,0,0,0,0,0,0,0,0
210271,2,1,0,0,0,0,0,0,0,0,0,0
210272,1,1,0,0,0,0,0,0,0,0,0,0
210272,2,1,0,0,0,0,0,0,0,0,0,0
210273,1,1,0,0,0,0,0,0,0,0,0,0
210273,2,1,0,0,0,0,0,0,0,0,0,0
210274,1,1,0,0,0,0,0,12,4,5,0,0
210274,2,1,0,0,0,0,0,0,0,0,0,0
210275,1,1,0,0,0,0,0,0,0,0,0,0
210276,1,1,0,0,0,0,0,0,0,0,0,0
210277,1,1,0,0,0,0,0,0,0,0,0,0
210278,1,1,0,0,0,0,0,0,0,0,0,0
210279,1,1,0,0,0,0,0,0,0,0,0,0
210280,1,1,0,0,0,0,0,0,0,0,0,0
210280,2,1,0,0,0,0,0,0,0,0,0,0
210281,1,1,11,11,11,11,11,11,11,11,11,11
210282,1,1,0,0,0,0,0,0,0,0,0,0
210282,2,1,0,0,0,0,0,0,0,0,0,0
210283,1,1,18,21,30,26,28,26,20,9,19,41
210284,1,1,0,0,0,0,0,0,0,0,0,0
210285,1,1,17,17,17,17,17,17,17,17,17,17
210286,1,1,0,0,0,0,0,0,0,0,0,0
210287,1,1,0,0,0,0,0,0,0,0,0,0
210287,2,1,0,0,0,0,0,0,0,0,0,0
210288,1,1,0,0,0,0,0,0,0,0,0,0
210288,2,1,0,0,0,0,0,0,0,0,0,0
210289,1,1,0,0,0,0,0,0,0,0,0,0
210289,2,1,0,0,0,0,0,0,0,0,0,0
210290,1,1,0,0,0,0,0,0,0,0,0,0
210290,2,1,0,0,0,0,0,0,0,0,0,0
210291,1,1,0,0,0,0,0,0,0,0,0,0
210292,1,1,0,0,0,0,0,0,0,0,0,0
210292,2,1,0,0,0,0,0,0,0,0,0,0
210293,1,1,0,0,0,0,0,0,0,0,0,0
210294,1,1,0,0,0,0,0,0,0,0,0,0
210295,1,1,13,28,0,8,6,13,14,6,20,9
210295,2,1,0,0,0,0,0,0,0,0,0,0
210296,1,1,0,0,0,0,0,0,0,0,21,0
210296,2,1,0,0,0,0,0,0,0,0,0,0
210297,1,1,16,16,16,16,16,16,16,16,16,16
210298,1,1,5,5,5,5,5,5,5,5,5,5
210299,1,1,0,0,0,0,0,0,0,0,0,0
210299,2,1,0,0,0,0,0,0,0,0,0,0
210300,0,1,0,0,0,0,0,0,0,0,0,0
210300,1,1,12,12,12,12,12,12,12,12,12,12
210301,1,1,0,0,0,0,0,0,0,0,0,0
210302,1,1,16,16,16,16,16,16,16,16,16,16
210303,1,1,0,0,0,0,0,0,0,0,0,0
210303,2,1,0,0,0,0,0,0,0,0,0,0
210304,1,1,0,0,0,0,0,0,0,0,0,0
210304,2,1,0,0,0,0,0,0,0,0,0,0
210305,1,1,8,17,25,8,17,22,11,0,24,17
210306,1,1,0,0,0,0,0,0,0,0,0,0
210306,2,1,0,0,0,0,0,0,0,0,0,0
210307,1,1,9,17,11,17,13,17,0,9,19,13
210307,2,1,0,0,0,0,0,0,0,0,0,0
210308,1,1,0,0,0,0,0,0,0,0,0,0
210308,2,1,0,0,0,0,0,0,0,0,0,0
210309,1,1,0,0,0,7,0,0,0,0,0,0
210310,1,1,0,0,0,0,0,0,0,0,0,0
210311,1,1,0,0,0,0,0,0,0,0,0,0
210312,1,1,0,0,0,0,0,0,0,0,0,0
210313,1,1,3,3,3,3,3,3,3,3,3,3
210314,1,1,17,17,17,17,17,17,17,17,17,17
210314,2,1,0,0,0,0,0,0,0,0,0,0
210315,1,1,0,0,0,0,0,0,0,0,0,0
210316,1,1,3,3,3,3,3,3,3,3,3,3
210317,1,1,0,0,0,0,0,0,0,0,0,0
210318,1,1,0,0,0,0,0,0,0,0,0,0
210319,1,1,0,0,0,0,0,0,0,0,0,0
210320,1,1,0,0,0,0,0,0,0,0,0,0
210321,1,1,0,0,0,0,0,0,0,0,0,0
210321,2,1,0,0,0,0,0,0,0,0,0,0
210321,3,1,0,0,0,0,0,0,0,0,0,20
210321,4,1,0,0,0,0,0,0,0,0,0,0
210321,5,1,0,0,0,0,0,0,0,0,0,0
210321,6,1,0,0,0,0,0,0,0,0,0,0
210321,7,1,0,0,0,0,0,0,0,0,0,0
210322,1,1,0,0,0,0,0,0,0,0,0,0
210322,2,1,0,0,0,0,0,0,0,0,0,0
210323,1,1,2,2,2,2,2,2,2,2,2,2
210323,2,1,0,0,0,0,0,0,0,0,0,0
210324,1,1,0,0,0,0,0,0,0,0,0,0
210324,2,1,0,0,0,0,0,0,0,0,0,0
210325,1,1,0,0,0,0,0,0,0,0,0,0
210325,2,1,0,0,0,0,0,0,0,0,0,0
210326,0,1,3,3,3,3,3,3,3,3,3,3
210326,1,1,0,0,0,0,0,0,0,0,0,0
210327,1,1,0,0,0,0,0,0,0,0,0,0
210328,1,1,8,8,8,8,8,8,8,8,8,8
210329,0,1,0,21,0,0,16,0,11,20,0,0
210329,1,1,0,0,0,0,0,0,0,0,0,0
210329,2,1,0,0,0,0,0,0,0,0,0,0
210330,1,1,0,0,0,0,0,0,0,0,0,0
210330,2,1,0,0,0,0,0,0,0,0,0,0
210331,1,1,0,0,0,0,0,0,0,0,0,0
210331,2,1,0,0,0,0,0,0,0,0,0,0
210332,1,1,0,0,0,0,0,0,0,0,0,0
210333,1,1,0,0,0,0,0,0,0,0,0,0
210333,2,1,0,0,0,0,0,0,0,0,0,0
210334,0,1,21,21,21,21,21,21,21,21,21,21
210334,1,1,0,0,0,0,0,0,0,0,0,0
210335,1,1,0,0,0,0,0,0,0,0,0,0
210336,1,1,0,0,0,0,0,0,0,0,0,0
210336,2,1,0,0,0,0,0,0,0,0,0,0
210336,3,1,0,0,0,0,0,0,0,0,0,11
210336,4,1,0,0,0,0,0,0,0,0,0,0
210337,0,1,0,0,0,0,0,0,0,0,0,0
210337,1,1,0,0,0,0,0,0,0,0,0,0
210338,1,1,0,0,0,0,0,0,0,0,0,0
210338,2,1,0,0,0,0,0,0,0,0,0,0
210339,1,1,11,0,8,0,14,12,19,0,6,11
210340,1,1,0,0,0,0,0,0,0,0,0,0
210340,2,1,0,14,0,29,0,0,0,0,0,0
210341,1,1,0,0,0,0,0,0,0,0,0,0
210342,1,1,0,0,0,0,0,0,0,0,9,0
210342,2,1,0,0,0,0,0,0,0,0,0,0
210342,3,1,0,0,0,0,0,0,0,0,0,0
210342,4,1,0,0,0,0,0,0,0,0,0,0
210343,1,1,0,0,0,0,0,0,0,0,0,0
210344,1,1,16,16,16,16,16,16,16,16,16,16
210345,1,1,0,0,0,0,0,0,0,0,0,0
210345,2,1,0,0,0,0,0,0,0,0,0,0
210346,1,1,0,0,0,22,0,13,0,0,0,10
210347,1,1,0,0,0,0,0,0,0,0,0,0
210348,1,1,0,0,0,0,0,0,0,0,0,0
210348,2,1,0,0,0,0,0,0,0,0,0,0
210349,1,1,0,0,0,0,0,14,0,0,10,0
210350,1,1,0,0,0,0,0,15,0,0,0,0
210350,2,1,0,0,0,0,0,0,0,0,0,0
210351,0,1,0,0,0,0,0,0,0,0,0,0
210351,0,2,0,0,0,0,0,0,0,0,0,0
210351,1,1,0,0,0,0,0,0,0,0,0,0
210352,1,1,0,0,0,0,0,0,0,0,0,0
210353,1,1,0,33,0,0,0,0,0,0,0,0
210353,2,1,0,0,0,0,0,0,0,0,0,0
210354,1,1,0,0,0,0,0,0,0,0,13,0
210355,1,1,0,0,0,0,0,0,0,0,0,0
210355,2,1,0,0,0,0,0,0,0,16,0,0
210356,1,1,0,0,0,0,0,0,0,0,0,0
210356,2,1,0,0,0,0,0,0,0,0,0,0
210356,3,1,0,0,0,0,0,0,0,0,0,0
210357,1,1,0,0,0,0,0,0,0,0,0,0
210357,2,1,0,0,0,0,0,0,0,0,0,0
210358,1,1,0,0,0,0,0,0,0,0,0,0
210359,1,1,0,0,0,0,0,0,0,0,0,0
210360,1,1,0,0,0,0,0,0,0,0,0,0
210360,2,1,0,0,0,0,0,0,0,0,0,0
210361,0,1,0,0,0,0,0,0,0,0,0,0
210361,1,1,0,0,0,0,0,0,0,0,0,0
210362,1,1,0,0,0,0,0,0,0,0,0,0
210362,2,1,0,0,0,0,0,0,0,0,0,0
210363,1,1,16,16,16,16,16,16,16,16,16,16
210364,1,1,0,0,0,0,0,0,0,0,0,0
210365,1,1,0,0,0,0,0,0,0,0,0,0
210365,2,1,0,0,0,0,0,0,0,0,0,0
210366,1,1,0,0,0,0,0,0,0,0,0,0
210366,2,1,0,31,0,0,0,0,19,22,0,12
210367,1,1,0,0,0,0,0,0,0,0,0,0
210367,2,1,0,0,0,0,0,0,0,0,0,0
210367,3,1,0,0,0,0,0,0,0,0,0,0
210368,1,1,0,0,0,0,0,0,0,0,0,0
210369,1,1,0,0,0,0,0,0,0,0,0,0
210370,1,1,23,23,23,23,23,23,23,23,23,23
210370,2,1,0,0,0,0,0,0,0,0,0,0
210371,1,1,0,0,0,0,0,0,0,0,0,0
210371,2,1,0,0,0,0,0,0,0,0,0,0
210372,1,1,21,21,21,21,21,21,21,21,21,21
210373,1,1,0,0,0,0,0,0,0,0,0,0
210374,1,1,0,0,0,0,0,0,0,0,0,0
210375,1,1,0,0,0,0,0,0,0,0,0,0
210375,2,1,0,0,0,0,0,0,0,0,0,0
210376,1,1,3,3,3,3,3,3,3,3,3,3
210377,1,1,0,0,0,0,0,0,0,0,0,0
210377,2,1,0,0,0,0,0,18,0,0,0,0
210378,1,1,0,0,0,0,0,0,0,0,0,0
210379,1,1,0,0,0,0,0,0,0,0,0,0
210379,2,1,0,0,0,0,0,0,0,0,0,0
210380,1,1,17,17,17,17,17,17,17,17,17,17
210381,1,1,0,0,0,0,0,0,0,0,0,0
210381,2,1,0,0,0,0,0,0,0,0,0,0
210382,1,1,0,0,0,0,0,0,0,0,0,0
210382,2,1,0,0,0,0,0,0,0,0,0,0
210383,1,1,0,0,0,0,0,0,0,0,0,0
210384,1,1,0,0,0,0,0,0,0,0,0,0
210385,1,1,0,0,0,0,0,0,0,0,0,0
210385,2,1,0,0,0,0,0,0,0,0,0,0
210386,1,1,4,4,4,4,4,4,4,4,4,4
210386,2,1,0,0,0,0,0,0,0,0,0,0
210387,1,1,0,0,0,0,0,0,0,0,0,0
210388,1,1,17,17,17,17,17,17,17,17,17,17
210389,1,1,0,0,0,0,0,0,0,0,0,0
210390,1,1,0,0,0,0,0,0,0,0,0,0
210390,2,1,0,0,0,0,0,0,0,0,0,0
210391,0,1,22,22,22,22,22,22,22,22,22,22
210391,1,1,12,12,12,12,12,12,12,12,12,12
210392,1,1,4,4,4,4,4,4,4,4,4,4
210393,1,1,0,0,0,0,0,0,0,0,0,0
210394,1,1,25,25,25,25,25,25,25,25,25,25
210395,1,1,0,0,0,0,0,0,0,0,0,0
210396,1,1,0,0,0,0,0,0,0,0,0,0
210397,1,1,0,0,0,0,0,0,0,0,0,0
210397,2,1,0,0,0,0,0,0,0,0,0,0
210397,3,1,0,0,0,0,0,0,0,0,0,0
210398,1,1,0,0,0,0,0,0,0,0,0,0
210398,2,1,0,0,0,0,0,0,0,0,0,0
210398,3,1,0,0,0,0,0,0,0,0,0,0
210399,1,1,0,0,0,0,0,0,0,0,0,0
210399,2,1,0,0,0,0,0,0,0,0,0,0
210400,1,1,0,0,0,0,0,0,0,0,0,0
210401,1,1,0,0,0,0,0,0,0,0,0,0
210402,1,1,0,0,0,0,0,0,0,0,0,0
210403,1,1,0,0,0,0,0,0,0,0,0,0
210404,1,1,25,25,25,25,25,25,25,25,25,25
210405,0,1,0,0,0,0,0,0,0,0,0,0
210405,1,1,0,0,0,0,0,0,0,0,0,0
210406,1,1,0,0,0,0,0,0,0,0,0,0
210407,1,1,19,19,19,19,19,19,19,19,19,19
210408,1,1,2,2,2,2,2,2,2,2,2,2
210409,1,1,0,0,0,0,0,0,0,0,0,0
210410,1,1,0,0,0,0,0,0,0,0,0,0
210411,1,1,21,21,21,21,21,21,21,21,21,21
210412,1,1,14,14,14,14,14,14,14,14,14,14
210413,1,1,22,22,22,22,22,22,22,22,22,22
210414,1,1,0,0,0,0,0,0,0,0,0,0
210414,2,1,0,0,0,0,0,0,0,0,0,0
210415,0,1,0,0,0,0,0,0,0,0,0,0
210415,1,1,0,0,0,0,0,0,0,0,0,0
210416,1,1,0,0,0,0,0,0,0,0,0,0
210417,1,1,0,0,0,0,0,0,0,0,0,0
210417,2,1,0,2,0,0,0,0,0,0,0,0
210418,1,1,20,0,0,17,0,15,0,0,0,0
210419,1,1,0,0,0,0,0,0,0,0,0,0
210419,2,1,0,0,0,0,0,0,0,0,0,0
210420,1,1,0,0,0,0,0,0,0,0,0,0
210421,1,1,29,0,0,0,0,0,0,0,0,0
210421,2,1,0,0,0,0,0,0,0,0,0,0
210421,3,1,0,15,0,0,0,0,0,0,0,0
210422,1,1,0,0,0,0,0,0,0,0,0,0
210423,1,1,0,0,0,0,0,0,0,0,0,0
210424,1,1,0,0,0,0,0,0,0,0,0,0
210424,2,1,0,0,0,0,0,0,0,0,0,0
210425,0,1,0,0,0,0,0,0,0,0,0,0
210425,2,1,0,0,0,24,20,0,0,0,0,0
210425,3,1,0,0,0,26,0,0,0,0,0,0
210425,4,1,0,0,0,0,0,0,0,28,0,9
210426,0,1,0,0,0,0,0,0,0,0,0,0
210426,1,1,0,0,0,0,0,0,0,0,0,0
210427,0,1,0,0,0,0,0,0,0,0,0,0
210427,1,1,0,0,0,0,0,9,0,0,0,0
210427,2,1,0,0,0,0,0,0,0,0,0,0
210428,0,1,31,31,31,31,31,31,31,31,31,31
210428,1,1,0,0,0,0,0,15,0,0,0,16
210428,2,1,0,0,0,0,0,0,0,0,0,0
210429,1,1,0,0,0,0,0,0,0,0,0,0
210429,2,1,0,0,0,0,0,0,0,0,0,0
210430,1,1,0,0,0,0,0,0,0,0,0,0
210431,0,1,29,29,29,29,29,29,29,29,29,29
210431,1,1,0,0,0,0,0,0,0,0,0,0
210432,1,1,22,22,22,22,22,22,22,22,22,22
210433,1,1,8,8,8,8,8,8,8,8,8,8
210434,1,1,0,0,0,0,0,0,0,0,0,0
210434,2,1,0,0,0,0,0,0,0,0,0,0
210435,1,1,0,0,0,0,0,0,0,0,0,0
210435,2,1,0,0,0,0,0,0,0,0,0,0
210436,1,1,22,22,22,22,22,22,22,22,22,22
210437,0,1,0,0,0,0,0,0,0,0,0,0
210437,1,1,0,0,0,0,0,0,0,0,0,0
210438,1,1,17,27,3,14,11,7,22,30,7,26
210439,1,1,22,22,22,22,22,22,22,22,22,22
210439,2,1,0,0,0,0,0,0,0,0,0,0