ST_CASE,VEH_NO,PER_NO,P1,P2,P3,P4,P5,P6,P7,P8,P9,P10
210440,1,1,0,0,0,0,0,0,0,0,0,0
210441,1,1,0,0,0,0,0,0,0,0,0,0
210441,2,1,0,0,0,0,0,0,0,0,0,0
210442,1,1,0,0,0,0,0,0,0,7,0,0
210443,1,1,20,12,23,10,8,17,18,19,11,6
210444,1,1,0,0,0,0,0,0,0,0,0,0
210445,1,1,0,0,0,0,0,0,0,11,11,0
210446,1,1,0,0,0,0,0,0,0,0,0,0
210447,1,1,0,0,0,0,0,0,0,0,0,0
210448,1,1,0,0,0,0,0,0,0,0,0,0
210448,2,1,0,0,0,0,0,0,0,0,0,0
210449,1,1,0,0,0,0,0,0,0,0,0,0
210449,2,1,0,0,0,0,0,0,0,0,0,0
210450,1,1,0,0,0,0,0,0,0,0,0,0
210450,2,1,0,0,0,0,0,0,0,0,0,0
210451,1,1,0,0,0,0,0,0,0,0,0,0
210451,2,1,0,0,0,0,0,0,0,0,0,0
210452,1,1,0,0,0,0,0,0,0,0,0,0
210453,1,1,0,0,0,0,0,0,0,0,0,0
210454,1,1,0,0,0,0,0,0,0,0,0,0
210454,2,1,0,0,0,0,0,0,0,0,0,0
210455,1,1,26,26,26,26,26,26,26,26,26,26
210456,1,1,0,0,0,0,0,0,0,0,0,0
210457,1,1,8,8,8,8,8,8,8,8,8,8
210458,1,1,0,0,0,0,0,0,0,0,0,0
210459,1,1,0,10,0,17,0,0,12,0,22,0
210460,1,1,0,0,0,0,0,0,0,0,0,0
210461,1,1,0,0,0,0,0,0,0,0,0,0
210462,1,1,0,0,0,0,0,0,0,0,0,0
210463,1,1,0,0,0,0,0,0,0,0,0,0
210463,2,1,0,0,0,0,0,0,0,0,0,0
210464,1,1,0,0,0,0,0,0,0,0,0,0
210464,2,1,0,0,0,0,0,0,0,0,0,0
210465,1,1,18,26,12,29,13,15,9,0,18,8
210465,2,1,0,0,0,0,0,0,0,0,0,0
210466,1,1,2,10,0,0,6,10,14,0,11,6
210467,1,1,0,0,0,0,0,0,0,0,0,0
210468,1,1,24,24,24,24,24,24,24,24,24,24
210469,1,1,0,0,0,0,0,0,0,0,0,0
210469,2,1,0,0,0,0,0,0,0,0,0,0
210470,1,1,0,0,0,0,0,0,0,0,0,15
210470,2,1,0,0,0,0,0,0,0,0,0,0
210470,3,1,0,0,0,0,0,0,0,0,0,0
210470,4,1,0,0,0,0,0,0,0,0,0,0
210471,1,1,0,0,0,0,0,0,0,0,0,0
210471,2,1,0,0,0,0,0,0,0,0,0,0
210471,3,1,0,0,0,0,0,0,15,0,0,0
210472,1,1,0,0,0,0,0,0,0,0,0,0
210472,2,1,0,0,0,0,0,0,0,0,0,0
210473,1,1,9,9,9,9,9,9,9,9,9,9
210473,2,1,0,0,0,0,0,0,0,0,0,0
210474,1,1,0,0,0,0,0,0,0,0,0,0
210475,1,1,0,0,0,0,20,0,0,0,0,0
210475,2,1,0,0,0,0,0,0,0,0,0,0
210476,1,1,0,0,0,0,0,0,0,0,0,0
210476,2,1,2,0,0,0,0,0,0,0,0,0
210477,1,1,1,1,1,1,1,1,1,1,1,1
210478,1,1,0,0,0,7,0,0,0,0,0,0
210479,1,1,0,0,0,0,0,0,0,0,0,0
210480,1,1,0,0,0,0,0,0,0,0,0,0
210481,1,1,18,18,18,18,18,18,18,18,18,18
210482,1,1,0,0,0,0,0,0,0,0,0,0
210483,1,1,0,0,0,0,0,0,0,0,0,0
210483,2,1,0,0,0,0,0,0,0,0,0,0
210484,1,1,0,0,0,0,0,0,0,0,0,0
210484,2,1,0,0,0,0,0,0,0,0,0,0
210485,1,1,0,0,0,0,0,7,10,0,0,0
210486,1,1,0,0,0,0,0,0,0,0,0,0
210486,2,1,26,0,0,0,32,0,0,0,0,0
210487,1,1,0,0,0,0,0,0,12,0,30,0
210487,2,1,0,0,0,0,0,0,0,9,0,0
210488,1,1,0,0,0,0,0,0,0,14,0,0
210489,0,1,0,0,0,0,0,0,0,0,0,0
210489,1,1,0,0,0,0,0,0,0,0,0,0
210490,1,1,21,21,21,21,21,21,21,21,21,21
210491,1,1,28,28,28,28,28,28,28,28,28,28
210491,2,1,0,0,0,0,0,0,0,0,18,0
210492,0,1,0,0,0,0,0,0,0,0,0,0
210492,1,1,0,0,0,0,0,0,0,0,0,0
210493,1,1,0,0,0,0,0,0,0,0,0,0
210493,2,1,0,0,0,0,0,0,0,0,0,0
210494,1,1,0,0,0,0,0,0,0,0,0,0
210494,2,1,0,0,0,0,0,0,0,0,0,0
210495,1,1,0,0,0,0,0,0,0,0,0,0
210496,1,1,0,0,0,0,0,0,0,0,0,0
210497,1,1,0,0,0,0,0,0,0,0,0,0
210497,2,1,0,0,0,0,0,0,0,0,0,0
210498,1,1,0,6,0,0,0,0,0,0,0,0
210499,1,1,0,0,0,0,0,0,0,0,0,11
210500,1,1,0,0,0,0,0,0,4,0,0,0
210501,0,1,0,0,0,0,0,0,0,0,0,0
210501,1,1,0,0,0,0,0,0,0,0,0,0
210502,1,1,0,0,0,0,0,0,0,0,0,0
210502,2,1,0,0,0,0,0,0,0,0,0,0
210503,1,1,0,0,0,0,0,0,0,0,0,0
210504,1,1,0,0,0,0,0,0,0,0,0,0
210505,1,1,0,0,0,0,0,0,0,0,0,0
210506,1,1,0,0,0,0,0,0,0,0,0,0
210507,1,1,32,32,32,32,32,32,32,32,32,32
210507,2,1,0,0,0,0,0,0,0,0,0,0
210508,1,1,0,0,0,0,0,0,0,0,0,0
210508,2,1,0,0,0,0,0,0,0,0,0,0
210509,0,1,0,0,0,0,0,0,0,0,0,0
210509,1,1,0,0,0,0,0,0,0,0,0,0
210510,1,1,9,5,10,0,9,0,0,0,9,5
210511,1,1,0,0,0,0,0,0,0,0,0,0
210512,1,1,0,0,0,0,0,0,0,0,0,0
210512,2,1,0,0,0,0,0,0,0,0,0,0
210512,3,1,0,0,0,0,0,0,0,0,0,0
210513,1,1,0,0,0,0,0,0,0,0,0,0
210514,1,1,0,0,6,14,0,0,0,0,0,0
210515,1,1,13,6,13,5,32,20,20,8,28,15
210516,1,1,0,0,0,0,0,0,0,0,0,0
210517,1,1,14,14,14,14,14,14,14,14,14,14
210518,1,1,0,0,0,0,0,0,0,0,0,0
210518,2,1,0,0,0,0,0,0,0,0,0,0
210519,1,1,16,16,16,16,16,16,16,16,16,16
210520,1,1,0,0,0,0,0,0,0,0,0,0
210520,2,1,0,0,0,0,0,0,0,0,0,0
210521,1,1,18,18,18,18,18,18,18,18,18,18
210522,1,1,0,0,0,0,0,0,0,0,0,0
210522,2,1,12,12,12,12,12,12,12,12,12,12
210523,1,1,0,0,0,0,0,0,0,0,0,0
210523,2,1,0,0,0,0,0,0,0,0,0,0
210524,1,1,0,0,0,0,0,0,0,0,0,0
210524,2,1,0,0,0,0,0,0,0,0,0,0
210525,1,1,0,0,0,0,0,0,0,0,0,0
210525,2,1,0,0,0,0,0,0,0,0,0,0
210526,1,1,0,0,0,0,0,0,0,0,0,0
210527,1,1,0,0,0,0,0,0,0,0,0,0
210527,2,1,0,0,0,0,12,0,0,0,0,0
210528,1,1,0,21,16,13,8,16,6,17,16,14
210529,1,1,0,0,0,0,0,0,0,0,0,9
210530,1,1,0,0,0,0,0,0,0,0,0,0
210530,2,1,0,0,0,0,0,0,0,0,0,0
210531,1,1,13,13,13,13,13,13,13,13,13,13
210532,0,1,0,0,0,0,0,0,0,0,0,0
210532,1,1,0,0,0,0,0,0,0,0,0,0
210533,1,1,3,3,3,3,3,3,3,3,3,3
210533,2,1,0,0,0,0,0,0,0,0,0,0
210534,1,1,0,0,0,0,0,0,0,0,0,0
210534,2,1,0,0,0,7,0,0,0,0,0,0
210535,1,1,0,0,0,0,0,0,0,0,0,0
210535,2,1,0,0,0,0,0,0,0,0,0,0
210535,3,1,0,0,0,0,0,0,0,0,0,0
210536,1,1,0,0,0,0,0,0,0,0,0,0
210537,1,1,12,12,12,12,12,12,12,12,12,12
210537,2,1,0,0,0,0,0,0,0,0,0,0
210538,1,1,0,0,0,0,0,0,0,0,0,0
210539,1,1,0,0,0,0,0,0,0,0,0,0
210539,2,1,0,0,0,0,0,8,0,0,0,0
210540,0,1,0,0,0,0,0,0,0,0,0,0
210540,1,1,0,0,0,0,0,0,0,0,0,0
210541,0,1,0,0,0,0,0,0,0,0,0,0
210541,1,1,0,0,0,0,0,0,0,0,0,0
210542,0,1,0,0,0,0,0,0,0,0,0,0
210542,1,1,0,0,0,0,0,0,0,0,0,0
210543,1,1,0,0,0,0,0,0,0,0,0,0
210543,2,1,0,0,0,0,0,0,0,0,0,0
210544,1,1,20,20,20,20,20,20,20,20,20,20
210544,2,1,0,0,4,0,0,0,0,0,0,5
210545,1,1,0,0,0,0,0,0,0,0,0,0
210545,2,1,0,0,0,0,0,0,0,0,0,0
210546,1,1,0,0,0,0,10,0,0,0,0,0
210547,1,1,0,0,0,0,0,0,0,0,0,0
210547,2,1,0,0,0,0,0,0,0,0,0,0
210548,1,1,0,0,0,0,0,0,0,0,0,0
210549,1,1,0,0,0,0,0,0,0,0,0,0
210549,2,1,0,0,0,0,0,0,0,0,0,0
210550,1,1,0,0,0,0,0,0,0,0,0,0
210550,2,1,0,0,0,0,0,0,0,0,0,0
210551,1,1,0,0,0,0,0,0,0,0,0,0
210551,2,1,0,0,0,0,0,0,0,0,0,0
210551,3,1,0,0,0,0,0,0,0,0,0,0
210552,1,1,0,0,0,0,0,0,0,0,0,0
210552,2,1,0,0,0,0,0,0,0,0,0,0
210553,1,1,0,0,0,0,0,0,0,0,0,0
210554,1,1,0,0,0,0,0,0,0,0,0,0
210554,2,1,0,0,0,0,0,0,0,0,0,0
210554,3,1,0,0,0,0,0,0,0,0,0,0
210555,1,1,0,0,0,0,0,0,0,0,0,0
210555,2,1,0,0,0,0,0,0,0,0,0,0
210556,1,1,0,0,0,0,0,0,0,0,0,0
210557,1,1,13,13,13,13,13,13,13,13,13,13
210558,1,1,7,7,7,7,7,7,7,7,7,7
210559,1,1,4,4,4,4,4,4,4,4,4,4
210560,1,1,0,0,0,0,0,0,0,0,0,0
210561,1,1,12,12,12,12,12,12,12,12,12,12
210562,1,1,0,0,0,18,0,0,0,0,0,0
210563,0,1,0,0,0,0,0,0,0,0,0,0
210563,1,1,0,0,0,0,0,0,0,0,0,0
210564,0,1,0,0,0,0,0,0,0,0,0,0
210564,1,1,0,0,0,0,0,9,0,0,0,14
210565,1,1,21,21,21,21,21,21,21,21,21,21
210566,1,1,0,32,0,0,0,21,0,33,0,0
210567,1,1,0,0,0,0,0,0,0,0,0,0
210567,2,1,0,0,0,0,0,0,0,0,0,0
210568,1,1,21,21,21,21,21,21,21,21,21,21
210569,1,1,24,24,24,24,24,24,24,24,24,24
210570,1,1,0,0,0,0,0,0,0,0,0,0
210570,2,1,0,0,0,0,0,0,0,0,0,0
210571,1,1,0,0,0,0,0,0,0,0,0,0
210571,2,1,0,0,0,0,0,0,0,0,0,0
210571,3,1,0,0,0,0,0,0,0,0,0,14
210571,4,1,0,0,0,0,0,0,0,0,0,0
210572,1,1,6,6,6,6,6,6,6,6,6,6
210573,1,1,0,0,0,0,0,0,0,0,0,0
210573,2,1,0,0,0,0,0,0,0,0,0,0
210574,1,1,28,28,28,28,28,28,28,28,28,28
210575,1,1,0,0,0,0,0,0,0,0,0,0
210576,1,1,0,0,0,0,0,0,0,0,0,0
210576,2,1,0,0,0,0,0,0,0,0,0,0
210578,1,1,0,0,0,0,0,0,0,0,0,22
210578,2,1,0,0,0,0,0,0,0,0,0,0
210579,1,1,18,18,18,18,18,18,18,18,18,18
210580,1,1,22,22,22,22,22,22,22,22,22,22
210581,1,1,0,0,0,0,0,0,0,0,0,0
210582,1,1,17,17,17,17,17,17,17,17,17,17
210583,1,1,0,0,0,0,0,0,0,0,0,0
210583,2,1,0,0,0,21,0,0,0,0,0,0
210584,1,1,0,0,0,0,0,0,0,0,0,0
210584,2,1,0,0,0,0,0,0,0,0,0,0
210585,1,1,0,0,0,0,0,0,0,0,0,0
210586,1,1,0,0,0,0,0,0,0,0,0,0
210586,2,1,0,0,0,0,0,0,0,0,0,0
210587,1,1,13,13,13,13,13,13,13,13,13,13
210588,1,1,0,0,0,0,0,0,0,0,0,0
210588,2,1,0,0,0,0,0,0,0,0,0,0
210589,1,1,0,20,0,0,0,0,0,0,0,0
210590,1,1,0,0,0,0,0,0,0,0,0,0
210590,2,1,0,0,0,0,0,0,0,0,0,0
210591,1,1,0,0,0,0,0,0,0,0,0,0
210592,1,1,8,8,8,8,8,8,8,8,8,8
210593,1,1,0,0,0,0,0,0,0,0,0,0
210593,2,1,0,0,0,0,0,0,0,0,0,0
210594,1,1,6,0,0,0,0,0,17,0,0,0
210595,1,1,0,0,0,0,0,0,0,0,0,0
210595,2,1,0,0,0,0,0,0,0,0,0,0
210595,3,1,0,0,0,0,0,0,0,0,0,0
210596,1,1,0,0,0,0,0,0,0,0,0,0
210597,1,1,0,0,0,0,0,0,0,0,0,0
210597,2,1,0,0,0,0,0,0,0,0,0,0
210598,1,1,0,0,0,0,0,0,0,0,0,0
210598,2,1,0,0,0,0,0,0,0,0,0,0
210599,1,1,0,0,0,0,0,0,0,0,0,0
210600,1,1,19,19,19,19,19,19,19,19,19,19
210601,1,1,0,0,0,0,0,0,0,0,0,0
210602,1,1,0,0,0,0,0,0,0,0,0,0
210603,1,1,0,0,0,0,0,0,0,0,0,0
210604,0,1,10,10,10,10,10,10,10,10,10,10
210604,1,1,0,0,0,0,0,0,0,0,0,0
210605,0,1,19,23,20,16,42,26,0,13,38,18
210605,1,1,0,0,0,0,0,0,0,0,0,0
210606,1,1,0,0,0,0,0,0,0,0,0,0
210606,2,1,0,0,0,0,0,0,0,0,0,0
210607,1,1,0,0,0,0,0,0,0,0,0,0
210607,2,1,0,0,0,0,0,0,0,0,0,0
210608,1,1,0,0,0,0,0,0,0,0,0,0
210609,1,1,22,22,22,22,22,22,22,22,22,22
210609,2,1,0,0,0,0,0,0,0,0,0,0
210610,1,1,0,0,0,0,0,0,0,0,0,0
210610,2,1,0,0,0,0,0,0,0,0,0,0
210611,0,1,24,24,24,24,24,24,24,24,24,24
210611,1,1,0,0,0,0,0,0,0,0,0,0
210612,1,1,0,0,0,0,0,0,0,0,0,0
210612,2,1,0,0,0,0,0,0,0,0,0,0
210613,1,1,23,23,23,23,23,23,23,23,23,23
210613,2,1,0,0,0,0,0,0,0,0,0,0
210614,1,1,0,0,0,0,0,0,0,0,0,0
210614,2,1,0,0,0,0,0,0,0,0,0,0
210615,0,1,0,0,0,0,0,0,0,0,0,0
210615,0,2,0,0,0,0,0,0,0,0,0,0
210615,1,1,0,5,0,0,33,0,0,15,0,0
210616,1,1,0,0,0,0,0,0,0,0,0,0
210616,2,1,0,0,0,0,0,0,0,0,0,0
210617,1,1,23,23,23,23,23,23,23,23,23,23
210618,1,1,0,0,0,0,0,19,0,0,0,0
210618,2,1,0,0,0,0,0,0,0,0,0,0
210619,1,1,0,0,0,0,0,0,0,0,0,0
210619,2,1,0,0,0,0,0,0,0,0,0,0
210620,1,1,24,24,24,24,24,24,24,24,24,24
210620,2,1,0,12,0,0,19,0,0,0,0,0
210620,3,1,0,0,0,0,0,0,0,0,0,0
210621,1,1,0,0,0,0,0,0,0,0,0,0
210622,1,1,0,0,0,0,0,0,0,0,0,0
210623,1,1,15,15,15,15,15,15,15,15,15,15
210624,1,1,30,30,30,30,30,30,30,30,30,30
210624,2,1,0,0,0,0,0,0,0,7,0,0
210625,1,1,13,13,13,13,13,13,13,13,13,13
210625,2,1,0,0,0,0,0,0,0,0,0,0
210626,1,1,0,0,0,0,0,0,0,0,0,0
210627,1,1,0,0,0,0,0,0,0,0,0,0
210628,1,1,24,24,24,24,24,24,24,24,24,24
210629,1,1,8,8,8,8,8,8,8,8,8,8
210630,1,1,0,0,0,0,0,0,0,0,0,0
210631,1,1,0,0,0,0,0,0,0,0,0,0
210631,2,1,0,0,0,0,0,0,0,0,0,0
210632,1,1,27,27,27,27,27,27,27,27,27,27
210633,1,1,0,0,0,0,0,0,0,0,0,0
210633,2,1,0,0,0,0,0,0,0,0,0,0
210634,1,1,0,0,0,0,0,0,0,0,0,0
210634,2,1,0,0,0,0,0,0,0,0,0,0
210634,3,1,0,0,0,0,2,0,0,32,0,0
210635,1,1,0,0,0,0,0,0,0,0,0,0
210635,2,1,0,0,0,0,0,0,0,0,0,0
210636,1,1,0,0,0,0,0,0,0,0,0,0
210637,0,1,0,31,0,0,0,0,0,14,14,18
210637,1,1,0,0,0,0,0,0,0,0,0,0
210638,1,1,0,0,0,0,0,0,0,0,0,0
210639,1,1,0,0,0,0,0,0,0,0,17,0
210639,2,1,0,0,0,0,0,0,0,0,0,0
210640,1,1,0,0,0,0,0,0,0,0,0,0
210641,1,1,23,23,23,23,23,23,23,23,23,23
210642,1,1,0,0,0,31,0,0,0,0,0,0
210642,2,1,0,0,0,0,0,0,0,0,0,0
210643,1,1,0,0,0,0,0,0,0,0,0,0
210643,2,1,0,0,8,0,0,0,0,0,0,0
210644,1,1,0,0,0,0,0,0,0,0,0,0
210644,2,1,0,0,0,0,0,0,0,0,0,0
210645,0,1,0,0,0,0,0,0,0,0,10,0
210646,1,1,0,0,0,0,0,0,0,0,0,0
210647,1,1,0,0,0,0,0,0,0,0,0,0
210647,2,1,0,0,0,0,0,0,0,0,0,0
210648,1,1,4,4,4,4,4,4,4,4,4,4
210649,1,1,0,0,0,0,0,0,0,0,0,0
210649,2,1,0,0,0,0,0,0,0,0,0,0
210650,1,1,20,20,20,20,20,20,20,20,20,20
210651,1,1,0,0,0,0,0,0,0,0,0,0
210651,2,1,0,0,0,0,0,0,0,0,0,0
210652,1,1,0,0,0,0,0,0,0,0,0,0
210653,1,1,17,17,17,17,17,17,17,17,17,17
210654,0,1,0,0,0,0,0,0,0,0,0,0
210654,1,1,0,0,0,0,0,0,0,0,0,0
210655,1,1,0,0,0,0,0,0,0,0,0,0
210655,2,1,0,0,0,0,0,0,0,0,0,0
210656,1,1,8,8,8,8,8,8,8,8,8,8
210657,1,1,17,17,17,17,17,17,17,17,17,17
210658,0,1,0,0,0,0,0,0,0,0,0,0
210658,1,1,0,0,0,0,0,0,0,0,0,0
210658,2,1,0,0,0,0,0,0,0,0,0,0
210659,0,1,0,0,0,0,0,0,0,0,0,0
210659,1,1,0,0,0,0,0,0,0,0,0,0
210660,0,1,0,0,0,0,0,0,0,0,0,0
210660,1,1,0,0,0,0,0,0,0,0,0,0
210661,1,1,0,0,0,0,0,0,0,0,0,0
210662,1,1,0,0,0,0,0,0,0,0,0,0
210662,2,1,0,0,0,0,0,0,0,0,0,0
210663,1,1,0,0,0,0,0,0,0,0,0,0
210663,2,1,0,0,0,0,0,0,0,0,0,0
210664,1,1,0,0,0,0,0,0,0,0,0,0
210664,2,1,0,0,0,0,0,0,0,0,0,0
210665,1,1,0,0,0,0,0,0,0,0,0,0
210666,1,1,0,0,0,0,0,0,0,0,0,0
210667,1,1,0,0,0,0,0,0,0,0,0,22
210667,2,1,0,0,0,0,0,0,0,0,0,0
210667,3,1,0,0,0,0,0,0,0,0,0,0
210668,1,1,27,27,27,27,27,27,27,27,27,27
210668,2,1,0,0,0,0,0,0,0,0,0,0
210669,1,1,0,0,0,0,0,0,0,0,0,0
210670,1,1,0,0,0,0,0,0,0,0,0,0
210670,2,1,0,0,0,0,0,0,0,0,0,0
210670,3,1,0,0,0,0,0,0,0,0,0,0
210671,1,1,0,0,25,0,0,0,0,9,0,0
210672,1,1,0,0,0,0,0,0,0,0,0,0
210673,0,1,23,25,18,19,32,26,24,36,31,23
210673,1,1,0,0,0,0,0,0,0,0,0,0
210674,1,1,0,0,0,0,0,0,0,0,0,0
210675,1,1,0,0,0,0,0,0,0,0,0,0
210675,2,1,0,0,0,0,0,0,0,0,0,0
210676,1,1,0,0,0,0,0,0,0,0,0,0
210676,2,1,0,0,0,0,0,0,0,0,0,0
210677,1,1,0,0,0,0,0,0,0,0,0,0
210677,2,1,0,0,0,0,0,0,0,0,0,0
210678,1,1,0,0,0,0,0,0,0,0,0,0
210679,0,1,0,0,0,0,0,0,0,0,0,0
210679,1,1,0,0,0,0,0,0,0,0,0,0
210680,1,1,13,13,13,13,13,13,13,13,13,13
210681,1,1,0,0,0,0,0,0,0,0,0,0
210682,1,1,17,17,17,17,17,17,17,17,17,17
210683,1,1,16,15,25,9,5,2,23,7,0,0
210684,1,1,0,0,0,0,0,0,0,0,0,0
210684,2,1,0,0,0,0,0,0,0,0,0,0
210685,1,1,6,6,6,6,6,6,6,6,6,6
210685,2,1,0,0,0,0,0,0,0,0,0,0
210686,1,1,9,14,0,0,7,12,0,20,0,14
210687,1,1,0,0,0,0,0,0,0,0,0,0
210688,1,1,11,11,11,11,11,11,11,11,11,11
210688,2,1,0,0,0,0,0,0,0,0,0,0
210688,3,1,0,0,0,0,0,27,0,0,0,0
210689,1,1,0,0,0,0,0,0,0,0,0,0
210689,2,1,0,0,0,0,0,0,0,0,0,0
210690,1,1,13,13,13,13,13,13,13,13,13,13
210691,1,1,9,9,9,9,9,9,9,9,9,9
210692,1,1,0,0,0,0,0,0,0,0,0,0
210693,1,1,0,0,0,0,0,0,0,0,0,0
210693,2,1,0,0,0,0,0,0,0,0,0,0
210694,1,1,0,0,0,0,0,0,0,0,0,0
210695,1,1,0,0,0,0,0,0,0,3,0,0
210695,2,1,0,0,0,0,0,0,0,0,0,0
210696,1,1,0,0,0,0,0,0,0,0,0,0
210696,2,1,0,0,0,0,0,0,0,0,0,0
210697,1,1,0,0,17,0,0,0,0,0,0,0
220001,0,1,23,28,9,28,24,10,12,15,18,21
220001,1,1,8,3,10,15,4,15,21,14,4,19
220002,1,1,0,0,0,0,0,0,0,0,0,0
220002,2,1,0,0,0,0,0,0,0,0,0,0
220003,1,1,0,0,0,18,20,9,26,0,0,0
220004,1,1,0,0,0,0,19,0,24,0,0,12
220005,0,1,0,0,0,0,0,20,0,37,0,0
220005,1,1,0,14,0,0,0,0,0,0,0,0
220006,1,1,0,0,0,0,0,0,0,0,0,0
220006,2,1,1,1,1,1,1,1,1,1,1,1
220007,1,1,0,0,0,0,0,0,0,0,0,0
220007,2,1,0,0,0,0,0,0,0,0,0,0
220008,1,1,0,23,0,0,0,0,0,17,0,10
220009,1,1,8,8,8,8,8,8,8,8,8,8
220010,1,1,0,0,0,0,0,0,0,0,0,0
220011,0,1,0,0,0,0,0,0,0,0,0,0
220011,1,1,0,0,0,0,0,0,0,0,0,0
220012,1,1,0,0,0,0,0,0,0,0,0,0
220013,1,1,21,5,26,0,0,3,33,17,20,0
220014,1,1,28,28,28,28,28,28,28,28,28,28
220014,2,1,26,26,26,26,26,26,26,26,26,26
220015,1,1,20,0,0,0,0,0,14,0,0,0
220015,2,1,13,13,13,13,13,13,13,13,13,13
220016,1,1,0,0,0,0,0,0,0,0,13,0
220017,1,1,0,0,0,0,0,0,0,0,0,0
220017,2,1,0,0,0,0,0,0,0,0,0,0
220018,1,1,21,21,21,21,21,21,21,21,21,21
220019,1,1,0,0,0,0,0,0,0,0,0,0
220019,2,1,0,0,0,0,0,0,0,0,0,0
220020,0,1,0,0,0,0,0,0,0,0,0,0
220020,1,1,9,0,0,0,0,0,17,14,0,0
220021,0,1,0,0,0,0,0,0,0,0,0,0
220021,1,1,0,0,0,0,0,0,0,0,0,0
220022,1,1,9,20,34,0,0,30,0,0,20,19
220023,1,1,0,0,0,0,0,0,0,0,0,0
220024,0,1,19,19,19,19,19,19,19,19,19,19
220024,1,1,17,0,0,0,0,0,0,0,0,0
220025,0,1,0,0,0,0,0,0,0,0,0,0
220025,1,1,0,0,0,0,0,0,0,0,0,0
220026,1,1,2,2,2,2,2,2,2,2,2,2
220027,1,1,28,28,28,28,28,28,28,28,28,28
220028,1,1,0,0,0,0,0,0,0,0,0,0
220029,1,1,5,5,5,5,5,5,5,5,5,5
220030,1,1,0,0,0,0,0,0,0,0,0,0
220031,1,1,0,0,0,0,0,0,0,0,0,0
220031,2,1,0,0,0,0,0,0,0,0,0,0
220032,0,1,29,29,29,29,29,29,29,29,29,29
220032,1,1,0,0,0,0,0,0,0,0,0,0
220033,1,1,9,9,9,9,9,9,9,9,9,9
220034,1,1,0,0,0,0,0,0,0,0,0,0
220034,2,1,0,0,0,0,0,0,0,0,0,0
220035,0,1,14,17,20,15,5,23,35,24,0,18
220035,1,1,13,0,0,0,8,3,0,7,0,0
220035,2,1,0,0,0,0,0,0,0,0,0,0
220036,0,1,0,0,0,0,0,0,0,0,0,0
220036,1,1,0,0,0,0,0,0,0,0,0,0
220037,0,1,0,0,0,0,0,0,0,0,0,0
220037,1,1,0,0,0,0,0,0,0,0,0,0
220038,1,1,0,0,0,0,0,0,0,0,0,0
220039,1,1,14,14,14,14,14,14,14,14,14,14
220040,1,1,0,0,0,0,0,0,0,0,0,0
220041,0,1,1,1,1,1,1,1,1,1,1,1
220041,1,1,0,0,0,0,0,0,0,0,0,0
220042,1,1,0,0,0,0,0,0,0,0,0,0
220042,2,1,0,0,0,0,0,0,0,0,0,0
220043,1,1,0,0,0,0,0,0,0,0,0,0
220044,1,1,0,0,0,0,0,0,0,0,0,0
220045,1,1,22,22,22,22,22,22,22,22,22,22
220046,1,1,0,0,0,0,0,0,0,0,0,0
220046,2,1,0,0,0,0,0,0,0,0,0,0
220047,0,1,30,28,11,16,25,34,21,33,24,22
220047,1,1,0,0,0,15,13,0,0,5,7,0
220048,1,1,6,6,6,6,6,6,6,6,6,6
220048,2,1,7,7,7,7,7,7,7,7,7,7
220049,1,1,0,0,0,0,0,0,0,0,0,0
220049,2,1,0,0,0,0,0,0,0,0,0,0
220050,0,1,25,25,25,25,25,25,25,25,25,25
220050,1,1,21,21,21,21,21,21,21,21,21,21
220051,1,1,17,17,17,17,17,17,17,17,17,17
220052,1,1,0,0,0,0,0,0,0,0,0,0
220052,2,1,0,0,0,0,0,0,0,0,0,0
220052,3,1,0,0,0,0,0,0,0,0,0,0
220052,4,1,0,0,0,0,0,0,0,0,0,0
220053,1,1,29,29,29,29,29,29,29,29,29,29
220054,1,1,0,0,0,0,0,0,0,0,0,0
220056,1,1,11,11,11,11,11,11,11,11,11,11
220057,0,1,20,18,13,15,14,14,15,19,13,18
220057,1,1,0,0,0,0,0,0,0,0,0,0
220058,1,1,0,0,0,0,0,0,0,0,0,0
220059,1,1,0,0,0,0,0,0,0,0,0,0
220059,2,1,0,0,0,0,0,0,0,0,0,0
220060,1,1,0,0,0,0,0,0,0,0,0,0
220061,1,1,0,0,0,0,0,0,0,0,0,0
220061,2,1,0,0,0,0,0,0,0,0,0,0
220062,1,1,0,0,0,0,0,0,0,0,0,0
220063,1,1,24,24,24,24,24,24,24,24,24,24
220064,1,1,17,17,17,17,17,17,17,17,17,17
220065,1,1,0,0,0,0,0,0,0,0,0,0
220066,1,1,0,0,0,0,0,0,0,0,0,0
220067,0,1,41,9,18,31,9,29,19,20,35,39
220067,1,1,0,0,0,0,16,0,0,0,0,0
220068,1,1,0,0,0,0,0,0,0,0,0,0
220069,1,1,0,0,0,0,0,0,0,0,0,0
220069,2,1,0,0,0,0,0,0,0,0,0,0
220070,1,1,0,0,0,0,0,0,0,0,0,0
220070,2,1,0,0,0,0,0,0,0,0,0,0
220071,1,1,22,22,22,22,22,22,22,22,22,22
220071,2,1,0,0,0,0,0,0,0,0,0,0
220071,3,1,0,0,0,0,0,0,0,0,0,0
220072,1,1,0,0,0,0,0,0,0,0,0,0
220072,2,1,0,0,0,0,0,0,0,0,0,0
220073,1,1,15,15,15,15,15,15,15,15,15,15
220074,1,1,31,31,31,31,31,31,31,31,31,31
220074,2,1,0,0,0,0,0,0,0,0,0,0
220074,3,1,0,0,0,0,0,0,0,0,0,0
220075,1,1,34,34,34,34,34,34,34,34,34,34
220076,1,1,0,0,0,0,0,0,0,0,0,0
220076,2,1,0,0,0,0,0,0,0,0,4,0