ST_CASE,VEH_NO,PER_NO,P1,P2,P3,P4,P5,P6,P7,P8,P9,P10
220076,3,1,0,0,0,6,0,0,0,0,0,0
220076,4,1,0,0,0,0,0,0,0,12,0,0
220077,1,1,0,0,0,0,0,0,0,0,0,0
220077,2,1,0,0,0,0,0,0,0,0,0,0
220078,1,1,0,0,0,0,0,0,0,0,0,0
220078,2,1,0,16,0,0,0,0,7,0,0,0
220079,1,1,22,22,22,22,22,22,22,22,22,22
220080,1,1,8,8,8,8,8,8,8,8,8,8
220081,1,1,0,0,0,0,0,0,0,0,0,0
220081,2,1,0,0,0,0,0,0,0,0,0,0
220082,1,1,0,0,0,0,0,0,0,0,0,0
220082,2,1,0,0,0,0,0,0,0,0,0,0
220083,1,1,9,9,9,9,9,9,9,9,9,9
220084,1,1,8,8,8,8,8,8,8,8,8,8
220085,1,1,0,0,0,0,0,0,0,0,0,0
220085,2,1,0,0,0,0,0,0,0,0,0,0
220085,3,1,0,0,0,0,0,0,0,0,0,0
220086,1,1,17,17,17,17,17,17,17,17,17,17
220087,1,1,0,0,0,0,0,0,0,0,0,0
220088,1,1,0,0,0,0,0,0,0,0,0,0
220088,2,1,0,0,0,0,0,0,0,0,0,0
220089,1,1,0,0,0,0,0,0,0,0,0,0
220089,2,1,0,0,0,0,0,0,0,0,0,0
220090,1,1,19,19,19,19,19,19,19,19,19,19
220092,1,1,0,0,0,0,0,0,0,0,0,0
220092,2,1,0,0,0,0,0,0,0,0,0,0
220093,1,1,0,0,0,0,0,0,0,0,0,0
220093,2,1,0,0,0,0,0,0,0,0,0,0
220094,1,1,0,0,0,0,0,0,0,0,0,0
220095,1,1,11,11,11,11,11,11,11,11,11,11
220096,1,1,0,0,0,0,0,0,0,0,0,0
220097,1,1,0,0,0,0,0,0,0,0,0,0
220097,2,1,0,0,0,0,0,0,0,0,0,0
220098,1,1,0,0,0,0,0,0,0,0,0,0
220099,1,1,0,0,0,0,0,0,0,0,0,0
220100,1,1,0,0,0,0,0,0,0,0,0,0
220100,2,1,0,0,0,0,0,0,0,0,0,0
220101,1,1,17,17,17,17,17,17,17,17,17,17
220102,1,1,8,0,0,0,18,0,12,0,0,0
220103,1,1,6,6,6,6,6,6,6,6,6,6
220104,1,1,0,0,0,0,0,0,0,0,0,0
220105,1,1,20,20,20,20,20,20,20,20,20,20
220106,1,1,0,0,0,0,0,0,0,0,0,0
220107,1,1,0,0,0,0,0,0,0,0,0,0
220107,2,1,0,0,0,0,0,0,0,0,0,0
220108,1,1,0,0,0,0,0,0,0,0,0,0
220108,2,1,0,0,0,0,0,0,0,0,0,0
220109,1,1,0,0,0,0,0,0,0,0,0,0
220109,2,1,0,0,0,14,18,0,0,0,0,22
220110,1,1,23,0,0,0,0,7,0,0,0,0
220110,2,1,0,0,0,0,0,0,0,0,0,0
220111,1,1,10,10,10,10,10,10,10,10,10,10
220111,2,1,0,0,0,0,0,0,0,0,0,0
220112,1,1,0,0,23,0,10,20,11,16,17,0
220113,1,1,2,2,2,2,2,2,2,2,2,2
220114,1,1,13,13,13,13,13,13,13,13,13,13
220114,2,1,0,0,0,0,0,0,0,0,0,0
220115,0,1,0,0,0,0,0,0,0,0,0,0
220115,1,1,0,0,0,0,0,0,0,0,0,0
220116,1,1,12,12,12,12,12,12,12,12,12,12
220117,1,1,0,0,0,0,0,0,0,0,0,0
220117,2,1,0,0,0,0,0,0,0,0,0,0
220118,1,1,0,0,0,0,0,0,0,0,0,0
220118,2,1,0,0,0,0,0,0,0,0,0,0
220119,0,1,7,7,7,7,7,7,7,7,7,7
220119,1,1,0,0,0,0,0,0,0,0,0,8
220120,1,1,30,21,17,28,0,16,0,12,8,0
220121,1,1,0,0,0,0,0,0,0,0,0,0
220121,2,1,0,0,0,0,0,0,0,0,0,0
220122,0,1,15,26,20,21,9,13,18,2,23,26
220122,1,1,0,0,0,0,0,0,0,0,0,0
220123,1,1,24,24,24,24,24,24,24,24,24,24
220123,2,1,0,0,0,0,0,0,0,0,0,0
220124,1,1,18,18,18,18,18,18,18,18,18,18
220124,2,1,0,0,0,0,0,0,0,0,0,0
220124,3,1,0,0,0,0,0,0,0,0,0,0
220125,1,2,0,10,19,10,0,20,33,0,0,0
220126,1,1,13,13,13,13,13,13,13,13,13,13
220127,1,1,0,0,0,0,0,0,0,0,0,0
220127,2,1,0,0,0,0,0,0,0,0,0,0
220128,1,1,5,5,5,5,5,5,5,5,5,5
220129,1,1,1,1,1,1,1,1,1,1,1,1
220129,2,1,0,0,0,0,0,0,0,0,0,0
220130,1,1,20,20,20,20,20,20,20,20,20,20
220131,0,1,0,21,39,0,14,0,0,23,22,0
220131,1,1,0,7,0,19,21,0,0,0,0,0
220132,1,1,0,0,0,0,5,0,0,0,28,0
220133,0,1,30,30,30,30,30,30,30,30,30,30
220133,1,1,0,0,0,0,0,0,0,0,0,24
220134,1,1,0,0,0,0,0,0,0,0,0,0
220134,2,1,0,0,0,0,0,0,0,0,0,0
220134,3,1,0,0,0,0,0,0,0,0,0,0
220135,1,1,18,18,18,18,18,18,18,18,18,18
220135,2,1,0,0,0,0,0,0,0,0,0,0
220136,0,1,0,0,0,0,0,0,0,0,0,0
220136,1,1,15,0,0,0,22,7,8,0,0,0
220137,1,1,16,16,15,21,21,0,7,0,0,7
220138,1,1,0,0,0,0,0,0,0,0,0,0
220138,2,1,0,0,0,0,6,0,0,0,0,0
220139,1,1,18,14,23,40,30,23,21,19,13,5
220140,1,1,0,0,0,0,0,0,0,0,0,0
220141,1,1,0,0,0,0,0,0,0,0,0,0
220141,2,1,0,0,0,13,0,0,0,0,19,12
220141,3,1,0,0,0,0,0,18,0,0,13,0
220142,1,1,8,0,9,0,0,0,0,0,0,0
220142,2,1,0,0,0,0,0,0,0,0,0,0
220143,1,1,0,0,0,0,0,0,0,0,0,0
220143,2,1,0,0,0,0,0,0,0,0,0,0
220144,1,1,0,0,20,0,0,0,0,0,0,0
220145,1,1,0,0,0,0,0,0,0,0,0,0
220145,2,1,0,0,0,0,0,0,0,0,0,0
220146,1,1,0,0,0,0,0,0,0,0,0,0
220146,2,1,0,0,0,0,0,0,0,0,0,0
220147,1,1,0,0,0,0,0,0,0,0,0,0
220148,1,1,0,0,0,0,0,0,18,0,0,0
220148,2,1,13,13,13,13,13,13,13,13,13,13
220149,1,1,18,18,18,18,18,18,18,18,18,18
220150,1,1,0,0,0,0,0,0,0,0,0,0
220150,3,1,0,16,22,23,18,18,0,5,17,11
220150,4,1,0,0,0,0,0,0,0,0,0,0
220151,1,1,0,0,0,0,0,0,0,0,0,0
220151,2,1,7,0,0,0,10,22,0,0,10,0
220152,1,1,0,0,0,0,0,0,0,0,0,0
220153,1,1,15,15,15,15,15,15,15,15,15,15
220154,1,1,0,0,0,0,0,0,0,0,0,0
220155,1,1,0,0,21,0,0,0,18,0,9,0
220155,2,1,8,8,8,8,8,8,8,8,8,8
220156,0,1,1,1,1,1,1,1,1,1,1,1
220156,1,1,0,0,0,0,0,0,0,0,0,0
220157,1,1,0,0,0,0,0,0,0,0,0,0
220158,0,1,26,26,26,26,26,26,26,26,26,26
220158,1,1,18,18,18,18,18,18,18,18,18,18
220159,1,1,0,0,0,0,0,0,0,0,0,0
220159,2,1,0,0,0,0,5,0,0,0,0,0
220160,1,1,0,0,0,0,0,20,0,11,0,0
220161,1,1,3,0,17,0,0,24,0,10,8,17
220162,1,1,0,15,0,0,0,0,0,0,0,15
220162,2,1,0,0,0,0,0,0,0,0,0,0
220163,1,1,10,10,10,10,10,10,10,10,10,10
220163,2,1,0,0,0,0,0,0,0,0,0,0
220164,1,1,13,13,13,13,13,13,13,13,13,13
220165,1,1,14,14,14,14,14,14,14,14,14,14
220166,1,1,0,0,0,0,0,0,0,0,0,0
220166,2,1,0,0,0,0,0,0,0,0,0,0
220167,1,1,0,0,0,0,0,0,0,0,0,0
220168,1,1,18,3,24,3,11,3,18,0,5,35
220168,2,1,0,0,0,0,0,0,0,0,0,0
220169,1,1,3,3,3,3,3,3,3,3,3,3
220169,2,1,0,0,0,0,5,9,15,10,21,26
220170,1,1,19,19,19,19,19,19,19,19,19,19
220171,1,1,14,14,14,14,14,14,14,14,14,14
220172,1,1,0,0,0,0,0,0,0,0,0,0
220172,2,1,0,0,0,0,0,0,0,0,0,0
220173,1,1,0,0,0,0,0,0,0,0,0,0
220173,2,1,0,0,0,0,0,0,0,0,0,0
220173,3,1,0,0,0,0,0,0,0,0,0,0
220174,1,1,0,5,0,0,0,0,0,0,0,0
220174,2,1,0,0,0,0,0,0,0,0,0,0
220175,0,1,22,22,22,22,22,22,22,22,22,22
220175,1,1,0,14,0,0,17,0,5,0,9,0
220175,2,1,30,0,0,0,0,0,0,0,0,0
220176,1,1,0,0,9,0,0,0,0,17,17,26
220176,2,1,0,0,30,0,0,0,0,0,0,0
220177,1,1,4,4,4,4,4,4,4,4,4,4
220178,1,1,13,7,6,0,13,0,0,19,12,0
220178,2,1,0,0,0,6,0,0,15,0,0,0
220179,0,1,16,16,16,16,16,16,16,16,16,16
220179,1,1,9,0,0,17,9,0,6,19,0,0
220180,1,1,0,0,0,0,0,0,0,0,0,0
220181,1,1,0,0,0,0,0,32,0,0,0,0
220181,2,1,0,0,0,0,0,0,0,0,0,0
220182,1,1,0,0,0,0,0,0,0,0,0,0
220182,2,1,9,9,9,9,9,9,9,9,9,9
220183,0,1,13,32,29,6,14,8,27,26,11,33
220183,1,1,9,9,9,9,9,9,9,9,9,9
220184,1,1,16,16,16,16,16,16,16,16,16,16
220185,1,1,20,20,20,20,20,20,20,20,20,20
220186,1,1,0,0,0,0,0,0,0,0,0,0
220186,2,1,0,0,0,0,0,0,0,0,0,0
220187,1,1,0,0,0,0,0,0,0,0,0,0
220187,2,1,0,0,0,0,0,0,0,0,0,0
220188,1,1,16,16,16,16,16,16,16,16,16,16
220189,1,1,17,17,17,17,17,17,17,17,17,17
220190,1,1,23,23,23,23,23,23,23,23,23,23
220191,1,1,0,0,0,0,0,0,0,0,0,0
220191,2,1,0,0,0,0,0,0,0,0,0,0
220192,1,1,12,12,12,12,12,12,12,12,12,12
220192,2,1,0,0,0,0,0,0,0,0,0,0
220193,1,1,0,0,0,0,0,0,0,0,0,0
220193,2,1,0,0,0,0,0,0,0,0,0,0
220193,3,1,0,0,0,0,0,0,0,0,0,0
220193,4,1,0,0,0,0,0,0,0,0,0,0
220194,1,1,16,16,16,16,16,16,16,16,16,16
220194,2,1,14,0,0,7,9,0,0,16,4,0
220195,1,1,4,4,4,4,4,4,4,4,4,4
220196,1,1,0,0,0,0,0,0,0,0,0,0
220197,1,1,24,24,24,24,24,24,24,24,24,24
220198,1,1,36,36,36,36,36,36,36,36,36,36
220199,1,1,8,8,8,8,8,8,8,8,8,8
220200,1,1,0,0,0,0,0,0,0,0,0,0
220200,2,1,0,0,0,0,0,0,0,0,0,0
220200,3,1,0,0,0,0,0,0,0,0,0,0
220200,4,1,0,0,0,0,0,0,0,0,0,0
220201,1,1,0,0,0,0,0,0,0,0,0,0
220202,1,1,0,0,0,0,0,0,0,0,0,0
220202,2,1,0,0,0,0,0,0,0,0,0,0
220203,1,1,0,0,0,0,0,0,0,0,0,0
220204,1,1,0,0,0,0,0,0,0,0,0,0
220204,2,1,0,0,0,0,0,0,0,0,0,0
220205,1,1,28,0,0,0,10,20,14,0,29,0
220206,1,1,11,11,11,11,11,11,11,11,11,11
220207,1,1,0,0,0,0,0,0,0,0,0,0
220208,1,1,0,17,19,0,6,17,0,0,11,0
220209,1,1,0,0,0,0,0,0,16,0,0,0
220210,1,1,0,0,0,15,0,0,0,0,0,0
220211,1,1,0,0,0,0,0,0,0,0,0,0
220211,2,1,0,0,0,0,0,0,0,0,0,0
220212,0,1,6,6,6,6,6,6,6,6,6,6
220212,0,2,8,20,7,0,15,5,0,10,0,0
220212,1,1,10,10,10,10,10,10,10,10,10,10
220213,0,1,25,0,29,0,0,0,7,0,13,0
220213,1,1,11,0,14,0,0,0,0,0,17,0
220214,1,1,0,0,0,12,0,40,0,0,0,0
220214,2,1,0,0,0,0,0,0,0,0,0,0
220215,1,1,13,13,13,13,13,13,13,13,13,13
220216,1,1,0,0,13,0,0,0,0,0,0,27
220216,3,1,0,0,0,0,0,0,0,0,21,0
220217,1,1,7,17,24,19,13,13,18,25,38,25
220218,1,1,0,0,0,0,0,0,0,0,0,0
220219,1,1,0,0,0,0,0,0,0,0,0,0
220220,0,1,21,21,21,21,21,21,21,21,21,21
220220,1,1,1,1,1,1,1,1,1,1,1,1
220221,1,1,0,0,0,0,0,0,0,0,0,0
220221,2,1,0,0,0,0,0,0,0,0,0,0
220222,1,1,24,24,24,24,24,24,24,24,24,24
220223,1,1,37,37,37,37,37,37,37,37,37,37
220223,2,1,0,0,0,0,0,0,0,0,0,0
220224,1,1,24,24,24,24,24,24,24,24,24,24
220225,1,1,0,0,0,0,0,0,0,0,0,0
220226,1,1,0,0,0,0,0,0,0,0,0,0
220226,2,1,0,0,0,0,0,0,0,0,0,0
220226,3,1,0,0,0,0,0,0,0,0,0,0
220226,4,1,0,0,0,0,0,0,0,0,0,0
220226,5,1,0,0,0,0,0,0,23,0,0,0
220227,1,1,36,36,36,36,36,36,36,36,36,36
220228,1,1,18,18,18,18,18,18,18,18,18,18
220228,2,1,0,0,0,0,0,0,0,0,0,0
220229,1,1,10,0,0,0,41,17,19,0,0,27
220229,2,1,0,0,0,0,0,0,0,0,0,0
220230,1,1,0,16,0,31,0,13,0,0,0,0
220231,1,1,0,0,0,0,0,0,0,0,0,0
220231,2,1,0,0,0,0,0,0,0,0,0,0
220231,3,1,0,0,0,0,0,0,0,0,0,0
220232,1,1,26,26,26,26,26,26,26,26,26,26
220233,1,1,0,0,0,0,0,0,0,0,0,0
220233,2,1,23,23,23,23,23,23,23,23,23,23
220233,3,1,0,0,0,0,0,0,0,0,0,0
220233,4,1,0,0,0,0,0,0,0,0,0,0
220234,1,1,24,24,24,24,24,24,24,24,24,24
220235,1,1,11,11,11,11,11,11,11,11,11,11
220236,1,1,0,0,0,0,0,0,0,0,0,0
220236,2,1,0,0,0,0,0,0,0,0,0,0
220237,1,1,0,0,0,0,0,0,0,0,0,0
220237,2,1,0,0,0,0,0,0,0,0,0,0
220238,1,1,7,7,7,7,7,7,7,7,7,7
220238,2,1,0,0,0,0,0,0,0,0,0,0
220239,1,1,22,16,20,30,20,21,34,11,15,10
220240,1,1,10,10,10,10,10,10,10,10,10,10
220241,1,1,0,0,0,0,0,0,0,0,0,0
220241,2,1,0,0,0,0,0,0,0,0,0,0
220241,3,1,0,0,0,0,0,0,0,0,0,0
220242,0,1,0,0,0,0,0,0,0,0,0,0
220242,0,2,0,0,0,0,0,0,0,0,0,0
220242,1,1,0,0,0,0,0,0,0,0,0,0
220243,1,1,0,0,0,0,0,0,0,0,0,0
220243,2,1,0,0,0,0,0,0,0,0,0,0
220244,1,1,1,1,1,1,1,1,1,1,1,1
220244,2,1,0,0,0,0,0,0,0,0,0,0
220245,1,1,0,0,0,0,0,0,0,0,0,0
220246,1,1,0,0,0,0,0,0,0,0,0,0
220247,1,1,0,0,0,0,0,0,0,0,0,0
220248,1,1,0,0,0,0,0,0,0,0,0,0
220249,1,1,17,9,35,18,25,10,19,20,32,8
220250,1,1,0,0,0,0,0,0,0,0,0,0
220251,1,1,22,22,22,22,22,22,22,22,22,22
220252,1,1,0,0,0,0,0,0,0,0,0,0
220252,2,1,0,0,0,0,0,0,0,0,0,0
220253,1,1,0,0,0,0,0,0,0,0,0,0
220253,2,1,0,0,0,0,0,0,0,0,0,0
220254,1,1,21,21,21,21,21,21,21,21,21,21
220255,1,1,0,0,0,0,0,0,0,0,0,0
220256,1,1,0,0,0,0,0,0,0,0,0,0
220257,1,1,0,0,0,0,0,0,0,0,0,0
220258,1,1,23,23,23,23,23,23,23,23,23,23
220259,0,1,28,26,15,4,8,34,25,11,15,26
220259,1,1,0,0,0,0,0,0,0,0,0,0
220260,1,1,18,18,18,18,18,18,18,18,18,18
220260,2,1,0,0,0,0,0,0,0,0,0,0
220261,1,1,8,8,8,8,8,8,8,8,8,8
220262,1,1,0,0,0,0,0,0,0,0,0,0
220262,2,1,0,0,0,0,0,0,0,0,0,0
220263,1,1,0,0,0,0,0,0,0,0,0,0
220263,2,1,0,0,0,0,0,0,0,0,0,0
220263,3,1,0,0,0,0,0,0,0,0,0,9
220264,1,1,0,0,0,0,0,0,0,0,0,0
220265,1,1,32,0,0,0,0,0,0,0,0,0
220265,2,1,0,0,0,0,0,0,0,0,0,0
220266,1,1,0,0,20,0,0,0,0,0,0,0
220267,1,1,0,0,0,0,0,0,0,0,0,0
220268,1,1,0,0,0,0,0,0,0,0,0,0
220268,2,1,0,0,0,0,0,0,0,0,0,0
220269,1,1,0,0,0,0,0,0,0,0,0,0
220270,1,1,27,27,27,27,27,27,27,27,27,27
220270,2,1,0,0,0,0,0,0,0,0,0,0
220271,1,1,0,0,0,0,0,0,0,0,0,0
220272,1,1,0,0,5,0,0,0,0,17,0,0
220272,2,1,9,0,0,0,0,0,0,0,0,0
220272,3,1,0,0,0,0,0,0,0,0,0,0
220273,1,1,13,13,13,13,13,13,13,13,13,13
220274,1,1,17,17,17,17,17,17,17,17,17,17
220274,2,1,0,0,0,0,0,0,0,0,0,0
220275,1,1,0,0,0,0,0,0,0,0,0,0
220275,2,1,0,0,0,0,0,0,0,0,0,0
220276,1,1,3,3,3,3,3,3,3,3,3,3
220277,1,1,0,0,0,0,0,0,0,0,0,2
220277,2,1,0,0,0,0,0,0,0,0,0,0
220278,1,1,0,0,0,0,0,0,0,0,0,0
220279,1,1,34,34,34,34,34,34,34,34,34,34
220280,1,1,0,0,0,0,0,0,0,0,0,0
220280,2,1,0,0,0,0,0,0,0,0,0,0
220281,1,1,10,10,10,10,10,10,10,10,10,10
220281,2,1,0,0,0,0,0,0,0,0,0,0
220282,1,1,14,22,0,0,0,0,0,0,0,0
220283,1,1,0,0,9,0,0,17,0,25,0,0
220283,2,1,0,0,0,0,0,0,0,0,0,0
220284,1,1,0,0,0,0,0,0,0,0,0,0
220284,2,1,1,1,1,1,1,1,1,1,1,1
220285,1,1,0,0,0,0,0,0,0,0,0,0
220285,2,1,0,0,0,0,0,0,0,0,0,0
220286,1,1,0,0,0,0,0,0,0,0,0,0
220286,2,1,0,0,0,0,0,0,0,0,0,0
220287,1,1,0,0,0,0,0,0,0,0,0,0
220287,2,1,0,0,0,0,0,0,0,0,0,0
220288,1,1,15,15,15,15,15,15,15,15,15,15
220289,1,1,0,0,0,0,0,0,0,0,0,0
220290,1,1,0,0,0,0,0,0,0,0,0,0
220290,2,1,0,0,0,0,0,0,0,0,0,0
220290,3,1,6,6,6,6,6,6,6,6,6,6
220291,1,1,9,9,9,9,9,9,9,9,9,9
220292,1,1,0,0,0,0,0,0,0,0,0,0
220293,1,1,10,10,10,10,10,10,10,10,10,10
220294,1,1,0,0,0,0,0,0,0,0,0,0
220294,2,1,0,0,0,0,0,0,0,0,0,0
220294,3,1,0,0,0,0,0,0,0,0,0,0
220295,1,1,0,0,0,0,0,0,0,0,0,0
220296,1,1,0,0,32,0,18,0,29,0,0,0
220297,1,1,0,0,0,0,0,0,0,0,0,0
220297,2,1,0,0,0,0,0,0,0,0,0,0
220297,3,1,0,0,0,0,0,0,0,0,0,0
220298,1,1,0,0,0,0,0,0,0,0,12,0
220298,2,1,0,0,0,0,0,0,0,0,0,0
220300,1,1,0,0,19,0,0,19,17,0,0,0
220301,1,1,20,20,20,20,20,20,20,20,20,20
220301,2,1,0,0,0,0,0,0,0,0,0,0
220302,1,1,20,20,20,20,20,20,20,20,20,20
220302,2,1,0,0,0,0,0,0,0,0,0,0
220303,1,1,42,42,42,42,42,42,42,42,42,42
220304,1,1,20,10,24,28,14,8,23,25,19,19
220305,1,1,0,0,0,0,0,0,0,0,0,0
220305,2,1,0,0,0,0,0,0,0,0,0,0
220305,3,1,0,0,0,0,0,0,0,0,0,0
220306,1,1,25,25,25,25,25,25,25,25,25,25
220307,1,1,0,0,0,0,0,0,0,0,0,0
220307,2,1,0,0,0,0,0,0,0,0,0,0
220307,3,1,0,0,0,0,0,0,0,0,0,0
220308,1,1,28,28,28,28,28,28,28,28,28,28
220309,1,1,0,0,0,0,0,0,0,0,0,0
220310,0,1,19,19,19,19,19,19,19,19,19,19
220310,1,1,0,0,0,0,0,0,0,0,0,0
220311,1,1,0,0,0,0,0,0,0,0,0,0
220312,1,1,7,21,24,24,5,0,14,15,0,43
220313,1,1,13,2,8,18,9,7,25,9,15,19
220314,1,1,0,0,0,0,0,0,0,0,0,0
220314,2,1,0,0,0,0,0,0,0,0,0,0
220315,1,1,0,0,0,0,0,0,0,0,0,0
220316,1,1,12,6,0,0,0,0,0,0,0,0
220317,1,1,0,0,0,0,0,0,0,0,0,0
220317,2,1,0,0,0,0,0,0,0,0,0,0
220318,1,1,0,0,0,0,0,0,0,0,0,0
220318,2,1,0,0,0,0,0,0,0,0,0,0
220319,1,1,16,20,0,0,0,20,0,0,0,0
220320,1,1,0,0,0,0,0,0,0,0,0,0
220321,1,1,0,0,0,0,0,0,0,0,0,0
220322,0,1,0,0,0,0,0,0,0,0,0,0
220322,1,1,1,1,1,1,1,1,1,1,1,1
220323,1,1,14,14,14,14,14,14,14,14,14,14
220324,0,1,0,0,5,0,0,0,0,0,0,20
220324,1,1,0,0,0,0,0,0,0,0,0,0
220325,1,1,0,0,0,0,0,0,0,0,0,0
220325,2,1,0,0,0,0,0,0,0,0,0,0
220325,3,1,0,0,0,0,9,0,0,0,0,0
220326,1,1,6,6,6,6,6,6,6,6,6,6
220326,2,1,0,0,0,0,0,0,0,0,0,0
220327,1,1,3,3,3,3,3,3,3,3,3,3
220328,1,1,0,0,0,0,0,0,0,0,0,0
220328,2,1,0,0,0,0,0,0,0,0,0,0
220329,1,1,0,0,0,0,0,0,0,0,0,0
220329,2,1,0,0,0,0,0,0,0,0,0,0
220330,1,1,14,14,14,14,14,14,14,14,14,14
220331,1,1,0,0,0,0,5,0,0,0,0,0
220332,1,1,34,22,18,0,11,0,0,7,0,12
220333,0,1,4,0,0,0,0,18,0,13,0,0
220333,1,1,5,5,5,5,5,5,5,5,5,5
220334,1,1,0,0,0,0,0,0,0,0,0,0
220334,2,1,0,0,0,0,0,0,0,0,0,0
220335,1,1,14,14,14,14,14,14,14,14,14,14
220336,1,1,0,0,0,0,0,0,0,0,0,0
220337,1,1,32,0,0,0,0,0,0,0,19,17
220338,1,1,0,0,0,0,0,0,0,0,0,0
220338,2,1,0,0,0,0,0,0,0,0,0,0
220339,0,1,0,0,0,0,0,0,0,0,0,0
220339,1,1,0,0,0,0,0,0,0,0,0,0
220340,1,1,0,0,0,0,0,0,0,0,0,0
220340,2,1,0,0,0,0,0,0,0,0,0,0
220341,1,1,4,4,4,4,4,4,4,4,4,4
220342,1,1,0,0,0,0,0,0,0,0,0,0
220343,0,1,20,20,20,20,20,20,20,20,20,20
220343,1,1,0,0,0,0,20,0,0,0,0,0
220343,2,1,0,0,0,0,0,0,0,0,0,0
220344,1,1,0,0,0,0,0,0,0,0,0,0
220344,2,1,0,0,0,0,0,0,0,0,0,0
220345,1,1,0,28,14,12,14,4,26,13,32,26
220346,0,1,11,11,11,11,11,11,11,11,11,11
220346,1,1,0,0,0,0,0,0,0,0,0,0
220347,1,1,14,14,14,14,14,14,14,14,14,14
220348,1,1,4,4,4,4,4,4,4,4,4,4
220348,2,1,0,0,0,0,0,0,0,0,0,0
220349,1,1,10,36,19,28,37,19,26,29,22,24
220349,2,1,0,0,0,0,0,0,0,0,0,0
220350,1,1,0,0,0,0,0,0,0,0,0,0
220351,1,1,30,30,30,30,30,30,30,30,30,30
220352,0,1,2,2,2,2,2,2,2,2,2,2
220352,0,2,0,0,0,0,0,0,0,0,0,0
220352,0,3,0,0,0,0,0,0,0,0,0,0
220352,1,1,0,0,0,0,0,0,0,0,0,0
220352,2,1,0,0,0,0,0,0,0,0,0,0
220353,1,1,8,8,8,8,8,8,8,8,8,8
220354,1,1,0,0,0,5,0,0,0,0,0,0
220355,1,1,0,0,0,0,0,0,0,0,0,0
220356,1,1,0,0,18,21,9,17,32,0,0,0
220357,1,1,0,0,0,0,0,0,0,0,0,0
220358,1,1,0,0,0,0,0,0,0,0,0,0
220359,1,1,0,0,0,0,0,0,0,0,0,0
220360,1,1,33,27,23,10,6,19,15,31,34,4
220361,1,1,0,0,0,0,0,0,0,0,0,0
220362,1,1,0,0,0,0,0,0,0,0,0,0
220362,2,1,0,0,0,0,0,0,0,0,0,0
220363,1,1,0,0,0,0,0,0,0,0,0,0
220363,2,1,0,0,0,0,0,0,0,0,0,0
220364,1,1,0,0,0,0,0,0,0,0,0,0
220365,1,1,0,0,0,0,0,10,0,0,0,0
220366,0,1,19,0,4,19,22,17,17,14,0,24
220366,1,1,0,0,0,0,0,0,0,0,0,0
220367,1,1,0,0,0,0,0,0,0,0,0,0
220368,1,1,4,4,4,4,4,4,4,4,4,4
220369,1,1,0,20,0,0,0,0,0,0,0,0
220370,1,1,2,2,2,2,2,2,2,2,2,2
220370,2,1,0,0,0,0,0,0,0,0,0,0
220371,1,1,0,16,0,0,8,0,0,0,0,0
220372,1,1,14,14,14,14,14,14,14,14,14,14
220373,1,1,17,29,30,9,12,15,26,8,19,0
220373,2,1,0,0,0,0,0,0,0,0,0,0
220374,1,1,18,0,0,0,0,0,0,0,0,0
220375,1,1,16,16,16,16,16,16,16,16,16,16
220376,1,1,0,0,0,0,0,0,0,0,0,0
220377,1,1,8,8,8,8,8,8,8,8,8,8
220378,1,1,0,0,0,0,0,0,0,0,0,0
220378,2,1,0,0,0,0,0,0,0,0,0,0
220379,1,1,0,0,0,0,0,0,0,0,0,0
220379,2,1,0,0,0,0,0,0,0,0,0,0
220380,1,1,0,0,0,0,0,0,0,0,0,0
220380,2,1,0,0,0,0,0,0,0,0,0,0
220380,3,1,0,0,0,0,0,0,0,0,0,0
220381,1,1,0,0,0,0,0,0,0,0,0,0
220382,1,1,0,0,0,0,0,0,0,0,0,0
220383,1,1,8,8,8,8,8,8,8,8,8,8
220384,1,1,0,0,0,0,0,0,0,0,0,0
220385,1,1,14,14,14,14,14,14,14,14,14,14
220385,2,1,0,0,0,0,0,0,0,0,0,0
220386,1,1,0,0,0,0,0,0,0,0,0,0
220387,1,1,0,0,0,0,0,0,0,0,0,0
220387,2,1,0,0,0,0,0,0,0,0,0,0
220388,1,1,0,0,0,0,0,0,0,0,0,0
220389,1,1,13,13,13,13,13,13,13,13,13,13
220390,1,1,14,14,14,14,14,14,14,14,14,14
220391,1,1,26,26,26,26,26,26,26,26,26,26
220392,1,1,0,0,0,0,0,0,0,0,0,0
220392,2,1,0,0,0,0,0,0,0,0,0,0
220393,1,1,0,0,0,0,0,0,0,0,0,0
220394,0,1,0,0,0,0,0,0,0,0,0,0
220394,0,2,0,0,0,0,0,0,0,0,0,0
220394,1,1,0,0,0,0,0,0,0,0,0,0
220395,1,1,0,0,0,0,0,0,0,0,0,0
220395,2,1,0,0,0,0,0,0,0,0,0,0
220396,1,1,3,3,3,3,3,3,3,3,3,3
220397,1,1,0,0,0,0,0,0,0,0,0,0
220398,1,1,22,22,22,22,22,22,22,22,22,22
220399,1,1,20,6,15,8,24,20,7,5,22,30
220400,0,1,0,0,0,0,0,0,0,0,0,0
220400,1,1,0,0,0,0,0,0,0,0,0,0