ST_CASE,VEH_NO,PER_NO,P1,P2,P3,P4,P5,P6,P7,P8,P9,P10
220401,1,1,6,6,6,6,6,6,6,6,6,6
220401,2,1,0,0,0,0,0,0,0,0,0,0
220402,1,1,17,14,21,0,0,26,0,8,0,0
220403,1,1,11,11,11,11,11,11,11,11,11,11
220404,1,1,4,4,4,4,4,4,4,4,4,4
220405,1,1,23,23,23,23,23,23,23,23,23,23
220405,2,1,0,0,0,0,0,0,0,0,0,0
220406,1,1,0,0,0,0,0,0,0,0,0,0
220406,2,1,0,0,0,0,0,0,0,0,0,0
220407,1,1,0,0,0,0,0,0,0,0,0,0
220407,2,1,0,0,0,0,0,0,0,0,0,0
220407,3,1,0,0,0,0,0,0,0,0,0,0
220408,1,1,0,0,0,0,0,0,0,0,0,0
220408,2,1,0,0,0,0,0,0,0,0,0,0
220409,1,1,0,0,0,0,0,0,0,0,0,0
220409,2,1,0,0,0,0,0,0,0,0,0,0
220410,1,1,0,0,0,0,0,0,0,0,0,0
220411,0,1,0,0,26,0,15,24,23,0,0,24
220411,1,1,0,0,0,0,0,0,0,0,0,0
220412,1,1,0,0,0,0,0,0,0,0,0,0
220412,2,1,0,0,0,0,0,0,0,0,0,0
220413,1,1,0,0,0,0,0,0,0,0,0,0
220413,2,1,0,0,0,0,0,0,0,0,0,0
220414,1,1,0,0,0,0,0,0,0,0,0,0
220415,1,1,0,0,0,0,0,0,0,0,0,0
220415,2,1,0,0,0,0,0,0,0,0,0,0
220415,3,1,0,0,0,0,0,0,0,0,0,0
220416,1,1,0,0,0,0,0,0,0,0,0,0
220417,1,1,26,26,26,26,26,26,26,26,26,26
220418,1,1,7,7,7,7,7,7,7,7,7,7
220419,1,1,17,17,17,17,17,17,17,17,17,17
220420,1,1,28,27,19,18,0,0,0,0,0,0
220421,0,1,16,16,16,16,16,16,16,16,16,16
220421,1,1,17,0,0,0,0,4,0,7,8,0
220422,1,1,16,16,16,16,16,16,16,16,16,16
220423,1,1,0,0,0,0,0,0,0,0,0,0
220424,1,1,0,0,0,0,0,0,0,0,0,0
220424,2,1,0,0,0,0,0,0,0,0,0,0
220425,1,1,14,14,14,14,14,14,14,14,14,14
220426,1,1,9,9,9,9,9,9,9,9,9,9
220427,1,1,0,0,0,0,0,0,0,0,0,0
220428,1,1,0,0,0,0,0,0,0,0,0,0
220429,1,1,0,0,0,0,0,0,0,0,0,0
220429,2,1,0,0,0,0,0,0,0,0,0,0
220430,1,1,0,0,0,0,0,0,0,0,0,0
220430,2,1,0,0,0,0,0,0,0,0,0,0
220431,1,1,0,0,0,0,10,0,0,0,0,0
220431,2,1,0,0,0,0,0,0,0,0,0,0
220432,1,1,0,0,0,0,0,0,0,0,0,0
220433,1,1,0,0,22,0,0,0,0,0,0,0
220433,2,1,0,0,0,0,0,0,0,0,0,0
220434,1,1,40,40,40,40,40,40,40,40,40,40
220434,2,1,0,0,0,0,0,0,0,0,0,0
220435,1,1,0,0,16,0,0,0,0,6,0,16
220436,1,1,0,0,0,0,0,0,0,0,0,0
220437,0,1,32,32,32,32,32,32,32,32,32,32
220437,1,1,0,0,27,0,20,0,0,0,0,0
220438,1,1,0,0,0,0,0,0,0,0,0,0
220439,0,1,0,0,0,0,0,0,0,0,0,0
220439,1,1,0,0,0,0,0,0,0,0,0,0
220440,1,1,0,0,0,0,0,0,0,0,0,0
220440,2,1,0,0,0,0,0,0,0,0,0,0
220441,1,1,16,21,18,0,16,13,17,22,8,0
220442,1,1,0,0,0,0,0,0,0,0,0,0
220442,2,1,8,8,8,8,8,8,8,8,8,8
220443,1,1,18,0,24,19,0,0,0,42,17,0
220444,0,1,0,17,0,0,0,0,0,0,0,0
220444,1,1,15,15,15,15,15,15,15,15,15,15
220445,1,1,0,0,0,0,0,0,0,0,0,0
220446,1,1,12,21,26,0,13,15,28,16,25,30
220447,1,1,0,0,0,0,0,0,0,0,0,0
220447,2,1,0,0,0,0,0,0,0,0,0,0
220448,1,1,0,0,0,0,0,0,0,0,0,0
220449,1,1,1,1,1,1,1,1,1,1,1,1
220450,0,1,18,18,18,18,18,18,18,18,18,18
220450,1,1,0,0,0,0,0,0,0,0,0,0
220451,1,1,0,0,0,0,0,0,0,0,0,0
220452,1,1,0,0,0,0,0,0,0,0,0,0
220452,2,1,0,0,0,0,0,0,0,0,0,0
220453,1,1,0,0,0,0,0,0,0,0,0,0
220454,1,1,0,0,0,0,0,0,0,0,0,0
220455,0,1,20,20,20,20,20,20,20,20,20,20
220455,1,1,0,0,0,0,0,0,0,0,0,0
220456,1,1,0,0,0,0,0,0,0,0,0,0
220456,2,1,0,0,0,0,0,0,0,0,0,0
220457,1,1,7,7,7,7,7,7,7,7,7,7
220457,2,1,0,0,0,0,0,0,0,0,0,0
220458,0,1,0,0,0,0,0,0,0,0,0,0
220458,1,1,0,0,0,0,0,0,0,0,0,0
220458,2,1,0,0,0,0,0,0,0,0,0,0
220459,1,1,0,0,0,0,0,0,0,0,0,0
220460,1,1,24,24,24,24,24,24,24,24,24,24
220460,2,1,0,0,0,0,0,0,0,0,0,0
220461,1,1,6,6,6,6,6,6,6,6,6,6
220461,2,1,0,0,0,0,0,0,0,0,0,0
220462,1,1,0,0,0,0,0,0,0,0,0,0
220463,1,1,0,0,0,0,0,0,0,0,0,0
220463,2,1,0,0,0,0,0,0,0,0,0,0
220463,3,1,0,0,0,0,0,0,0,0,0,0
220464,1,1,7,7,7,7,7,7,7,7,7,7
220465,1,1,15,15,15,15,15,15,15,15,15,15
220467,1,1,12,12,12,12,12,12,12,12,12,12
220468,1,1,0,0,0,0,0,28,13,0,0,0
220468,2,1,0,0,0,0,0,0,0,0,0,0
220469,1,1,0,13,22,0,13,24,0,5,18,14
220470,1,1,0,0,0,0,0,0,0,0,0,0
220470,2,1,0,0,0,0,0,0,0,0,0,0
220471,0,1,0,7,0,0,0,29,13,0,0,0
220471,1,1,0,0,0,0,0,0,0,0,0,0
220472,1,1,0,0,0,0,0,0,0,0,0,0
220472,2,1,0,0,0,0,0,0,0,0,0,0
220473,1,1,0,0,0,0,0,0,0,0,0,0
220473,2,1,0,0,0,0,0,0,0,0,0,0
220474,1,1,15,15,15,15,15,15,15,15,15,15
220475,0,1,0,5,3,0,0,7,0,0,22,22
220475,1,1,0,0,0,0,0,0,0,0,0,0
220476,1,1,0,0,0,0,0,0,0,0,0,0
220477,1,1,5,5,5,5,5,5,5,5,5,5
220478,1,1,0,0,0,0,0,0,0,0,0,0
220478,2,1,0,0,0,0,0,0,0,0,0,0
220479,1,1,0,0,29,16,10,0,0,21,0,12
220480,1,1,0,0,0,0,0,0,0,0,0,0
220481,1,1,0,0,0,0,0,0,0,0,0,0
220482,1,1,0,0,0,0,0,0,0,0,0,0
220482,2,1,0,0,0,0,0,0,0,0,0,0
220483,1,1,0,0,0,0,0,0,0,0,0,0
220484,1,1,0,0,0,0,0,0,0,0,0,0
220484,2,1,0,0,0,0,0,0,0,0,0,0
220485,0,1,0,0,0,0,0,0,0,0,0,0
220485,1,1,0,0,0,0,0,0,0,0,0,0
220486,1,1,0,0,0,0,0,0,0,0,0,0
220486,2,1,0,0,0,0,0,0,0,0,0,0
220487,1,1,0,0,0,0,0,0,0,0,0,0
220487,2,1,0,0,0,0,0,0,0,0,0,0
220487,3,1,0,0,0,0,0,0,0,0,0,0
220488,1,1,13,13,13,13,13,13,13,13,13,13
220489,1,1,17,17,17,17,17,17,17,17,17,17
220490,1,1,0,0,0,0,0,0,0,0,0,0
220490,2,1,0,0,0,0,0,0,0,0,0,0
220491,1,1,0,0,0,0,0,0,0,0,0,0
220491,2,1,0,0,0,0,0,0,0,0,0,0
220492,0,1,0,0,0,0,0,0,0,0,0,0
220492,1,1,8,0,13,6,17,0,31,10,15,0
220493,0,1,19,19,19,19,19,19,19,19,19,19
220493,0,2,0,0,0,0,0,0,0,0,0,0
220493,1,1,0,0,0,0,0,0,0,0,0,0
220494,1,1,0,0,0,0,0,0,0,0,0,0
220494,2,1,0,0,0,0,0,0,0,0,0,0
220495,1,1,9,9,9,9,9,9,9,9,9,9
220496,1,1,0,0,0,0,0,0,0,0,0,0
220496,2,1,0,0,0,0,0,0,0,0,0,0
220497,1,1,0,5,0,0,0,8,0,0,0,27
220497,2,1,10,10,10,10,10,10,10,10,10,10
220498,1,1,0,28,0,0,0,0,0,0,0,0
220498,2,1,0,0,0,0,0,0,0,0,0,0
220500,1,1,15,15,15,15,15,15,15,15,15,15
220501,1,1,0,0,0,0,0,0,0,0,0,0
220501,2,1,0,0,0,0,0,0,0,0,0,0
220501,3,1,0,0,0,0,0,0,0,0,0,0
220502,1,1,0,0,0,0,0,0,0,0,0,0
220502,2,1,0,0,0,0,0,0,0,0,0,0
220503,1,1,14,14,14,14,14,14,14,14,14,14
220504,0,1,27,7,0,0,0,0,0,22,10,0
220504,1,1,0,0,0,0,0,0,0,0,0,0
220505,1,1,19,14,24,38,27,14,16,12,4,28
220506,0,1,0,20,20,0,0,0,10,0,0,14
220506,1,1,0,0,0,0,0,0,0,0,0,0
220507,1,1,17,17,17,17,17,17,17,17,17,17
220508,1,1,0,0,0,0,0,0,14,0,0,0
220509,1,1,0,0,0,0,0,0,0,0,0,0
220509,2,1,0,0,0,0,0,0,0,0,0,0
220510,1,1,28,0,25,11,13,0,0,4,20,9
220511,1,1,0,0,0,0,0,0,0,6,0,5
220511,2,1,0,0,0,0,0,0,0,0,0,0
220512,1,1,0,0,0,0,0,0,0,0,0,0
220513,0,1,0,0,0,0,0,0,0,0,0,0
220513,1,1,0,2,0,0,14,14,15,26,5,6
220514,1,1,0,0,0,0,0,0,0,0,0,0
220514,2,1,0,0,0,0,0,0,0,0,0,0
220515,1,1,0,0,0,0,0,0,0,0,0,0
220515,2,1,0,0,0,0,0,0,0,0,0,0
220516,1,1,0,0,0,0,0,0,0,0,0,0
220516,2,1,0,0,0,0,0,0,0,0,0,15
220517,1,1,29,29,29,29,29,29,29,29,29,29
220518,1,1,0,0,0,0,0,0,0,0,0,0
220518,2,1,0,0,0,0,0,0,0,0,0,0
220519,1,1,19,19,19,19,19,19,19,19,19,19
220519,2,1,0,27,14,0,29,0,0,0,19,0
220520,1,1,0,0,0,0,18,0,0,0,0,0
220520,2,1,0,0,0,0,0,0,0,0,0,0
220521,1,1,0,0,0,0,0,0,0,0,0,0
220521,2,1,0,0,0,0,0,0,0,0,0,0
220522,1,1,16,11,14,12,5,5,9,17,13,27
220523,1,1,0,0,0,0,0,0,0,0,0,0
220523,2,1,0,0,0,0,0,0,0,0,0,0
220524,1,1,21,23,0,0,12,22,0,19,0,25
220526,0,1,0,0,0,0,0,0,0,0,0,0
220526,1,1,0,0,0,0,0,0,0,0,0,0
220527,1,1,0,0,0,18,0,0,10,0,27,0
220528,1,1,0,0,0,0,0,0,0,0,0,0
220528,2,1,0,0,0,0,0,0,0,0,0,0
220529,1,1,22,22,22,22,22,22,22,22,22,22
220530,0,1,16,16,0,0,0,28,15,0,0,0
220530,1,1,0,0,0,0,0,0,0,0,0,0
220531,1,1,15,15,15,15,15,15,15,15,15,15
220532,1,1,29,29,29,29,29,29,29,29,29,29
220533,0,1,0,0,0,0,0,0,0,0,0,0
220533,1,1,0,0,0,0,0,0,0,0,0,0
220534,0,1,13,36,15,40,59,0,12,25,0,14
220534,1,1,0,0,0,0,0,0,0,0,0,0
220534,2,1,0,0,0,0,26,19,21,23,11,0
220535,1,1,0,0,0,0,0,0,0,0,0,0
220536,1,1,0,0,0,0,0,0,0,0,0,0
220537,1,1,0,0,0,0,0,0,0,0,0,0
220537,2,1,0,0,0,0,0,0,0,0,0,0
220538,0,1,20,29,19,27,24,19,25,15,30,15
220538,1,1,0,0,0,0,0,0,0,0,0,0
220539,1,1,0,0,0,0,0,0,10,25,19,0
220540,1,1,0,0,0,0,0,0,0,0,0,0
220540,2,1,0,0,0,0,0,0,0,0,0,0
220541,0,1,17,17,17,17,17,17,17,17,17,17
220541,1,1,0,0,0,0,0,0,0,0,0,0
220542,1,1,0,0,0,0,0,0,0,0,0,0
220543,1,1,13,13,13,13,13,13,13,13,13,13
220543,2,1,0,19,12,0,17,12,19,0,0,0
220544,1,1,29,29,29,29,29,29,29,29,29,29
220545,1,1,0,0,0,0,0,0,0,0,0,0
220545,2,1,0,0,0,0,0,0,0,0,0,0
220547,0,1,22,22,22,22,22,22,22,22,22,22
220547,1,1,0,0,0,0,0,0,0,0,0,0
220548,1,1,8,0,23,16,0,0,0,0,0,8
220549,1,1,0,0,0,0,0,0,0,0,0,23
220550,1,1,36,25,12,26,23,12,21,12,25,9
220551,1,1,17,17,17,17,17,17,17,17,17,17
220552,1,1,0,0,0,0,0,0,0,0,0,0
220553,1,1,0,0,0,0,0,0,0,0,0,0
220553,2,1,0,0,0,0,0,0,0,0,0,0
220554,1,1,0,0,0,0,0,0,0,0,0,0
220555,1,1,0,6,0,0,0,8,0,0,0,0
220555,2,1,0,0,0,0,0,15,0,0,0,20
220556,1,1,7,7,7,7,7,7,7,7,7,7
220556,2,1,0,0,0,0,0,0,0,0,0,0
220557,1,1,0,0,0,0,20,16,0,0,0,0
220557,2,1,0,0,0,0,0,0,0,0,0,0
220558,0,1,0,0,0,0,0,0,0,0,0,0
220558,1,1,0,0,0,0,0,0,0,0,0,0
220559,1,1,0,0,0,0,0,0,0,0,0,0
220560,0,1,0,0,0,0,0,0,0,0,0,0
220560,1,1,0,0,0,4,0,0,0,0,0,0
220561,0,1,0,0,0,0,0,0,0,0,0,0
220561,1,1,0,0,0,0,0,0,0,0,0,0
220562,1,1,0,37,0,13,18,15,14,0,17,0
220563,0,1,0,0,40,14,0,0,0,0,0,0
220563,1,1,0,0,0,0,0,0,0,0,0,0
220564,1,1,22,22,22,22,22,22,22,22,22,22
220564,2,1,0,0,0,0,0,0,0,0,0,0
220565,1,1,0,0,0,0,0,0,0,0,0,0
220566,1,1,20,20,20,20,20,20,20,20,20,20
220567,0,1,0,0,0,0,0,0,0,0,0,0
220567,1,1,0,22,0,0,0,6,0,0,0,14
220568,0,1,0,0,0,0,0,0,0,0,0,0
220568,1,1,0,0,0,0,0,0,0,0,0,0
220569,1,1,10,10,10,10,10,10,10,10,10,10
220570,0,1,18,18,18,18,18,18,18,18,18,18
220570,1,1,0,0,0,40,12,0,0,0,13,0
220571,1,1,0,0,0,0,0,0,0,0,0,0
220571,2,1,0,0,0,0,0,0,0,0,0,0
220572,1,1,0,31,0,0,0,10,0,0,0,7
220573,1,1,0,0,0,0,0,0,0,0,0,0
220574,1,1,0,0,0,0,0,0,0,0,0,0
220574,2,1,0,0,0,0,0,0,0,0,0,0
220574,3,1,0,0,0,0,0,0,0,0,0,0
220575,1,1,13,0,0,0,0,0,0,0,0,11
220575,2,1,0,0,0,0,0,0,0,0,0,0
220576,1,1,0,0,0,0,0,0,0,0,0,0
220576,2,1,20,20,20,20,20,20,20,20,20,20
220577,1,1,11,11,11,11,11,11,11,11,11,11
220578,1,1,4,4,4,4,4,4,4,4,4,4
220579,1,1,10,10,10,10,10,10,10,10,10,10
220580,1,1,0,0,0,0,0,0,0,0,0,0
220581,1,1,0,0,0,0,0,0,0,0,0,0
220581,2,1,0,0,0,0,0,0,0,0,0,0
220582,1,1,0,0,0,0,0,0,0,0,0,0
220582,2,1,0,0,0,0,0,0,0,0,0,0
220583,1,1,0,0,0,27,0,0,0,0,0,0
220584,1,1,0,0,0,0,0,0,0,0,0,0
220585,1,1,0,0,0,0,0,0,0,0,0,0
220586,1,1,16,16,16,16,16,16,16,16,16,16
220587,1,1,4,4,4,4,4,4,4,4,4,4
220588,1,1,5,5,5,5,5,5,5,5,5,5
220589,0,1,0,0,0,0,0,0,0,0,0,0
220589,1,1,0,0,0,0,0,0,0,0,0,0
220590,1,1,0,0,0,0,0,0,0,0,9,0
220590,2,1,0,0,0,0,0,0,0,0,0,0
220591,1,1,0,20,10,0,0,0,25,0,0,0
220591,2,1,29,0,0,0,19,0,0,0,0,0
220591,3,1,0,0,11,8,10,0,0,0,15,0
220592,1,1,0,0,0,17,0,0,0,0,0,0
220592,2,1,0,0,0,0,0,0,0,0,0,0
220592,3,1,0,0,0,0,0,0,0,0,0,0
220593,0,1,11,11,11,11,11,11,11,11,11,11
220593,1,1,0,0,0,0,0,0,0,0,0,0
220594,1,1,6,0,0,8,0,0,0,0,0,10
220594,2,1,0,0,0,0,0,0,0,0,0,0
220594,3,1,0,0,0,0,0,0,0,0,0,0
220596,0,1,19,0,0,13,23,0,0,9,21,0
220596,1,1,0,0,0,0,0,0,0,0,0,0
220597,0,1,0,12,0,0,0,0,0,0,0,0
220597,1,1,0,0,0,0,0,0,0,0,0,0
220597,2,1,0,0,0,0,0,0,0,0,0,0
220598,0,1,13,10,0,0,0,0,10,15,0,18
220598,1,1,0,0,0,0,0,0,0,0,0,0
220599,1,1,0,0,0,0,0,9,0,0,0,0
220600,1,1,26,26,26,26,26,26,26,26,26,26
220601,0,1,7,24,27,22,25,11,19,23,24,17
220601,1,1,0,0,0,0,0,0,0,0,0,0
220602,0,1,10,21,0,0,0,0,0,31,0,0
220602,1,1,0,0,0,0,0,0,0,0,0,0
220603,1,1,22,18,40,7,20,13,15,10,32,19
220605,1,1,0,20,34,13,0,0,0,0,23,0
220605,2,1,0,0,0,0,0,0,0,0,0,0
220606,1,1,0,0,6,0,0,0,0,0,0,0
220606,2,1,0,0,0,0,0,0,0,0,0,0
220607,1,1,6,6,6,6,6,6,6,6,6,6
220608,1,1,0,0,0,17,0,0,9,9,8,24
220609,0,1,0,0,0,0,20,0,0,7,10,0
220609,1,1,0,0,0,0,0,0,0,0,0,0
220610,1,1,12,12,12,12,12,12,12,12,12,12
220610,2,1,14,17,18,0,16,17,10,19,17,0
220611,1,1,0,18,0,0,0,0,0,32,0,0
220612,1,1,11,0,21,0,5,12,7,22,9,16
220613,1,1,0,0,0,0,0,0,0,0,0,0
220613,2,1,0,0,0,0,0,0,0,0,0,0
220614,1,1,0,3,0,0,0,0,0,8,0,0
220615,1,1,32,32,32,32,32,32,32,32,32,32
220616,0,1,0,0,0,0,0,0,0,0,0,0
220616,1,1,0,0,0,0,0,0,0,0,0,0
220617,1,1,19,19,19,19,19,19,19,19,19,19
220618,1,1,0,0,0,0,0,0,0,0,0,0
220620,1,1,5,5,5,5,5,5,5,5,5,5
220620,2,1,0,0,0,0,0,0,0,0,0,0
220621,1,1,28,28,28,28,28,28,28,28,28,28
220622,1,1,10,0,0,0,0,16,0,17,0,0
220622,2,1,6,6,6,6,6,6,6,6,6,6
220623,1,1,22,22,22,22,22,22,22,22,22,22
220624,1,1,0,0,0,0,0,0,0,0,0,0
220624,2,1,0,0,0,0,0,0,0,0,0,0
220625,0,1,21,0,20,21,0,16,0,0,22,0
220625,1,1,0,0,0,0,0,0,0,0,0,0
220626,1,1,0,0,0,0,0,0,0,0,0,0
220627,1,1,0,0,0,0,0,0,0,0,0,0
220627,2,1,0,0,0,0,0,0,0,0,0,0
220627,3,1,0,0,0,0,0,0,0,0,0,0
220629,1,1,0,0,0,0,0,0,0,0,0,0
220629,2,1,0,0,0,0,0,0,0,0,0,0
220629,3,1,0,0,0,0,0,0,0,0,0,0
220630,1,1,0,0,0,0,0,0,0,0,0,0
220631,0,1,0,20,0,0,0,0,0,0,0,0
220631,1,1,0,0,0,8,0,0,20,25,0,0
220631,2,1,0,0,19,17,13,5,13,18,14,6
220632,1,1,17,21,20,29,9,14,8,19,15,15
220633,1,1,11,11,11,11,11,11,11,11,11,11
220634,1,1,24,4,13,18,8,9,20,0,13,0
220635,1,1,0,0,0,0,0,0,0,0,0,0
220635,2,1,0,0,0,0,0,0,0,0,0,0
220636,1,1,23,23,23,23,23,23,23,23,23,23
220636,2,1,0,0,0,0,0,0,0,0,0,0
220637,0,1,0,0,0,0,0,0,0,0,0,0
220637,1,1,0,0,0,0,0,0,0,0,0,0
220638,0,1,0,17,0,0,0,13,19,10,11,0
220638,1,1,0,0,0,0,0,0,0,0,0,0
220639,1,1,21,21,21,21,21,21,21,21,21,21
220639,2,1,3,0,0,13,0,0,0,0,0,0
220640,1,1,0,0,0,0,0,0,0,0,0,0
220640,2,1,0,0,0,0,0,0,0,0,0,0
220641,1,1,0,0,0,0,0,0,0,13,0,0
220641,2,1,3,3,3,3,3,3,3,3,3,3
220642,1,1,32,32,32,32,32,32,32,32,32,32
220643,1,1,24,24,24,24,24,24,24,24,24,24
220643,2,1,0,0,0,0,0,0,0,0,0,0
220644,1,1,0,0,0,0,0,0,0,0,0,0
220645,1,1,0,0,0,0,0,0,0,0,0,0
220646,0,1,0,0,0,0,0,0,0,0,0,0
220646,1,1,0,0,0,0,0,0,0,0,0,0
220647,0,1,8,0,0,0,32,0,0,25,0,15
220647,1,1,0,20,9,0,0,0,0,0,0,0
220648,1,1,0,0,0,0,0,0,0,0,0,0
220649,0,1,0,6,0,0,0,0,0,0,0,0
220649,1,1,0,0,0,0,0,0,0,0,0,0
220650,1,1,11,11,11,11,11,11,11,11,11,11
220651,1,1,20,0,0,0,0,0,0,0,0,0
220651,2,1,0,14,0,0,0,0,0,0,9,0
220652,0,1,7,7,7,7,7,7,7,7,7,7
220652,1,1,0,0,0,0,0,0,0,0,0,0
220653,1,1,5,0,16,0,2,8,0,0,0,6
220654,1,1,15,15,15,15,15,15,15,15,15,15
220655,1,1,0,0,0,0,0,0,0,0,0,0
220655,2,1,0,0,0,0,0,0,0,0,0,0
230001,1,1,0,0,0,0,0,0,0,0,0,0
230001,2,1,21,21,21,21,21,21,21,21,21,21
230002,0,1,0,0,0,0,0,0,0,0,0,0
230002,1,1,0,14,0,0,0,0,0,0,0,0
230003,1,1,0,0,0,0,0,0,0,0,0,0
230004,1,1,6,6,6,6,6,6,6,6,6,6
230005,1,1,0,0,0,0,0,0,0,0,0,0
230005,2,1,0,0,0,0,0,0,0,0,0,0
230005,3,1,0,0,0,0,0,0,0,0,0,0
230005,4,1,0,0,0,0,0,0,0,0,0,0
230005,5,1,0,0,0,0,0,0,0,0,0,0
230006,1,1,0,0,0,0,0,0,0,0,0,0
230006,2,1,0,0,0,0,0,0,0,0,0,0
230007,1,1,0,0,0,0,0,0,0,0,0,0
230008,1,1,0,0,0,0,0,0,0,0,0,0
230008,2,1,0,0,0,0,0,0,0,0,0,0
230009,1,1,0,0,0,0,0,0,0,0,0,0
230009,2,1,17,17,17,17,17,17,17,17,17,17
230010,0,1,0,0,0,0,23,23,14,0,0,13
230010,1,1,0,0,0,0,0,0,0,0,0,0
230011,1,1,0,48,0,0,25,0,14,23,5,26
230012,1,1,0,0,0,0,0,0,0,0,0,0
230012,2,1,0,0,0,0,0,0,0,0,0,0
230013,1,1,0,0,0,0,0,0,0,0,0,0
230013,2,1,0,0,0,0,0,0,0,0,0,0
230014,1,1,0,0,0,0,0,0,0,0,0,0
230014,2,1,0,0,0,0,0,0,0,0,0,0
230015,1,1,0,0,0,0,0,0,0,0,0,0
230016,1,1,0,0,0,0,0,0,0,0,0,0
230017,1,1,0,0,0,0,0,0,0,0,0,0
230018,1,1,23,9,15,9,8,18,53,3,19,2
230018,2,1,12,12,12,12,12,12,12,12,12,12
230019,1,1,0,0,0,0,0,0,0,0,0,0
230020,1,1,9,9,9,9,9,9,9,9,9,9
230021,1,1,0,0,0,0,0,0,0,0,0,0
230022,0,1,17,17,17,17,17,17,17,17,17,17
230022,1,1,7,27,16,20,17,31,32,10,19,43
230023,1,1,0,0,0,0,0,0,0,0,0,0
230023,2,1,0,0,0,0,0,0,0,0,0,0
230024,1,1,0,0,0,0,0,0,0,0,0,0
230025,1,1,0,0,0,0,0,0,0,0,0,0
230026,1,1,0,0,0,0,0,0,0,0,0,0
230026,2,1,0,0,0,0,0,0,0,0,0,0
230027,1,1,9,9,9,9,9,9,9,9,9,9
230028,1,1,13,13,13,13,13,13,13,13,13,13
230029,1,1,20,20,20,20,20,20,20,20,20,20
230030,1,1,14,14,14,14,14,14,14,14,14,14
230030,2,1,0,0,0,0,0,0,0,0,0,0
230031,1,1,12,12,12,12,12,12,12,12,12,12
230032,1,1,13,13,13,13,13,13,13,13,13,13
230033,1,1,0,0,0,0,0,0,0,0,0,0
230033,2,1,0,0,0,0,0,0,0,0,0,0
230033,3,1,0,0,0,0,0,0,0,0,0,0
230034,1,1,0,0,0,0,0,0,0,0,0,0
230034,2,1,0,0,0,0,0,0,0,0,0,0
230035,1,1,0,0,0,0,0,0,0,0,0,0
230036,1,1,0,0,0,0,0,0,0,0,0,0
230037,1,1,0,0,0,0,0,0,0,0,0,0
230038,0,1,0,27,13,0,0,0,13,0,0,0
230038,0,2,0,0,0,0,0,0,0,0,0,0
230038,1,1,0,0,0,0,0,0,0,0,0,0
230038,2,1,0,0,0,0,0,0,0,0,0,0
230039,1,1,0,0,0,0,0,0,0,0,0,0
230040,1,1,0,0,0,0,0,0,0,0,0,0
230040,2,1,0,0,0,0,0,0,0,0,0,0
230041,1,1,0,0,0,0,0,0,0,0,0,0
230041,2,1,0,0,0,0,0,0,0,0,0,0
230042,1,1,0,0,0,0,0,0,0,0,0,0
230043,1,1,0,0,0,0,0,0,0,0,0,0
230044,1,1,0,0,0,0,0,0,0,0,0,0
230045,1,1,0,0,0,0,0,0,0,0,0,0
230046,1,1,33,33,33,33,33,33,33,33,33,33
230047,1,1,14,14,14,14,14,14,14,14,14,14
230048,1,1,0,0,0,0,0,0,0,0,0,0
230048,2,1,0,0,0,0,0,0,0,0,0,0
230049,1,1,20,20,20,20,20,20,20,20,20,20
230050,1,1,0,0,0,0,0,0,0,0,0,0
230050,2,1,0,0,0,0,0,0,0,0,0,0
230051,1,1,5,5,5,5,5,5,5,5,5,5
230052,1,1,0,0,0,0,0,0,0,0,0,0
230053,1,1,0,0,0,0,0,21,0,0,0,0
230054,1,1,11,11,11,11,11,11,11,11,11,11
230055,1,1,0,0,0,0,0,0,0,0,0,0
230055,2,1,0,0,0,0,0,0,0,0,0,0
230056,1,1,0,0,0,0,0,0,0,0,0,0
230056,2,1,0,0,0,0,0,0,0,0,0,0
230057,1,1,0,0,0,0,0,0,0,0,0,0
230058,1,1,0,0,0,0,0,0,0,0,0,0
230058,2,1,0,0,0,0,0,0,0,0,0,0
230059,1,1,29,29,29,29,29,29,29,29,29,29
230060,1,1,0,0,0,0,0,0,0,0,0,0
230061,1,1,0,0,0,0,0,0,0,0,0,0
230061,2,1,0,0,0,0,0,0,0,0,0,0
230062,1,1,9,9,9,9,9,9,9,9,9,9
230062,2,1,0,0,0,0,0,0,0,0,0,0
230063,1,1,0,0,0,0,0,0,0,0,0,0
230063,2,1,0,0,0,0,0,0,0,0,0,0
230064,1,1,0,0,0,0,0,0,0,0,0,0
230065,1,1,1,1,1,1,1,1,1,1,1,1
230065,2,1,0,0,0,0,0,0,0,0,0,0
230066,1,1,0,0,0,0,0,0,0,0,0,0
230066,2,1,0,0,0,0,0,0,0,0,0,0
230067,1,1,12,12,12,12,12,12,12,12,12,12
230068,1,1,16,16,16,16,16,16,16,16,16,16
230069,1,1,22,22,22,22,22,22,22,22,22,22
230070,1,1,0,0,0,0,0,0,0,0,0,0
230070,2,1,0,0,0,0,0,0,0,0,0,0
230071,1,1,0,0,0,0,0,0,0,0,0,0
230071,2,1,0,0,0,0,0,0,0,0,0,0
230072,1,1,0,0,0,0,0,0,0,0,0,0
230072,2,1,0,0,0,0,0,0,0,0,0,0
230073,1,1,16,16,16,16,16,16,16,16,16,16
230074,1,1,9,9,9,9,9,9,9,9,9,9
230075,0,1,0,0,0,0,0,0,0,0,0,0
230075,1,1,0,0,0,0,0,0,0,0,0,0