ST_CASE,VEH_NO,PER_NO,P1,P2,P3,P4,P5,P6,P7,P8,P9,P10
230076,1,1,0,0,0,0,0,0,0,0,0,0
230076,2,1,0,0,0,0,0,0,0,0,0,0
230077,1,1,0,0,0,0,0,0,0,0,0,0
230078,1,1,21,21,21,21,21,21,21,21,21,21
230079,1,1,0,0,0,0,0,0,0,0,0,0
230080,1,1,3,3,3,3,3,3,3,3,3,3
230081,1,1,0,0,0,0,0,0,0,0,0,0
230081,2,1,14,24,8,0,0,0,0,5,0,0
230082,1,1,0,0,0,0,0,0,0,0,0,0
230083,1,1,0,0,0,0,0,0,0,0,0,0
230083,2,1,0,17,0,0,0,0,0,0,0,0
230084,1,1,0,0,0,0,0,0,0,0,0,0
230085,1,1,0,0,0,0,0,0,0,0,0,0
230085,2,1,0,0,0,0,0,0,0,0,0,0
230086,0,1,18,18,18,18,18,18,18,18,18,18
230086,1,1,0,0,0,0,0,0,0,0,0,0
230087,1,1,16,16,16,16,16,16,16,16,16,16
230087,2,1,0,0,0,0,0,0,0,0,0,0
230088,1,1,0,0,0,0,0,0,0,0,0,0
230088,2,1,0,0,0,0,0,0,0,0,0,0
230089,1,1,16,16,16,16,16,16,16,16,16,16
230090,0,1,0,0,0,0,0,0,0,0,0,0
230090,1,1,0,0,0,0,0,0,0,0,0,0
230091,1,1,13,13,13,13,13,13,13,13,13,13
230092,1,1,0,0,0,0,0,0,0,0,0,0
230093,1,1,0,0,0,0,0,0,0,0,0,0
230093,2,1,0,0,0,0,0,0,0,0,0,0
230094,1,1,14,14,14,14,14,14,14,14,14,14
230094,2,1,0,0,0,0,0,0,0,0,0,0
230094,3,1,6,0,0,20,0,0,0,0,0,0
230095,1,1,0,0,0,0,0,0,0,0,0,0
230096,1,1,0,0,0,0,0,0,0,0,0,0
230096,2,1,0,0,0,0,0,0,0,0,0,0
230098,1,1,0,0,0,0,0,0,0,0,0,0
230099,1,1,0,0,0,0,0,0,0,0,0,0
230099,2,1,0,0,0,0,0,0,0,0,0,0
230100,0,1,11,16,0,0,0,0,0,23,0,16
230100,1,1,0,0,0,0,0,0,0,0,0,0
230101,1,1,0,0,0,0,0,0,0,0,0,0
230102,1,1,0,0,0,0,0,0,0,0,0,0
230102,2,1,0,0,0,0,0,0,0,0,0,0
230103,1,1,0,0,0,0,0,0,0,0,0,0
230104,1,1,0,0,0,0,0,0,0,0,0,0
230105,1,1,0,0,0,0,0,0,0,0,0,0
230105,2,1,0,0,0,0,0,0,0,0,0,0
230106,1,1,0,0,0,0,0,0,0,0,0,0
230106,2,1,0,0,0,0,0,0,0,0,0,0
230107,1,1,0,0,0,0,0,0,0,0,0,0
230108,0,1,0,0,0,0,0,0,0,0,0,0
230108,1,1,0,0,0,0,0,0,0,0,0,0
230109,0,1,0,0,0,0,0,0,0,0,0,0
230109,1,1,0,0,0,0,0,0,0,0,0,0
230110,1,1,19,19,19,19,19,19,19,19,19,19
230111,1,1,11,11,11,11,11,11,11,11,11,11
230112,0,1,0,0,0,0,0,0,0,0,0,0
230112,1,1,0,0,0,0,0,0,0,0,0,0
230113,1,1,0,0,0,0,0,0,0,0,0,0
230114,1,1,0,0,0,0,0,0,0,0,0,0
230115,1,1,14,14,14,14,14,14,14,14,14,14
230116,1,1,0,0,0,0,0,0,0,0,0,0
230117,1,1,15,15,15,15,15,15,15,15,15,15
230118,1,1,0,0,0,0,0,0,0,0,0,0
230119,1,1,1,1,1,1,1,1,1,1,1,1
230119,2,1,0,0,0,11,20,29,21,0,13,0
230120,1,1,0,0,0,0,0,0,0,0,0,0
230120,2,1,0,0,0,0,0,0,0,0,0,0
230121,1,1,3,3,3,3,3,3,3,3,3,3
230122,1,1,0,0,0,0,0,0,0,0,0,0
230122,2,1,0,0,0,0,0,0,0,0,0,0
230123,1,1,17,17,17,17,17,17,17,17,17,17
230124,1,1,0,0,0,0,0,0,0,0,0,0
230125,0,1,0,0,0,0,0,0,0,0,0,0
230125,1,1,0,0,0,0,0,0,0,0,0,0
230126,1,1,0,0,0,0,0,0,0,0,0,0
230126,2,1,0,0,0,0,0,0,0,0,0,0
230127,1,1,3,3,3,3,3,3,3,3,3,3
230128,1,1,15,15,15,15,15,15,15,15,15,15
230129,1,1,0,0,0,0,0,0,0,0,0,0
230129,2,1,0,0,0,0,0,0,0,0,0,0
230130,1,1,0,0,0,0,0,0,0,0,0,0
230131,1,1,5,5,5,5,5,5,5,5,5,5
230132,1,1,0,0,0,0,0,0,0,0,0,0
230133,1,1,0,0,0,0,0,0,0,0,0,0
230133,2,1,0,0,0,0,0,0,0,0,0,0
230134,1,1,0,0,0,0,0,0,0,0,0,0
230134,2,1,0,0,0,0,0,0,0,0,0,0
230134,3,1,0,0,0,0,0,0,0,0,0,0
230135,1,1,0,0,0,0,0,0,0,0,0,0
230136,1,1,0,0,0,0,0,0,0,0,0,0
230136,2,1,0,0,0,0,0,0,0,0,0,0
230137,1,1,0,0,0,0,0,0,0,0,0,0
230138,1,1,0,0,0,9,0,0,0,0,3,0
230139,1,1,0,0,0,0,0,0,13,0,0,0
230140,0,1,0,0,0,0,0,0,0,0,0,0
230140,1,1,0,0,0,0,0,0,0,0,0,0
230141,1,1,0,0,0,0,0,0,0,0,0,0
230142,1,1,0,0,0,0,0,0,0,0,0,0
230143,1,1,0,0,0,0,0,0,0,0,0,0
230143,2,1,0,0,0,0,0,0,0,0,0,0
230144,1,1,0,0,0,0,0,0,0,0,0,0
230144,2,1,0,0,0,0,0,0,0,0,0,0
230145,1,1,0,0,0,0,0,0,0,0,0,0
240001,0,1,0,0,0,0,0,0,0,0,0,0
240001,1,1,0,0,0,0,0,0,0,38,0,0
240002,0,1,0,0,0,0,0,0,0,0,0,0
240002,1,1,0,0,0,0,18,0,8,0,0,15
240003,1,1,0,0,0,0,0,0,15,0,0,0
240003,2,1,0,0,0,0,0,0,0,0,0,0
240003,3,1,0,0,0,0,0,0,0,0,0,0
240004,0,1,0,0,0,0,0,0,0,0,0,0
240004,1,1,0,0,0,10,0,0,0,0,0,0
240005,0,1,0,0,0,0,0,0,0,0,0,0
240005,1,1,0,0,0,0,0,0,0,0,0,0
240006,1,1,16,16,16,16,16,16,16,16,16,16
240007,1,1,15,15,15,15,15,15,15,15,15,15
240008,1,1,0,0,0,0,0,0,0,0,0,0
240008,2,1,0,0,0,0,0,0,0,0,0,0
240009,0,1,0,0,0,0,0,0,0,0,0,0
240009,1,1,6,6,6,6,6,6,6,6,6,6
240010,0,1,0,0,0,0,0,0,0,0,0,0
240010,1,1,0,0,0,0,0,0,0,0,0,0
240011,1,1,0,0,0,0,0,0,0,0,0,0
240012,0,1,0,0,0,0,0,0,0,0,0,0
240012,1,1,0,0,0,0,0,0,0,0,0,0
240013,0,1,0,0,0,0,0,0,0,0,0,0
240013,1,1,0,0,0,0,0,0,0,0,0,0
240014,0,1,0,0,0,0,0,0,0,0,0,0
240014,1,1,0,0,0,0,0,0,0,0,0,0
240015,1,1,14,14,14,14,14,14,14,14,14,14
240016,1,1,12,12,12,12,12,12,12,12,12,12
240016,2,1,0,0,0,9,0,9,0,0,0,0
240017,1,1,12,12,12,12,12,12,12,12,12,12
240018,0,1,13,13,13,13,13,13,13,13,13,13
240018,0,2,0,25,0,0,0,0,0,22,7,0
240018,1,1,0,0,0,0,0,0,0,0,0,0
240019,0,1,0,0,0,0,0,0,0,0,8,0
240019,1,1,0,0,0,0,0,0,0,0,0,0
240020,0,1,0,0,0,0,0,0,0,0,0,0
240020,1,1,0,0,0,10,0,0,32,0,0,0
240021,1,1,32,32,32,32,32,32,32,32,32,32
240021,2,1,0,0,0,0,0,0,0,0,0,13
240022,1,1,13,13,13,13,13,13,13,13,13,13
240023,1,1,0,0,0,0,0,0,0,0,0,0
240024,1,1,0,0,0,20,0,0,0,0,0,0
240024,2,1,0,0,0,0,0,0,0,0,0,0
240025,0,1,28,28,28,28,28,28,28,28,28,28
240025,1,1,16,16,16,16,16,16,16,16,16,16
240026,1,1,2,2,2,2,2,2,2,2,2,2
240027,0,1,0,0,0,0,0,0,0,0,0,0
240027,1,1,0,0,0,0,0,0,0,0,0,0
240028,1,1,0,0,5,0,0,0,10,8,0,12
240029,1,1,0,0,0,0,0,0,0,0,0,0
240030,1,1,0,0,0,0,0,0,0,0,0,0
240030,2,1,0,0,0,0,0,0,0,0,0,0
240031,1,1,0,0,0,0,0,0,0,0,0,0
240032,1,1,10,10,10,10,10,10,10,10,10,10
240032,2,1,0,0,0,0,0,0,0,0,0,0
240033,1,1,0,0,0,0,0,0,0,0,0,0
240033,2,1,11,11,11,11,11,11,11,11,11,11
240034,1,1,0,0,0,0,0,0,0,0,0,0
240035,1,1,0,0,0,0,0,0,0,0,0,0
240035,2,1,0,0,0,0,0,0,0,0,0,0
240035,3,1,0,0,0,0,0,0,0,0,0,0
240036,0,1,0,0,0,0,0,0,0,0,0,0
240036,1,1,0,0,0,0,0,0,0,0,29,38
240037,1,1,0,0,0,0,0,0,0,0,0,0
240038,1,1,0,0,0,0,0,0,0,0,0,0
240038,2,1,0,0,0,0,0,0,0,0,0,0
240039,1,1,16,16,16,16,16,16,16,16,16,16
240039,2,1,0,0,0,11,0,27,0,0,0,12
240040,1,1,0,0,0,0,0,0,0,0,0,0
240040,2,1,0,0,0,0,0,0,0,0,0,0
240042,1,1,0,29,0,0,0,0,0,0,0,0
240043,1,1,12,12,12,12,12,12,12,12,12,12
240044,0,1,0,0,0,0,0,0,0,0,0,0
240044,1,1,28,0,0,12,8,12,12,18,0,0
240045,0,1,0,0,0,0,0,0,0,0,0,0
240045,1,1,0,0,0,0,0,0,0,0,0,0
240046,1,1,0,0,0,0,0,0,0,0,0,0
240046,2,1,0,0,0,0,0,0,0,0,0,0
240046,3,1,0,0,0,0,0,0,0,0,0,0
240047,0,1,25,25,25,25,25,25,25,25,25,25
240047,1,1,0,34,0,0,0,0,0,0,0,0
240048,1,1,0,0,0,0,0,0,0,0,0,0
240048,2,1,0,0,0,0,0,0,0,0,0,0
240048,3,1,0,0,0,0,0,0,19,0,0,15
240049,1,1,0,0,0,0,0,0,0,0,0,0
240050,1,1,0,0,0,0,0,0,0,0,0,0
240050,2,1,0,0,0,0,0,0,0,0,0,0
240051,1,1,0,0,0,0,0,0,0,0,0,0
240052,0,1,23,23,23,23,23,23,23,23,23,23
240052,1,1,0,0,0,0,0,0,0,0,0,0
240053,1,1,16,16,16,16,16,16,16,16,16,16
240054,1,1,0,0,0,0,0,0,0,0,0,0
240054,2,1,0,0,0,0,0,0,0,0,0,0
240055,1,1,5,5,5,5,5,5,5,5,5,5
240056,1,1,0,0,0,0,0,0,0,0,0,0
240056,2,1,0,0,0,0,0,0,0,0,0,0
240057,1,1,0,0,0,0,0,0,0,0,0,0
240058,0,1,17,17,17,17,17,17,17,17,17,17
240058,0,2,0,0,0,0,0,0,0,0,0,0
240058,1,1,15,15,15,15,15,15,15,15,15,15
240059,1,1,0,0,0,0,0,0,0,0,0,0
240060,1,1,0,0,0,0,0,0,0,0,0,0
240060,2,1,0,0,0,0,0,0,0,0,0,0
240060,3,1,0,0,0,0,0,0,0,0,0,0
240061,1,1,0,0,0,0,0,0,0,0,0,0
240062,1,1,8,8,8,8,8,8,8,8,8,8
240062,2,1,10,10,10,10,10,10,10,10,10,10
240063,1,1,0,0,0,0,0,0,0,0,0,0
240063,2,1,0,0,0,0,0,0,0,0,0,0
240064,1,1,0,0,9,0,0,27,0,0,0,0
240064,2,1,0,0,0,0,0,0,0,0,0,0
240065,1,1,0,0,0,0,0,0,0,0,0,0
240066,1,1,0,0,0,0,0,0,0,0,0,0
240067,1,1,0,0,0,0,0,0,0,0,0,0
240067,2,1,0,0,0,0,0,0,0,0,0,0
240068,0,1,0,0,0,0,0,0,0,0,0,0
240068,0,2,0,14,0,0,19,0,23,0,0,18
240068,1,1,0,0,0,0,0,0,0,0,0,0
240069,0,1,0,0,0,0,0,0,0,0,0,0
240069,1,1,0,0,0,0,0,0,0,0,0,0
240070,1,1,7,7,7,7,7,7,7,7,7,7
240070,2,1,0,0,0,0,0,0,0,0,0,0
240071,1,1,0,0,0,0,0,0,0,0,0,0
240071,2,1,7,0,0,0,0,0,0,0,0,0
240072,1,1,0,0,0,0,0,0,0,0,0,0
240073,1,1,0,0,0,0,0,0,0,0,0,0
240073,2,1,0,0,0,0,0,0,0,0,0,0
240073,3,1,0,0,0,0,0,0,0,0,0,0
240073,4,1,0,0,0,0,0,0,0,0,0,0
240074,1,1,0,0,0,0,0,0,0,0,0,0
240075,1,1,0,0,0,0,0,0,0,0,0,0
240076,1,1,20,20,20,20,20,20,20,20,20,20
240077,1,1,0,0,0,0,0,0,0,0,0,0
240077,2,1,0,0,0,0,0,0,0,0,0,0
240077,3,1,0,0,0,0,0,0,0,0,0,0
240078,1,1,0,0,0,0,0,0,0,0,0,0
240079,1,1,25,25,25,25,25,25,25,25,25,25
240080,1,1,0,0,0,0,0,0,0,0,0,0
240081,1,1,22,22,22,22,22,22,22,22,22,22
240082,1,1,0,0,0,0,0,0,0,0,0,0
240082,2,1,7,4,0,0,0,0,0,0,0,0
240083,1,1,0,0,0,0,0,0,0,0,0,0
240083,2,1,0,0,0,0,0,0,0,0,0,0
240084,1,1,0,0,0,0,0,0,0,0,0,0
240084,2,1,0,0,0,0,0,0,0,0,0,0
240085,1,1,19,19,19,19,19,19,19,19,19,19
240086,0,1,0,0,0,0,0,0,0,0,0,0
240086,0,2,0,0,0,0,0,0,0,0,0,0
240086,0,3,0,0,0,0,0,0,0,0,0,0
240086,0,4,0,0,0,0,0,0,0,0,0,0
240086,1,1,0,0,0,0,0,0,0,0,0,0
240086,2,1,0,27,0,0,0,0,0,0,0,0
240087,1,1,0,0,0,0,0,0,0,0,0,0
240087,3,1,0,0,0,0,0,0,0,0,0,0
240088,1,1,0,0,0,0,0,0,0,0,0,0
240088,2,1,0,0,0,0,0,0,0,0,0,0
240089,1,1,0,0,0,0,0,0,0,0,0,0
240089,2,1,17,17,17,17,17,17,17,17,17,17
240090,1,1,0,0,0,0,0,0,0,0,0,0
240090,2,1,0,0,0,0,0,0,0,0,0,0
240091,0,1,0,0,0,0,0,0,0,0,0,0
240091,1,1,0,0,0,0,0,0,0,0,0,0
240092,1,1,0,0,0,0,0,0,0,0,0,0
240092,2,1,0,0,0,0,0,0,0,0,0,0
240093,1,1,15,15,15,15,15,15,15,15,15,15
240093,2,1,0,0,0,0,0,0,0,0,0,0
240094,1,1,16,16,16,16,16,16,16,16,16,16
240094,2,1,0,0,0,0,0,0,0,0,0,0
240095,1,1,0,0,0,0,0,0,0,0,0,0
240095,2,1,1,1,1,1,1,1,1,1,1,1
240095,3,1,0,0,0,0,0,18,0,0,0,0
240096,1,1,0,0,0,0,0,0,0,0,0,0
240097,1,1,18,18,18,18,18,18,18,18,18,18
240097,2,1,0,0,0,0,0,0,0,0,0,0
240098,1,1,0,0,0,0,0,0,0,0,0,0
240099,1,1,0,0,0,0,0,0,0,0,0,0
240099,2,1,0,0,0,0,0,0,0,0,0,0
240100,1,1,0,0,0,0,0,0,0,0,0,0
240101,1,1,13,13,13,13,13,13,13,13,13,13
240102,1,1,0,0,0,0,0,0,0,0,0,0
240103,0,1,0,0,0,0,0,0,0,0,0,0
240103,1,1,0,23,0,0,0,22,0,15,0,21
240104,1,1,0,0,0,0,0,0,0,0,0,0
240105,1,1,0,0,0,0,0,0,0,0,0,0
240105,2,1,0,0,0,0,0,0,0,0,0,0
240106,1,1,0,0,0,0,0,0,0,0,0,0
240106,2,1,0,0,0,0,0,0,0,0,0,0
240106,3,1,0,0,0,0,0,0,0,0,0,11
240107,1,1,0,0,0,0,0,0,0,0,0,0
240107,2,1,0,0,0,0,0,0,0,0,0,0
240108,1,1,17,17,17,17,17,17,17,17,17,17
240109,0,1,10,0,13,18,0,0,0,0,12,0
240109,1,1,11,11,11,11,11,11,11,11,11,11
240110,1,1,0,0,0,0,0,13,0,0,23,0
240110,2,1,0,0,0,0,0,0,0,0,0,0
240111,1,1,16,16,16,16,16,16,16,16,16,16
240112,0,1,0,0,0,0,0,0,0,0,0,0
240112,1,1,0,0,0,0,0,0,0,0,0,0
240113,1,1,0,0,0,0,0,0,0,0,0,0
240114,1,1,0,0,0,0,0,0,0,0,0,0
240115,1,1,0,0,0,0,0,0,0,0,0,0
240116,1,1,16,16,16,16,16,16,16,16,16,16
240117,1,1,0,0,0,0,0,0,0,0,0,0
240117,2,1,0,0,0,0,0,0,0,0,0,0
240118,1,1,8,8,8,8,8,8,8,8,8,8
240119,0,1,18,22,7,29,18,23,23,22,16,16
240119,1,1,0,0,0,0,0,0,0,0,0,0
240120,0,1,0,0,0,0,0,0,0,0,0,0
240120,1,1,0,25,0,20,19,0,0,18,0,0
240121,1,1,0,0,0,0,0,0,0,0,0,0
240121,2,1,0,0,0,0,0,0,0,0,0,0
240122,1,1,0,0,0,0,0,0,0,0,0,0
240123,1,1,11,41,16,20,23,0,16,0,16,0
240123,2,1,0,0,0,26,0,0,0,0,0,22
240123,3,1,0,0,0,0,0,0,0,0,0,0
240124,1,1,0,0,0,0,0,0,0,0,0,0
240125,0,1,0,0,13,8,5,0,0,0,15,0
240125,1,1,0,0,0,0,0,0,0,0,0,0
240126,1,1,28,28,28,28,28,28,28,28,28,28
240127,1,1,0,0,0,0,0,0,0,0,0,8
240128,1,1,0,0,0,0,0,0,0,0,0,0
240129,1,1,0,0,0,0,0,0,0,0,0,0
240130,1,1,0,0,0,0,0,0,0,0,0,0
240130,2,1,0,0,0,0,0,0,0,0,0,0
240132,1,1,26,26,26,26,26,26,26,26,26,26
240133,1,1,17,17,17,17,17,17,17,17,17,17
240134,1,1,7,7,7,7,7,7,7,7,7,7
240135,0,1,0,0,0,0,0,0,0,0,0,0
240135,1,1,0,0,0,0,0,0,0,0,0,0
240136,1,1,0,0,0,0,0,0,0,0,0,0
240137,1,1,0,0,0,0,0,0,0,0,0,0
240137,2,1,0,0,0,0,19,0,0,0,0,14
240138,0,1,26,26,26,26,26,26,26,26,26,26
240138,1,1,0,0,0,0,0,0,0,0,0,0
240139,0,1,23,23,23,23,23,23,23,23,23,23
240139,1,1,0,0,0,0,0,0,0,0,15,0
240140,1,1,0,0,0,0,0,0,0,0,0,0
240140,2,1,0,0,0,0,0,0,0,0,0,0
240141,1,1,24,24,24,24,24,24,24,24,24,24
240142,1,1,0,0,0,0,0,0,0,0,0,0
240143,1,1,0,0,0,0,0,0,0,0,0,0
240143,2,1,0,0,0,0,0,0,0,0,0,0
240144,1,1,5,5,5,5,5,5,5,5,5,5
240144,2,1,0,0,0,0,0,0,0,0,0,0
240145,0,1,0,0,0,0,0,0,0,0,0,0
240145,1,1,18,0,0,0,0,0,0,0,7,0
240145,2,1,0,0,0,0,0,0,0,0,0,0
240146,1,1,0,0,0,0,0,0,0,0,0,0
240146,2,1,0,0,0,0,0,0,0,0,0,0
240147,0,1,7,7,7,7,7,7,7,7,7,7
240147,1,1,3,3,3,3,3,3,3,3,3,3
240148,1,1,0,0,0,0,0,0,0,0,0,0
240148,2,1,0,0,0,0,0,0,0,0,0,0
240149,1,1,0,0,0,0,0,0,0,0,0,0
240149,2,1,0,0,0,0,0,0,0,17,0,0
240150,0,1,0,0,0,0,0,0,0,0,0,0
240150,1,1,0,0,0,0,0,0,0,0,0,0
240151,1,1,0,0,0,0,0,0,0,0,0,0
240151,2,1,0,0,0,0,0,28,0,0,0,0
240152,1,1,2,2,2,2,2,2,2,2,2,2
240153,1,1,0,0,0,0,0,0,0,0,0,0
240154,1,1,24,24,24,24,24,24,24,24,24,24
240155,1,1,0,0,0,0,0,0,0,0,0,0
240155,2,1,0,0,0,0,0,0,0,0,0,0
240155,3,1,0,0,0,0,0,0,0,0,0,0
240156,1,1,0,0,0,0,0,0,0,0,0,0
240156,2,1,0,0,0,0,0,0,0,0,0,0
240156,3,1,0,0,20,0,0,0,0,0,0,0
240157,0,1,5,5,5,5,5,5,5,5,5,5
240157,1,1,0,0,0,23,0,0,0,0,0,0
240158,1,1,0,0,0,0,0,0,0,0,0,0
240158,2,1,0,0,0,0,0,0,0,0,0,0
240159,1,1,0,0,0,0,0,0,0,0,0,0
240160,1,1,20,20,20,20,20,20,20,20,20,20
240160,2,1,0,0,0,0,0,0,0,0,0,0
240161,1,1,18,18,18,18,18,18,18,18,18,18
240162,1,1,0,0,0,0,0,0,0,0,0,0
240162,2,1,0,0,0,0,0,0,0,0,0,0
240163,0,1,0,0,0,0,0,0,0,0,0,0
240163,1,1,0,0,0,9,0,0,0,0,7,0
240163,2,1,0,0,0,0,0,0,0,0,0,0
240164,1,1,2,2,2,2,2,2,2,2,2,2
240164,2,1,0,0,0,12,0,0,0,0,0,12
240165,1,1,0,0,0,0,0,0,0,0,0,0
240165,2,1,0,0,0,0,0,0,0,0,0,0
240166,1,1,8,8,8,8,8,8,8,8,8,8
240167,0,1,0,21,0,0,0,0,0,0,0,0
240167,1,1,0,0,0,0,0,0,0,0,0,0
240168,0,1,0,29,24,0,28,36,0,0,0,41
240168,1,1,0,0,0,0,0,0,0,0,0,6
240169,1,1,0,0,0,0,0,0,0,0,0,0
240170,1,1,0,0,0,0,0,0,0,0,0,0
240171,1,1,0,0,0,0,0,0,0,0,0,0
240172,1,1,19,19,19,19,19,19,19,19,19,19
240172,2,1,0,0,0,9,0,17,0,0,0,0
240173,0,1,0,0,0,0,0,0,0,0,0,0
240173,1,1,9,9,9,9,9,9,9,9,9,9
240174,0,1,26,26,26,26,26,26,26,26,26,26
240174,1,1,6,0,0,0,8,0,0,0,11,0
240175,0,1,0,0,0,0,0,0,0,0,0,0
240175,1,1,0,0,0,0,0,0,0,0,0,0
240176,0,1,14,14,14,14,14,14,14,14,14,14
240176,1,1,12,0,0,0,0,0,0,0,20,0
240177,1,1,0,0,0,0,0,0,0,0,0,0
240177,2,1,0,0,0,0,0,0,0,0,0,0
240178,0,1,3,3,3,3,3,3,3,3,3,3
240178,1,1,0,0,7,0,0,0,0,0,0,0
240179,1,1,0,0,0,0,0,0,0,0,0,0
240180,1,1,0,0,0,0,0,0,0,0,0,0
240180,2,1,0,0,0,0,0,0,0,0,0,0
240181,1,1,0,0,0,0,0,0,0,0,0,0
240182,1,1,0,0,0,0,0,0,0,0,0,0
240182,2,1,0,0,0,0,0,0,0,0,0,0
240183,1,1,0,0,0,0,0,0,0,0,0,0
240184,1,1,0,0,0,0,0,0,0,0,0,0
240185,1,1,8,8,8,8,8,8,8,8,8,8
240186,1,1,0,0,0,0,0,0,0,0,0,0
240187,1,1,0,0,0,0,0,0,0,0,0,0
240187,2,1,0,0,0,0,0,0,0,0,0,0
240187,3,1,0,0,0,0,0,0,0,0,0,0
240188,0,1,0,0,0,0,0,0,0,0,0,0
240188,1,1,0,0,0,0,0,0,19,0,0,0
240189,1,1,0,0,0,0,0,0,0,0,0,0
240190,1,1,0,0,0,0,0,0,0,0,0,0
240191,1,1,0,0,0,0,0,0,0,0,0,0
240192,1,1,0,0,0,0,0,0,0,0,0,0
240192,2,1,0,0,0,0,0,0,0,0,0,0
240193,0,1,0,0,14,18,0,13,15,0,13,25
240193,1,1,0,0,0,0,0,0,8,0,0,0
240194,1,1,0,0,0,0,0,0,0,0,0,0
240195,1,1,0,0,0,0,0,0,0,0,0,0
240195,2,1,0,0,11,0,0,0,0,0,0,0
240196,1,1,0,0,0,0,0,0,0,0,0,0
240196,2,1,0,0,0,0,0,0,0,0,0,0
240196,3,1,0,0,0,0,0,0,0,0,0,0
240197,1,1,16,16,16,16,16,16,16,16,16,16
240198,0,1,0,0,0,0,0,0,0,0,0,0
240198,1,1,0,0,0,0,0,0,0,0,0,0
240199,0,1,0,0,0,0,0,0,0,0,0,0
240199,1,1,0,0,0,21,0,0,0,0,0,0
240200,1,1,22,22,22,22,22,22,22,22,22,22
240200,2,1,11,11,11,11,11,11,11,11,11,11
240201,1,1,18,18,18,18,18,18,18,18,18,18
240202,1,1,0,0,0,0,0,0,0,0,0,0
240202,2,1,0,0,0,0,0,0,0,0,0,0
240202,3,1,0,0,0,0,0,0,0,0,0,0
240202,4,1,0,0,2,0,0,0,0,0,0,0
240203,1,1,0,0,0,0,0,0,0,0,0,0
240203,2,1,0,0,0,0,0,0,0,0,0,0
240203,3,1,0,0,0,0,0,0,0,0,0,0
240204,1,1,0,0,0,0,0,0,0,0,0,0
240205,1,1,0,0,0,0,0,0,0,0,0,0
240205,2,1,0,0,0,0,0,0,0,0,0,0
240206,0,1,15,15,15,15,15,15,15,15,15,15
240206,1,1,0,0,0,30,0,20,13,15,0,0
240207,1,1,0,0,0,0,0,0,0,0,0,0
240208,0,1,23,23,23,23,23,23,23,23,23,23
240208,1,1,0,0,0,0,0,0,0,0,0,0
240209,1,1,6,6,6,6,6,6,6,6,6,6
240210,0,1,0,0,0,0,0,0,0,0,0,0
240210,1,1,0,0,0,0,0,0,0,0,0,0
240210,2,1,0,0,0,0,0,0,0,0,0,36
240210,3,1,0,0,0,0,25,0,11,0,0,0
240211,1,1,0,0,0,0,0,0,0,0,0,0
240212,1,1,14,14,14,14,14,14,14,14,14,14
240213,0,1,20,20,20,20,20,20,20,20,20,20
240213,1,1,17,0,0,15,20,5,0,19,30,0
240214,0,1,11,11,11,11,11,11,11,11,11,11
240214,1,1,0,0,0,0,0,0,0,0,0,0
240215,1,1,4,4,4,4,4,4,4,4,4,4
240216,1,1,4,4,4,4,4,4,4,4,4,4
240217,1,1,0,0,0,0,0,0,0,0,0,0
240217,2,1,0,0,0,0,0,0,0,0,0,0
240218,1,1,0,0,0,0,0,0,0,0,0,0
240218,2,1,0,0,0,0,0,0,0,0,0,0
240219,1,1,0,0,0,0,0,0,0,0,0,0
240219,2,1,0,0,0,0,0,0,0,0,0,0
240219,3,1,0,0,0,0,0,0,0,0,0,0
240220,1,1,0,0,0,0,0,0,0,0,0,0
240220,2,1,0,0,0,0,0,0,0,0,0,0
240221,1,1,41,41,41,41,41,41,41,41,41,41
240221,2,1,0,0,0,0,0,0,0,0,0,0
240222,0,1,0,0,0,0,0,0,0,0,0,0
240222,1,1,19,19,19,19,19,19,19,19,19,19
240223,1,1,0,0,0,0,0,0,0,0,0,0
240224,1,1,0,0,0,0,0,0,0,0,0,0
240225,1,1,0,0,0,0,0,0,0,0,0,0
240226,0,1,0,0,0,0,0,0,0,0,0,0
240226,1,1,0,0,0,0,0,0,0,0,0,0
240227,1,1,0,0,0,0,0,0,0,0,0,0
240227,2,1,0,0,0,0,0,0,0,0,0,0
240228,1,1,8,8,8,8,8,8,8,8,8,8
240228,2,1,0,0,0,0,0,0,0,0,0,0
240229,1,1,0,0,0,0,0,0,0,0,0,0
240229,2,1,0,0,0,0,0,0,0,0,0,0
240230,1,1,24,24,24,24,24,24,24,24,24,24
240231,1,1,2,2,2,2,2,2,2,2,2,2
240232,1,1,17,17,17,17,17,17,17,17,17,17
240232,2,1,0,10,0,0,0,0,0,0,0,0
240233,1,1,0,0,0,0,0,0,0,0,0,0
240233,2,1,2,2,2,2,2,2,2,2,2,2
240234,1,1,7,7,7,7,7,7,7,7,7,7
240234,2,1,0,0,0,0,0,0,0,0,0,0
240235,1,1,0,0,0,0,0,0,0,0,0,0
240236,0,1,0,0,0,0,0,0,0,0,0,0
240236,1,1,2,0,0,7,0,3,0,0,8,0
240236,2,1,0,0,0,0,0,0,0,0,0,0
240237,1,1,0,0,0,0,0,0,0,0,0,0
240237,2,1,0,0,0,0,0,0,0,0,0,0
240238,1,1,20,20,20,20,20,20,20,20,20,20
240238,2,1,0,0,0,0,0,18,0,0,0,0
240239,1,1,0,0,0,0,0,0,0,0,0,0
240239,2,1,0,0,0,0,0,0,0,0,0,0
240241,0,1,30,53,21,23,10,30,20,20,18,16
240241,1,1,0,0,0,15,0,0,0,0,0,0
240242,1,1,0,0,0,0,0,0,0,0,0,0