ST_CASE,VEH_NO,PER_NO,P1,P2,P3,P4,P5,P6,P7,P8,P9,P10
240243,1,1,17,17,17,17,17,17,17,17,17,17
240243,2,1,0,0,0,0,0,0,0,0,0,0
240244,1,1,22,22,22,22,22,22,22,22,22,22
240245,1,1,0,0,0,0,0,0,0,0,0,0
240245,2,1,11,11,11,11,11,11,11,11,11,11
240246,1,1,0,0,0,0,0,0,0,20,0,0
240246,2,1,1,1,1,1,1,1,1,1,1,1
240247,1,1,19,19,19,19,19,19,19,19,19,19
240247,2,1,0,0,0,0,11,0,0,0,0,0
240248,1,1,0,0,0,0,0,0,0,0,0,0
240248,2,1,0,0,0,0,0,0,0,0,0,0
240249,1,1,0,0,0,0,0,0,0,0,0,0
240250,1,1,19,19,19,19,19,19,19,19,19,19
240251,1,1,0,0,0,0,0,0,0,0,0,0
240251,2,1,0,0,0,0,0,0,0,0,0,0
240252,1,1,17,0,0,0,0,0,0,0,0,0
240253,0,1,8,0,31,18,8,0,24,0,0,7
240253,1,1,0,0,0,0,1,0,0,0,0,0
240254,1,1,25,25,25,25,25,25,25,25,25,25
240254,2,1,0,0,0,0,0,0,0,0,0,0
240255,1,1,18,18,18,18,18,18,18,18,18,18
240255,2,1,0,0,9,20,0,0,0,0,8,0
240256,1,1,17,0,0,0,0,0,0,0,0,13
240256,2,1,0,0,0,0,0,0,0,0,0,0
240257,1,1,0,0,0,0,0,0,0,0,0,0
240257,2,1,26,26,26,26,26,26,26,26,26,26
240258,1,1,0,0,0,0,0,0,0,0,0,0
240258,2,1,0,0,0,0,0,0,0,0,0,0
240259,1,1,23,23,23,23,23,23,23,23,23,23
240259,2,1,4,4,4,4,4,4,4,4,4,4
240260,1,1,0,0,0,0,0,0,0,0,0,0
240260,2,1,0,0,0,0,0,0,0,0,0,0
240261,1,1,0,0,0,0,0,0,0,0,0,0
240261,2,1,0,0,0,0,0,0,0,0,0,0
240262,0,1,0,0,0,0,0,17,0,0,21,0
240262,1,1,0,0,0,0,0,0,0,0,0,0
240263,1,1,12,12,12,12,12,12,12,12,12,12
240263,2,1,0,0,16,0,0,0,0,0,0,0
240264,1,1,18,18,18,18,18,18,18,18,18,18
240265,1,1,33,33,33,33,33,33,33,33,33,33
240266,1,1,12,12,12,12,12,12,12,12,12,12
240267,1,1,0,0,0,0,0,0,0,0,0,0
240267,2,1,0,0,0,0,0,18,0,20,0,20
240268,1,1,0,0,0,0,0,0,0,0,0,0
240268,2,1,0,0,0,0,0,0,0,0,0,0
240269,1,1,6,6,6,6,6,6,6,6,6,6
240270,0,1,39,39,39,39,39,39,39,39,39,39
240270,1,1,0,0,0,0,6,0,0,0,1,0
240270,2,1,0,0,0,0,0,8,4,0,0,0
240271,1,1,19,19,19,19,19,19,19,19,19,19
240272,1,1,16,16,16,16,16,16,16,16,16,16
240273,1,1,28,28,28,28,28,28,28,28,28,28
240274,1,1,0,0,0,0,0,0,0,0,0,0
240275,1,1,0,0,0,0,0,0,0,0,0,0
240275,2,1,0,0,0,0,0,0,0,0,0,0
240276,1,1,21,21,21,21,21,21,21,21,21,21
240276,2,1,0,0,0,0,0,0,0,0,0,0
240277,0,1,0,0,0,0,0,0,0,0,12,0
240277,0,2,0,0,0,0,0,0,0,0,0,0
240277,0,3,0,0,0,0,0,0,0,0,0,0
240277,1,1,0,0,0,0,0,0,0,0,0,0
240278,1,1,0,0,0,0,0,0,0,0,0,0
240278,2,1,0,0,0,0,0,0,0,0,0,0
240279,0,1,0,0,0,0,0,0,0,0,0,0
240279,0,2,0,0,0,0,0,0,0,0,0,0
240279,0,3,0,0,0,0,0,0,0,0,0,0
240279,1,1,0,0,0,0,0,0,0,0,0,0
240280,1,1,0,0,0,0,0,0,0,0,0,0
240280,2,1,0,0,0,0,0,0,0,0,0,0
240281,1,1,14,14,14,14,14,14,14,14,14,14
240281,2,1,0,0,0,0,0,0,0,0,0,0
240282,1,1,4,4,4,4,4,4,4,4,4,4
240282,2,1,0,0,0,0,0,0,0,0,0,0
240283,1,1,8,8,8,8,8,8,8,8,8,8
240283,2,1,0,0,0,0,0,0,0,0,0,0
240284,1,1,0,0,0,0,0,0,0,0,0,0
240284,2,1,0,5,0,0,0,0,0,0,0,0
240285,1,1,1,1,1,1,1,1,1,1,1,1
240285,2,1,9,9,9,9,9,9,9,9,9,9
240286,1,1,14,14,14,14,14,14,14,14,14,14
240287,1,1,0,0,0,0,0,0,0,0,0,0
240287,2,1,10,10,10,10,10,10,10,10,10,10
240287,3,1,0,0,0,0,0,0,0,0,0,0
240288,1,1,0,0,0,0,0,0,0,0,0,0
240288,2,1,0,0,0,0,0,0,0,0,0,0
240288,3,1,0,0,0,0,0,0,0,0,0,0
240288,4,1,0,0,0,0,0,0,0,0,0,0
240289,0,1,0,0,0,0,0,0,0,0,0,0
240289,1,1,0,0,0,0,20,0,0,0,0,0
240290,1,1,23,23,23,23,23,23,23,23,23,23
240290,2,1,0,11,0,0,0,0,0,0,0,0
240291,0,1,0,0,0,13,0,0,0,0,0,0
240291,1,1,0,0,0,0,0,0,0,0,0,0
240292,1,1,13,13,13,13,13,13,13,13,13,13
240293,1,1,14,14,14,14,14,14,14,14,14,14
240294,1,1,0,0,0,0,0,0,0,0,0,0
240294,2,1,0,0,0,14,0,0,0,0,0,0
240294,3,1,0,0,0,0,0,0,0,0,0,0
240294,4,1,0,0,7,0,0,0,0,0,0,0
240295,1,1,0,0,0,0,0,0,0,0,0,0
240296,0,1,0,0,0,0,0,0,0,0,0,0
240296,1,1,12,0,22,0,11,0,21,15,0,0
240297,1,1,0,0,0,0,0,0,0,0,0,0
240298,1,1,0,0,0,0,0,0,0,0,0,0
240298,2,1,0,0,0,0,0,0,0,0,0,0
240298,3,1,0,0,0,0,0,0,0,0,0,0
240299,1,1,0,0,0,0,0,0,0,0,0,0
240299,2,1,0,0,0,0,0,0,0,0,0,0
240299,3,1,0,0,0,0,0,0,0,0,0,0
240299,4,1,0,0,0,0,0,0,0,0,0,0
240300,0,1,0,0,0,0,0,0,0,0,0,0
240300,1,1,0,0,0,0,0,0,0,0,0,0
240301,1,1,2,2,2,2,2,2,2,2,2,2
240301,2,1,0,0,0,0,0,0,0,0,0,0
240302,0,1,0,0,0,0,0,0,0,0,0,0
240302,1,1,0,0,0,0,0,0,0,0,0,0
240303,1,1,0,0,0,0,0,0,0,0,0,0
240303,2,1,0,0,0,0,0,0,0,0,0,16
240304,0,1,0,0,0,0,0,0,0,0,0,0
240304,1,1,0,0,0,0,0,0,0,0,0,0
240305,1,1,0,0,0,0,0,0,0,0,0,0
240305,2,1,0,0,0,0,0,0,0,0,0,0
240305,3,1,0,0,0,0,0,0,0,0,0,0
240305,4,1,0,0,0,0,0,0,0,0,0,0
240306,1,1,20,20,20,20,20,20,20,20,20,20
240307,1,1,0,0,0,0,0,0,0,0,0,0
240308,1,1,0,0,0,0,0,0,0,0,0,0
240308,2,1,0,0,0,0,0,0,0,0,0,0
240309,1,1,0,0,0,0,0,0,0,0,0,0
240310,1,1,0,0,0,0,0,0,0,0,0,0
240311,1,1,7,7,7,7,7,7,7,7,7,7
240312,1,1,0,0,0,0,0,0,0,0,0,0
240313,1,1,0,0,0,0,0,0,0,0,0,0
240313,2,1,0,0,0,0,0,0,0,0,0,0
240314,0,1,0,0,0,0,0,0,0,0,0,0
240314,1,1,0,15,0,0,0,0,0,0,0,0
240315,1,1,0,0,0,0,0,0,0,0,0,0
240316,1,1,18,18,18,18,18,18,18,18,18,18
240316,2,1,0,0,0,0,0,0,0,0,0,0
240317,1,1,7,7,7,7,7,7,7,7,7,7
240317,2,1,8,0,0,0,0,0,0,0,0,0
240318,1,1,8,8,8,8,8,8,8,8,8,8
240319,0,1,34,34,34,34,34,34,34,34,34,34
240319,1,1,0,0,10,0,0,0,0,0,0,0
240319,2,1,0,0,0,0,0,0,0,0,0,0
240320,0,1,0,0,0,0,0,0,0,0,0,0
240320,1,1,0,0,0,15,0,14,0,0,0,0
240320,2,1,0,0,0,0,0,0,0,0,0,0
240321,1,1,0,0,0,0,0,0,0,0,0,0
240322,1,1,23,23,23,23,23,23,23,23,23,23
240323,1,1,0,0,0,0,0,0,0,0,0,0
240324,1,1,9,9,9,9,9,9,9,9,9,9
240325,1,1,0,0,0,0,0,0,0,0,0,0
240326,1,1,0,0,0,0,0,0,0,0,0,0
240326,2,1,0,0,0,0,0,0,0,0,0,0
240327,1,1,0,0,0,0,0,0,0,0,0,0
240327,2,1,0,0,0,0,0,0,0,0,0,0
240328,0,1,0,0,0,0,0,0,0,0,0,0
240328,1,1,0,0,0,0,0,0,0,0,0,0
240329,0,1,0,0,0,0,0,0,0,0,0,0
240329,1,1,0,0,0,0,0,0,0,0,0,0
240330,0,1,0,0,0,0,0,0,0,0,0,0
240330,1,1,7,7,7,7,7,7,7,7,7,7
240331,1,1,0,0,0,0,0,0,16,0,0,0
240331,2,1,0,0,0,0,0,0,0,0,0,0
240332,0,1,0,0,0,0,0,0,0,17,0,0
240332,1,1,10,0,9,22,22,9,0,21,25,0
240333,0,1,0,0,0,0,0,0,0,0,0,0
240333,1,1,0,0,0,38,0,0,0,30,0,0
240334,0,1,0,0,0,0,0,0,0,0,0,0
240334,1,1,0,0,0,0,0,13,0,0,0,17
240335,1,1,0,0,0,0,0,0,0,0,0,0
240335,2,1,11,11,11,11,11,11,11,11,11,11
240336,1,1,19,19,19,19,19,19,19,19,19,19
240337,1,1,0,0,0,0,0,0,0,0,0,0
240337,2,1,0,0,0,0,0,0,0,0,0,0
240338,0,1,6,0,22,0,11,7,18,16,7,0
240338,1,1,0,0,0,0,0,0,0,0,0,0
240339,0,1,21,21,21,21,21,21,21,21,21,21
240339,0,2,16,16,16,16,16,16,16,16,16,16
240339,1,1,13,13,13,13,13,13,13,13,13,13
240340,0,1,0,0,0,0,0,0,0,0,0,0
240340,1,1,0,0,0,0,0,0,0,0,0,0
240341,1,1,0,0,0,0,0,0,0,0,0,0
240342,0,1,0,0,0,0,0,0,0,0,0,0
240342,1,1,0,27,13,0,16,0,0,0,0,9
240343,1,1,0,0,0,0,0,0,0,0,0,0
240344,1,1,0,0,0,0,0,0,0,0,0,0
240344,2,1,0,0,0,0,0,0,0,0,0,0
240345,1,1,0,0,0,0,0,0,0,0,0,0
240345,2,1,0,0,0,0,0,0,0,0,0,0
240346,1,1,19,19,19,19,19,19,19,19,19,19
240347,1,1,24,24,24,24,24,24,24,24,24,24
240348,0,1,0,0,0,0,0,0,0,0,0,0
240348,1,1,0,0,0,0,0,0,0,0,0,0
240349,1,1,9,9,9,9,9,9,9,9,9,9
240350,0,1,0,0,0,0,0,0,0,0,0,0
240350,1,1,17,0,0,0,0,0,0,0,0,0
240350,2,1,0,0,0,0,0,0,0,0,0,0
240351,0,1,0,0,0,0,0,0,0,0,0,0
240351,0,2,0,0,0,0,0,0,0,0,0,0
240351,1,1,0,0,0,0,0,0,0,0,0,0
240352,1,1,19,19,19,19,19,19,19,19,19,19
240352,2,1,2,2,2,2,2,2,2,2,2,2
240353,1,1,0,0,0,0,0,0,0,0,0,0
240354,0,1,0,0,0,0,0,0,0,0,0,0
240354,1,1,0,0,0,0,0,0,0,0,0,0
240355,1,1,15,15,15,15,15,15,15,15,15,15
240356,1,1,0,0,0,0,0,0,0,0,0,0
240357,1,1,0,0,0,0,0,0,0,0,0,0
240357,2,1,0,0,0,0,0,0,0,0,0,0
240358,0,1,0,0,0,0,0,0,0,0,0,6
240358,0,2,0,9,0,0,0,0,0,0,0,0
240358,0,3,0,0,0,0,0,0,0,0,0,0
240358,1,1,0,0,0,0,0,0,0,0,0,0
240359,0,1,0,0,0,0,0,0,0,0,0,0
240360,1,1,4,4,4,4,4,4,4,4,4,4
240360,2,1,28,0,14,23,0,0,0,0,0,0
240361,1,1,0,0,0,0,0,0,0,0,0,0
240362,1,1,0,0,0,0,0,0,0,0,0,0
240363,1,1,0,0,0,0,0,0,0,0,0,0
240364,0,1,0,0,0,0,0,0,0,0,0,0
240365,1,1,0,0,0,0,0,0,0,0,0,0
240365,2,1,0,0,0,0,0,0,0,0,0,0
240366,0,1,0,0,0,0,0,0,0,0,0,0
240366,1,1,0,0,0,0,0,0,0,0,0,0
240367,1,1,15,15,15,15,15,15,15,15,15,15
240368,1,1,21,21,21,21,21,21,21,21,21,21
240368,2,1,0,0,0,0,0,0,0,0,0,0
240369,1,1,0,0,0,0,0,0,0,0,0,0
240370,1,1,0,0,0,0,0,0,0,0,0,0
240371,1,1,0,0,0,0,0,0,0,0,0,0
240371,2,1,8,0,0,26,0,13,0,0,23,0
240371,3,1,0,0,0,0,0,0,0,0,0,0
240372,0,1,0,0,0,0,0,0,0,0,0,0
240372,1,1,0,0,0,0,0,0,0,0,0,0
240373,1,1,8,8,8,8,8,8,8,8,8,8
240374,1,1,9,9,9,9,9,9,9,9,9,9
240375,1,1,23,23,23,23,23,23,23,23,23,23
240376,1,1,0,0,0,0,0,0,0,0,0,0
240376,2,1,0,0,0,0,0,0,0,0,0,0
240377,1,1,2,2,2,2,2,2,2,2,2,2
240377,2,1,0,0,0,0,0,0,0,0,0,0
240378,0,1,0,0,28,0,0,0,0,0,0,17
240378,1,1,0,0,0,0,0,0,0,0,0,0
240379,1,1,0,0,0,0,0,0,0,0,0,0
240379,2,1,0,0,0,0,0,0,0,0,0,0
240379,3,1,0,0,0,0,0,0,0,0,0,0
240379,4,1,0,0,0,0,0,0,0,0,0,0
240380,1,1,0,0,0,0,0,0,0,0,0,0
240380,2,1,0,0,0,0,0,0,0,0,10,0
240381,1,1,0,0,0,0,0,0,0,0,0,0
240382,1,1,0,0,0,0,0,0,0,0,0,0
240382,2,1,0,0,0,0,0,0,0,0,0,0
240383,1,1,0,0,0,0,0,0,0,0,0,0
240383,2,1,0,0,0,0,0,0,0,0,0,0
240383,3,1,0,0,0,0,0,0,0,0,0,0
240384,1,1,0,0,0,0,0,0,0,15,0,0
240384,2,1,0,0,0,0,0,0,0,0,0,0
240384,3,1,0,0,0,0,0,0,0,0,0,0
240385,1,1,6,6,6,6,6,6,6,6,6,6
240386,1,1,0,0,0,0,0,0,0,0,0,0
240386,2,1,0,0,0,0,0,0,0,0,0,0
240387,1,1,0,0,0,0,0,0,0,0,0,0
240389,1,1,7,7,7,7,7,7,7,7,7,7
240390,0,1,0,0,0,0,0,0,0,0,0,0
240390,1,1,0,0,0,0,0,0,0,0,17,0
240391,1,1,20,20,20,20,20,20,20,20,20,20
240392,0,1,14,14,14,14,14,14,14,14,14,14
240392,1,1,17,0,0,0,12,0,0,0,0,0
240393,1,1,0,0,0,0,0,0,0,0,0,0
240394,1,1,9,9,9,9,9,9,9,9,9,9
240395,1,1,13,13,13,13,13,13,13,13,13,13
240395,2,1,0,0,0,0,0,0,0,0,0,0
240396,1,1,0,0,0,0,0,0,0,15,31,0
240396,2,1,9,9,9,9,9,9,9,9,9,9
240397,1,1,0,0,0,0,0,0,0,0,0,0
240397,2,1,0,0,0,0,0,0,0,0,0,0
240398,1,1,0,0,0,0,0,0,0,0,0,0
240399,1,1,0,0,0,0,0,0,0,0,0,0
240400,1,1,23,23,23,23,23,23,23,23,23,23
240401,1,1,8,8,8,8,8,8,8,8,8,8
240402,1,1,8,8,8,8,8,8,8,8,8,8
240403,0,1,0,0,0,0,0,0,0,0,0,0
240403,1,1,0,0,0,0,0,0,0,0,0,0
240404,1,1,0,0,0,0,0,0,0,0,0,0
240404,2,1,0,0,0,0,0,0,0,0,0,0
240405,1,1,0,0,0,0,0,0,0,0,0,0
240405,2,1,0,0,0,0,0,0,0,0,0,0
240406,0,1,18,18,18,18,18,18,18,18,18,18
240406,1,1,9,0,27,21,6,8,4,21,9,12
240407,1,1,0,0,0,0,0,0,0,0,0,0
240407,2,1,0,0,0,0,0,0,0,0,0,0
240408,0,1,0,0,0,0,0,0,0,0,0,0
240408,0,2,0,0,0,0,0,0,0,0,0,0
240408,1,1,0,0,0,5,0,13,0,0,0,0
240409,1,1,22,22,22,22,22,22,22,22,22,22
240410,1,1,0,0,0,0,0,0,0,0,0,0
240411,1,1,0,0,0,0,0,0,0,0,0,0
240411,2,1,0,0,0,0,0,0,0,0,0,0
240411,3,1,0,0,0,0,0,0,0,0,0,0
240411,4,1,0,0,0,0,0,0,0,0,0,0
240412,1,1,0,0,0,0,0,0,0,0,0,0
240412,3,1,0,0,0,0,0,0,0,0,0,0
240412,4,1,0,0,0,0,0,0,0,0,0,0
240413,0,1,0,0,0,0,0,0,0,0,0,0
240413,1,1,0,0,0,0,17,0,0,0,0,0
240414,0,1,0,0,0,0,0,0,0,0,0,0
240414,1,1,0,0,0,0,0,0,0,0,0,0
240415,1,1,0,0,0,0,0,0,0,0,0,0
240416,0,1,0,0,0,0,0,0,0,0,0,0
240416,1,1,0,0,0,0,0,0,0,0,0,0
240416,2,1,0,0,0,0,0,0,0,0,0,0
240416,3,1,0,0,0,0,0,0,0,0,5,0
240417,1,1,23,23,23,23,23,23,23,23,23,23
240418,1,1,0,0,0,0,0,0,0,0,0,0
240419,1,1,0,0,0,0,0,0,0,0,0,0
240419,2,1,0,0,0,0,0,0,0,0,0,0
240420,1,1,12,12,12,12,12,12,12,12,12,12
240421,0,1,0,0,0,0,0,0,0,0,0,0
240421,0,2,0,0,0,0,0,0,0,0,0,0
240421,1,1,0,0,0,0,0,0,0,0,0,0
240422,1,1,8,8,8,8,8,8,8,8,8,8
240422,2,1,0,0,0,0,0,0,0,0,0,0
240423,1,1,20,20,20,20,20,20,20,20,20,20
240424,1,1,0,0,0,0,0,0,0,0,0,0
240424,2,1,0,0,19,0,0,0,6,0,0,0
240425,0,1,0,0,0,0,0,0,0,0,0,0
240425,1,1,0,0,0,0,0,0,0,0,0,0
240426,1,1,29,29,29,29,29,29,29,29,29,29
240427,1,1,0,0,0,0,0,0,0,0,0,0
240427,2,1,0,0,0,0,0,0,0,0,0,0
240428,0,1,0,0,0,0,0,0,0,0,0,0
240428,1,1,0,0,0,0,0,0,0,0,0,0
240429,1,1,0,0,0,0,0,0,0,0,0,0
240429,2,1,0,0,0,0,0,0,0,0,0,0
240429,3,1,0,0,0,0,0,0,0,0,0,0
240430,1,1,24,24,24,24,24,24,24,24,24,24
240430,2,1,0,0,10,0,0,0,0,0,0,0
240431,1,1,0,0,0,0,0,0,0,0,0,0
240431,2,1,0,0,0,0,0,0,0,0,0,0
240432,1,1,26,26,26,26,26,26,26,26,26,26
240432,2,1,0,0,0,0,0,0,0,0,0,0
240433,1,1,13,13,13,13,13,13,13,13,13,13
240434,1,1,11,11,11,11,11,11,11,11,11,11
240435,1,1,26,26,26,26,26,26,26,26,26,26
240436,0,1,0,0,0,0,0,0,0,0,0,0
240436,1,1,0,0,0,0,0,0,0,0,0,0
240437,1,1,0,0,0,0,0,0,0,0,0,0
240438,1,1,0,0,0,0,0,0,0,0,0,0
240438,2,1,0,0,0,0,0,0,0,0,0,0
240438,3,1,0,0,0,0,0,0,0,0,0,0
240438,4,1,0,0,0,0,0,0,0,0,0,0
240439,1,1,25,25,25,25,25,25,25,25,25,25
240439,2,1,0,0,24,0,0,0,0,0,0,0
240440,1,1,20,20,20,20,20,20,20,20,20,20
240441,1,1,0,0,0,0,0,0,0,0,0,0
240442,1,1,16,16,16,16,16,16,16,16,16,16
240443,1,1,10,10,10,10,10,10,10,10,10,10
240444,1,1,27,27,27,27,27,27,27,27,27,27
240445,1,1,0,0,0,0,0,0,0,0,0,0
240445,2,1,0,0,0,0,0,0,0,0,0,0
240446,1,1,18,18,18,18,18,18,18,18,18,18
240447,0,1,5,0,0,0,0,0,0,0,0,0
240447,0,2,0,0,0,3,5,9,0,0,0,0
240447,0,3,0,0,0,0,0,0,0,0,0,0
240447,1,1,0,0,0,0,0,0,0,0,0,0
240448,1,1,26,26,26,26,26,26,26,26,26,26
240449,1,1,0,0,0,0,0,0,0,0,0,0
240450,1,1,0,0,0,0,0,0,0,0,0,0
240451,1,1,0,0,0,0,0,0,0,0,0,0
240452,0,1,0,0,0,0,0,0,0,0,0,0
240452,1,1,0,0,0,0,0,0,0,0,0,0
240452,2,1,14,0,0,0,0,11,0,0,0,0
240453,1,1,0,0,0,0,0,0,0,0,0,0
240454,1,1,7,7,7,7,7,7,7,7,7,7
240455,1,1,11,11,11,11,11,11,11,11,11,11
240456,1,1,16,16,16,16,16,16,16,16,16,16
240457,1,1,0,0,0,0,0,0,0,0,0,0
240458,1,1,13,13,13,13,13,13,13,13,13,13
240459,0,1,0,0,0,0,0,0,0,0,0,0
240459,1,1,0,11,5,12,0,22,5,0,0,19
240459,2,1,4,0,0,0,0,0,0,13,0,18
240460,1,1,19,19,19,19,19,19,19,19,19,19
240460,2,1,0,0,0,0,0,0,0,0,0,0
240461,1,1,0,0,0,0,0,0,0,0,0,0
240462,1,1,0,0,0,0,0,0,0,0,0,0
240463,1,1,19,19,19,19,19,19,19,19,19,19
240463,2,1,0,0,0,0,0,0,0,0,0,0
240464,1,1,16,16,16,16,16,16,16,16,16,16
240465,1,1,4,4,4,4,4,4,4,4,4,4
240465,2,1,0,0,0,0,0,0,0,21,0,0
240465,3,1,0,0,0,0,0,0,0,0,0,0
240466,0,1,0,8,0,18,20,19,0,18,8,0
240466,1,1,0,0,17,2,17,15,6,0,0,0
240467,1,1,0,0,0,0,0,0,0,0,0,0
240467,2,1,0,15,12,0,16,0,0,0,0,0
240467,3,1,0,0,8,0,0,11,0,0,0,0
250001,1,1,0,0,0,0,0,0,0,0,0,0
250002,0,1,22,22,22,22,22,22,22,22,22,22
250002,1,1,0,5,10,0,13,0,0,0,0,0
250003,1,1,0,0,0,0,0,0,0,0,0,0
250003,2,1,0,0,26,0,0,0,0,0,0,19
250003,3,1,0,31,0,11,0,0,20,0,0,0
250003,4,1,0,0,0,0,0,0,0,0,0,0
250004,1,1,0,0,0,0,0,0,0,0,0,0
250004,2,1,6,6,6,6,6,6,6,6,6,6
250005,0,1,11,11,11,11,11,11,11,11,11,11
250005,1,1,7,0,0,0,0,0,0,17,0,0
250006,1,1,0,0,0,0,0,0,0,0,0,0
250007,1,1,0,0,0,0,0,0,0,0,0,0
250008,1,1,18,18,18,18,18,18,18,18,18,18
250009,1,1,17,17,17,17,17,17,17,17,17,17
250010,1,1,14,18,13,0,20,8,21,21,9,7
250011,1,1,11,11,11,11,11,11,11,11,11,11
250012,0,1,0,0,0,0,0,0,0,0,0,0
250012,1,1,0,0,0,0,13,0,0,11,0,23
250013,0,1,0,0,18,0,0,0,0,0,0,0
250013,1,1,0,0,0,19,0,0,11,0,0,0
250014,0,1,0,0,0,0,0,0,0,0,0,0
250014,1,1,0,0,0,0,0,0,0,12,0,0
250015,1,1,0,0,0,0,0,0,0,0,0,0
250016,1,1,0,0,0,0,0,0,0,0,0,0
250017,0,1,0,0,0,0,0,0,0,0,0,0
250017,1,1,0,0,0,0,0,0,0,0,0,0
250018,0,1,0,0,0,0,0,0,0,0,0,0
250018,1,1,16,16,16,16,16,16,16,16,16,16
250019,1,1,16,16,16,16,16,16,16,16,16,16
250020,1,1,26,26,26,26,26,26,26,26,26,26
250021,1,1,23,23,23,23,23,23,23,23,23,23
250022,1,1,8,8,8,8,8,8,8,8,8,8
250023,1,1,28,28,28,28,28,28,28,28,28,28
250024,1,1,22,22,22,22,22,22,22,22,22,22
250025,1,1,21,21,21,21,21,21,21,21,21,21
250026,1,1,9,9,9,9,9,9,9,9,9,9
250027,1,1,0,0,0,0,0,0,0,0,0,0
250028,1,1,6,6,6,6,6,6,6,6,6,6
250029,1,1,0,0,0,0,0,0,0,22,0,25
250030,1,1,0,0,0,0,0,0,0,0,0,0
250031,1,1,23,23,23,23,23,23,23,23,23,23
250032,1,1,18,18,18,18,18,18,18,18,18,18
250033,1,1,2,2,2,2,2,2,2,2,2,2
250034,1,1,0,0,0,0,0,0,0,0,0,0
250035,1,1,0,0,0,0,0,0,0,0,0,0
250036,1,1,0,24,15,0,26,0,8,0,0,0
250038,1,1,0,0,0,0,0,0,0,0,0,0
250039,1,1,0,0,0,0,0,0,0,0,0,0
250040,1,1,5,5,5,5,5,5,5,5,5,5
250041,1,1,0,0,0,0,0,0,0,0,0,0
250042,0,1,0,0,0,0,0,0,0,0,0,0
250042,1,1,29,15,0,0,0,3,0,0,0,0
250043,0,1,0,0,0,0,0,0,0,0,0,0
250043,1,1,20,29,4,10,19,0,13,6,0,12
250044,1,1,0,0,0,0,0,0,0,0,0,0
250045,1,1,0,0,0,0,0,0,5,0,0,0
250045,2,1,0,0,0,0,37,0,0,0,34,0
250046,1,1,0,0,0,21,0,0,18,0,12,0
250046,2,1,0,0,0,0,2,0,0,8,0,2
250046,3,1,0,0,0,0,0,0,0,0,0,0
250047,1,1,0,0,0,0,0,0,0,0,0,0
250047,2,1,5,0,0,0,0,0,0,0,0,0
250048,1,1,0,0,0,0,0,5,0,0,0,0
250048,2,1,5,0,0,0,0,6,0,0,0,0
250049,1,1,0,0,0,0,0,0,0,0,0,0
250049,2,1,36,17,0,12,0,26,13,37,16,17
250050,1,1,14,14,14,14,14,14,14,14,14,14
250051,1,1,0,0,0,0,0,0,0,0,0,0
250051,2,1,0,0,0,0,0,0,0,0,0,0
250052,1,1,14,20,6,11,0,0,0,0,0,0
250053,1,1,0,0,0,0,0,0,0,0,0,0
250053,2,1,7,7,7,7,7,7,7,7,7,7
250054,0,1,0,0,0,0,0,0,0,0,0,0
250054,1,1,0,0,0,13,0,37,14,0,0,11
250055,1,1,0,0,0,0,0,0,0,0,0,0
250056,1,1,6,6,6,6,6,6,6,6,6,6
250057,1,1,0,0,0,0,0,0,0,0,0,0
250057,2,1,0,0,0,0,0,0,0,0,0,0
250058,1,1,0,0,0,0,0,0,0,0,0,0
250059,0,1,0,0,0,0,0,0,0,0,0,0
250059,1,1,0,0,0,3,0,0,0,0,0,0
250060,0,1,0,0,0,0,0,0,0,0,0,0
250060,1,1,0,0,0,0,18,0,0,0,0,0
250061,1,1,43,43,43,43,43,43,43,43,43,43
250062,1,1,0,0,0,0,0,0,0,0,0,0
250063,1,1,23,23,23,23,23,23,23,23,23,23
250064,1,1,21,21,21,21,21,21,21,21,21,21
250065,1,1,0,0,15,0,0,0,0,0,0,0
250066,1,1,0,0,0,0,0,0,0,0,0,0
250066,2,1,0,0,0,0,0,0,0,0,0,0
250067,0,1,0,0,0,0,0,0,0,0,0,0
250067,1,1,0,0,0,0,0,0,0,0,0,0
250068,1,1,29,7,21,12,27,21,5,18,14,9
250069,0,1,13,13,13,13,13,13,13,13,13,13
250069,1,1,0,16,0,0,23,0,7,0,0,0
250069,2,1,0,0,0,37,0,0,8,16,0,0
250070,0,1,31,0,8,12,0,14,2,0,11,0
250070,1,1,0,0,0,13,0,22,0,22,0,21
250071,0,1,21,21,21,21,21,21,21,21,21,21
250071,1,1,0,0,0,0,0,0,16,10,0,0
250072,0,1,0,0,0,0,0,0,0,0,0,0
250072,1,1,16,19,0,12,22,18,15,26,19,17
250073,0,1,0,0,0,0,0,0,0,0,0,0
250073,1,1,0,0,0,0,0,0,0,0,0,0
250074,1,1,22,22,22,22,22,22,22,22,22,22
250075,1,1,0,0,0,0,0,0,0,0,0,0
250076,1,1,0,9,0,0,10,0,0,7,9,0
250076,2,1,29,29,29,29,29,29,29,29,29,29
250077,1,1,0,0,0,0,0,0,0,0,0,0
250078,1,1,0,0,0,0,0,0,0,0,0,0
250078,2,1,0,0,29,0,7,22,0,0,0,0
250079,1,1,0,0,0,0,0,0,0,0,0,0
250080,1,1,0,0,0,0,0,0,0,0,0,0