ST_CASE,VEH_NO,PER_NO,P1,P2,P3,P4,P5,P6,P7,P8,P9,P10
250080,2,1,0,0,0,0,0,0,0,0,0,0
250081,1,1,24,24,24,24,24,24,24,24,24,24
250081,2,1,0,0,0,0,0,0,0,0,0,0
250082,1,1,0,0,0,0,0,0,0,0,0,0
250082,2,1,21,25,0,12,13,5,13,0,19,23
250083,1,1,0,6,0,0,10,0,0,0,0,0
250083,2,1,0,0,0,0,0,0,0,0,0,0
250084,1,1,0,0,0,0,0,0,0,0,0,0
250085,1,1,0,0,0,0,0,0,0,0,0,0
250086,1,1,0,0,0,0,0,0,0,0,0,0
250087,0,1,0,0,0,0,0,0,0,0,0,0
250087,1,1,20,0,0,17,0,0,0,0,15,0
250088,0,1,0,0,13,10,0,10,0,0,0,26
250088,1,1,15,0,0,16,0,0,0,24,10,0
250089,1,1,7,8,0,0,0,0,0,0,0,0
250090,1,1,0,0,0,9,0,0,0,0,0,0
250090,2,1,0,0,0,0,7,0,5,12,0,0
250091,1,1,8,8,8,8,8,8,8,8,8,8
250092,1,1,0,0,0,0,22,0,0,0,7,16
250093,1,1,16,16,16,16,16,16,16,16,16,16
250094,1,1,0,0,0,0,0,0,0,0,0,0
250094,2,1,0,0,0,0,0,0,0,0,0,0
250095,1,1,0,0,0,0,0,0,0,0,0,0
250095,2,1,0,0,0,0,0,0,0,0,0,0
250096,0,1,0,0,0,0,0,0,0,0,0,0
250096,1,1,23,5,21,16,6,19,23,20,24,19
250096,2,1,15,3,24,16,19,20,26,5,7,12
250097,1,1,0,0,0,0,0,0,0,0,0,0
250097,2,1,0,0,0,10,11,21,0,0,0,0
250097,3,1,0,0,0,23,7,0,20,17,0,19
250098,1,1,0,0,0,0,0,0,0,0,0,0
250098,2,1,19,0,0,13,0,0,0,0,0,0
250098,3,1,0,0,0,0,0,0,0,0,0,0
250098,4,1,0,0,0,0,12,0,14,0,0,0
250099,1,1,0,9,11,0,0,7,5,11,6,7
250099,2,1,0,7,19,0,36,16,16,0,0,23
250100,0,1,0,0,0,0,0,0,0,0,0,0
250100,1,1,0,0,0,0,0,0,0,0,0,0
250101,1,1,0,0,0,0,0,0,0,0,0,0
250102,0,1,1,1,1,1,1,1,1,1,1,1
250102,1,1,0,0,0,15,0,0,0,8,0,0
250103,0,1,0,0,0,0,0,0,0,0,0,0
250103,1,1,20,15,19,18,11,0,8,25,0,0
250104,1,1,19,19,19,19,19,19,19,19,19,19
250104,2,1,28,0,0,0,0,22,13,35,0,11
250105,1,1,18,18,18,18,18,18,18,18,18,18
250106,1,1,0,27,0,7,0,27,0,0,0,21
250107,0,1,3,3,3,3,3,3,3,3,3,3
250107,1,1,0,0,9,16,0,23,0,0,0,0
250108,0,1,0,0,0,0,0,0,0,0,0,0
250108,1,1,0,0,0,0,0,0,0,17,0,0
250109,1,1,27,27,27,27,27,27,27,27,27,27
250110,0,1,0,0,0,0,0,0,0,0,0,0
250110,1,1,22,0,11,0,12,0,0,6,0,0
250111,1,1,13,13,13,13,13,13,13,13,13,13
250112,0,1,14,14,14,14,14,14,14,14,14,14
250112,1,1,0,0,15,0,18,0,10,6,0,25
250113,1,1,0,11,20,0,0,10,19,0,22,0
250114,1,1,0,0,0,0,0,0,0,0,0,0
250115,0,1,11,11,11,11,11,11,11,11,11,11
250115,1,1,0,0,0,0,14,0,0,16,0,0
250116,1,1,0,0,0,0,0,0,0,0,0,0
250117,1,1,0,0,0,0,0,0,0,0,0,0
250118,1,1,15,15,15,15,15,15,15,15,15,15
250119,1,1,0,0,0,0,0,0,0,0,0,0
250120,1,1,0,0,0,0,0,0,0,0,0,0
250121,1,1,0,0,0,0,0,0,0,0,0,0
250121,2,1,0,0,0,0,0,7,0,0,0,0
250122,1,1,0,0,0,0,0,0,0,0,0,0
250123,1,1,23,23,23,23,23,23,23,23,23,23
250123,2,1,0,0,0,0,0,0,0,0,0,0
250124,1,1,0,0,0,0,0,0,0,0,0,0
250125,1,1,13,0,0,0,30,0,0,0,0,0
250125,2,1,0,0,0,0,0,0,0,0,0,0
250126,1,1,0,2,0,0,0,0,0,0,0,0
250126,2,1,25,0,8,0,0,0,0,0,18,0
250127,1,1,0,0,0,0,4,0,4,22,0,7
250127,2,1,17,0,0,0,0,21,0,0,0,16
250127,3,1,3,3,3,3,3,3,3,3,3,3
250128,0,1,0,0,0,0,0,0,0,0,0,0
250128,1,1,0,0,0,0,0,0,0,0,0,0
250129,1,1,0,0,0,0,10,24,26,0,0,0
250129,2,1,0,0,0,0,0,0,15,0,0,18
250130,1,1,19,19,19,19,19,19,19,19,19,19
250131,1,1,9,9,9,9,9,9,9,9,9,9
250131,2,1,0,0,16,5,11,0,17,0,0,0
250131,3,1,9,0,0,0,11,0,16,0,12,0
250131,4,1,0,0,0,0,0,0,0,6,0,0
250132,1,1,0,0,0,0,0,7,0,0,0,0
250132,2,1,0,0,0,0,0,0,0,0,0,0
250133,0,1,0,0,0,0,0,0,0,0,0,0
250133,1,1,0,0,0,17,0,0,0,0,0,0
250134,1,1,33,33,33,33,33,33,33,33,33,33
250135,1,1,0,0,0,14,0,13,0,21,17,0
250136,1,1,9,15,11,0,0,0,14,27,26,11
250137,1,1,16,16,16,16,16,16,16,16,16,16
250138,1,1,0,0,0,0,0,0,0,0,0,0
250139,1,1,0,0,0,0,0,0,0,0,0,0
250140,0,1,0,0,0,0,0,0,0,0,0,0
250140,1,1,12,0,0,0,0,0,0,26,10,18
250141,1,1,0,0,0,0,0,0,0,0,0,0
250142,0,1,22,16,0,33,17,7,0,39,0,25
250142,1,1,0,0,0,0,0,0,0,0,10,15
250143,1,1,0,0,0,0,0,0,0,0,0,0
250144,1,1,0,0,0,0,0,0,0,0,0,0
250145,1,1,16,15,10,13,0,9,14,9,16,10
250145,2,1,0,8,0,17,8,0,28,12,13,0
250146,1,1,10,33,15,18,0,13,15,19,11,15
250146,2,1,0,15,24,0,0,0,0,0,0,0
250147,1,1,23,0,0,0,0,20,0,30,20,0
250147,2,1,0,0,0,0,0,0,0,0,0,0
250148,1,1,0,0,0,0,0,0,0,0,0,0
250148,2,1,0,0,0,0,0,0,0,0,0,0
250149,1,1,0,0,0,0,0,0,0,0,0,0
250149,2,1,0,5,0,0,0,0,0,0,14,0
250150,1,1,16,16,16,16,16,16,16,16,16,16
250151,1,1,0,40,24,9,0,26,0,16,20,32
250152,1,1,2,2,2,2,2,2,2,2,2,2
250153,1,1,11,11,11,11,11,11,11,11,11,11
250154,1,1,15,15,15,15,15,15,15,15,15,15
250155,0,1,0,0,0,0,0,0,0,0,0,0
250155,1,1,0,0,0,0,0,2,10,0,0,0
250156,1,1,17,0,10,0,0,17,0,19,0,22
250157,0,1,0,0,0,0,0,0,0,0,0,0
250157,1,1,0,0,0,0,0,0,12,17,0,0
250158,1,1,0,0,0,0,0,0,0,0,0,0
250159,1,1,1,1,1,1,1,1,1,1,1,1
250159,2,1,0,0,0,0,0,0,0,0,0,0
250160,1,1,0,0,0,0,0,0,0,0,0,0
250162,1,1,14,14,14,14,14,14,14,14,14,14
250163,1,1,13,13,0,0,0,21,0,0,0,29
250164,0,1,0,0,0,0,0,0,0,0,0,0
250164,1,1,0,0,0,0,0,0,0,0,0,0
250165,1,1,0,0,0,0,0,0,0,0,12,0
250166,1,1,0,0,0,8,0,0,8,0,0,0
250166,2,1,0,0,0,0,0,0,0,0,0,0
250167,1,1,6,6,6,6,6,6,6,6,6,6
250167,2,1,0,0,0,0,0,0,0,0,0,0
250168,1,1,0,0,0,0,0,0,14,0,0,0
250168,2,1,0,18,0,0,36,0,18,24,0,17
250169,1,1,19,17,0,0,0,0,0,0,0,0
250169,2,1,0,0,8,15,0,0,18,13,0,0
250170,1,1,0,0,0,0,0,0,0,0,0,0
250170,2,1,0,0,0,0,0,0,0,0,0,0
250171,1,1,23,23,23,23,23,23,23,23,23,23
250171,2,1,0,0,0,0,0,0,0,0,0,0
250172,0,1,0,0,0,0,0,0,0,0,0,0
250172,1,1,0,0,15,4,0,0,0,0,0,0
250172,2,1,0,0,0,0,0,3,0,0,0,0
250173,1,1,11,11,11,11,11,11,11,11,11,11
250174,0,1,0,12,0,0,0,0,0,0,29,0
250174,1,1,0,0,0,14,0,0,0,0,0,10
250175,1,1,8,0,0,0,0,0,3,24,0,0
250176,1,1,0,0,0,0,0,0,0,12,0,0
250177,1,1,7,7,7,7,7,7,7,7,7,7
250178,1,1,0,0,0,0,0,0,0,0,0,0
250179,1,1,1,1,1,1,1,1,1,1,1,1
250180,0,1,12,30,19,20,30,5,22,25,13,10
250180,1,1,0,0,0,17,0,0,0,0,0,0
250181,0,1,0,0,0,0,0,0,0,0,0,0
250181,1,1,16,0,0,16,0,0,0,0,0,0
250182,1,1,13,13,13,13,13,13,13,13,13,13
250183,1,1,0,0,0,0,0,0,0,0,0,0
250184,0,1,4,4,4,4,4,4,4,4,4,4
250184,1,1,9,0,0,0,0,0,15,0,29,11
250185,1,1,0,0,0,0,0,0,0,0,0,0
250186,1,1,19,19,19,19,19,19,19,19,19,19
250187,0,1,0,0,0,0,0,0,0,0,0,0
250187,1,1,8,21,25,0,26,18,0,0,0,18
250188,0,1,0,0,0,0,0,0,0,0,0,0
250188,1,1,0,0,0,0,0,0,0,0,0,0
250190,0,1,7,7,7,7,7,7,7,7,7,7
250190,1,1,0,0,0,0,0,0,0,0,11,0
250191,1,1,0,0,0,0,0,0,0,0,0,0
250191,2,1,0,0,0,0,0,0,0,0,0,0
250192,1,1,16,0,15,0,28,0,0,0,0,0
250192,2,1,0,0,0,0,0,0,0,6,0,0
250193,1,1,0,0,0,0,0,0,0,0,0,0
250193,2,1,0,0,0,15,0,0,0,14,0,0
250193,3,1,0,0,0,0,0,0,0,15,0,0
250194,0,1,0,0,0,0,0,0,0,0,0,0
250194,1,1,0,0,0,0,0,0,0,0,0,0
250195,0,1,0,0,0,0,0,0,11,0,0,13
250195,1,1,0,0,0,0,0,0,18,0,0,0
250196,1,1,0,0,0,0,0,0,0,0,0,0
250197,1,1,0,0,0,0,0,0,0,0,0,0
250198,1,1,1,1,1,1,1,1,1,1,1,1
250199,1,1,15,15,15,15,15,15,15,15,15,15
250200,1,1,13,13,13,13,13,13,13,13,13,13
250201,1,1,0,0,0,20,27,0,0,0,20,0
250202,0,1,8,27,0,13,15,42,14,32,27,12
250202,1,1,0,0,5,0,7,0,11,0,0,0
250203,0,1,0,0,0,0,0,0,0,0,0,0
250203,1,1,0,0,0,0,13,0,0,0,0,0
250204,0,1,0,0,0,0,0,0,0,0,0,0
250204,1,1,0,28,17,0,0,0,7,0,0,0
250205,1,1,0,0,0,0,0,0,0,0,0,0
250205,2,1,0,0,17,0,5,0,0,0,0,0
250206,0,1,0,0,0,0,0,0,0,0,0,0
250206,1,1,7,0,0,0,0,0,0,0,0,0
250207,1,1,15,15,15,15,15,15,15,15,15,15
250207,2,1,18,12,31,17,24,12,0,23,16,0
250208,1,1,0,0,0,0,0,0,0,0,0,0
250208,2,1,0,0,0,0,0,0,0,0,0,0
250209,1,1,0,0,0,0,27,28,9,0,0,0
250209,2,1,0,0,0,0,0,0,0,0,0,0
250210,1,1,10,10,10,10,10,10,10,10,10,10
250211,1,1,7,7,7,7,7,7,7,7,7,7
250212,1,1,0,0,0,0,0,0,0,0,0,0
250212,2,1,0,0,0,0,0,0,0,0,0,0
250213,1,1,14,18,5,21,0,0,8,0,0,7
250213,2,1,15,15,15,15,15,15,15,15,15,15
250214,1,1,16,0,0,0,0,0,0,10,0,0
250214,2,1,9,9,9,9,9,9,9,9,9,9
250215,1,1,0,0,0,0,0,0,0,0,0,0
250215,2,1,2,2,2,2,2,2,2,2,2,2
250216,1,1,13,13,13,13,13,13,13,13,13,13
250217,1,1,2,2,2,2,2,2,2,2,2,2
250218,0,1,0,0,0,0,0,0,0,0,0,0
250218,1,1,0,0,0,0,0,0,5,0,0,27
250219,1,1,0,0,0,0,0,0,0,0,0,0
250220,1,1,15,15,15,15,15,15,15,15,15,15
250221,1,1,0,0,0,0,0,0,0,0,0,0
250221,2,1,0,0,0,0,0,14,8,0,0,0
250222,0,1,0,0,0,0,0,0,0,0,0,0
250222,1,1,0,0,0,0,22,0,0,17,0,13
250223,1,1,1,1,1,1,1,1,1,1,1,1
250224,0,1,0,0,0,0,0,0,0,0,0,0
250224,1,1,0,0,0,0,0,0,7,0,0,0
250225,1,1,13,15,7,4,13,49,20,26,11,21
250226,1,1,0,0,0,0,0,0,0,15,0,0
250227,0,1,30,0,0,0,0,0,0,0,0,0
250227,1,1,0,8,0,0,0,0,16,0,0,12
250228,1,1,2,2,2,2,2,2,2,2,2,2
250229,1,1,32,0,0,0,0,17,3,0,21,0
250230,1,1,7,7,7,7,7,7,7,7,7,7
250231,1,1,0,0,0,0,0,0,0,0,4,15
250232,1,1,0,0,0,0,0,0,0,0,0,0
250232,2,1,0,29,0,0,0,0,9,18,0,0
250233,1,1,0,0,15,12,34,0,0,0,0,8
250234,1,1,0,0,0,0,0,0,0,0,0,0
250235,1,1,0,0,0,0,0,0,0,0,0,0
250235,2,1,0,17,0,0,7,0,0,0,0,7
250236,1,1,1,0,2,0,0,0,0,0,0,0
250237,1,1,0,0,0,0,0,0,0,0,0,0
250238,1,1,0,0,0,0,0,0,0,0,0,0
250239,0,1,0,0,0,0,0,0,0,0,0,0
250239,1,1,9,0,0,0,0,0,0,17,0,34
250240,0,1,0,0,0,0,0,0,0,0,0,0
250240,1,1,0,0,0,17,0,0,0,0,0,0
250241,1,1,0,0,0,0,0,16,0,0,0,0
250241,2,1,0,0,0,0,0,0,0,0,0,0
250242,1,1,17,17,17,17,17,17,17,17,17,17
250243,0,1,0,0,0,0,0,0,0,0,0,0
250243,1,1,0,0,0,0,0,33,0,19,0,0
250244,1,1,0,6,8,0,0,0,6,0,0,0
250244,2,1,0,0,0,0,0,0,0,0,0,0
250245,1,1,12,0,0,10,0,0,5,0,0,0
250245,2,1,6,0,0,0,25,5,24,23,12,34
250246,1,1,0,0,0,0,0,0,0,0,0,0
250246,3,1,10,0,0,0,0,0,0,7,0,0
250247,1,1,12,12,12,12,12,12,12,12,12,12
250247,2,1,0,0,0,0,0,0,0,0,0,0
250248,1,1,0,0,0,0,0,0,0,0,0,0
250248,2,1,0,0,8,29,22,0,0,0,0,0
250249,0,1,0,0,0,0,0,0,0,0,0,0
250249,1,1,9,0,0,0,0,0,0,0,0,9
250249,2,1,0,0,0,13,0,0,0,0,0,0
250250,1,1,0,22,0,0,0,0,0,0,0,16
250250,2,1,0,0,0,0,0,0,0,16,0,0
250250,3,1,0,0,0,0,0,0,0,0,0,0
250251,1,1,0,0,0,0,0,0,0,0,0,0
250252,0,1,0,0,0,0,0,0,0,10,12,0
250253,1,1,0,24,0,0,0,28,0,0,0,10
250254,1,1,0,0,0,0,0,3,14,13,0,0
250254,2,1,21,21,21,21,21,21,21,21,21,21
250255,1,1,0,0,0,0,0,0,0,0,0,0
250256,2,1,1,1,1,1,1,1,1,1,1,1
250257,1,1,0,0,0,0,0,0,0,0,0,0
250258,0,1,0,0,0,0,0,0,0,0,0,0
250258,1,1,0,0,0,0,15,0,0,0,0,0
250260,1,1,19,0,0,19,0,37,0,0,0,0
250260,2,1,0,0,0,0,0,0,0,0,0,0
250261,1,1,0,0,0,0,0,0,0,0,0,0
250261,2,1,28,0,0,0,0,9,12,0,0,0
250262,0,1,15,23,0,0,0,10,0,18,16,20
250262,1,1,3,19,10,29,23,6,0,19,0,24
250263,1,1,0,0,0,0,0,0,0,0,0,0
250263,2,1,0,0,0,0,0,0,0,0,0,0
250264,1,1,0,0,0,0,0,0,0,0,0,0
250264,2,1,0,10,0,0,0,0,0,5,0,0
250265,1,1,0,0,0,0,0,0,0,0,0,0
250266,1,1,26,26,26,26,26,26,26,26,26,26
250267,1,1,25,25,25,25,25,25,25,25,25,25
250267,2,1,28,28,28,28,28,28,28,28,28,28
250268,1,1,7,0,0,20,0,18,0,0,0,0
250269,1,1,0,0,0,0,0,0,0,0,0,0
250270,1,1,0,0,0,0,0,0,0,0,0,0
250270,2,1,13,14,15,0,28,26,0,30,0,12
250271,1,1,0,0,0,0,0,0,0,0,0,0
250271,2,1,0,0,0,0,0,0,0,0,0,0
250272,1,1,0,21,0,0,0,0,0,0,0,0
250272,2,1,0,0,0,0,0,0,0,0,0,0
250273,1,1,32,0,26,0,0,0,14,0,0,0
250273,2,1,0,12,0,0,0,0,0,23,0,0
250274,1,1,0,0,12,0,0,0,0,6,0,0
250274,2,1,0,34,0,0,0,0,0,0,0,0
250275,0,1,0,0,0,0,0,0,0,0,0,0
250275,1,1,16,0,0,10,0,0,0,0,0,18
250276,1,1,5,5,5,5,5,5,5,5,5,5
250276,2,1,9,0,0,0,0,0,0,0,0,0
250277,0,1,1,1,1,1,1,1,1,1,1,1
250277,1,1,0,0,11,18,0,0,0,0,17,0
250278,1,1,18,25,0,0,0,0,0,0,22,0
250278,2,1,0,15,0,14,9,0,0,0,0,0
250279,1,1,27,27,27,27,27,27,27,27,27,27
250280,1,1,26,26,26,26,26,26,26,26,26,26
250281,1,1,17,17,17,17,17,17,17,17,17,17
250282,1,1,0,0,8,0,0,0,0,19,0,0
250282,2,1,0,10,26,0,22,18,0,4,49,5
250283,1,1,21,21,21,21,21,21,21,21,21,21
250284,1,1,0,0,0,0,0,0,0,0,0,0
250284,2,1,0,0,0,0,0,0,0,0,15,0
250285,1,1,17,17,17,17,17,17,17,17,17,17
250286,0,1,0,0,0,0,0,0,0,0,0,0
250286,1,1,19,15,10,19,12,10,17,6,10,30
250287,1,1,1,1,1,1,1,1,1,1,1,1
250287,2,1,15,0,15,0,0,19,0,0,0,0
250288,1,1,0,0,0,0,0,0,0,0,0,0
250288,2,1,0,0,0,0,0,0,16,0,0,0
250289,1,1,12,12,12,12,12,12,12,12,12,12
250290,1,1,0,0,0,0,0,0,0,0,0,0
250291,0,1,3,0,0,0,0,26,0,0,0,0
250291,0,2,0,0,0,0,0,0,0,0,0,8
250291,0,3,12,0,0,17,15,0,0,0,0,0
250291,1,1,0,0,0,0,0,0,0,0,0,0
250292,1,1,0,0,0,0,0,0,0,0,0,0
250292,2,1,0,0,0,0,0,0,0,0,0,0
250293,1,1,0,0,0,0,0,0,0,0,0,0
250293,2,1,0,0,0,0,0,0,0,0,0,0
250294,1,1,0,0,0,0,0,0,0,0,0,11
250295,0,1,0,0,0,0,0,0,0,0,0,0
250295,1,1,13,18,19,18,7,6,23,10,21,22
250296,1,1,20,19,31,17,10,33,16,35,0,16
250296,2,1,26,0,0,0,15,0,0,40,8,0
250297,0,1,0,0,0,0,0,0,0,0,0,0
250297,1,1,0,0,0,11,0,7,0,0,0,0
250298,1,1,9,21,9,15,11,9,8,16,13,15
250299,1,1,18,18,18,18,18,18,18,18,18,18
250299,2,1,0,0,0,0,0,0,0,0,0,0
250300,1,1,0,0,0,0,0,0,0,0,0,0
250300,2,1,0,0,0,0,0,0,0,0,0,0
250301,1,1,0,24,25,0,0,0,0,0,0,16
250302,1,1,0,0,0,0,0,7,0,0,0,0
250302,2,1,0,7,0,0,0,5,0,0,0,0
250303,1,1,0,0,0,0,0,0,0,0,0,0
250303,2,1,0,0,0,0,0,0,0,0,0,0
250304,1,1,0,0,0,5,31,0,21,14,0,23
250305,1,1,0,0,0,0,0,0,0,5,0,0
250305,2,1,0,0,0,0,0,0,0,0,0,0
250306,1,1,24,0,0,0,0,0,25,0,0,0
250306,2,1,0,0,0,0,0,0,0,0,0,0
250307,1,1,0,0,0,0,0,0,0,0,0,0
250308,1,1,11,11,11,11,11,11,11,11,11,11
250309,1,1,0,0,0,0,0,0,0,0,0,0
250309,2,1,0,0,0,0,0,0,10,0,0,0
250309,3,1,0,0,19,0,0,0,0,29,0,0
250310,1,1,0,0,0,0,0,0,0,0,0,0
250311,1,1,13,13,13,13,13,13,13,13,13,13
250311,2,1,0,0,0,0,0,0,0,0,0,0
250312,1,1,18,18,18,18,18,18,18,18,18,18
250312,2,1,0,0,0,0,0,0,0,0,36,0
250312,3,1,0,0,0,0,0,0,0,0,0,20
250312,4,1,0,0,0,0,0,0,0,0,0,0
250313,0,1,0,0,0,0,0,0,0,0,0,0
250313,1,1,0,0,0,0,0,0,19,0,16,0
250314,0,1,0,0,0,0,0,0,0,0,0,0
250314,1,1,0,0,0,0,0,0,0,0,0,0
250315,0,1,0,0,0,0,0,0,0,0,0,0
250315,1,1,0,0,0,0,0,0,0,0,0,0
250316,0,1,0,0,0,0,0,0,0,0,0,0
250316,1,1,0,0,0,0,0,0,0,0,0,0
250317,1,1,0,0,0,0,0,11,0,0,0,0
250317,2,1,0,0,0,0,0,0,0,0,0,21
250318,0,1,33,0,7,15,20,18,0,0,0,0
250318,1,1,26,16,0,18,10,26,28,30,16,16
250319,1,1,1,1,1,1,1,1,1,1,1,1
250319,2,1,4,8,0,12,8,0,0,6,4,0
250320,1,1,40,0,27,24,51,0,0,0,34,0
250320,2,1,0,11,21,12,0,2,29,13,19,5
250321,0,1,0,0,0,0,0,0,0,0,0,0
250321,1,1,0,0,0,0,0,0,0,0,0,0
250322,1,1,0,33,0,0,0,0,12,21,32,0
250323,1,1,0,13,0,0,0,22,0,0,0,0
250323,2,1,0,0,0,0,0,0,0,0,0,0
250324,1,1,0,0,0,0,0,0,0,0,0,0
250324,2,1,0,0,0,0,0,0,0,0,0,0
250325,1,1,0,0,0,11,0,0,0,0,0,0
250325,2,1,2,2,2,2,2,2,2,2,2,2
250326,1,1,0,0,0,0,0,0,0,0,0,0
250327,1,1,0,19,0,20,13,0,0,17,5,0
250328,0,1,0,0,0,0,0,0,31,0,0,0
250328,0,2,0,0,0,0,0,0,0,0,0,0
250328,1,1,0,0,0,0,0,0,0,0,0,0
250328,2,1,0,0,0,0,0,21,0,0,0,0
250329,0,1,0,0,0,0,0,0,0,0,0,0
250329,1,1,0,0,0,0,0,0,0,0,0,0
250330,0,1,0,0,0,0,0,0,0,0,0,0
250330,1,1,0,0,0,0,0,0,0,0,0,0
250331,0,1,0,0,0,0,0,0,0,0,0,0
250331,1,1,0,0,0,0,0,0,0,0,35,0
250332,0,1,0,7,0,0,0,0,5,0,0,0
250332,1,1,0,0,0,0,0,0,0,0,0,0
250333,1,1,5,0,0,0,0,14,0,0,0,0
250334,0,1,0,0,11,0,0,0,0,0,0,0
250334,1,1,0,23,0,0,0,0,0,15,0,0
260001,1,1,0,0,0,0,0,0,0,0,0,0
260001,2,1,0,0,0,0,0,0,0,0,0,0
260002,1,1,13,13,13,13,13,13,13,13,13,13
260003,1,1,0,0,0,0,0,2,0,0,0,0
260003,2,1,0,0,0,0,0,0,0,0,0,0
260004,1,1,0,0,0,0,0,0,0,0,0,0
260005,1,1,0,0,0,0,0,0,0,0,0,0
260006,1,1,22,22,22,22,22,22,22,22,22,22
260007,1,1,20,20,20,20,20,20,20,20,20,20
260007,2,1,0,0,0,20,16,0,10,0,0,0
260008,1,1,14,14,14,14,14,14,14,14,14,14
260009,1,1,0,0,0,0,0,0,0,0,0,0
260009,2,1,0,0,0,0,0,0,0,0,0,0
260010,1,1,0,0,0,0,0,0,0,0,0,0
260010,2,1,0,0,0,0,0,0,0,0,0,0
260011,1,1,0,0,0,0,0,0,11,0,0,0
260011,2,1,0,0,0,0,0,0,0,0,0,0
260011,3,1,0,0,0,0,7,0,0,0,0,0
260012,1,1,0,0,0,0,0,0,0,0,0,0
260012,2,1,0,0,0,0,0,0,0,0,0,0
260013,1,1,0,0,0,0,0,0,0,0,0,0
260013,2,1,0,0,0,0,0,14,0,0,0,0
260014,0,1,0,0,0,0,0,0,0,0,0,0
260014,1,1,0,0,0,0,0,0,0,0,0,0
260015,1,1,0,0,0,0,0,0,0,0,0,0
260015,2,1,0,0,0,0,0,0,0,0,0,0
260016,0,1,0,0,0,0,0,3,0,0,0,0
260016,1,1,0,0,0,0,0,0,0,0,0,0
260017,1,2,3,27,18,12,18,15,24,14,9,0
260018,1,1,0,0,0,0,0,0,0,0,0,0
260018,2,1,0,0,0,0,0,0,0,0,0,0
260019,1,1,0,0,0,0,0,11,0,0,0,0
260019,2,1,0,0,0,0,0,0,0,0,0,0
260020,1,1,0,0,0,0,0,0,0,0,0,0
260020,2,1,0,0,0,0,33,0,0,0,0,30
260020,3,1,0,0,0,0,0,0,0,0,0,0
260021,1,1,0,0,16,0,0,0,0,5,11,0
260021,2,1,0,0,0,0,0,0,0,0,0,0
260022,1,1,7,0,0,0,0,0,0,0,0,0
260022,2,1,19,0,0,0,0,0,0,0,0,0
260022,3,1,0,0,0,0,0,0,0,0,0,0
260023,1,1,0,0,0,0,0,0,0,0,0,0
260023,2,1,0,0,0,0,0,0,0,0,0,0
260024,1,1,27,27,27,27,27,27,27,27,27,27
260025,1,1,0,0,0,0,0,0,0,0,0,0
260025,2,1,0,0,0,0,0,0,0,0,0,0
260026,1,1,0,0,0,0,0,0,0,0,0,0
260026,2,1,0,0,0,0,0,0,0,0,0,0
260027,0,1,0,0,0,0,0,0,0,0,0,0
260027,1,1,0,0,0,0,0,0,0,0,0,0
260028,0,1,14,14,14,14,14,14,14,14,14,14
260028,1,1,10,0,7,10,26,14,12,0,19,0
260029,1,1,18,0,0,0,0,0,0,0,0,0
260030,1,1,0,0,0,0,0,0,0,0,0,0
260030,2,1,0,0,5,0,0,0,0,0,0,0
260030,3,1,0,0,0,0,0,0,0,0,0,0
260031,1,1,0,0,0,0,0,0,19,0,0,0
260032,1,1,0,0,0,0,0,0,0,0,0,0
260032,2,1,0,0,0,0,0,0,0,0,0,0
260033,1,1,0,0,0,0,0,0,0,0,0,0
260033,2,1,0,0,0,0,0,0,0,0,0,0
260033,3,1,0,0,0,0,0,0,0,0,0,0
260033,4,1,0,0,0,0,0,0,0,0,0,0
260034,1,1,0,0,0,0,0,0,0,0,0,0
260034,2,1,0,0,0,0,0,0,0,0,0,0
260035,1,1,0,0,0,0,10,0,0,0,0,0
260035,2,1,0,0,0,12,0,0,0,0,0,0
260036,0,1,0,0,0,0,0,0,0,0,0,20
260036,1,1,0,0,0,0,0,0,0,0,0,0
260037,1,1,18,18,18,18,18,18,18,18,18,18
260038,1,1,0,14,0,0,0,0,9,0,0,0
260038,2,1,0,0,0,0,0,0,0,0,0,0
260039,1,1,0,0,0,0,0,0,0,0,0,0
260039,2,1,0,0,0,0,0,0,0,0,0,0
260040,1,1,1,1,1,1,1,1,1,1,1,1
260040,2,1,0,0,0,0,0,0,0,0,0,0
260041,1,1,0,0,0,0,0,0,0,0,0,0
260041,2,1,0,0,0,0,0,0,0,0,0,0
260042,1,1,0,0,0,0,0,0,0,0,0,0
260043,0,1,0,0,0,0,0,0,0,0,0,0
260043,1,1,0,0,0,0,0,0,0,0,0,0
260044,0,1,0,0,0,0,0,0,0,0,0,0
260044,1,1,0,0,0,0,0,0,0,0,0,0
260045,1,1,0,0,0,0,0,0,0,0,0,0
260045,2,1,0,0,0,0,0,0,0,0,0,0
260046,1,1,0,0,0,0,0,0,0,0,0,0
260046,2,1,0,0,0,0,0,0,0,0,0,0
260047,1,1,0,0,0,0,0,0,0,0,0,10
260047,2,1,0,0,0,0,0,0,0,0,0,0
260048,1,1,11,11,11,11,11,11,11,11,11,11
260049,0,1,26,25,0,0,0,0,11,11,15,10
260049,1,1,0,0,0,23,0,25,9,0,0,0
260050,0,1,33,33,33,33,33,33,33,33,33,33
260050,1,1,17,9,35,13,0,15,11,0,12,19
260051,1,1,0,0,0,0,0,0,0,0,0,0
260052,1,1,0,0,0,0,0,0,0,0,0,0