ST_CASE,VEH_NO,PER_NO,P1,P2,P3,P4,P5,P6,P7,P8,P9,P10
260053,1,1,0,0,0,0,0,0,0,0,0,0
260053,2,1,0,0,0,0,0,0,0,0,0,0
260054,1,1,0,0,0,0,0,18,0,0,0,0
260054,2,1,0,0,0,0,0,0,0,0,0,0
260055,1,1,23,23,23,23,23,23,23,23,23,23
260055,2,1,10,10,10,10,10,10,10,10,10,10
260056,1,1,0,0,0,0,0,0,0,0,0,0
260057,1,1,0,0,0,0,0,0,0,0,0,0
260057,2,1,0,0,0,0,0,0,0,24,0,0
260058,1,1,0,0,0,0,0,0,0,0,0,0
260058,2,1,0,0,0,0,0,0,0,0,0,0
260058,3,1,0,0,11,0,0,0,0,0,0,0
260059,1,1,0,0,0,0,0,0,0,0,0,0
260060,1,1,28,28,28,28,28,28,28,28,28,28
260061,1,1,1,1,1,1,1,1,1,1,1,1
260062,0,1,0,0,0,12,0,0,0,0,0,0
260062,1,1,0,0,0,0,0,0,0,0,0,0
260063,1,1,0,0,0,0,0,0,0,0,0,0
260063,2,1,0,0,0,0,0,0,0,0,0,0
260063,3,1,0,0,0,0,0,0,0,0,0,0
260064,1,1,0,0,0,0,0,0,0,0,0,0
260064,2,1,0,0,0,0,0,0,0,0,0,0
260065,1,1,0,0,0,3,0,0,0,0,0,0
260065,2,1,0,0,0,0,0,0,0,0,0,0
260066,1,1,0,0,0,0,0,0,0,0,0,0
260066,2,1,0,0,0,0,0,0,0,0,0,0
260067,1,1,0,0,0,0,0,0,0,0,0,13
260067,2,1,0,0,0,0,0,0,0,0,0,0
260068,1,1,11,0,0,0,0,0,13,0,0,0
260068,2,1,0,0,0,0,0,0,0,0,0,0
260068,3,1,0,0,0,0,0,0,0,0,0,0
260069,0,1,0,0,0,0,0,0,0,0,0,0
260069,1,1,0,0,0,0,0,0,0,0,0,0
260070,1,1,0,0,0,0,0,0,0,0,0,0
260070,2,1,0,0,0,0,0,0,0,0,0,0
260071,1,1,0,0,0,0,0,0,0,0,0,0
260071,2,1,0,0,0,0,0,0,0,0,0,0
260072,1,1,0,0,0,0,0,0,0,0,0,0
260072,2,1,0,0,0,0,0,0,0,0,0,0
260073,1,1,0,0,0,0,0,0,0,0,0,0
260074,1,1,14,14,14,14,14,14,14,14,14,14
260074,2,1,0,0,0,0,0,0,0,0,0,0
260075,1,1,0,0,0,0,0,0,0,0,0,0
260075,2,1,0,0,0,0,0,0,0,0,0,0
260076,1,1,0,0,0,0,0,17,9,0,0,9
260076,2,1,0,0,0,0,0,0,0,0,0,0
260077,1,1,0,0,0,0,0,0,0,0,0,0
260077,2,1,0,0,0,0,0,0,0,0,0,0
260078,1,1,0,0,0,0,0,0,0,0,0,0
260079,1,1,6,16,11,15,0,0,0,0,0,0
260079,2,1,0,0,0,0,0,0,0,0,0,0
260081,1,1,0,0,0,0,0,0,0,0,0,0
260081,2,1,0,0,0,0,0,0,0,0,0,0
260082,1,1,1,1,1,1,1,1,1,1,1,1
260082,2,1,0,0,0,0,0,0,0,0,0,0
260083,1,1,0,0,0,0,0,0,0,0,0,0
260083,2,1,0,0,0,0,0,0,0,0,0,0
260083,3,1,0,0,0,0,0,0,0,0,0,0
260084,1,1,11,11,11,11,11,11,11,11,11,11
260084,2,1,0,0,0,0,0,0,0,0,0,0
260085,0,1,4,4,4,4,4,4,4,4,4,4
260085,1,1,27,0,0,0,3,21,0,11,9,0
260086,1,1,27,27,27,27,27,27,27,27,27,27
260087,1,1,0,0,0,0,0,0,0,0,0,0
260088,1,1,28,28,28,28,28,28,28,28,28,28
260089,1,1,0,0,0,0,0,0,0,0,0,0
260089,2,1,0,0,0,0,0,0,0,0,0,0
260090,1,1,0,0,0,0,0,0,0,0,0,0
260090,2,1,0,0,0,0,0,0,0,0,0,0
260091,0,1,0,0,0,0,0,0,0,0,0,0
260091,1,1,25,16,36,22,21,7,10,29,11,21
260092,1,1,0,0,0,0,0,0,0,0,0,0
260092,2,1,0,0,0,0,0,0,0,0,0,0
260093,1,1,0,0,0,0,0,0,0,0,0,0
260093,2,1,0,0,0,0,0,0,0,0,0,0
260093,3,1,0,0,0,0,0,0,0,0,0,0
260094,0,1,0,0,0,0,0,0,0,0,0,0
260094,1,1,0,0,0,0,0,0,0,0,0,0
260095,1,1,0,0,0,0,0,0,0,0,0,0
260095,2,1,0,0,0,0,0,0,0,0,0,0
260096,1,1,0,0,0,0,0,0,0,0,0,0
260097,1,1,0,0,0,0,0,0,0,0,0,0
260098,1,1,19,19,19,19,19,19,19,19,19,19
260099,1,1,0,0,13,0,0,15,0,0,0,0
260099,2,1,0,0,0,0,0,0,0,0,0,0
260099,3,1,0,0,0,0,0,0,0,0,0,0
260100,1,1,0,0,0,0,0,0,0,0,0,0
260100,2,1,0,0,0,0,0,5,0,0,0,0
260100,3,1,0,0,0,0,0,0,0,0,0,0
260100,4,1,0,0,0,0,0,0,0,0,0,0
260100,5,1,0,0,0,2,0,0,0,0,0,0
260101,0,1,0,0,0,0,0,0,0,0,0,0
260101,1,1,0,0,0,0,0,0,0,0,0,0
260101,2,1,0,0,0,0,0,0,0,0,0,0
260102,1,1,0,0,0,0,0,0,0,0,0,0
260103,1,1,0,0,0,0,0,0,0,0,0,0
260103,2,1,0,0,0,0,0,0,0,0,0,0
260104,1,1,16,16,16,16,16,16,16,16,16,16
260105,1,1,0,0,0,0,0,0,0,0,0,10
260105,2,1,0,0,0,0,0,0,0,0,0,0
260106,0,1,0,0,0,0,0,0,0,0,0,0
260106,1,1,0,0,0,0,8,0,0,0,0,0
260107,0,1,26,9,18,36,0,24,28,23,15,15
260107,0,2,8,14,17,0,25,16,21,14,13,17
260107,1,1,0,0,0,0,0,0,0,0,0,0
260108,0,1,35,35,35,35,35,35,35,35,35,35
260108,1,1,0,0,0,0,0,0,0,0,0,0
260109,1,1,13,13,13,13,13,13,13,13,13,13
260110,1,1,1,1,1,1,1,1,1,1,1,1
260111,0,1,10,0,10,0,50,18,0,0,0,22
260111,1,1,0,0,0,0,0,0,0,0,0,0
260112,1,1,0,0,0,0,0,0,0,0,0,0
260113,1,1,10,10,10,10,10,10,10,10,10,10
260114,1,1,0,0,0,0,0,0,0,0,0,0
260114,2,1,0,0,0,0,0,0,0,0,0,0
260115,0,1,0,0,0,0,0,0,0,0,0,0
260115,1,1,0,0,0,0,0,0,0,0,0,0
260116,1,1,0,0,0,0,0,0,0,0,0,0
260116,2,1,0,0,0,0,0,0,0,0,0,0
260117,1,1,12,12,12,12,12,12,12,12,12,12
260117,2,1,0,0,0,0,0,0,0,0,0,0
260118,1,1,1,1,1,1,1,1,1,1,1,1
260119,1,1,0,0,0,0,25,0,0,0,0,0
260119,2,1,0,0,0,0,0,0,0,0,0,0
260120,1,1,0,0,0,0,0,0,0,0,0,0
260122,0,1,38,38,38,38,38,38,38,38,38,38
260122,1,1,0,0,0,0,0,0,0,0,0,0
260123,1,1,0,0,0,0,0,0,0,0,0,0
260123,2,1,0,0,0,0,0,0,0,0,0,0
260124,1,1,0,0,0,0,0,0,0,0,0,0
260124,2,1,0,0,0,0,0,0,0,0,0,0
260125,1,1,0,0,0,0,0,0,0,0,0,0
260125,2,1,0,0,0,0,0,0,0,0,0,0
260126,0,1,0,0,0,0,0,0,0,0,0,0
260126,1,1,21,21,21,21,21,21,21,21,21,21
260127,1,1,7,7,7,7,7,7,7,7,7,7
260127,2,1,0,0,0,0,0,0,0,0,0,0
260128,1,1,0,0,0,0,0,0,0,0,0,0
260129,0,1,23,23,23,23,23,23,23,23,23,23
260129,1,1,0,0,0,0,0,0,0,0,0,0
260130,1,1,10,10,10,10,10,10,10,10,10,10
260131,1,1,34,34,34,34,34,34,34,34,34,34
260132,0,1,13,13,13,13,13,13,13,13,13,13
260132,1,1,0,0,0,0,0,18,0,0,0,0
260133,1,1,24,24,24,24,24,24,24,24,24,24
260134,1,1,0,0,0,0,0,0,0,0,0,0
260134,2,1,0,0,0,0,0,0,0,0,0,0
260135,1,1,0,0,0,0,0,0,0,0,0,0
260135,2,1,12,12,12,12,12,12,12,12,12,12
260136,1,1,0,0,0,0,0,0,0,0,0,0
260136,2,1,0,0,0,0,0,0,0,0,0,0
260137,1,1,0,0,0,0,0,0,0,0,0,0
260137,2,1,0,0,0,0,0,0,0,0,0,0
260137,3,1,0,0,0,0,0,0,0,0,0,0
260138,1,1,0,0,0,0,0,0,0,0,0,0
260139,1,1,0,0,0,0,0,0,0,0,0,0
260140,1,1,0,0,0,0,0,0,0,0,0,0
260140,2,1,0,0,0,0,0,0,0,0,0,0
260140,3,1,0,0,0,0,0,0,0,0,0,0
260140,4,1,0,0,0,0,0,0,0,0,0,0
260141,1,1,0,0,0,0,0,0,0,0,0,0
260141,2,1,0,0,0,0,0,0,0,0,0,0
260142,1,1,2,2,2,2,2,2,2,2,2,2
260143,1,1,5,5,19,5,9,2,30,18,8,15
260144,1,1,17,17,17,17,17,17,17,17,17,17
260144,2,1,0,0,0,0,0,0,0,0,0,0
260146,0,1,0,0,0,0,0,0,0,0,0,0
260146,1,1,0,0,0,0,0,0,0,0,0,0
260147,1,1,0,0,0,0,0,0,0,0,0,0
260148,0,1,0,0,0,0,0,0,0,0,0,0
260148,1,1,0,0,0,0,0,0,0,0,0,0
260148,2,1,0,0,0,0,0,0,0,0,0,0
260149,1,1,2,2,2,2,2,2,2,2,2,2
260150,1,1,28,28,28,28,28,28,28,28,28,28
260150,2,1,0,0,0,0,0,0,0,0,0,0
260151,0,1,0,0,0,0,0,12,0,0,0,0
260151,1,1,0,0,0,0,0,0,0,0,0,0
260152,0,1,0,0,0,0,0,0,0,0,0,0
260152,1,1,0,0,0,0,0,0,0,0,0,0
260153,0,1,0,0,0,0,0,0,0,0,0,0
260153,0,2,0,0,0,0,0,0,0,0,0,0
260153,1,1,0,0,0,0,0,0,0,0,0,0
260154,1,1,0,0,0,0,0,0,0,0,0,0
260154,2,1,0,0,0,0,0,0,0,14,7,0
260154,3,1,0,0,0,0,0,0,0,0,0,0
260155,1,1,0,0,0,0,0,0,0,0,0,0
260156,1,1,0,0,0,0,0,0,0,0,0,0
260157,1,1,21,6,18,0,0,0,19,15,37,0
260158,1,1,0,0,0,0,0,0,0,0,0,0
260158,2,1,0,0,0,0,0,0,0,0,0,0
260158,3,1,0,0,0,0,0,0,0,0,0,0
260158,4,1,0,0,0,0,0,0,0,0,0,0
260159,1,1,15,15,15,15,15,15,15,15,15,15
260160,1,1,6,6,6,6,6,6,6,6,6,6
260161,0,1,0,0,0,0,0,0,0,0,0,0
260161,0,2,0,0,0,0,0,0,0,0,0,0
260161,1,1,0,0,0,0,0,0,0,0,0,0
260162,1,1,0,25,0,0,0,0,0,0,0,0
260162,2,1,0,0,0,0,0,0,0,0,0,0
260163,1,2,0,0,0,0,0,23,0,17,0,0
260164,1,1,9,9,9,9,9,9,9,9,9,9
260165,0,1,0,0,0,0,0,0,25,0,0,0
260165,1,1,0,0,0,0,0,0,0,0,3,0
260166,1,1,18,18,18,18,18,18,18,18,18,18
260167,0,1,17,17,17,17,17,17,17,17,17,17
260167,1,1,0,0,0,0,0,0,0,0,0,0
260168,1,1,0,0,0,0,0,0,0,0,0,0
260168,2,1,0,0,0,0,0,0,0,0,0,0
260169,1,1,0,0,0,0,0,0,0,0,0,0
260169,2,1,0,0,0,0,0,0,0,0,0,0
260170,1,1,0,0,0,0,0,0,0,0,0,0
260170,2,1,0,0,0,0,0,0,0,0,0,0
260171,1,1,22,22,22,22,22,22,22,22,22,22
260172,1,1,0,0,0,0,0,0,0,0,0,0
260173,1,1,7,7,7,7,7,7,7,7,7,7
260174,1,1,17,17,17,17,17,17,17,17,17,17
260176,1,1,9,9,9,9,9,9,9,9,9,9
260177,1,1,0,0,0,0,0,0,0,0,0,0
260177,2,1,0,0,0,0,0,0,0,0,0,0
260178,0,1,13,13,13,13,13,13,13,13,13,13
260178,1,1,0,0,0,0,0,0,0,0,0,0
260179,1,1,0,0,0,0,0,0,0,0,0,0
260179,2,1,0,0,0,0,0,0,0,0,0,0
260180,1,1,0,0,0,0,0,0,0,0,0,0
260180,2,1,0,0,0,0,0,0,0,0,0,0
260181,0,1,6,6,6,6,6,6,6,6,6,6
260181,0,2,0,0,0,0,21,0,0,0,0,0
260181,1,1,8,8,8,8,8,8,8,8,8,8
260182,1,1,0,0,0,0,0,0,0,0,0,0
260183,1,1,0,0,0,0,0,0,0,0,0,0
260183,2,1,0,0,0,0,0,0,0,0,0,0
260183,3,1,0,0,0,0,0,0,0,0,0,0
260184,0,1,15,39,45,22,8,19,22,31,33,14
260184,1,1,0,0,0,0,0,0,0,0,0,0
260185,0,1,23,0,10,30,29,27,31,23,25,35
260185,1,1,0,0,0,0,0,0,0,0,0,0
260186,1,1,0,0,0,0,0,0,0,0,0,0
260187,0,1,0,0,0,0,0,0,0,0,0,0
260187,1,1,0,0,0,0,0,0,0,0,0,0
260188,1,1,0,0,0,0,0,0,0,0,0,0
260188,2,1,0,0,0,0,0,0,0,11,0,0
260189,1,1,6,6,6,6,6,6,6,6,6,6
260191,1,1,18,18,18,18,18,18,18,18,18,18
260191,2,1,6,6,6,6,6,6,6,6,6,6
260194,1,1,0,0,0,0,0,0,0,0,0,0
260195,1,1,0,0,0,12,0,0,0,0,0,0
260195,2,1,0,0,0,0,0,0,0,0,0,0
260196,1,1,0,0,0,0,0,0,0,0,0,0
260196,2,1,0,0,0,0,0,0,0,0,0,0
260197,1,1,0,0,0,0,0,0,0,0,0,0
260198,1,1,0,0,0,0,0,0,0,0,0,0
260199,1,1,0,0,0,0,0,0,0,0,0,0
260199,2,1,0,0,0,0,0,0,0,0,0,0
260200,0,1,14,14,14,14,14,14,14,14,14,14
260200,1,1,0,0,0,0,0,0,0,0,0,0
260201,0,1,0,0,0,0,0,0,0,0,0,0
260201,1,1,0,0,0,0,0,0,0,0,0,0
260202,1,1,18,18,18,18,18,18,18,18,18,18
260202,2,1,0,0,0,0,0,0,0,0,0,0
260203,1,1,0,0,0,0,0,0,0,0,0,0
260204,1,1,0,0,0,0,0,0,0,0,0,0
260204,2,1,0,0,0,0,0,0,0,0,0,0
260205,1,1,17,17,17,17,17,17,17,17,17,17
260205,2,1,19,19,19,19,19,19,19,19,19,19
260206,1,1,0,0,0,0,0,0,0,0,0,0
260206,2,1,0,0,0,0,0,0,0,0,0,0
260207,1,1,0,0,0,0,0,0,0,0,0,0
260207,2,1,0,0,0,0,0,0,0,0,0,0
260208,1,1,2,2,2,2,2,2,2,2,2,2
260209,1,1,0,0,0,0,0,0,0,0,0,0
260209,2,1,0,0,0,0,0,0,0,0,0,0
260210,1,1,0,0,0,0,0,0,0,0,0,0
260211,0,1,32,32,32,32,32,32,32,32,32,32
260211,1,1,0,0,0,0,0,0,0,0,0,0
260212,1,1,0,0,0,0,0,0,0,0,0,0
260212,2,1,0,0,0,0,0,0,0,0,0,0
260213,1,1,0,0,0,0,0,0,0,0,0,0
260214,1,1,0,0,0,0,0,0,0,0,0,0
260214,2,1,0,0,0,0,0,0,0,0,0,0
260215,1,1,0,0,0,0,0,0,0,0,0,0
260216,1,1,0,0,0,0,0,0,0,0,0,0
260217,1,1,8,8,8,8,8,8,8,8,8,8
260218,1,1,0,0,0,0,0,0,0,0,0,0
260218,2,1,0,0,0,0,0,0,0,0,3,0
260219,1,1,19,19,19,19,19,19,19,19,19,19
260220,1,1,0,0,0,0,0,0,0,0,0,0
260220,2,1,0,0,0,0,0,0,0,0,0,0
260221,1,1,0,0,0,0,0,0,0,0,0,0
260221,2,1,0,0,0,0,0,0,0,0,0,0
260221,3,1,0,0,0,0,0,0,0,0,0,0
260222,0,1,0,0,0,0,0,0,0,0,0,0
260222,1,1,0,0,0,0,0,0,0,0,0,0
260223,1,1,0,0,0,0,0,18,0,0,0,0
260224,1,1,0,0,0,0,0,0,0,0,0,0
260224,2,1,0,0,0,0,0,0,0,0,0,0
260224,3,1,0,0,0,0,0,0,0,0,0,0
260225,1,1,0,0,0,0,0,0,0,0,0,0
260225,2,1,0,0,0,0,0,0,0,0,0,0
260226,0,1,0,0,0,0,0,0,0,0,0,0
260226,1,1,0,0,0,0,0,0,0,0,0,0
260227,0,1,0,0,0,0,0,0,0,0,0,0
260227,1,1,0,0,0,0,0,0,0,0,0,14
260227,2,1,0,0,0,0,0,0,0,0,0,0
260228,1,1,0,0,0,0,0,0,0,0,0,0
260228,2,1,0,0,0,0,0,0,0,0,0,0
260229,1,1,0,0,33,12,0,13,0,0,0,15
260230,1,1,0,0,0,0,0,0,24,0,0,0
260230,2,1,0,0,0,0,0,0,0,0,0,0
260231,1,1,0,0,0,0,0,0,0,0,0,0
260232,1,1,0,0,0,0,0,0,0,0,0,0
260232,2,1,0,0,0,0,0,0,0,0,0,0
260233,1,1,18,18,18,18,18,18,18,18,18,18
260234,1,1,0,0,0,0,0,0,0,0,0,0
260234,2,1,0,0,0,0,0,0,0,0,0,0
260235,1,1,0,0,0,0,0,0,0,0,0,0
260235,2,1,18,0,0,0,24,0,0,6,12,0
260236,1,1,7,7,7,7,7,7,7,7,7,7
260237,1,1,24,24,24,24,24,24,24,24,24,24
260238,0,1,0,0,0,0,0,0,0,0,0,0
260238,1,1,0,0,0,0,0,0,0,0,15,0
260239,1,1,0,0,0,0,0,0,0,0,0,0
260239,2,1,13,0,0,0,0,0,0,0,5,0
260240,1,1,0,0,0,0,0,15,0,0,0,0
260241,0,1,4,4,4,4,4,4,4,4,4,4
260241,1,1,0,8,44,0,0,30,0,10,7,35
260242,1,1,19,19,19,19,19,19,19,19,19,19
260243,1,1,0,0,0,0,0,0,0,0,0,0
260243,2,1,0,0,0,0,0,0,0,0,0,0
260243,3,1,0,0,0,0,0,0,0,0,0,0
260244,0,1,0,0,0,0,0,0,0,0,0,0
260244,1,1,0,0,0,0,0,0,0,0,0,0
260245,1,1,21,6,31,0,4,8,0,0,0,6
260246,1,1,24,24,24,24,24,24,24,24,24,24
260246,2,1,0,0,0,0,0,0,0,0,0,0
260247,1,1,0,0,0,0,0,0,0,0,0,0
260247,2,1,22,0,0,0,24,0,0,0,0,21
260248,1,1,0,0,0,0,0,0,0,0,0,0
260248,2,1,0,0,0,0,0,0,0,0,0,0
260249,0,1,23,0,23,0,35,0,0,0,25,15
260249,1,1,0,0,0,0,0,0,0,0,0,0
260250,0,1,0,0,0,0,0,0,0,0,0,0
260250,1,1,0,0,0,0,0,0,0,0,0,0
260251,1,1,0,0,0,0,0,0,0,0,0,0
260251,2,1,0,0,0,0,0,0,0,0,0,0
260252,0,1,17,14,16,12,31,0,28,11,16,16
260252,1,1,0,0,0,0,0,0,0,0,0,0
260253,1,1,0,0,0,0,0,0,0,0,0,0
260254,0,1,0,0,0,0,0,0,0,0,0,0
260254,1,1,0,0,0,0,0,0,0,0,0,0
260255,1,1,0,0,0,0,0,0,0,0,0,0
260256,1,1,32,32,32,32,32,32,32,32,32,32
260257,0,1,10,10,10,10,10,10,10,10,10,10
260257,1,1,14,14,14,14,14,14,14,14,14,14
260258,1,1,13,13,13,13,13,13,13,13,13,13
260258,2,1,0,0,0,0,0,0,0,0,0,0
260259,1,1,21,18,20,8,8,20,18,7,17,27
260260,0,1,0,0,0,0,0,0,0,0,0,0
260260,1,1,0,0,0,0,0,0,0,0,0,0
260261,0,1,0,0,0,0,0,0,0,0,0,0
260261,1,1,0,0,0,0,0,0,0,0,0,0
260263,1,1,0,11,0,0,0,0,0,0,24,0
260263,2,1,0,13,17,0,7,0,0,0,7,0
260263,3,1,0,0,0,0,0,0,0,0,0,0
260263,4,1,0,0,0,0,0,0,32,0,0,15
260263,5,1,0,0,0,0,0,0,0,0,0,0
260264,1,1,0,0,0,0,0,0,0,0,0,0
260264,2,1,0,0,0,0,0,0,0,0,0,0
260265,1,1,20,20,20,20,20,20,20,20,20,20
260265,2,1,0,0,0,0,0,0,0,0,0,0
260266,1,1,0,0,0,0,0,0,0,0,0,0
260266,2,1,0,10,0,0,0,0,0,0,0,0
260267,0,1,8,8,8,8,8,8,8,8,8,8
260267,1,1,0,0,10,22,16,15,0,0,0,0
260268,1,1,9,20,0,9,8,0,4,18,26,48
260268,2,1,11,11,11,11,11,11,11,11,11,11
260269,1,1,2,2,2,2,2,2,2,2,2,2
260269,2,1,0,0,0,0,0,0,0,0,0,0
260270,1,1,0,0,0,0,0,0,0,0,0,0
260271,1,1,25,25,25,25,25,25,25,25,25,25
260272,1,1,0,4,0,0,0,0,0,0,0,12
260272,2,1,0,0,0,0,0,0,0,0,0,0
260272,3,1,0,0,0,0,0,0,0,0,0,0
260273,0,1,0,0,0,0,21,0,0,0,0,0
260273,1,1,0,0,0,0,0,0,0,0,0,0
260274,1,1,6,6,6,6,6,6,6,6,6,6
260275,1,1,19,19,19,19,19,19,19,19,19,19
260275,2,1,7,0,5,0,0,0,0,0,0,0
260276,1,1,0,0,0,0,0,0,0,0,0,0
260277,1,1,0,0,0,0,0,0,0,0,0,0
260277,2,1,0,0,0,0,0,0,0,0,0,0
260277,3,1,0,0,0,0,0,0,0,0,0,0
260278,1,1,19,0,0,0,0,0,18,0,0,0
260278,2,1,0,0,0,0,0,0,0,0,0,0
260278,3,1,0,0,0,0,0,0,0,0,0,0
260279,1,1,0,0,0,0,0,0,0,0,0,0
260279,2,1,0,0,0,0,0,0,0,0,0,0
260280,1,1,0,0,0,0,0,0,0,0,0,0
260280,2,1,0,0,0,0,0,0,0,0,0,0
260281,1,1,20,20,20,20,20,20,20,20,20,20
260281,2,1,0,0,0,0,0,0,0,0,0,0
260282,1,1,0,0,0,0,0,0,0,0,0,0
260283,0,1,32,35,27,13,14,30,29,38,32,33
260283,1,1,0,0,29,0,14,0,21,0,0,0
260284,1,1,0,0,0,0,0,0,0,0,0,0
260285,1,1,4,4,4,4,4,4,4,4,4,4
260285,2,1,0,0,0,0,0,0,0,0,0,0
260286,1,1,0,17,4,0,0,0,20,0,0,0
260287,1,1,17,17,17,17,17,17,17,17,17,17
260288,1,1,0,0,0,0,0,0,0,0,0,0
260288,2,1,0,0,0,0,0,0,0,0,0,0
260289,1,1,0,30,0,0,13,0,20,20,0,18
260290,1,1,0,0,0,0,0,0,0,0,0,0
260291,1,1,0,0,0,0,14,4,28,0,9,15
260291,2,1,4,4,4,4,4,4,4,4,4,4
260292,1,1,23,23,23,23,23,23,23,23,23,23
260292,2,1,0,0,0,0,0,0,0,23,0,0
260293,0,1,0,0,0,0,0,0,0,0,0,0
260293,1,1,0,0,0,0,0,0,0,0,0,0
260294,1,1,1,1,1,1,1,1,1,1,1,1
260294,2,1,0,0,0,0,0,0,0,0,0,0
260295,0,1,0,0,0,0,0,0,0,0,0,0
260295,1,1,0,0,0,0,0,0,0,0,0,0
260296,1,1,0,0,0,0,0,0,0,0,0,0
260296,2,1,0,0,0,0,0,0,0,0,0,0
260297,1,1,0,0,0,0,0,0,0,0,0,0
260297,2,1,0,0,0,0,0,0,0,0,0,0
260298,1,1,12,12,12,12,12,12,12,12,12,12
260299,1,1,14,14,14,14,14,14,14,14,14,14
260300,1,1,0,0,0,0,0,0,0,0,0,0
260301,1,1,0,0,0,5,31,0,0,0,0,0
260302,1,1,0,0,0,0,0,0,0,0,0,0
260303,0,1,0,0,0,0,0,0,0,0,0,0
260303,1,1,0,0,0,0,0,19,0,0,0,0
260304,1,1,0,0,0,0,0,0,0,0,0,0
260305,1,1,25,25,25,25,25,25,25,25,25,25
260306,1,1,22,22,22,22,22,22,22,22,22,22
260307,1,1,0,0,0,0,0,19,0,0,0,0
260307,2,1,0,0,0,0,0,0,0,0,0,0
260307,3,1,0,0,0,0,0,0,0,0,0,0
260309,1,1,0,0,0,0,0,0,0,0,0,0
260309,2,1,6,0,18,28,0,0,9,13,7,0
260310,1,1,0,0,0,0,0,0,0,0,0,0
260310,2,1,0,0,0,0,8,0,0,0,18,0
260311,1,1,0,0,0,0,0,0,0,0,0,0
260311,2,1,0,0,0,0,0,0,0,0,0,0
260311,3,1,0,0,0,0,0,0,8,0,0,0
260312,0,1,0,0,0,0,0,0,0,0,0,0
260312,1,1,0,0,0,0,0,0,0,0,0,0
260313,1,1,0,0,0,0,0,0,0,0,0,0
260314,1,1,0,0,0,0,0,0,0,0,0,0
260314,2,1,0,0,0,0,0,0,0,0,0,0
260315,1,1,0,0,0,0,0,0,0,0,0,0
260315,2,1,0,0,0,0,0,0,0,0,0,0
260316,0,1,2,12,12,24,15,34,9,13,16,11
260316,1,1,0,0,0,0,0,0,0,0,0,0
260317,1,1,20,20,20,20,20,20,20,20,20,20
260318,1,1,0,0,0,0,0,0,0,0,0,0
260319,1,1,0,0,0,0,0,0,0,0,0,0
260319,2,1,0,0,0,0,0,0,0,0,0,0
260320,1,1,0,0,0,0,0,0,0,0,0,0
260320,2,1,0,0,0,0,0,0,0,0,0,0
260321,1,1,0,0,0,0,0,0,0,0,0,0
260322,1,1,18,18,18,18,18,18,18,18,18,18
260323,0,1,0,0,0,0,0,0,0,0,0,0
260323,1,1,0,0,0,0,0,0,0,0,0,0
260324,1,1,29,29,29,29,29,29,29,29,29,29
260325,1,1,0,0,0,0,0,0,0,0,0,0
260325,2,1,0,0,0,0,0,0,0,0,0,0
260325,3,1,0,0,0,0,0,0,0,0,0,0
260326,1,1,0,0,0,0,0,0,0,0,0,0
260326,2,1,0,0,0,0,0,0,0,0,0,0
260327,1,1,0,0,0,0,0,0,0,0,0,0
260328,1,1,27,27,27,27,27,27,27,27,27,27
260328,2,1,0,0,0,12,0,0,0,0,0,0
260329,1,1,4,4,4,4,4,4,4,4,4,4
260329,2,1,12,0,0,0,0,0,13,0,0,0
260329,3,1,0,0,0,0,0,0,0,0,0,0
260330,1,1,0,0,0,0,0,0,0,0,0,0
260330,2,1,0,0,0,0,0,0,0,0,0,0
260331,0,1,0,0,0,13,0,0,0,26,0,0
260331,1,1,0,0,0,0,0,0,0,0,0,0
260332,1,1,0,0,0,0,0,0,0,0,0,0
260332,2,1,0,0,0,0,0,0,0,0,0,0
260333,1,1,0,0,0,0,0,0,0,0,0,0
260334,1,1,0,0,0,0,0,0,0,0,0,0
260334,2,1,0,0,0,0,0,0,0,0,0,0
260335,1,1,19,19,19,19,19,19,19,19,19,19
260336,1,1,0,0,0,0,0,0,0,0,0,0
260336,2,1,0,0,0,0,0,0,0,0,0,0
260337,1,1,0,0,0,0,0,0,0,0,0,0
260338,1,1,0,0,0,0,0,0,0,0,0,0
260339,0,1,0,0,0,0,0,8,0,0,0,0
260339,1,1,0,0,0,0,0,0,0,0,0,0
260340,1,1,0,0,0,0,0,0,0,0,0,0
260340,2,1,0,0,0,0,0,0,0,0,0,0
260340,3,1,0,0,0,0,0,0,0,0,0,0
260340,4,1,0,0,0,0,0,0,0,0,0,0
260341,1,1,0,0,0,0,0,0,0,0,0,0
260342,1,1,0,0,0,0,0,0,0,0,0,0
260343,1,1,6,6,6,6,6,6,6,6,6,6
260344,1,1,0,0,0,0,0,0,0,0,0,0
260344,2,1,0,0,0,0,0,0,0,0,0,0
260345,1,1,0,0,0,0,0,0,0,0,0,0
260345,2,1,0,0,0,0,0,0,0,0,0,0
260346,1,1,3,3,3,3,3,3,3,3,3,3
260347,1,1,0,0,0,0,0,0,0,0,0,0
260347,2,1,0,0,0,0,0,0,0,0,0,0
260348,1,1,0,0,0,0,0,0,0,0,0,0
260349,0,1,0,23,0,0,0,0,35,0,21,0
260349,1,1,0,36,0,0,0,0,0,0,0,0
260350,1,1,0,0,0,0,0,0,0,0,0,0
260351,1,1,0,0,0,0,0,0,0,0,0,0
260352,1,1,0,0,0,0,0,0,0,0,0,0
260352,2,1,0,0,0,0,0,0,0,0,0,0
260353,1,1,0,0,0,0,0,0,0,0,0,0
260354,1,1,0,0,0,0,0,0,0,0,8,0
260355,1,1,0,0,0,0,0,0,0,0,0,0
260355,2,1,0,0,0,0,0,0,0,0,0,0
260356,1,1,0,0,0,0,0,0,0,0,0,0
260356,2,1,0,0,0,0,0,0,0,0,0,0
260356,3,1,0,0,0,0,0,0,0,0,0,0