ST_CASE,VEH_NO,PER_NO,P1,P2,P3,P4,P5,P6,P7,P8,P9,P10
260357,1,1,0,0,0,0,0,0,0,0,0,0
260357,2,1,4,4,4,4,4,4,4,4,4,4
260357,3,1,0,0,0,0,0,0,0,0,0,0
260358,1,1,0,8,13,0,0,0,16,0,0,0
260358,2,1,0,8,0,0,0,0,0,0,0,6
260359,0,1,0,0,0,13,0,0,0,13,0,0
260359,1,1,0,0,0,0,0,0,0,0,0,0
260360,1,1,0,0,0,0,0,0,0,0,0,0
260360,2,1,0,0,0,0,0,0,0,0,0,0
260360,3,1,0,0,0,0,0,0,0,0,0,0
260361,1,1,0,0,0,0,0,0,0,0,0,0
260361,2,1,0,0,0,0,0,0,0,0,0,0
260362,0,1,20,20,20,20,20,20,20,20,20,20
260362,1,1,0,0,0,0,0,0,0,0,0,0
260363,1,1,0,0,0,0,0,0,0,0,0,0
260363,2,1,0,0,0,0,0,0,0,0,0,0
260364,1,1,0,0,0,0,0,0,0,0,0,0
260364,2,1,0,0,0,0,0,0,0,0,0,0
260365,0,1,0,0,0,0,0,0,0,0,0,0
260365,1,1,0,0,0,0,0,0,0,0,0,0
260366,1,1,0,0,0,0,0,0,0,0,0,0
260367,1,1,0,0,0,0,0,0,0,0,0,0
260368,1,1,0,0,0,0,0,0,0,0,0,0
260369,1,1,0,0,0,0,0,0,0,0,0,0
260369,2,1,0,0,0,0,0,0,0,0,0,0
260370,1,1,0,0,0,0,0,0,0,0,0,0
260371,1,1,0,0,0,0,0,0,0,0,0,0
260372,1,1,0,0,0,0,0,0,0,0,0,0
260372,2,1,8,8,8,8,8,8,8,8,8,8
260373,1,1,4,4,4,4,4,4,4,4,4,4
260373,2,1,0,0,0,0,0,0,0,0,0,20
260374,1,1,0,0,0,0,0,0,0,0,0,0
260375,1,1,0,0,0,0,0,0,0,0,0,0
260375,2,1,0,0,0,0,0,0,0,0,0,0
260376,1,1,0,0,0,0,0,0,0,0,0,0
260376,2,1,0,0,0,0,0,0,0,0,0,0
260377,1,1,29,29,29,29,29,29,29,29,29,29
260378,0,1,8,0,0,27,0,0,19,0,0,0
260378,1,1,0,0,0,0,0,0,0,0,0,0
260379,1,1,0,0,0,0,0,0,0,0,0,0
260379,2,1,0,0,0,0,0,0,0,0,0,0
260379,3,1,0,0,0,0,0,0,0,0,0,0
260380,1,1,17,17,17,17,17,17,17,17,17,17
260381,1,1,0,0,0,0,0,0,0,0,0,0
260381,2,1,0,0,0,0,0,0,0,0,0,0
260382,1,1,8,8,8,8,8,8,8,8,8,8
260383,1,1,0,0,0,0,0,0,0,0,0,0
260383,2,1,0,0,0,0,0,0,0,0,0,0
260383,3,1,0,0,0,0,0,0,0,0,0,0
260384,1,1,0,0,0,0,0,0,0,0,0,0
260385,1,1,2,2,2,2,2,2,2,2,2,2
260386,0,1,0,0,17,0,0,26,16,0,7,0
260386,1,1,0,0,0,0,0,0,0,0,0,0
260387,1,1,0,0,0,0,0,0,0,0,0,0
260387,2,1,0,0,0,0,0,0,0,0,0,0
260387,3,1,0,0,0,0,0,0,0,0,0,0
260388,1,1,0,0,0,0,0,0,0,0,0,0
260388,2,1,0,0,0,0,0,0,0,0,0,0
260389,1,1,7,7,7,7,7,7,7,7,7,7
260390,1,1,0,0,0,0,0,0,0,0,0,0
260391,1,1,9,0,0,0,0,0,0,0,0,0
260392,1,1,0,0,0,0,0,0,0,0,0,0
260393,1,1,0,0,0,0,0,0,0,0,0,0
260393,2,1,0,0,0,0,0,0,0,0,0,0
260394,1,1,21,21,21,21,21,21,21,21,21,21
260395,1,1,0,0,0,0,0,0,0,0,0,0
260396,0,1,11,19,11,0,15,0,27,36,34,22
260396,1,1,0,0,0,0,0,0,0,0,0,0
260397,1,1,0,0,0,0,0,0,0,0,0,0
260397,2,1,0,0,0,0,0,0,0,0,0,0
260398,1,1,0,0,0,0,0,0,0,0,0,0
260398,2,1,0,0,0,0,0,0,0,0,0,0
260398,3,1,0,0,0,0,0,0,0,0,0,0
260400,0,1,13,13,13,13,13,13,13,13,13,13
260400,1,1,0,0,0,0,17,0,0,0,0,0
260401,1,1,0,0,0,0,0,29,0,0,0,0
260402,0,1,0,0,0,0,0,0,0,0,0,0
260402,1,1,18,0,0,0,0,0,0,0,0,17
260403,1,1,19,19,19,19,19,19,19,19,19,19
260404,1,1,15,10,18,12,30,6,17,19,21,0
260404,2,1,0,0,0,0,0,0,0,0,0,0
260406,1,1,0,0,0,0,0,0,0,0,0,0
260406,2,1,13,13,13,13,13,13,13,13,13,13
260407,1,1,9,9,9,9,9,9,9,9,9,9
260409,0,1,6,6,6,6,6,6,6,6,6,6
260409,1,1,0,9,15,0,0,19,0,0,11,19
260410,0,1,0,0,0,0,0,0,0,0,0,0
260410,1,1,0,0,0,0,0,0,0,0,0,0
260411,1,1,0,0,0,0,0,0,0,0,0,0
260412,1,1,0,0,0,0,0,0,0,0,0,0
260412,2,1,0,0,0,0,0,0,0,0,0,0
260412,3,1,0,0,0,0,15,0,0,0,0,0
260413,1,1,5,5,5,5,5,5,5,5,5,5
260414,1,1,0,0,0,0,0,0,0,0,0,0
260415,1,1,0,0,0,0,0,0,0,0,0,0
260415,2,1,0,0,0,0,0,0,0,0,0,0
260416,0,1,0,0,0,0,0,0,0,0,0,0
260416,1,1,0,0,0,0,0,0,0,0,0,0
260417,1,1,0,0,0,0,0,0,0,0,0,0
260417,2,1,0,0,0,0,0,0,0,0,0,0
260417,3,1,0,0,0,0,0,0,0,0,0,0
260419,1,1,0,0,0,0,0,0,0,0,0,0
260419,2,1,0,0,0,0,0,0,0,0,0,0
260420,1,1,0,0,0,0,0,0,0,0,0,0
260420,2,1,0,0,0,0,0,0,0,0,0,0
260421,1,1,0,0,0,0,0,0,0,0,0,0
260421,2,1,0,0,0,0,0,0,0,0,0,0
260422,1,1,0,0,0,0,0,0,0,0,0,0
260422,2,1,0,0,0,0,0,0,0,0,0,0
260423,0,1,28,0,0,0,0,21,0,0,0,40
260423,1,1,0,0,0,0,0,0,0,0,0,0
260424,1,1,11,11,11,11,11,11,11,11,11,11
260425,1,1,0,0,0,0,0,0,0,0,0,0
260425,2,1,0,0,0,0,0,0,0,0,0,0
260426,1,1,26,0,17,37,0,0,0,0,0,14
260426,2,1,0,0,0,0,0,0,0,0,0,0
260427,0,1,0,0,0,0,0,0,0,0,0,0
260427,0,2,0,0,0,0,0,0,0,0,0,0
260427,1,1,0,0,0,0,0,0,0,0,0,0
260428,1,1,0,0,0,0,0,0,0,0,0,0
260428,2,1,0,0,0,0,0,0,0,4,0,0
260429,1,1,17,17,17,17,17,17,17,17,17,17
260429,2,1,0,0,0,0,0,0,0,0,0,0
260430,1,1,0,0,0,0,0,0,0,0,0,0
260431,1,1,0,0,0,0,0,0,0,0,0,0
260431,2,1,0,0,0,0,0,0,0,0,0,0
260432,1,1,0,0,0,0,0,0,0,0,0,0
260432,2,1,0,0,0,0,0,0,0,0,0,0
260433,1,1,0,0,0,0,0,0,0,0,0,0
260433,2,1,0,0,0,0,0,0,0,0,0,15
260433,3,1,0,0,0,0,0,0,0,0,0,9
260434,1,1,14,14,14,14,14,14,14,14,14,14
260434,2,1,21,25,14,12,0,0,0,0,13,0
260435,0,1,12,12,12,12,12,12,12,12,12,12
260435,1,1,16,5,19,0,7,0,15,9,0,0
260436,1,1,0,0,0,0,0,0,0,0,0,0
260437,0,1,0,0,0,0,0,0,0,0,0,0
260437,1,1,0,0,0,0,0,0,0,0,0,0
260438,0,1,5,5,5,5,5,5,5,5,5,5
260438,1,1,20,20,20,20,20,20,20,20,20,20
260439,1,1,16,16,16,16,16,16,16,16,16,16
260440,1,1,19,19,19,19,19,19,19,19,19,19
260441,1,1,0,0,0,0,0,0,0,0,0,0
260441,2,1,0,0,0,0,0,0,0,0,0,0
260442,1,1,0,0,0,0,0,0,0,0,0,0
260442,2,1,28,25,17,27,21,32,26,11,12,15
260442,3,1,0,0,0,0,0,0,0,0,0,0
260443,1,1,0,0,0,0,0,0,0,0,0,0
260444,1,1,0,0,0,0,0,0,0,0,0,4
260444,2,1,0,0,0,0,0,0,0,0,0,0
260445,1,1,0,0,0,0,0,0,0,0,0,0
260445,2,1,0,0,0,0,0,0,0,0,0,0
260446,1,1,10,0,6,2,14,0,0,0,27,0
260447,1,1,15,15,15,15,15,15,15,15,15,15
260447,2,1,0,0,0,0,0,0,0,0,0,0
260448,1,1,0,0,0,0,0,0,0,0,0,0
260448,2,1,0,0,0,0,0,0,0,0,0,0
260449,1,1,0,0,0,0,0,0,0,0,0,0
260449,2,1,0,0,0,0,0,0,0,0,0,0
260450,0,1,20,0,0,0,0,0,0,0,0,0
260450,1,1,0,0,0,0,0,0,0,0,0,0
260451,1,1,0,0,0,0,0,0,0,0,0,0
260452,1,1,0,0,0,0,0,0,0,0,0,0
260453,0,1,0,0,0,0,0,0,0,0,0,0
260453,0,2,0,0,0,0,0,5,0,0,0,0
260453,1,1,0,0,0,0,0,0,0,0,0,0
260454,1,1,0,0,0,0,0,0,0,0,0,0
260454,2,1,13,10,14,17,36,4,20,23,0,23
260455,1,1,0,0,0,0,0,0,0,0,0,0
260455,2,1,0,0,0,0,0,0,0,0,0,0
260456,1,1,0,0,0,0,0,0,0,0,0,0
260456,2,1,0,0,0,0,0,0,0,0,0,0
260457,1,1,16,16,16,16,16,16,16,16,16,16
260458,1,1,0,0,0,0,0,0,0,0,0,0
260458,2,1,0,0,0,0,0,0,0,0,0,0
260459,1,1,0,0,0,0,0,0,0,0,0,0
260459,2,1,5,5,5,5,5,5,5,5,5,5
260460,0,1,0,0,0,0,0,0,0,0,0,0
260460,1,1,0,0,0,0,0,0,0,0,0,0
260461,0,1,0,28,21,0,0,0,0,10,0,0
260461,1,1,0,0,0,0,0,0,0,0,0,0
260462,0,1,0,0,0,0,0,0,0,0,0,0
260462,1,1,0,0,0,0,0,0,0,0,0,0
260463,1,1,21,21,21,21,21,21,21,21,21,21
260464,1,1,22,22,22,22,22,22,22,22,22,22
260465,1,1,0,0,0,0,0,0,0,0,0,0
260465,2,1,8,8,8,8,8,8,8,8,8,8
260466,0,1,0,0,0,0,0,0,0,0,0,0
260466,1,1,14,0,0,9,0,0,4,0,9,23
260467,1,1,20,20,20,20,20,20,20,20,20,20
260468,1,1,0,0,0,0,0,0,0,0,0,0
260468,2,1,0,0,0,0,0,0,0,0,0,0
260469,1,1,21,21,21,21,21,21,21,21,21,21
260469,2,1,0,0,0,0,0,0,0,0,0,0
260470,1,1,0,0,0,0,0,0,0,7,0,0
260471,1,1,0,0,0,0,0,0,0,0,0,0
260471,2,1,0,0,0,0,0,0,0,0,0,0
260472,1,1,0,0,0,0,0,0,0,0,0,0
260472,2,1,0,0,0,0,0,0,0,0,0,0
260473,1,1,11,11,11,11,11,11,11,11,11,11
260474,1,1,29,29,29,29,29,29,29,29,29,29
260474,2,1,0,8,0,0,20,0,12,0,0,0
260476,1,1,0,0,0,0,0,0,0,0,0,0
260477,1,1,18,18,18,18,18,18,18,18,18,18
260478,1,1,24,24,24,24,24,24,24,24,24,24
260478,2,1,0,0,0,0,0,0,0,0,0,0
260479,1,1,0,0,0,0,0,0,0,0,0,12
260480,1,1,26,26,26,26,26,26,26,26,26,26
260480,2,1,0,0,0,0,0,12,0,21,8,0
260481,0,1,0,0,0,0,0,0,0,0,0,0
260481,1,1,0,0,13,0,0,0,0,0,0,0
260482,1,1,6,6,6,6,6,6,6,6,6,6
260483,1,1,0,0,0,0,0,0,0,0,0,0
260484,0,1,0,0,0,0,0,0,0,0,0,0
260484,1,1,0,0,0,0,0,0,0,0,0,0
260485,1,1,0,21,31,9,0,7,10,0,18,0
260486,1,1,0,0,0,0,0,0,0,0,0,0
260487,1,1,28,28,14,13,12,13,23,16,17,8
260487,2,1,0,0,0,0,0,0,0,0,0,0
260488,0,1,0,0,0,0,0,0,0,0,0,0
260488,1,1,0,0,0,0,0,0,0,0,0,0
260489,0,1,0,0,17,0,0,0,0,0,0,3
260489,1,1,0,0,0,0,0,0,0,0,0,0
260489,2,1,0,0,0,0,0,0,0,0,0,0
260490,1,1,0,0,0,0,0,0,0,19,0,0
260491,1,1,23,0,0,0,0,0,0,0,0,0
260493,1,1,12,12,12,12,12,12,12,12,12,12
260494,0,1,29,29,29,29,29,29,29,29,29,29
260494,1,1,21,8,23,12,16,17,7,18,9,0
260495,1,1,4,4,4,4,4,4,4,4,4,4
260495,2,1,4,4,4,4,4,4,4,4,4,4
260496,1,1,7,7,7,7,7,7,7,7,7,7
260496,2,1,0,0,0,0,0,0,0,0,0,0
260497,1,1,0,0,0,0,0,0,0,0,0,0
260497,2,1,0,0,0,0,0,0,0,0,0,0
260498,1,1,12,12,12,12,12,12,12,12,12,12
260499,1,1,0,0,0,0,0,0,0,0,0,0
260499,2,1,0,0,0,0,0,0,0,0,0,0
260499,3,1,0,0,0,0,0,0,0,0,0,0
260500,1,1,0,0,0,0,0,0,0,0,0,0
260500,2,1,8,0,0,0,0,0,0,0,0,6
260501,1,1,0,0,0,0,0,0,0,0,0,0
260501,2,1,0,0,0,19,0,0,0,0,0,0
260502,1,1,0,0,0,0,0,0,0,0,0,0
260502,2,1,0,0,0,0,0,0,0,0,0,0
260502,3,1,0,0,0,0,0,0,0,0,0,0
260503,1,1,0,0,0,0,0,0,0,0,0,0
260504,0,1,0,0,36,0,0,0,0,0,28,0
260504,1,1,0,0,0,0,0,0,0,0,0,0
260505,0,1,0,0,0,0,0,0,0,0,0,0
260505,0,2,0,0,0,0,0,0,0,0,0,0
260505,1,1,20,20,20,20,20,20,20,20,20,20
260506,1,1,0,0,0,0,0,0,0,0,0,0
260506,2,1,0,0,0,24,3,0,20,0,0,12
260506,3,1,0,0,0,0,0,0,0,0,0,0
260507,0,1,0,0,0,0,0,0,0,0,0,0
260507,1,1,12,12,12,12,12,12,12,12,12,12
260508,1,1,13,13,13,13,13,13,13,13,13,13
260509,0,1,0,0,0,0,0,0,0,0,0,0
260509,1,1,0,0,0,0,0,0,0,0,0,0
260510,1,1,16,16,16,16,16,16,16,16,16,16
260511,1,1,15,15,15,15,15,15,15,15,15,15
260512,1,1,0,0,0,0,0,0,0,0,0,0
260512,2,1,0,0,0,0,0,0,0,0,0,0
260513,1,1,0,0,0,0,0,0,0,0,0,0
260513,2,1,0,0,0,0,0,0,0,0,0,0
260514,1,1,17,17,17,17,17,17,17,17,17,17
260515,1,1,5,5,5,5,5,5,5,5,5,5
260516,1,1,0,0,0,0,0,0,0,0,0,0
260516,2,1,0,0,0,0,0,0,0,0,0,0
260517,1,1,0,0,0,0,0,0,0,0,0,0
260518,1,1,5,5,5,5,5,5,5,5,5,5
260518,2,1,0,0,0,0,0,0,0,0,0,0
260519,1,1,0,0,0,0,0,0,0,0,0,0
260520,1,1,0,0,0,0,0,0,0,0,0,0
260521,1,1,0,0,0,0,16,0,0,0,0,0
260522,1,1,0,0,0,0,0,0,0,0,0,0
260522,2,1,0,0,0,0,0,0,0,0,0,0
260523,1,1,0,0,0,0,0,0,0,0,0,0
260523,2,1,0,0,0,0,0,0,0,0,0,0
260524,1,1,25,25,25,25,25,25,25,25,25,25
260525,1,1,0,0,0,0,0,0,0,0,0,0
260525,2,1,0,0,0,0,0,0,0,0,0,0
260526,1,1,0,0,0,0,0,0,0,0,0,0
260526,2,1,0,0,0,0,0,0,0,0,0,0
260527,0,1,0,0,0,0,0,0,0,0,0,0
260527,1,1,0,0,0,0,0,0,0,0,0,0
260528,1,1,0,0,0,0,0,0,0,0,0,0
260529,1,1,20,20,20,20,20,20,20,20,20,20
260530,1,1,0,0,24,0,0,0,0,0,0,0
260531,1,1,0,0,0,0,0,0,0,0,0,0
260531,2,1,0,0,0,0,0,0,0,0,0,0
260532,1,1,24,24,24,24,24,24,24,24,24,24
260534,1,1,5,5,5,5,5,5,5,5,5,5
260534,2,1,0,0,0,0,0,0,0,0,0,0
260535,0,1,0,0,0,0,0,0,0,0,0,0
260535,1,1,0,0,0,0,0,0,0,0,0,0
260537,1,1,22,22,22,22,22,22,22,22,22,22
260538,1,1,0,0,0,0,0,0,0,0,0,0
260538,2,1,0,0,0,0,0,0,0,0,0,0
260539,1,1,17,17,17,17,17,17,17,17,17,17
260540,1,1,0,0,0,0,0,0,0,0,0,0
260541,0,1,0,0,0,0,0,0,0,0,0,0
260541,1,1,0,0,0,0,0,0,0,0,0,0
260542,1,1,0,0,8,0,0,0,23,0,0,0
260543,1,1,0,0,0,0,0,0,0,0,0,0
260543,2,1,0,0,0,0,0,0,0,13,0,0
260544,1,1,0,0,0,0,0,0,0,0,0,0
260544,2,1,0,0,0,0,0,0,0,0,0,0
260545,1,1,0,0,0,0,0,0,0,0,0,0
260545,2,1,0,0,0,0,0,0,0,0,0,0
260546,1,1,14,14,14,14,14,14,14,14,14,14
260547,1,1,17,17,17,17,17,17,17,17,17,17
260547,2,1,0,0,0,0,0,0,0,0,0,0
260548,1,1,0,0,0,0,0,0,0,0,0,0
260548,2,1,0,0,0,0,0,0,0,0,0,0
260549,1,1,0,0,0,0,0,0,0,0,0,0
260550,1,1,0,0,0,0,0,0,0,0,0,0
260551,1,1,17,17,17,17,17,17,17,17,17,17
260551,2,1,0,0,0,0,0,8,0,0,0,0
260552,1,1,13,13,13,13,13,13,13,13,13,13
260552,2,1,0,0,0,0,0,0,0,0,0,0
260553,1,1,0,0,0,0,0,0,0,0,0,0
260553,2,1,0,0,0,0,0,0,0,0,0,0
260554,0,1,0,0,0,0,0,0,0,0,0,0
260554,1,1,0,0,0,0,0,0,0,0,0,0
260555,1,1,0,0,0,0,0,0,0,0,0,0
260555,2,1,0,0,0,0,0,0,0,0,0,0
260556,1,1,9,9,9,9,9,9,9,9,9,9
260556,2,1,0,0,0,0,0,0,0,0,0,0
260557,1,1,3,3,3,3,3,3,3,3,3,3
260557,2,1,18,0,0,0,0,4,0,0,5,0
260558,0,1,0,9,0,0,0,0,0,0,0,0
260558,1,1,0,5,10,0,0,0,0,0,0,0
260559,1,1,0,0,0,0,0,0,0,0,0,0
260560,1,1,0,0,0,0,0,0,0,0,0,0
260560,2,1,0,0,0,0,0,0,0,0,0,0
260561,1,1,0,0,0,0,0,0,0,0,0,0
260561,2,1,0,0,0,0,0,0,0,0,0,0
260563,1,1,15,15,15,15,15,15,15,15,15,15
260564,1,1,15,15,15,15,15,15,15,15,15,15
260565,1,1,0,0,0,0,0,0,0,0,0,0
260567,1,1,0,0,0,0,0,0,0,0,0,0
260568,1,1,0,0,0,0,0,0,0,0,0,0
260569,1,1,0,0,0,0,0,0,0,0,0,0
260569,2,1,0,0,0,0,0,0,0,0,0,0
260570,1,1,0,0,0,0,0,0,0,0,0,30
260570,2,1,0,0,0,0,0,0,0,0,0,0
260571,0,1,0,0,0,0,16,0,0,0,0,0
260571,1,1,0,9,0,0,0,41,8,12,30,0
260572,1,1,0,0,0,0,0,0,0,0,0,0
260572,2,1,0,0,0,0,0,0,0,0,0,0
260573,1,1,0,0,0,0,0,0,0,0,0,0
260574,1,1,17,18,0,9,4,0,0,8,7,0
260575,1,1,41,41,41,41,41,41,41,41,41,41
260576,1,1,0,0,0,0,0,0,0,0,0,0
260576,2,1,0,0,0,0,0,0,0,0,0,0
260577,1,1,22,22,22,22,22,22,22,22,22,22
260578,1,1,0,0,0,0,0,0,0,0,0,0
260579,1,1,0,0,0,0,0,0,0,0,0,0
260580,1,1,0,0,0,0,0,0,0,0,0,0
260580,2,1,0,0,0,0,0,0,0,0,0,0
260581,0,1,0,0,0,0,0,0,0,0,0,0
260581,1,1,0,0,0,0,0,0,0,0,0,0
260582,1,1,0,0,0,0,0,0,0,0,0,0
260582,2,1,0,0,0,0,0,0,0,0,0,0
260583,1,1,0,0,0,0,0,0,0,0,0,0
260583,2,1,0,0,0,0,0,0,0,0,0,0
260584,1,1,0,0,0,0,0,0,0,0,0,0
260585,1,1,0,0,0,0,0,0,0,0,0,0
260586,1,1,21,21,21,21,21,21,21,21,21,21
260587,1,1,17,33,0,0,14,0,20,28,0,19
260588,1,1,0,0,0,0,0,0,0,0,0,0
260590,1,1,0,0,0,0,0,0,0,0,0,0
260591,1,1,30,30,30,30,30,30,30,30,30,30
260592,0,1,20,0,0,0,0,0,0,0,0,11
260592,1,1,0,0,0,24,0,0,0,0,0,0
260593,1,1,22,22,22,22,22,22,22,22,22,22
260594,1,1,6,6,6,6,6,6,6,6,6,6
260595,0,1,18,27,0,23,0,0,0,0,10,0
260595,1,1,0,0,0,16,0,0,0,0,0,0
260596,1,1,0,0,0,0,0,0,0,0,0,0
260597,1,1,22,22,22,22,22,22,22,22,22,22
260598,1,1,17,17,17,17,17,17,17,17,17,17
260599,1,1,0,0,0,0,0,0,0,0,0,0
260600,1,1,0,0,0,0,0,0,0,0,0,0
260601,1,1,19,19,19,19,19,19,19,19,19,19
260602,1,1,8,8,8,8,8,8,8,8,8,8
260602,2,1,0,0,0,0,0,0,0,0,0,0
260603,1,1,0,0,0,0,0,0,0,0,0,0
260603,2,1,0,0,0,0,0,0,0,0,0,0
260604,1,1,0,0,0,0,0,0,0,0,0,0
260604,2,1,0,0,0,0,0,0,0,0,0,0
260605,1,1,21,21,21,21,21,21,21,21,21,21
260606,1,1,0,0,0,0,0,0,0,0,0,0
260606,2,1,0,0,0,0,0,0,0,0,0,0
260607,1,1,28,28,28,28,28,28,28,28,28,28
260607,2,1,0,0,0,0,0,0,0,0,0,0
260608,1,1,26,26,26,26,26,26,26,26,26,26
260608,2,1,0,0,0,0,0,0,0,0,0,0
260609,1,1,26,26,26,26,26,26,26,26,26,26
260610,1,1,0,0,0,0,0,0,0,0,0,0
260610,2,1,0,0,0,0,0,0,0,0,0,0
260611,1,1,25,25,25,25,25,25,25,25,25,25
260612,1,1,0,0,0,0,0,0,0,0,0,0
260612,2,1,0,0,0,0,0,0,0,0,0,0
260613,1,1,0,0,0,0,0,0,0,0,0,0
260613,2,1,0,0,0,0,0,0,0,0,28,0
260614,1,1,0,0,0,0,0,0,0,0,0,0
260615,1,1,0,0,0,0,0,0,0,0,0,0
260616,1,1,0,0,0,0,0,0,0,0,0,0
260616,2,1,0,0,0,0,0,0,0,0,0,0
260617,1,1,16,16,16,16,16,16,16,16,16,16
260618,0,1,0,0,0,0,0,0,0,0,0,0
260618,1,1,0,0,0,0,0,0,0,0,0,0
260619,1,1,0,0,0,0,0,0,0,0,0,0
260620,1,1,20,20,20,20,20,20,20,20,20,20
260621,1,1,5,5,5,5,5,5,5,5,5,5
260621,2,1,0,0,0,0,0,0,0,0,0,0
260622,1,1,0,0,9,0,0,0,0,0,0,0
260622,2,1,0,0,0,0,0,0,16,0,0,0
260623,1,1,0,0,0,0,0,0,0,0,0,0
260624,0,1,0,0,0,0,16,0,39,0,20,17
260624,0,2,0,0,52,0,10,21,10,0,0,36
260624,1,1,0,0,0,0,0,0,0,0,0,0
260625,1,1,18,18,18,18,18,18,18,18,18,18
260625,2,1,0,0,0,0,17,0,0,0,0,0
260626,1,1,0,0,0,0,0,0,0,0,0,0
260626,2,1,0,0,0,0,0,0,0,0,0,0
260627,1,1,0,0,0,0,0,0,0,0,0,0
260627,2,1,0,0,0,0,0,0,0,0,0,0
260628,1,1,20,20,20,20,20,20,20,20,20,20
260629,1,1,0,0,0,0,0,0,0,0,0,0
260630,1,1,0,0,0,0,0,0,0,0,0,0
260630,2,1,0,0,0,0,0,0,0,0,0,0
260631,0,1,0,0,0,0,0,0,0,0,0,0
260631,1,1,0,0,0,0,0,11,0,0,0,0
260632,1,1,14,14,14,14,14,14,14,14,14,14
260632,2,1,0,0,0,0,0,0,0,0,0,0
260633,1,1,0,0,0,0,0,0,0,0,0,0
260633,2,1,0,0,0,0,0,0,0,0,0,0
260634,1,1,0,0,0,0,0,0,0,0,0,0
260634,2,1,0,0,0,0,0,0,0,0,0,0
260636,0,1,0,0,0,0,0,0,0,0,0,0
260636,1,1,0,0,0,0,0,0,0,0,0,0
260637,1,1,12,12,12,12,12,12,12,12,12,12
260638,1,1,0,0,0,0,0,0,0,0,0,0
260639,1,1,0,0,0,0,0,0,0,0,0,0
260640,1,1,19,19,19,19,19,19,19,19,19,19
260641,1,1,0,0,0,0,0,0,0,0,0,23
260641,2,1,0,0,0,0,0,0,0,0,0,0
260642,1,1,0,0,0,0,0,0,0,0,0,0
260642,2,1,0,0,0,0,0,0,0,0,0,0
260643,1,1,0,0,0,0,0,0,0,0,0,0
260643,2,1,0,0,0,0,0,0,0,0,0,0
260644,1,1,20,20,20,20,20,20,20,20,20,20
260644,2,1,0,0,0,0,0,0,0,0,0,0
260645,1,1,18,18,18,18,18,18,18,18,18,18
260646,1,1,0,0,0,19,0,0,0,0,0,0
260646,2,1,0,0,0,0,0,0,0,0,0,0
260647,1,1,0,0,0,0,0,0,0,0,0,0
260648,0,1,0,0,0,0,0,0,0,0,0,0
260648,1,1,0,0,0,0,0,0,0,0,0,0
260649,0,1,17,17,17,17,17,17,17,17,17,17
260649,1,1,0,0,0,0,0,0,0,0,0,0
260650,1,1,23,23,23,23,23,23,23,23,23,23
260651,1,1,0,0,0,0,0,0,0,0,0,0
260652,1,1,11,15,0,0,20,0,0,0,0,0
260653,1,1,16,16,16,16,16,16,16,16,16,16
260653,2,1,0,0,0,0,0,0,0,0,0,0
260654,1,1,0,0,0,0,0,0,0,0,0,0
260654,2,1,0,0,0,0,0,0,0,0,0,0
260655,1,1,0,0,0,0,0,0,0,0,0,0
260655,2,1,0,0,0,0,0,0,0,0,0,0
260656,1,1,25,25,25,25,25,25,25,25,25,25
260656,2,1,0,0,0,0,0,0,0,0,0,0
260657,1,1,0,0,0,0,0,0,0,0,0,0
260658,0,1,0,0,0,0,0,0,0,0,0,0
260658,1,1,0,0,0,0,0,0,0,0,0,0
260659,1,1,18,18,18,18,18,18,18,18,18,18
260660,1,1,16,16,16,16,16,16,16,16,16,16
260660,2,1,0,0,0,0,0,0,0,0,0,0
260661,1,1,15,15,15,15,15,15,15,15,15,15
260662,0,1,28,28,28,28,28,28,28,28,28,28
260662,1,1,0,0,0,0,0,0,0,0,0,0
260663,0,1,20,20,20,20,20,20,20,20,20,20
260663,1,1,0,0,0,0,19,0,0,0,0,0
260664,1,1,0,0,0,0,0,0,0,0,0,0
260664,2,1,0,0,0,0,0,0,0,0,16,0
260665,0,1,0,0,0,0,0,0,0,0,0,0
260665,1,1,0,0,0,0,0,0,0,0,0,0
260666,1,1,7,14,0,0,0,0,19,0,17,0
260668,1,1,0,0,0,0,0,0,0,0,0,0
260668,2,1,0,0,0,0,0,0,0,0,0,0
260669,1,1,32,21,10,21,0,13,0,0,9,21
260669,2,1,0,0,0,0,0,0,0,0,0,0
260670,1,1,18,0,0,0,0,0,0,0,0,0
260671,1,1,0,0,0,0,0,0,0,0,0,0
260671,2,1,0,0,0,0,0,0,0,0,0,0
260672,1,1,0,0,0,0,0,0,0,0,0,0
260673,1,1,11,16,0,0,0,0,0,28,0,0
260674,1,1,0,0,0,0,0,0,0,0,0,0
260674,2,1,0,0,0,0,0,0,0,0,0,0
260675,0,1,1,1,1,1,1,1,1,1,1,1
260675,1,1,0,0,0,0,0,0,0,0,0,0
260676,1,1,27,27,27,27,27,27,27,27,27,27
260677,1,1,0,0,0,0,0,0,0,0,0,0
260677,2,1,0,0,0,0,0,0,0,0,0,0
260678,0,1,2,2,2,2,2,2,2,2,2,2
260678,1,1,0,0,0,0,0,0,0,0,0,0
260679,1,1,0,0,0,0,0,0,0,0,0,0
260680,1,1,13,13,13,13,13,13,13,13,13,13
260681,1,1,0,0,0,0,0,0,0,0,0,0
260682,0,1,0,0,0,0,0,0,0,0,0,0
260682,1,1,0,0,0,0,0,0,0,0,0,0