ST_CASE,VEH_NO,PER_NO,P1,P2,P3,P4,P5,P6,P7,P8,P9,P10
260683,1,1,0,0,0,0,0,0,0,0,0,0
260683,2,1,0,0,0,0,0,0,0,0,0,14
260684,1,1,0,0,0,0,0,0,0,0,0,0
260684,2,1,0,0,0,0,0,0,0,0,0,0
260685,0,1,17,17,17,17,17,17,17,17,17,17
260685,1,1,0,0,0,0,0,0,0,14,0,0
260686,1,1,0,0,0,0,0,0,0,0,0,0
260686,2,1,0,0,0,0,0,0,0,0,0,0
260687,0,1,0,0,0,0,0,0,0,0,0,0
260687,1,1,0,0,0,0,0,0,0,0,0,0
260688,1,1,0,0,0,0,0,0,0,0,0,0
260688,2,1,0,0,0,0,0,0,0,0,0,0
260689,1,1,24,24,24,24,24,24,24,24,24,24
260690,1,1,24,24,24,24,24,24,24,24,24,24
260691,1,1,27,27,27,27,27,27,27,27,27,27
260692,1,1,6,6,6,6,6,6,6,6,6,6
260693,1,1,0,0,0,0,0,0,0,0,0,0
260694,1,1,15,15,15,15,15,15,15,15,15,15
260695,1,1,27,27,27,27,27,27,27,27,27,27
260695,2,1,21,4,5,13,4,3,9,17,6,3
260695,3,1,0,0,0,0,0,0,0,0,0,0
260696,1,1,17,17,17,17,17,17,17,17,17,17
260697,1,1,0,0,0,0,0,0,0,0,0,0
260697,2,1,0,0,0,0,0,0,0,0,0,0
260698,1,1,0,0,0,0,0,0,0,0,0,0
260698,2,1,0,0,0,0,0,0,0,0,0,0
260699,1,1,0,0,0,0,0,0,0,0,0,0
260699,2,1,0,0,0,0,0,0,0,0,0,0
260700,1,1,0,0,0,0,0,0,0,0,0,0
260700,2,1,0,0,0,0,0,0,0,0,0,0
260701,0,1,0,0,0,0,0,0,0,0,0,0
260701,1,1,0,0,0,0,0,0,0,0,0,0
260702,1,1,7,7,7,7,7,7,7,7,7,7
260702,2,1,0,0,0,0,0,0,0,0,0,0
260702,3,1,0,0,0,0,0,0,0,0,0,0
260702,4,1,0,0,0,0,0,0,0,0,0,0
260702,5,1,0,0,0,0,0,0,0,0,0,0
260703,1,1,0,0,0,0,0,0,0,0,0,0
260703,2,1,0,0,0,0,0,0,0,0,0,0
260704,1,1,15,15,15,15,15,15,15,15,15,15
260705,1,1,0,0,0,0,0,0,0,0,0,0
260706,1,1,17,23,7,23,19,14,15,22,25,24
260707,1,1,21,21,21,21,21,21,21,21,21,21
260708,1,1,0,10,0,14,22,24,0,0,0,0
260709,1,1,27,27,27,27,27,27,27,27,27,27
260710,1,1,0,0,0,0,0,0,0,0,0,0
260710,2,1,0,0,0,0,0,0,0,0,0,0
260710,3,1,0,0,0,0,0,0,0,0,0,0
260710,4,1,0,0,0,0,0,0,0,0,0,0
260711,1,1,0,0,0,0,0,0,0,0,0,0
260712,1,1,16,16,16,16,16,16,16,16,16,16
260713,1,1,0,0,0,0,0,0,0,0,0,0
260714,1,1,0,0,0,0,0,0,0,0,0,0
260714,2,1,0,0,0,0,0,0,0,0,0,0
260715,1,1,0,0,0,0,0,0,0,0,0,0
260717,1,1,0,0,0,0,0,0,0,0,0,0
260718,1,1,0,0,0,0,0,0,0,0,0,0
260719,1,1,0,0,0,0,0,0,0,0,0,0
260720,1,1,0,0,0,0,0,0,0,0,0,0
260722,1,1,0,0,0,0,0,0,0,0,0,0
260723,1,1,0,0,0,0,0,0,0,0,0,0
260724,1,1,0,0,0,0,0,0,0,0,0,0
260725,1,1,0,0,0,0,0,0,0,0,0,0
260726,1,1,0,0,0,0,0,0,0,0,0,0
260727,1,1,0,0,0,0,0,0,0,0,0,0
260728,1,1,0,0,0,0,0,0,0,0,0,0
260729,1,1,0,0,0,0,0,0,0,0,0,0
260730,0,1,5,5,5,5,5,5,5,5,5,5
260730,1,1,0,0,0,0,0,0,0,0,0,0
260731,1,1,19,19,19,19,19,19,19,19,19,19
260731,2,1,0,0,0,0,0,0,0,0,0,0
260732,1,1,0,0,0,0,0,0,0,0,0,0
260733,0,1,18,8,8,25,25,28,34,21,32,13
260733,1,1,15,31,0,0,0,22,25,19,0,0
260734,1,1,0,0,0,0,0,0,0,0,0,0
260734,2,1,11,11,11,11,11,11,11,11,11,11
260735,1,1,21,21,21,21,21,21,21,21,21,21
260736,1,1,0,0,0,0,0,0,0,0,0,0
260737,1,1,0,0,0,0,0,0,0,0,0,0
260740,1,1,13,13,13,13,13,13,13,13,13,13
260741,0,1,0,0,0,0,0,0,0,0,0,0
260741,1,1,0,0,0,0,0,0,0,0,0,0
260742,1,1,5,23,14,28,35,11,32,29,33,17
260743,1,1,0,0,0,0,0,0,0,0,0,0
260744,1,1,19,19,19,19,19,19,19,19,19,19
260744,2,1,0,8,0,0,0,0,0,0,0,0
260745,1,1,0,0,0,0,0,0,0,0,0,0
260746,0,1,0,0,0,0,0,0,0,0,0,0
260747,1,1,0,0,0,0,0,0,0,0,0,0
260747,2,1,0,0,0,0,0,0,0,0,0,0
260748,1,1,19,19,19,19,19,19,19,19,19,19
260748,2,1,0,0,0,0,0,0,0,0,0,0
260748,3,1,0,0,0,0,0,0,0,0,22,0
260749,1,1,0,0,0,0,0,0,0,0,0,0
260750,0,1,0,0,0,0,0,0,0,0,0,0
260750,1,1,0,0,0,0,0,0,0,0,0,0
260751,1,1,0,0,0,0,0,0,0,0,0,0
260751,2,1,0,0,0,0,0,0,0,0,0,0
260752,1,1,0,0,0,0,0,0,0,0,0,0
260752,2,1,0,0,0,0,0,0,0,0,0,0
260753,1,1,0,0,0,0,0,0,0,0,0,0
260753,2,1,0,0,0,0,0,0,0,0,0,0
260755,1,1,4,4,4,4,4,4,4,4,4,4
260756,1,1,7,8,3,23,18,0,0,6,13,21
260756,2,1,0,0,0,18,0,0,0,0,0,0
260757,1,1,0,0,0,0,0,0,0,0,0,0
260757,2,1,0,0,0,0,0,0,0,0,0,0
260758,1,1,0,0,0,0,0,0,0,0,0,0
260758,2,1,0,0,0,0,0,0,0,0,0,0
260759,0,1,0,0,0,0,0,0,0,0,0,0
260759,1,1,0,0,0,0,0,0,0,0,0,0
260760,1,1,18,18,18,18,18,18,18,18,18,18
260760,2,1,0,0,0,0,15,0,0,0,0,0
260761,1,1,0,0,0,0,0,0,0,0,0,0
260761,2,1,0,0,0,0,0,0,0,0,0,0
260762,1,1,0,0,0,0,0,0,0,0,0,0
260762,2,1,0,0,0,0,0,0,0,0,0,0
260763,1,1,0,0,0,0,0,0,0,0,0,11
260763,2,1,0,0,0,0,0,0,0,0,0,0
260764,1,1,0,0,0,0,0,0,0,0,0,0
260764,2,1,0,0,0,0,0,0,0,0,0,0
260765,1,1,0,0,0,0,0,0,0,0,0,0
260766,1,1,0,0,0,0,0,0,0,0,0,0
260767,1,1,0,0,0,0,0,0,0,0,0,0
260767,2,1,0,0,0,0,0,0,0,0,0,0
260768,1,1,0,0,0,0,0,0,0,0,0,0
260769,1,1,0,0,0,0,0,0,0,0,0,0
260769,2,1,0,0,0,0,0,0,0,0,0,0
260770,1,1,0,0,0,0,0,0,0,0,0,0
260770,2,1,0,0,0,0,0,0,0,0,0,0
260771,0,1,0,0,14,0,0,0,0,0,0,0
260771,1,1,7,7,7,7,7,7,7,7,7,7
260772,0,1,5,5,5,5,5,5,5,5,5,5
260772,1,1,0,0,0,0,0,0,0,0,0,0
260773,0,1,0,0,0,0,0,0,0,0,0,0
260773,1,1,0,0,0,0,0,0,0,0,0,0
260774,0,1,0,0,0,0,0,0,0,0,0,0
260774,1,1,0,0,0,0,0,0,0,0,0,0
260775,1,1,15,15,15,15,15,15,15,15,15,15
260775,2,1,0,0,0,0,0,0,0,0,0,0
260776,0,1,0,0,0,0,0,0,0,0,0,0
260776,0,2,0,0,0,0,0,0,0,0,0,0
260776,1,1,0,0,0,0,0,0,0,0,0,0
260777,0,1,13,13,13,13,13,13,13,13,13,13
260777,1,1,0,0,0,0,0,0,0,0,0,0
260778,1,1,0,0,0,0,0,0,0,0,0,0
260778,2,1,0,0,0,0,0,0,0,0,0,0
260779,1,1,0,0,0,0,0,0,0,0,0,0
260780,0,1,28,28,28,28,28,28,28,28,28,28
260780,1,1,0,0,0,0,0,0,0,0,0,0
260781,0,1,0,0,0,0,0,0,0,0,0,0
260781,1,1,0,0,0,0,0,0,0,0,0,0
260782,1,1,0,0,0,0,0,0,0,0,0,0
260782,2,1,0,0,0,0,0,0,0,0,0,0
260783,0,1,0,0,0,0,0,0,13,0,0,0
260783,1,1,0,0,0,0,0,0,0,0,0,0
260783,2,1,0,0,0,0,0,0,0,0,0,0
260784,1,1,0,13,0,0,0,0,0,0,0,0
260784,2,1,0,0,0,0,0,0,0,0,0,11
260785,1,1,33,33,33,33,33,33,33,33,33,33
260786,1,1,0,0,0,0,0,0,0,0,0,0
260786,2,1,0,0,0,0,0,0,0,0,0,0
260787,0,1,0,0,0,0,0,0,0,0,0,0
260787,1,1,0,0,0,0,0,0,0,0,0,0
260788,1,1,0,0,0,0,0,0,0,0,0,0
260788,2,1,0,0,0,0,0,0,0,0,0,0
260789,0,1,0,20,0,0,0,0,0,0,0,0
260789,1,1,0,0,0,0,0,0,0,0,0,0
260790,1,1,0,0,0,0,0,0,0,0,0,0
260790,2,1,0,0,0,0,0,0,0,0,0,0
260791,1,1,27,27,27,27,27,27,27,27,27,27
260791,2,1,0,0,0,0,0,0,0,0,0,0
260792,1,1,0,0,0,0,0,0,16,0,0,0
260792,2,1,0,0,0,0,0,0,0,0,0,0
260792,3,1,0,0,0,0,0,0,0,0,0,0
260793,0,1,0,0,6,0,0,0,0,0,0,0
260793,1,1,0,0,0,0,0,0,0,0,0,0
260794,1,1,0,0,10,0,0,0,10,0,0,0
260794,2,1,0,0,0,0,0,0,0,0,0,0
260795,1,1,0,0,0,0,0,0,0,0,0,0
260795,2,1,18,18,18,18,18,18,18,18,18,18
260796,1,1,11,11,11,11,11,11,11,11,11,11
260797,0,1,23,23,23,23,23,23,23,23,23,23
260797,1,1,0,0,0,0,0,0,0,0,0,0
260798,1,1,26,26,26,26,26,26,26,26,26,26
260798,2,1,0,0,0,0,0,0,0,0,0,0
260799,1,1,0,0,0,0,0,0,0,0,0,0
260799,2,1,0,0,0,0,0,0,0,0,0,0
260800,0,1,0,0,0,0,0,0,0,0,0,0
260800,0,2,0,0,0,0,0,0,0,0,0,0
260800,1,1,0,0,0,0,0,0,0,0,0,0
260801,1,1,0,17,0,0,0,0,0,0,0,0
260802,1,1,0,0,0,0,0,0,0,0,0,0
260802,2,1,12,12,12,12,12,12,12,12,12,12
260803,1,1,0,0,0,0,0,0,0,0,0,0
260803,2,1,0,0,0,0,0,0,0,0,0,0
260804,1,1,0,0,0,0,0,0,0,0,0,0
260804,2,1,0,0,0,0,0,0,0,0,0,0
260805,1,1,0,0,0,0,0,0,0,0,0,0
260805,2,1,0,0,0,0,0,0,0,0,0,0
260806,0,1,0,5,0,0,0,0,0,0,0,0
260806,1,1,0,0,0,0,0,0,0,0,0,0
260808,0,1,0,0,0,0,0,0,0,0,0,0
260808,1,1,0,0,0,0,0,0,0,0,0,0
260809,1,1,0,0,0,0,0,0,0,0,0,0
260809,2,1,0,0,0,0,0,0,0,0,0,0
260810,1,1,0,0,0,0,0,0,0,0,0,0
260811,1,1,0,0,0,0,0,0,0,0,0,0
260812,1,1,0,0,0,0,5,0,0,0,0,0
260813,1,1,0,0,0,0,0,0,0,0,0,0
260814,1,1,0,0,0,0,0,0,0,0,0,0
260814,2,1,0,0,0,0,0,0,0,0,0,0
260815,0,1,0,0,0,0,0,0,0,0,0,0
260815,1,1,0,0,0,0,0,0,8,0,0,0
260816,1,1,0,0,0,0,0,0,0,0,0,0
260817,1,1,0,0,0,0,0,0,0,0,0,0
260817,2,1,0,0,0,0,0,0,0,0,0,0
260818,1,1,0,0,0,0,0,0,0,0,0,0
260818,2,1,0,0,0,0,0,0,0,0,0,0
260818,3,1,0,0,0,0,0,0,0,0,0,0
260819,0,1,0,25,16,0,0,0,0,0,35,0
260819,1,1,0,0,0,0,0,0,0,0,0,0
260819,3,1,0,0,0,0,0,0,0,0,0,0
260820,1,1,30,30,30,30,30,30,30,30,30,30
260821,1,1,21,21,21,21,21,21,21,21,21,21
260822,1,1,0,0,0,0,0,0,0,0,0,0
260822,2,1,0,0,0,0,0,0,0,0,0,0
260823,1,1,0,0,0,0,0,0,0,0,0,0
260823,2,1,0,0,0,0,0,0,0,0,0,0
260824,1,1,0,0,0,0,0,0,0,0,0,0
260824,2,1,0,0,0,0,0,0,0,0,0,0
260825,1,1,0,0,0,0,0,0,0,0,0,0
260826,1,1,0,0,0,0,0,0,0,0,0,0
260826,2,1,0,0,0,0,0,0,0,0,0,0
260827,1,1,0,0,0,0,0,0,0,0,0,0
260828,1,1,0,0,0,0,0,0,0,0,0,0
260828,2,1,0,0,0,0,0,0,0,0,0,0
260829,1,1,0,0,0,0,0,0,0,0,0,0
260829,2,1,0,0,0,0,0,0,0,0,0,0
260830,1,1,0,0,0,0,0,0,0,0,0,0
260830,2,1,0,0,8,0,0,0,0,0,0,0
260831,0,1,0,19,0,0,0,0,0,0,0,0
260831,1,1,0,0,0,0,0,0,0,0,0,0
260833,1,1,0,0,0,0,0,0,0,0,0,0
260834,0,1,0,0,0,0,0,0,0,0,0,0
260834,1,1,0,0,0,0,0,0,0,0,0,0
260836,1,1,0,0,0,0,0,0,0,0,0,0
260837,1,1,23,7,0,19,24,19,21,16,0,33
260837,2,1,0,0,0,0,0,8,0,0,0,0
260838,1,1,0,0,0,0,0,0,0,0,0,0
260838,2,1,27,27,27,27,27,27,27,27,27,27
260839,1,1,0,0,0,0,0,0,0,0,0,0
260840,0,1,0,0,0,0,22,0,0,0,0,0
260840,1,1,0,0,0,0,0,0,0,0,0,0
260841,1,1,20,20,20,20,20,20,20,20,20,20
260842,1,1,24,24,24,24,24,24,24,24,24,24
260843,0,1,0,0,0,0,0,0,0,0,0,0
260843,1,1,0,0,0,0,0,0,0,0,0,0
260844,1,1,24,24,24,24,24,24,24,24,24,24
260845,1,1,29,29,29,29,29,29,29,29,29,29
260846,1,1,0,0,0,0,0,0,0,0,0,0
260846,2,1,0,0,0,0,0,0,0,0,0,0
260847,0,1,0,0,0,0,0,0,0,0,0,0
260847,1,1,0,0,0,0,0,0,0,0,0,0
260848,1,1,12,12,12,12,12,12,12,12,12,12
260849,0,1,15,10,23,26,18,30,24,13,20,18
260849,1,1,0,0,0,0,0,0,0,0,0,0
260850,0,1,0,0,0,0,0,0,0,0,0,0
260850,1,1,0,0,0,0,0,0,0,0,0,0
260851,1,1,0,0,0,0,0,0,0,0,0,0
260851,2,1,0,0,0,0,0,0,0,0,0,0
260852,1,1,18,18,18,18,18,18,18,18,18,18
260853,0,1,0,0,0,0,0,0,0,0,0,0
260853,1,1,0,0,0,0,0,0,0,0,0,0
260853,2,1,0,0,0,0,0,0,0,0,0,0
260854,1,1,11,11,11,11,11,11,11,11,11,11
260855,1,1,19,19,19,19,19,19,19,19,19,19
260856,1,1,30,25,24,11,16,7,14,20,34,24
260857,1,1,0,0,0,0,0,0,0,0,0,0
260857,2,1,10,0,0,0,0,0,0,0,0,16
260858,0,1,0,0,0,0,0,0,0,0,0,0
260858,0,2,0,0,0,0,0,0,0,0,0,0
260858,1,1,0,0,0,0,0,0,0,0,0,0
260859,1,1,0,0,8,0,0,0,0,0,0,0
260859,2,1,0,0,0,0,0,0,0,0,0,0
260860,0,1,0,0,0,0,0,0,0,0,0,20
260860,1,1,0,0,0,0,0,0,0,0,0,0
260861,1,1,0,0,0,0,0,0,0,0,0,0
260862,0,1,2,0,5,0,0,25,0,0,0,7
260862,1,1,2,2,2,2,2,2,2,2,2,2
260862,2,1,0,0,0,0,0,0,0,0,0,0
260862,3,1,6,0,0,0,15,0,0,0,0,0
260863,1,1,19,19,19,19,19,19,19,19,19,19
260863,2,1,0,0,0,0,0,0,0,0,0,0
260864,0,1,0,0,0,0,0,0,0,0,0,0
260864,1,1,0,0,0,0,0,0,0,0,0,0
260865,1,1,16,26,22,11,29,9,17,18,12,10
260866,1,1,0,0,0,0,0,0,0,0,0,0
260867,0,1,23,23,23,23,23,23,23,23,23,23
260867,1,1,4,4,4,4,4,4,4,4,4,4
260868,0,1,0,0,0,0,0,0,0,0,0,0
260868,1,1,15,21,0,0,0,0,13,0,0,20
260869,1,1,0,0,0,0,0,0,0,0,0,0
260870,0,1,0,0,0,0,0,0,0,0,0,0
260870,1,1,0,0,16,0,0,0,0,32,0,0
260871,1,1,46,46,46,46,46,46,46,46,46,46
260872,1,1,0,0,0,0,0,0,0,0,0,0
260873,1,1,0,0,0,0,0,0,0,0,0,0
260873,2,1,0,0,0,0,0,0,0,0,0,0
260874,0,1,0,0,0,0,0,0,0,0,0,0
260874,1,1,0,0,12,0,0,0,0,0,0,0
260876,0,1,28,28,28,28,28,28,28,28,28,28
260876,1,1,0,0,0,0,0,0,0,0,0,0
260877,1,1,19,19,19,19,19,19,19,19,19,19
260879,1,1,0,0,0,0,0,0,0,0,0,0
260879,2,1,0,0,0,0,0,0,0,0,0,0
260880,1,1,0,0,0,0,0,0,0,0,0,0
260880,2,1,0,0,4,0,22,0,0,0,0,0
260881,1,1,0,0,0,0,0,0,0,0,0,0
260882,1,1,12,12,12,12,12,12,12,12,12,12
260882,2,1,0,0,23,0,0,0,0,24,0,0
260883,1,1,0,0,0,0,0,0,0,0,0,0
260884,0,1,0,0,0,0,0,0,0,0,0,0
260884,1,1,0,0,33,0,0,19,8,0,0,0
260885,1,1,0,0,0,0,0,0,0,0,0,0
260885,2,1,0,0,0,0,0,0,0,0,0,0
260886,1,1,0,0,0,0,0,0,0,0,0,0
260887,1,1,15,15,15,15,15,15,15,15,15,15
260887,2,1,0,0,0,0,0,0,0,0,0,0
260888,1,1,17,17,17,17,17,17,17,17,17,17
260889,1,1,4,4,4,4,4,4,4,4,4,4
260890,0,1,0,0,0,0,0,0,0,0,0,0
260890,1,1,0,0,0,0,27,0,0,0,0,0
260891,0,1,0,0,0,0,0,0,0,0,0,0
260891,1,1,0,0,0,0,7,0,0,0,11,0
260892,1,1,0,0,0,0,0,0,0,0,0,0
260892,2,1,0,0,0,0,0,0,0,0,0,0
260892,3,1,25,0,0,0,0,0,0,0,0,0
260893,1,1,9,33,5,0,13,4,6,16,13,12
260894,1,1,2,2,2,2,2,2,2,2,2,2
260895,1,1,19,19,19,19,19,19,19,19,19,19
260896,1,1,0,0,13,0,0,24,15,11,16,7
260896,2,1,0,0,0,0,0,0,0,0,0,0
260897,1,1,0,0,0,0,0,0,0,0,0,0
260898,1,1,0,17,0,0,0,0,23,0,20,8
260899,1,1,2,2,2,2,2,2,2,2,2,2
260900,0,1,0,0,0,0,0,0,0,0,0,23
260900,1,1,0,0,0,0,0,0,0,0,0,0
260901,1,1,33,33,33,33,33,33,33,33,33,33
260902,1,1,27,27,27,27,27,27,27,27,27,27
260902,2,1,0,0,0,0,0,0,0,0,0,0
260903,1,1,0,0,0,0,0,0,0,0,0,0
260903,2,1,0,0,0,0,0,0,0,0,0,0
260903,3,1,0,0,0,0,0,0,0,0,0,0
260903,4,1,0,0,0,0,0,0,0,0,0,0
260904,1,1,0,0,0,0,0,0,0,0,0,0
260904,2,1,27,0,0,0,0,0,10,0,0,0
260905,1,1,0,23,0,0,0,11,0,0,0,17
270001,1,1,20,20,20,20,20,20,20,20,20,20
270001,2,1,0,0,0,0,0,0,0,0,0,0
270001,3,1,0,0,0,0,0,0,0,0,0,0
270002,1,1,0,0,0,0,0,0,0,0,0,0
270002,2,1,0,0,0,0,0,0,0,0,0,0
270003,1,1,24,24,24,24,24,24,24,24,24,24
270003,2,1,4,4,4,4,4,4,4,4,4,4
270004,1,1,15,15,15,15,15,15,15,15,15,15
270004,2,1,0,0,0,0,0,0,0,0,0,0
270006,1,1,0,0,0,0,0,0,0,0,0,0
270006,2,1,0,0,0,0,0,0,0,0,0,0
270007,1,1,0,0,0,0,0,0,0,0,0,0
270007,2,1,0,0,0,0,0,0,0,0,0,0
270008,1,1,0,0,0,0,0,0,0,0,0,0
270008,2,1,0,0,0,0,0,0,0,0,0,0
270009,1,1,0,0,0,0,0,0,7,0,0,0
270009,2,1,0,0,0,0,0,0,0,0,0,0
270010,1,1,23,23,23,23,23,23,23,23,23,23
270011,0,1,0,0,0,0,0,0,0,0,0,0
270011,1,1,0,0,0,0,0,0,0,0,0,0
270012,1,1,0,0,0,0,0,0,0,0,0,0
270013,1,1,0,0,0,0,0,0,0,0,0,0
270013,2,1,0,0,0,0,0,0,0,0,0,0
270014,1,1,0,0,0,0,0,0,0,0,0,0
270015,1,1,0,0,0,0,0,0,0,0,0,0
270015,2,1,0,0,0,0,0,0,0,0,0,0
270016,1,1,0,0,0,0,0,0,0,0,0,0
270016,2,1,0,0,0,0,0,0,0,0,0,0
270017,1,1,0,0,0,0,0,0,0,0,0,0
270018,1,1,0,0,0,0,0,0,0,0,0,0
270018,2,1,0,0,0,0,0,0,0,0,0,0
270018,3,1,0,0,0,0,0,0,0,0,37,0
270019,1,1,0,0,0,0,0,0,0,0,0,0
270019,2,1,0,0,0,0,0,0,0,0,0,0
270020,1,1,13,13,13,13,13,13,13,13,13,13
270021,1,1,11,11,11,11,11,11,11,11,11,11
270022,1,1,0,0,0,0,0,0,0,0,0,0
270022,2,1,0,0,0,0,0,0,0,0,0,0
270023,1,1,7,7,7,7,7,7,7,7,7,7
270024,1,1,33,33,33,33,33,33,33,33,33,33
270025,1,1,0,0,0,0,0,0,0,0,0,0
270025,2,1,0,0,0,0,0,0,0,0,0,0
270026,1,1,0,0,0,0,0,0,0,0,0,0
270027,1,1,0,0,0,0,0,0,0,0,0,0
270027,2,1,0,0,0,0,0,0,0,0,0,0
270028,1,1,0,0,0,0,0,28,0,0,0,0
270028,2,1,0,0,0,0,0,0,0,0,0,0
270029,1,1,0,0,0,0,0,0,0,0,0,0
270030,0,1,0,0,0,0,0,0,0,0,0,0
270030,1,1,0,0,0,0,0,0,0,0,0,0
270031,0,1,0,0,0,0,0,0,0,0,10,0
270031,1,1,0,0,0,0,0,0,0,0,0,0
270032,1,1,0,0,0,0,0,0,0,0,0,0
270033,1,1,0,0,0,0,0,0,0,0,0,0
270033,2,1,0,0,0,0,0,0,0,0,0,0
270034,1,1,0,0,0,0,0,0,0,0,0,0
270034,2,1,0,0,0,0,0,0,0,0,0,0
270035,1,1,0,0,0,0,0,0,0,0,0,0
270035,2,1,0,0,0,0,0,0,0,23,0,0
270037,1,1,0,0,0,0,0,0,0,0,0,0
270037,2,1,0,0,0,0,0,0,0,0,0,0
270038,0,1,0,0,0,0,0,0,0,0,0,0
270038,1,1,0,0,0,0,0,0,0,0,0,0
270039,1,1,15,15,15,15,15,15,15,15,15,15
270039,2,1,0,0,0,0,0,0,0,0,0,0
270040,1,1,0,0,0,0,0,0,0,0,0,0
270040,2,1,0,0,0,0,0,0,0,0,0,0
270042,0,1,0,0,0,0,0,0,0,0,0,0
270042,1,1,0,0,0,0,0,0,0,0,0,0
270043,1,1,0,0,0,0,0,0,0,0,0,0
270043,2,1,4,4,4,4,4,4,4,4,4,4
270044,1,1,41,41,41,41,41,41,41,41,41,41
270044,2,1,0,0,0,0,0,0,0,0,0,0
270045,1,1,19,19,19,19,19,19,19,19,19,19
270046,1,1,0,0,0,0,0,0,0,0,0,0
270046,2,1,0,0,0,0,0,0,0,0,0,0
270047,0,1,0,0,0,0,0,0,0,0,0,0
270047,1,1,0,0,0,0,0,0,0,0,0,0
270049,1,1,0,0,0,0,0,0,0,0,0,0
270050,1,1,0,0,0,0,0,0,0,0,0,0
270050,2,1,0,0,0,0,0,0,0,0,0,0
270050,3,1,0,0,0,19,0,0,0,0,0,0
270051,0,1,33,33,33,33,33,33,33,33,33,33
270051,1,1,0,0,0,0,0,0,0,0,0,0
270052,1,1,0,0,0,0,0,0,0,0,0,0
270053,1,1,20,20,20,20,20,20,20,20,20,20
270054,1,1,0,0,0,0,0,0,0,0,0,0
270054,2,1,0,0,0,0,0,0,0,0,0,0
270055,0,1,0,0,0,0,0,0,0,0,0,0
270055,1,1,0,0,0,0,0,0,0,0,0,0
270056,1,1,24,24,24,24,24,24,24,24,24,24
270057,1,1,17,17,17,17,17,17,17,17,17,17
270059,0,1,0,0,0,0,0,0,0,0,0,0
270059,1,1,0,0,0,0,3,0,0,0,0,0
270060,1,1,10,10,10,10,10,10,10,10,10,10
270062,1,1,20,20,20,20,20,20,20,20,20,20
270063,1,1,34,34,34,34,34,34,34,34,34,34
270065,1,1,0,0,0,0,0,0,0,0,0,0
270066,0,1,25,25,25,25,25,25,25,25,25,25
270066,1,1,0,0,0,0,0,0,0,0,0,0
270067,1,1,21,21,21,21,21,21,21,21,21,21
270068,1,1,0,0,0,13,0,0,0,0,0,0
270068,2,1,0,0,2,0,0,8,0,0,0,0
270069,1,1,0,0,0,0,0,0,0,0,0,0
270069,2,1,0,0,0,0,0,0,0,0,0,0
270069,3,1,0,0,0,0,7,0,0,0,0,0
270070,1,1,0,0,0,0,0,0,0,0,0,0
270071,1,1,10,10,10,10,10,10,10,10,10,10
270072,1,1,0,0,0,0,0,0,0,0,0,0
270072,2,1,0,0,0,0,0,0,0,0,0,0
270073,1,1,37,37,37,37,37,37,37,37,37,37
270073,2,1,0,0,0,0,0,0,0,0,0,0
270074,1,1,15,15,15,15,15,15,15,15,15,15
270075,1,1,0,11,0,16,0,0,0,0,0,10
270076,1,1,0,0,0,0,0,0,0,0,0,0
270077,1,1,0,0,0,9,0,3,0,0,0,0
270078,1,1,0,0,0,0,0,0,0,0,0,0
270078,2,1,0,0,0,0,0,0,0,0,0,0
270079,1,1,0,0,0,0,0,0,8,0,0,0
270079,2,1,28,28,28,28,28,28,28,28,28,28
270080,1,1,15,15,15,15,15,15,15,15,15,15
270081,1,1,0,0,0,0,0,0,0,0,0,0
270081,2,1,0,0,0,0,0,0,0,0,0,0
270081,3,1,0,0,0,0,0,0,0,0,0,0
270082,1,1,0,0,0,0,0,0,0,0,0,0
270082,2,1,0,0,0,0,0,0,0,0,0,0
270083,0,1,0,0,0,0,0,0,0,0,0,0
270083,1,1,0,0,0,0,0,0,0,0,0,0
270084,1,1,0,0,0,0,0,0,0,0,0,0
270084,2,1,0,0,0,0,0,0,0,0,0,0
270085,1,1,0,0,0,0,0,0,0,0,0,0
270086,1,1,0,0,0,0,0,0,0,0,0,0
270086,2,1,0,0,0,0,0,0,0,0,0,0
270087,1,1,12,12,12,12,12,12,12,12,12,12
270088,1,1,0,0,0,0,0,0,0,0,0,0
270088,2,1,0,0,0,0,0,0,0,0,0,0
270089,1,1,10,10,10,10,10,10,10,10,10,10
270089,2,1,0,0,0,0,0,0,0,0,0,0
270089,3,1,0,0,0,0,0,0,0,0,0,0
270090,1,1,23,23,23,23,23,23,23,23,23,23
270091,1,1,0,0,0,0,0,0,0,0,0,0
270091,2,1,0,0,0,0,0,0,0,0,0,0
270092,1,1,19,19,19,19,19,19,19,19,19,19
270093,1,1,21,21,21,21,21,21,21,21,21,21
270094,1,1,0,0,0,0,0,0,0,0,0,0
270094,2,1,0,0,0,0,0,0,0,0,0,0
270095,0,1,0,0,0,0,0,0,0,0,0,0
270095,1,1,0,0,0,0,0,0,0,0,0,0
270096,1,1,0,0,0,0,0,0,0,0,0,0
270096,2,1,25,25,25,25,25,25,25,25,25,25
270097,1,1,0,0,0,0,0,0,0,0,0,0
270097,2,1,0,0,0,0,0,0,0,0,0,0
270097,3,1,0,0,0,0,0,0,0,0,0,0
270097,4,1,0,0,0,0,0,0,0,0,0,0
270098,0,1,0,0,0,0,0,0,0,0,0,0
270098,1,1,0,0,0,0,0,0,0,0,0,0
270100,1,1,0,0,0,0,0,0,0,0,0,0
270100,2,1,0,0,0,0,0,0,0,0,0,0