ST_CASE,VEH_NO,PER_NO,P1,P2,P3,P4,P5,P6,P7,P8,P9,P10
270101,1,1,21,21,21,21,21,21,21,21,21,21
270102,1,1,0,0,0,0,0,0,0,0,0,0
270102,2,1,0,0,0,0,0,0,0,0,0,0
270103,1,1,33,33,33,33,33,33,33,33,33,33
270104,1,1,19,19,19,19,19,19,19,19,19,19
270105,1,1,16,16,16,16,16,16,16,16,16,16
270106,1,1,19,19,19,19,19,19,19,19,19,19
270108,0,1,0,0,0,0,0,0,0,0,0,0
270108,1,1,0,0,0,0,0,0,0,0,0,0
270109,1,1,18,18,18,18,18,18,18,18,18,18
270110,0,1,0,0,0,0,0,0,0,0,0,0
270110,1,1,0,0,0,0,0,0,30,0,0,12
270111,1,1,18,18,18,18,18,18,18,18,18,18
270112,1,1,0,0,0,0,0,0,0,0,0,0
270112,2,1,0,0,0,0,0,0,0,0,0,0
270113,1,1,0,0,0,0,0,0,0,0,0,0
270114,1,1,0,8,0,0,0,0,0,5,0,0
270114,2,1,12,12,12,12,12,12,12,12,12,12
270115,1,1,0,0,0,0,0,0,0,0,0,0
270116,1,1,0,0,0,0,0,0,0,0,0,0
270117,1,1,29,29,29,29,29,29,29,29,29,29
270118,1,1,0,0,0,0,0,0,0,0,0,0
270118,2,1,0,0,0,0,0,0,0,0,0,0
270118,3,1,0,0,0,0,0,0,0,0,0,0
270118,4,1,0,0,0,0,0,0,0,0,0,0
270119,1,1,0,0,0,0,0,0,0,0,0,0
270120,1,1,0,0,0,0,0,0,0,0,0,0
270120,2,1,0,0,0,0,0,0,0,0,0,0
270121,1,1,0,0,0,0,0,0,0,0,0,0
270122,1,1,0,0,0,0,0,0,0,0,0,0
270122,2,1,0,0,0,0,0,0,0,0,0,0
270123,0,1,0,0,0,0,0,0,0,0,0,0
270123,1,1,0,0,0,0,0,0,0,0,0,0
270124,1,1,0,0,0,0,0,0,0,0,0,0
270124,2,1,0,0,0,0,0,0,0,0,0,0
270125,1,1,13,13,13,13,13,13,13,13,13,13
270126,1,1,0,0,0,0,0,0,0,0,0,0
270126,2,1,0,0,0,0,0,0,0,0,0,0
270127,1,1,0,0,0,0,0,0,0,0,0,0
270128,1,1,0,0,0,0,0,0,0,0,0,0
270129,1,1,11,11,11,11,11,11,11,11,11,11
270130,1,1,13,13,13,13,13,13,13,13,13,13
270131,0,1,0,0,0,0,0,0,0,0,0,0
270131,1,1,0,0,0,0,0,0,0,0,0,0
270132,1,1,0,0,0,0,0,0,0,0,0,0
270132,2,1,0,0,0,0,0,0,0,0,0,0
270133,1,1,0,26,0,0,0,0,0,0,0,0
270133,2,1,0,0,0,0,0,0,0,0,0,0
270134,1,1,0,0,0,0,0,0,0,0,0,0
270135,1,1,0,0,0,0,0,0,0,0,0,0
270135,2,1,0,0,0,9,0,0,0,0,0,13
270136,1,1,0,0,0,0,0,0,0,0,0,0
270137,0,1,25,25,25,25,25,25,25,25,25,25
270137,1,1,0,0,0,0,0,0,0,0,0,0
270138,1,1,0,0,0,0,0,0,0,0,0,0
270138,2,1,0,0,0,0,0,0,0,0,0,0
270139,0,1,0,0,0,0,0,0,0,0,0,0
270139,1,1,0,0,0,0,0,0,0,0,0,0
270140,1,1,0,0,0,0,0,17,0,0,0,0
270140,2,1,0,0,0,0,0,0,0,0,0,0
270141,1,1,11,0,9,22,12,0,9,0,12,5
270141,2,1,0,0,0,0,0,0,0,0,0,0
270142,0,1,0,0,0,0,0,0,0,0,0,0
270142,1,1,0,0,0,0,0,0,0,0,0,0
270143,1,1,23,23,23,23,23,23,23,23,23,23
270144,1,1,0,0,0,0,0,0,0,0,0,0
270144,2,1,0,0,0,0,0,0,0,0,0,0
270145,1,1,0,0,0,0,0,0,0,0,0,0
270146,1,1,0,12,0,0,0,19,0,0,0,0
270146,2,1,0,0,0,0,0,0,0,0,0,0
270146,3,1,0,0,0,0,0,0,0,0,0,0
270146,4,1,0,0,0,0,0,0,0,0,0,0
270146,5,1,0,0,0,0,0,0,0,0,0,0
270147,1,1,0,0,0,0,0,0,0,0,0,0
270147,2,1,0,0,0,0,0,0,0,0,0,0
270148,1,1,0,0,0,0,0,0,0,0,0,0
270148,2,1,0,0,0,4,0,0,0,0,0,0
270149,1,1,0,0,0,0,0,0,0,0,0,0
270149,2,1,0,0,0,0,0,0,0,0,0,0
270150,1,1,14,14,14,14,14,14,14,14,14,14
270151,1,1,0,0,0,0,0,0,0,0,0,0
270151,2,1,0,0,0,0,0,0,0,0,0,0
270152,1,1,27,27,27,27,27,27,27,27,27,27
270153,1,1,0,0,0,0,0,0,0,0,0,0
270153,2,1,0,0,0,0,0,0,0,0,0,0
270154,1,1,0,0,0,0,0,0,0,0,0,0
270154,2,1,0,0,0,0,0,0,0,0,0,0
270155,1,1,0,0,0,0,0,0,0,0,0,0
270155,2,1,0,0,0,0,0,0,0,0,0,0
270156,1,1,15,15,15,15,15,15,15,15,15,15
270157,1,1,0,0,0,0,0,0,0,0,0,0
270158,1,1,0,0,0,0,0,0,0,0,0,0
270158,2,1,0,0,0,0,0,0,0,0,0,0
270159,1,1,0,0,0,0,0,0,0,0,0,0
270159,2,1,0,0,0,0,10,0,0,0,0,0
270160,1,1,18,18,18,18,18,18,18,18,18,18
270161,1,1,0,0,0,0,0,0,0,0,0,0
270162,1,1,0,0,0,0,0,0,0,0,0,0
270162,2,1,0,0,0,0,0,0,0,0,26,0
270165,1,1,0,0,0,0,0,0,0,0,0,0
270165,2,1,0,0,0,0,0,0,0,0,0,0
270166,0,1,35,35,35,35,35,35,35,35,35,35
270166,1,1,13,0,0,0,0,16,6,17,0,0
270167,1,1,16,16,16,16,16,16,16,16,16,16
270168,1,1,0,0,0,0,0,0,0,0,0,0
270169,1,1,0,0,0,0,0,0,0,0,0,0
270169,2,1,0,0,0,0,3,0,0,0,0,0
270170,1,1,0,0,0,0,0,0,0,0,0,0
270170,2,1,18,18,18,18,18,18,18,18,18,18
270171,1,1,0,14,0,0,0,0,0,0,0,0
270171,2,1,0,0,0,0,10,0,0,0,0,0
270172,1,1,0,0,0,0,0,0,0,0,0,0
270172,2,1,0,0,0,0,0,0,0,0,0,0
270173,1,1,23,23,23,23,23,23,23,23,23,23
270174,1,1,15,15,15,15,15,15,15,15,15,15
270175,1,1,0,0,0,0,0,0,0,0,0,0
270175,2,1,0,0,0,0,0,0,0,0,0,0
270176,1,1,0,0,0,0,0,0,0,0,0,0
270176,2,1,0,0,0,0,0,0,0,0,0,0
270177,1,1,0,0,0,0,0,0,0,0,0,0
270178,1,1,0,0,0,0,0,0,0,0,0,0
270178,2,1,0,0,0,0,0,0,0,0,0,0
270179,1,1,0,19,0,0,11,0,0,0,0,0
270179,2,1,0,0,0,0,0,0,0,0,0,0
270180,1,1,0,0,0,0,0,0,0,0,0,0
270180,2,1,0,0,0,0,0,0,0,0,0,0
270180,3,1,0,0,0,0,0,0,0,0,0,0
270181,1,1,0,0,0,0,0,0,0,0,0,0
270181,2,1,0,0,0,0,0,0,0,7,0,0
270182,1,1,0,0,0,0,0,0,0,0,0,0
270182,2,1,0,0,0,0,0,0,0,0,0,0
270182,3,1,0,0,0,0,0,0,0,0,0,0
270183,1,1,0,0,0,0,0,0,0,0,0,0
270184,1,1,0,0,0,0,0,0,0,0,0,0
270184,2,1,0,0,0,0,0,0,0,0,0,0
270184,3,1,0,0,0,0,0,0,0,0,0,0
270184,4,1,0,0,0,0,0,0,0,0,0,0
270185,1,1,15,15,15,15,15,15,15,15,15,15
270186,0,1,0,0,0,9,0,0,0,0,0,0
270186,1,1,0,0,0,0,0,4,0,0,0,0
270187,1,1,0,0,0,0,0,0,0,0,0,0
270187,2,1,0,0,13,0,0,0,0,0,0,0
270187,3,1,0,0,0,0,0,0,0,0,0,0
270188,1,1,0,0,0,19,19,10,0,0,24,13
270190,1,1,0,0,0,0,0,0,0,0,0,0
270191,1,1,0,0,0,0,0,0,0,0,0,0
270191,2,1,0,0,0,0,0,0,0,0,0,0
270192,1,1,19,19,19,19,19,19,19,19,19,19
270192,2,1,0,0,0,0,0,0,0,0,0,0
270193,1,1,0,0,0,0,0,0,0,0,0,0
270194,1,1,19,19,19,19,19,19,19,19,19,19
270194,2,1,13,13,13,13,13,13,13,13,13,13
270195,1,1,0,0,0,0,0,0,0,0,0,0
270195,2,1,0,0,0,0,0,0,0,0,0,0
270196,1,1,0,0,0,0,0,0,0,0,0,0
270197,1,1,0,0,0,0,0,0,0,0,0,0
270197,2,1,0,0,0,0,0,0,0,0,0,0
270197,3,1,0,0,0,0,0,0,0,0,0,0
270197,4,1,0,0,0,0,0,0,0,0,0,0
270198,0,1,9,9,9,9,9,9,9,9,9,9
270198,1,1,0,0,0,0,0,0,0,0,0,0
270199,1,1,0,0,0,0,0,0,0,0,0,0
270199,2,1,0,0,0,0,0,0,0,0,0,0
270200,1,1,0,0,0,0,0,0,0,0,0,0
270200,2,1,0,0,0,0,0,0,0,0,0,0
270200,3,1,0,0,0,0,0,0,0,0,0,0
270201,1,1,0,0,0,0,0,0,0,0,0,0
270201,2,1,0,0,0,0,0,0,0,0,0,0
270201,3,1,0,0,0,0,0,0,0,0,0,0
270202,1,1,0,0,0,0,0,0,0,0,0,0
270203,1,1,0,0,0,0,0,0,0,0,0,0
270204,1,1,0,0,0,0,0,0,0,0,0,0
270204,2,1,0,8,0,0,0,0,0,0,0,0
270205,1,1,0,0,0,0,0,0,0,0,0,0
270205,2,1,0,0,0,0,0,0,0,0,0,0
270206,1,1,0,0,0,0,0,0,0,0,0,0
270206,2,1,0,0,0,0,0,0,0,0,0,0
270207,1,1,0,0,0,0,0,0,0,0,0,0
270208,1,1,0,0,0,0,0,0,0,0,0,0
270208,2,1,0,0,0,0,0,0,0,0,0,0
270209,1,1,0,0,28,0,0,0,0,0,0,11
270209,2,1,0,0,0,0,0,0,0,0,0,0
270210,1,1,0,0,0,0,0,0,0,0,0,0
270210,2,1,0,0,0,0,0,0,0,0,0,0
270211,1,1,0,0,0,0,0,0,0,0,0,0
270212,1,1,0,0,0,0,0,0,0,0,0,0
270212,2,1,0,0,16,0,0,0,0,0,0,0
270212,3,1,0,0,0,0,0,0,0,0,0,0
270212,4,1,0,0,0,0,0,0,0,0,0,0
270213,1,1,0,0,0,0,0,0,0,0,0,11
270213,2,1,0,26,0,0,0,0,0,17,0,0
270215,1,1,26,8,12,36,0,13,0,0,18,5
270215,2,1,16,16,16,16,16,16,16,16,16,16
270216,1,1,25,19,12,10,13,19,19,14,16,22
270217,0,1,17,17,17,17,17,17,17,17,17,17
270217,1,1,0,0,0,0,0,0,0,0,0,0
270218,1,1,0,0,0,0,0,0,0,0,0,0
270219,1,1,22,22,22,22,22,22,22,22,22,22
270220,1,1,0,0,0,0,0,0,0,0,0,0
270220,2,1,0,0,0,0,0,0,0,0,0,0
270221,1,1,19,19,19,19,19,19,19,19,19,19
270221,2,1,0,0,0,0,0,0,0,0,0,0
270222,1,1,0,0,0,0,0,0,0,0,0,0
270223,1,1,0,0,0,0,0,0,0,0,0,0
270224,1,1,21,21,21,21,21,21,21,21,21,21
270224,2,1,0,16,0,0,0,0,0,0,0,15
270224,3,1,0,6,0,0,0,0,0,0,0,0
270225,1,1,0,0,0,0,0,0,0,0,0,0
270225,2,1,0,0,0,0,0,0,0,0,0,0
270226,1,1,0,0,0,0,0,0,0,0,0,0
270226,2,1,2,2,2,2,2,2,2,2,2,2
270227,1,1,0,0,0,0,0,0,0,0,0,0
270227,2,1,0,0,0,0,0,0,0,0,0,0
270228,1,1,39,39,39,39,39,39,39,39,39,39
270228,2,1,0,0,0,0,0,0,0,0,0,0
270229,1,1,0,0,0,0,0,0,0,0,0,0
270230,1,1,11,11,11,11,11,11,11,11,11,11
270231,1,1,0,0,0,0,0,0,0,0,0,0
270231,2,1,10,10,10,10,10,10,10,10,10,10
270232,1,1,0,16,7,4,0,0,0,18,16,19
270233,1,1,29,29,29,29,29,29,29,29,29,29
270234,1,1,0,0,0,0,0,0,0,0,0,0
270235,1,1,0,0,0,0,0,0,0,0,0,0
270235,2,1,0,0,0,0,0,0,0,0,0,0
270237,1,1,0,0,0,0,0,0,0,0,0,0
270237,2,1,0,0,0,0,0,0,0,0,0,0
270237,3,1,0,0,0,0,0,0,0,0,0,0
270238,1,1,0,0,0,0,0,0,0,0,0,0
270238,2,1,0,0,0,0,0,0,0,0,0,0
270238,3,1,0,0,0,0,0,0,0,0,0,0
270238,4,1,0,0,0,0,0,0,0,0,0,0
270238,5,1,0,0,0,0,0,0,0,0,0,0
270238,6,1,0,0,0,0,0,0,0,0,0,0
270239,0,1,0,0,0,0,0,0,0,0,0,0
270239,1,1,12,12,12,12,12,12,12,12,12,12
270241,1,1,16,16,16,16,16,16,16,16,16,16
270243,1,1,15,15,15,15,15,15,15,15,15,15
270243,2,1,0,0,0,0,0,0,0,0,0,0
270244,1,1,24,24,24,24,24,24,24,24,24,24
270244,2,1,0,0,0,0,0,0,0,0,0,0
270245,1,1,0,0,0,0,0,0,0,0,0,0
270246,1,1,21,21,21,21,21,21,21,21,21,21
270247,1,1,0,0,0,0,0,0,0,0,0,0
270247,2,1,0,0,0,0,0,0,0,0,0,0
270248,1,1,0,0,0,0,0,0,0,0,0,0
270249,1,1,0,0,0,0,0,0,0,0,0,0
270249,2,1,0,0,0,0,0,14,0,0,0,0
270250,1,1,0,0,0,0,0,0,0,0,0,0
270250,2,1,0,0,0,14,0,0,0,0,0,0
270251,1,1,0,0,0,0,0,0,0,0,0,0
270251,2,1,0,0,0,0,0,0,0,0,0,0
270252,1,1,0,0,0,0,0,0,0,0,0,0
270252,2,1,0,0,0,0,0,0,0,0,0,0
270252,3,1,0,0,0,0,0,0,0,0,0,0
270252,4,1,0,0,0,0,11,0,0,0,0,0
270253,1,1,0,0,0,0,0,0,0,0,0,0
270253,2,1,0,0,0,0,0,0,0,0,0,0
270254,0,1,0,0,0,0,0,0,0,0,0,19
270254,1,1,0,0,0,0,0,0,0,0,0,0
270255,1,1,0,0,0,0,0,0,0,0,0,0
270255,2,1,0,0,0,0,0,0,0,0,0,0
270256,1,1,23,23,23,23,23,23,23,23,23,23
270257,1,1,0,0,0,0,0,0,0,0,0,0
270258,1,1,2,2,2,2,2,2,2,2,2,2
270258,2,1,0,0,0,0,0,0,0,0,0,0
270259,1,1,0,0,0,0,0,0,0,0,0,0
270259,2,1,0,0,0,0,0,0,0,0,0,0
270259,3,1,0,0,22,0,0,0,0,0,0,0
270259,4,1,0,0,0,5,0,0,0,0,0,3
270260,0,1,0,0,0,0,0,0,0,0,0,0
270260,1,1,0,0,0,0,0,0,0,0,0,0
270261,1,1,18,18,18,18,18,18,18,18,18,18
270262,1,1,0,0,0,0,0,0,0,0,0,0
270262,2,1,0,0,0,0,0,0,0,0,0,0
270263,1,1,0,0,0,0,0,0,0,0,0,0
270263,2,1,0,0,0,0,0,0,0,0,0,0
270264,1,1,0,0,0,0,0,0,0,0,0,0
270264,2,1,0,0,0,0,0,0,0,0,0,0
270265,0,1,19,19,19,19,19,19,19,19,19,19
270265,1,1,0,0,0,0,0,0,0,0,0,0
270266,0,1,0,0,0,0,0,0,0,0,0,0
270266,1,1,0,0,0,0,0,0,0,0,0,0
270267,1,1,0,0,0,0,0,0,0,0,0,0
270268,1,1,22,13,26,0,0,0,0,0,0,19
270268,2,1,3,3,3,3,3,3,3,3,3,3
270269,1,1,0,0,0,0,0,0,0,0,0,0
270269,2,1,0,0,0,0,0,0,0,0,4,0
270270,1,1,17,0,0,0,0,0,0,0,0,0
270270,2,1,0,0,0,0,0,0,0,0,0,0
270271,1,1,9,9,9,9,9,9,9,9,9,9
270271,2,1,0,0,0,0,0,0,0,0,0,0
270272,1,1,0,0,0,0,0,0,0,0,0,0
270273,1,1,0,0,0,0,0,0,0,0,0,0
270273,2,1,0,0,0,0,0,0,0,0,0,0
270274,1,1,27,27,27,27,27,27,27,27,27,27
270275,1,1,21,21,21,21,21,21,21,21,21,21
270276,1,1,0,0,0,0,0,0,0,0,0,0
270277,1,1,0,0,0,0,0,0,0,0,0,0
270278,1,1,0,0,0,0,0,0,0,0,0,0
270279,1,1,0,28,20,22,0,0,0,0,21,0
270280,1,1,0,0,0,0,0,9,0,0,0,0
270280,2,1,0,0,0,0,0,0,0,0,0,0
270281,1,1,2,2,2,2,2,2,2,2,2,2
270282,1,1,0,0,0,0,0,0,0,0,0,19
270282,2,1,0,0,0,0,0,0,0,10,0,0
270283,1,1,0,0,0,0,0,0,0,0,0,0
270283,2,1,0,0,0,0,0,0,0,0,0,0
270284,1,1,0,0,0,0,0,0,0,0,0,0
270284,2,1,0,0,0,0,0,0,0,0,0,0
270285,1,1,0,0,0,0,0,0,0,0,0,0
270285,2,1,0,0,0,0,0,0,0,0,0,0
270285,3,1,0,0,0,0,0,0,0,0,0,0
270285,4,1,0,0,0,0,0,0,11,0,0,0
270285,5,1,0,0,0,0,0,0,0,13,0,0
270286,1,1,16,16,16,16,16,16,16,16,16,16
270286,2,1,0,0,0,0,0,0,0,0,0,0
270287,1,1,12,12,12,12,12,12,12,12,12,12
270288,1,1,0,0,0,0,0,0,0,0,0,0
270289,1,1,20,20,20,20,20,20,20,20,20,20
270289,2,1,0,0,7,18,18,0,18,0,0,0
270290,1,1,0,0,0,0,0,0,0,0,0,0
270290,2,1,0,0,0,0,0,0,0,0,0,0
270291,1,1,0,0,0,0,0,0,0,0,0,0
270291,2,1,0,0,0,0,0,0,0,0,0,0
270292,1,1,0,0,0,0,0,0,0,0,0,0
270293,0,1,0,0,0,0,0,0,0,0,0,0
270293,1,1,0,0,0,0,0,0,0,0,0,0
270294,1,1,0,0,0,0,0,0,0,0,0,0
270294,2,1,0,0,0,0,0,0,0,0,0,0
270294,3,1,0,0,0,0,0,0,0,0,0,0
270294,4,1,0,0,0,0,0,0,0,0,0,0
270295,1,1,0,0,0,0,0,0,0,0,0,0
270295,2,1,0,0,0,0,0,0,0,0,4,0
270296,1,1,0,0,0,0,0,0,0,0,0,0
270297,1,1,0,0,0,0,0,0,0,0,0,0
270298,0,1,0,0,0,0,0,0,0,0,0,0
270298,1,1,0,0,0,0,0,0,0,0,0,0
270299,1,1,0,0,0,0,0,0,0,0,0,0
270301,0,1,25,25,25,25,25,25,25,25,25,25
270301,1,1,0,0,0,0,0,0,0,0,0,0
270302,1,1,0,0,0,0,0,0,0,0,0,0
270302,2,1,0,0,0,0,0,0,0,0,0,0
270303,1,1,0,0,0,0,0,0,0,0,0,0
270303,2,1,0,0,0,0,0,0,0,0,0,0
270303,3,1,0,0,0,0,0,0,0,0,0,0
270304,1,1,29,29,29,29,29,29,29,29,29,29
270305,1,1,13,13,13,13,13,13,13,13,13,13
270306,1,1,0,0,0,0,0,0,13,0,0,0
270306,2,1,0,0,0,0,0,0,0,0,0,0
270307,1,1,0,0,0,0,0,0,0,0,0,0
270307,2,1,0,0,0,0,0,0,0,0,0,0
270308,1,1,21,21,21,21,21,21,21,21,21,21
270309,0,1,0,0,0,0,0,0,0,0,0,0
270309,1,1,0,0,0,0,0,0,0,0,0,0
270310,1,1,6,6,6,6,6,6,6,6,6,6
270310,2,1,20,20,20,20,20,20,20,20,20,20
270311,0,1,0,0,0,0,0,0,0,0,0,0
270311,1,1,0,0,0,0,0,0,0,0,0,0
270312,0,1,0,0,0,0,0,0,0,0,0,0
270312,1,1,0,0,0,0,0,0,0,0,0,0
270313,1,1,8,8,8,8,8,8,8,8,8,8
270314,1,1,0,0,0,0,0,0,0,0,0,0
270314,2,1,0,0,0,0,0,0,0,0,0,0
270315,0,1,13,13,13,13,13,13,13,13,13,13
270315,0,2,22,0,8,24,0,0,0,10,0,10
270315,1,1,15,15,15,15,15,15,15,15,15,15
270316,1,1,0,0,0,0,0,0,0,0,0,0
270316,2,1,0,0,0,0,0,0,0,0,0,0
270317,0,1,0,0,0,0,0,0,0,0,0,0
270317,1,1,0,0,0,0,0,0,0,0,0,0
270318,0,1,0,0,0,0,0,0,0,0,0,0
270318,1,1,0,0,0,0,0,0,0,0,0,0
270319,1,1,17,17,17,17,17,17,17,17,17,17
270320,1,1,0,0,0,0,0,0,0,0,0,0
270320,2,1,0,0,0,0,9,0,0,0,0,0
270321,1,1,29,29,29,29,29,29,29,29,29,29
270322,0,1,0,0,0,0,0,0,0,0,0,0
270322,1,1,0,0,0,0,0,0,0,0,0,0
270323,1,1,0,0,0,0,0,0,0,0,0,0
270323,2,1,0,0,0,0,0,0,0,0,0,0
270324,1,1,0,0,0,0,0,0,0,0,0,0
270324,2,1,0,0,0,0,0,0,0,0,0,0
270324,3,1,0,0,0,0,0,0,0,0,0,0
270325,1,1,0,0,0,0,0,0,0,0,0,0
270326,1,1,20,20,20,20,20,20,20,20,20,20
270327,1,1,24,24,24,24,24,24,24,24,24,24
270328,1,1,0,0,0,0,0,0,0,0,0,0
270328,2,1,0,0,0,0,0,0,0,0,0,0
270329,0,1,0,0,14,25,0,4,0,30,0,0
270329,0,2,0,17,0,0,0,9,0,0,12,3
270329,1,1,0,0,0,0,0,0,11,0,0,0
270330,1,1,0,0,0,0,0,0,0,0,0,0
270331,1,1,0,0,0,0,0,0,0,0,0,0
270331,2,1,0,11,0,0,0,0,0,0,0,0
270332,1,1,0,0,0,0,0,0,7,0,0,0
270333,1,1,24,24,24,24,24,24,24,24,24,24
270333,2,1,0,0,0,0,0,0,0,0,0,0
270334,1,1,20,20,20,20,20,20,20,20,20,20
270335,1,1,0,0,0,0,0,0,0,0,0,0
270336,1,1,19,19,19,19,19,19,19,19,19,19
270336,2,1,0,0,0,0,0,0,0,0,0,0
270337,1,1,0,0,0,0,0,0,0,0,0,12
270337,2,1,0,0,0,0,0,0,0,0,0,0
270338,1,1,0,4,0,0,9,0,0,0,0,0
270339,1,1,0,0,0,0,0,0,0,0,0,0
270339,2,1,0,0,0,0,0,0,0,0,0,0
270340,1,1,0,0,0,0,0,0,0,0,0,0
270340,2,1,0,0,0,0,0,0,0,0,0,0
270342,1,1,0,0,0,0,0,0,0,0,0,0
270342,2,1,0,0,0,0,0,0,0,0,0,0
270343,0,1,0,0,0,0,0,0,0,0,0,0
270343,1,1,0,0,0,0,0,0,0,0,0,0
270344,1,1,30,30,30,30,30,30,30,30,30,30
270345,0,1,12,12,12,12,12,12,12,12,12,12
270345,0,2,14,22,0,49,0,18,10,0,16,5
270345,1,1,21,21,21,21,21,21,21,21,21,21
270346,1,1,16,16,16,16,16,16,16,16,16,16
270347,1,1,0,0,0,0,0,0,0,0,0,0
270347,2,1,0,0,0,0,0,0,0,0,0,0
270348,1,1,0,0,0,0,0,0,0,0,0,0
270349,1,1,0,0,0,0,0,0,0,0,0,0
270349,2,1,0,0,0,0,0,0,0,0,0,0
270350,1,1,22,22,22,22,22,22,22,22,22,22
270350,2,1,0,0,0,0,0,0,0,0,0,0
270351,1,1,0,0,0,0,0,0,0,0,0,0
270351,2,1,0,0,0,0,0,0,0,0,0,0
270352,0,1,0,0,0,0,0,0,0,0,0,0
270352,1,1,0,0,0,0,0,0,0,0,0,0
270353,1,1,0,0,0,0,0,0,0,0,0,0
270353,2,1,0,0,0,0,0,0,0,0,0,0
270353,3,1,0,0,0,0,0,5,0,0,0,0
270354,1,1,0,0,0,0,0,0,0,0,0,0
270354,2,1,0,0,0,0,0,0,0,0,0,25
270355,1,1,0,0,0,0,0,0,0,0,0,0
270356,1,1,0,0,0,0,0,0,0,0,0,0
270356,2,1,0,0,0,0,0,0,0,0,0,0
270357,1,1,0,0,0,0,0,0,0,0,0,0
270357,2,1,0,0,0,0,0,0,0,0,0,0
270358,1,1,23,23,23,23,23,23,23,23,23,23
270358,2,1,10,10,10,10,10,10,10,10,10,10
270359,1,1,0,0,0,0,0,0,0,0,0,0
270359,2,1,0,0,0,0,0,0,0,0,0,0
270359,3,1,0,0,0,0,0,0,0,0,0,0
270359,4,1,0,0,0,0,0,0,0,0,0,0
270360,1,1,0,0,0,0,0,0,0,0,0,0
270360,2,1,0,0,0,0,0,0,0,0,0,0
270360,3,1,0,0,0,0,0,0,0,0,0,0
270361,1,1,23,0,0,0,0,0,16,0,0,0
270361,2,1,0,0,0,0,0,0,0,0,0,0
270362,1,1,0,0,0,0,0,0,0,0,0,0
270363,1,1,0,0,0,0,0,0,0,0,0,0
270363,2,1,0,0,0,0,0,0,0,0,0,0
270364,1,1,0,0,0,0,0,0,0,0,0,0
270364,2,1,0,0,0,0,0,0,0,0,0,0
270364,3,1,0,0,0,0,0,0,0,0,0,0
270365,1,1,17,17,17,17,17,17,17,17,17,17
270366,1,1,0,0,0,0,0,0,0,0,0,0
270366,2,1,0,0,0,0,0,0,0,0,0,0
270366,3,1,0,0,0,0,0,0,0,0,0,0
270367,0,1,0,0,0,0,0,0,0,0,0,0
270367,1,1,0,0,0,0,0,0,0,0,0,0
270368,1,1,0,0,0,0,0,0,0,0,0,0
270368,2,1,0,0,0,0,0,0,0,0,0,0
270369,1,1,21,21,21,21,21,21,21,21,21,21
270369,2,1,0,0,0,0,0,0,0,0,0,0
270370,0,1,14,14,14,14,14,14,14,14,14,14
270370,1,1,0,0,0,0,0,0,0,0,0,0
270371,1,1,0,0,0,0,0,0,0,0,0,0
270371,2,1,0,0,0,0,0,0,0,0,0,0
270372,1,1,8,8,8,8,8,8,8,8,8,8
270373,1,1,10,0,13,21,0,27,27,4,11,24
270374,1,1,21,21,21,21,21,21,21,21,21,21
270375,1,1,27,27,27,27,27,27,27,27,27,27
270376,1,1,18,18,18,18,18,18,18,18,18,18
270377,1,1,0,0,0,0,0,0,0,0,0,0
270378,1,1,11,11,11,11,11,11,11,11,11,11
270379,1,1,7,7,7,7,7,7,7,7,7,7
270379,2,1,12,12,12,12,12,12,12,12,12,12
270380,1,1,0,0,0,0,0,0,0,0,0,0
270380,2,1,0,0,0,0,0,0,0,0,0,0
270381,1,1,0,0,0,0,0,0,0,0,0,0
270382,1,1,0,0,0,0,0,0,0,0,0,0
280001,1,1,0,0,0,0,0,0,0,0,0,0
280001,2,1,16,16,16,16,16,16,16,16,16,16
280002,1,1,18,18,18,18,18,18,18,18,18,18
280003,1,1,0,0,0,0,0,0,0,0,0,0
280004,1,1,0,0,0,22,8,0,19,0,0,12
280004,2,1,5,5,5,5,5,5,5,5,5,5
280005,1,1,0,11,0,0,0,0,0,0,0,13
280006,1,1,0,13,0,0,0,20,0,19,0,0
280007,1,1,0,0,0,0,0,0,0,0,0,0
280008,1,1,0,0,0,0,0,13,0,0,0,0
280008,2,1,0,0,0,0,0,0,0,0,0,0
280009,1,1,0,0,0,0,0,0,0,0,0,0
280010,1,1,0,0,0,0,0,0,0,0,0,0
280011,1,1,6,6,6,6,6,6,6,6,6,6
280012,0,1,12,12,12,12,12,12,12,12,12,12
280012,1,1,0,0,0,0,0,0,0,0,0,0
280013,1,1,0,0,0,0,0,0,0,0,0,0
280014,1,1,0,0,0,0,0,0,0,0,0,0
280015,1,1,0,0,0,0,0,0,0,0,0,0
280016,1,1,16,16,16,16,16,16,16,16,16,16
280017,1,1,14,14,14,14,14,14,14,14,14,14
280017,2,1,0,0,0,0,0,0,0,0,0,0
280018,0,1,0,0,0,0,0,0,0,0,0,0
280018,0,2,0,0,0,0,0,0,0,0,0,0
280018,1,1,0,0,0,0,0,0,0,0,0,0
280018,2,1,0,0,0,0,0,0,0,0,0,0
280019,1,1,33,33,33,33,33,33,33,33,33,33
280020,1,1,0,0,0,0,0,0,0,0,0,16
280021,1,1,0,0,0,0,0,0,0,0,0,0
280022,1,1,23,23,23,23,23,23,23,23,23,23
280023,1,1,0,0,0,0,0,0,0,0,0,0
280023,2,1,0,0,0,0,0,0,0,0,0,0
280024,0,1,0,0,0,0,0,0,0,0,0,0