ST_CASE,VEH_NO,PER_NO,P1,P2,P3,P4,P5,P6,P7,P8,P9,P10
280024,1,1,0,0,0,0,0,0,0,0,0,0
280025,1,1,0,0,0,0,0,0,0,9,0,0
280026,1,1,0,0,0,0,0,0,0,0,0,0
280026,2,1,0,0,0,0,0,0,0,0,0,0
280027,1,1,5,5,5,5,5,5,5,5,5,5
280028,1,1,0,0,0,0,0,0,0,0,0,0
280029,1,1,0,0,0,0,0,0,0,0,0,0
280030,0,1,0,0,0,0,14,0,0,0,0,0
280030,1,1,0,0,0,0,0,0,0,0,0,0
280031,1,1,0,0,0,0,0,0,0,0,0,0
280032,1,1,9,9,9,9,9,9,9,9,9,9
280032,2,1,8,0,0,0,0,0,0,0,0,0
280033,1,1,18,18,18,18,18,18,18,18,18,18
280034,1,1,0,0,0,0,0,0,0,0,0,0
280034,2,1,0,0,0,0,0,0,0,0,0,0
280035,1,1,15,15,15,15,15,15,15,15,15,15
280036,1,1,0,0,0,0,0,0,0,0,0,0
280036,2,1,0,0,0,0,0,0,0,0,0,0
280037,0,1,13,13,13,13,13,13,13,13,13,13
280037,1,1,14,0,0,0,8,0,0,0,0,0
280038,1,1,0,0,0,0,0,0,0,0,0,0
280039,1,1,0,0,0,0,0,0,0,0,0,0
280040,1,1,13,13,13,13,13,13,13,13,13,13
280040,2,1,0,6,0,15,0,0,0,3,0,0
280041,1,1,14,14,14,14,14,14,14,14,14,14
280042,1,1,0,0,0,0,0,0,0,0,0,0
280042,2,1,0,0,0,0,0,0,0,0,0,0
280043,1,1,0,0,0,0,0,0,0,0,0,0
280043,2,1,0,0,0,0,0,0,0,0,0,0
280044,1,1,0,0,0,0,0,0,0,0,0,0
280045,1,1,0,0,0,0,0,0,0,0,0,0
280046,1,1,0,0,0,0,0,0,0,0,0,0
280047,1,1,14,14,14,14,14,14,14,14,14,14
280048,1,1,0,0,0,0,0,0,0,0,0,0
280049,1,1,0,0,0,0,0,0,0,0,0,0
280050,1,1,11,11,11,11,11,11,11,11,11,11
280050,2,1,0,0,0,0,0,27,0,0,0,0
280051,0,1,0,0,0,0,0,0,0,0,0,0
280051,1,1,0,0,0,0,0,0,0,0,0,0
280052,0,1,0,0,0,0,12,0,0,0,0,23
280052,1,1,0,0,0,0,0,0,0,0,0,0
280053,1,1,0,0,0,0,0,0,0,0,0,0
280053,2,1,0,0,0,0,0,0,0,0,0,0
280054,1,1,0,0,0,0,0,0,0,0,0,0
280055,1,1,0,0,0,0,0,9,0,0,0,0
280055,2,1,0,0,0,0,0,0,0,0,0,0
280056,1,1,0,0,0,0,12,0,14,0,0,0
280056,2,1,0,0,0,0,0,0,0,0,0,0
280057,1,1,0,0,0,0,0,0,0,0,0,0
280058,1,1,0,0,0,0,0,19,0,0,0,0
280058,2,1,13,0,0,0,0,0,0,0,0,0
280059,1,1,0,0,0,0,0,0,0,0,0,0
280059,2,1,0,0,0,0,0,0,0,0,0,0
280060,1,1,0,0,0,0,0,0,0,0,0,0
280061,1,1,0,0,0,0,0,0,0,0,0,0
280061,2,1,0,0,0,0,0,0,0,0,0,0
280062,1,1,0,0,0,0,0,0,0,0,0,0
280062,2,1,0,0,0,0,0,0,0,0,0,0
280063,1,1,22,22,22,22,22,22,22,22,22,22
280064,1,1,0,0,0,3,0,0,0,0,0,0
280064,2,1,0,0,0,0,0,0,0,0,0,0
280065,1,1,14,14,14,14,14,14,14,14,14,14
280066,0,1,0,11,0,22,0,0,0,12,0,0
280066,1,1,0,9,0,0,18,0,0,0,21,0
280067,1,1,0,0,0,15,0,0,0,0,0,0
280068,1,1,0,0,14,0,0,0,10,0,0,0
280069,1,1,33,33,33,33,33,33,33,33,33,33
280070,1,1,0,0,0,0,0,0,0,0,0,4
280071,1,1,0,0,0,0,0,0,0,0,0,0
280072,1,1,8,8,8,8,8,8,8,8,8,8
280073,1,1,0,0,0,0,0,0,0,0,0,0
280074,1,1,0,0,0,0,0,0,0,0,0,0
280074,2,1,0,0,0,0,0,0,0,0,0,0
280075,1,1,0,0,0,0,0,0,0,0,0,0
280075,2,1,0,0,0,0,0,0,0,0,0,0
280076,1,1,0,0,0,0,0,0,0,0,0,0
280076,2,1,0,0,0,0,0,0,0,0,0,0
280077,1,1,11,11,11,11,11,11,11,11,11,11
280078,1,1,0,0,0,0,0,0,0,0,0,0
280079,1,1,0,0,0,0,0,0,0,0,0,0
280080,1,1,0,0,0,0,0,0,0,0,0,0
280080,2,1,0,0,0,0,0,0,0,0,0,0
280081,0,1,0,0,0,0,0,0,0,0,0,0
280081,1,1,12,12,12,12,12,12,12,12,12,12
280082,1,1,0,0,0,0,0,0,0,0,0,0
280083,1,1,12,0,3,0,0,14,0,0,0,0
280084,1,1,0,0,0,0,0,0,0,0,0,0
280085,0,1,18,18,18,18,18,18,18,18,18,18
280085,1,1,0,0,0,0,0,0,0,0,0,0
280086,1,1,0,0,0,0,0,0,0,0,0,0
280087,1,1,9,9,9,9,9,9,9,9,9,9
280087,2,1,18,18,18,18,18,18,18,18,18,18
280088,1,1,0,0,0,0,0,0,0,0,0,0
280089,1,1,0,0,0,0,0,0,0,0,0,0
280089,2,1,0,0,0,0,0,0,0,0,0,0
280090,1,1,17,17,17,17,17,17,17,17,17,17
280091,1,1,0,0,0,0,0,0,0,0,0,0
280092,1,1,0,0,0,0,0,0,0,0,0,0
280092,2,1,0,0,0,0,0,0,0,0,0,0
280093,1,1,0,0,0,0,0,0,0,0,0,0
280094,1,1,0,0,0,0,0,0,0,14,0,0
280095,1,1,18,18,18,18,18,18,18,18,18,18
280096,1,1,11,11,11,11,11,11,11,11,11,11
280097,1,1,18,18,18,18,18,18,18,18,18,18
280098,1,1,0,0,0,0,0,0,0,0,0,0
280098,2,1,0,0,0,0,0,0,0,0,0,0
280099,1,1,0,0,7,0,0,0,0,0,0,0
280100,0,1,0,0,0,0,0,0,0,0,0,0
280100,1,1,0,0,8,0,0,9,0,0,0,7
280101,1,1,18,18,18,18,18,18,18,18,18,18
280101,2,1,25,25,25,25,25,25,25,25,25,25
280102,1,1,0,0,0,0,0,0,0,0,0,0
280102,2,1,0,0,0,0,0,0,0,0,0,0
280103,1,1,0,0,0,0,0,0,0,0,0,0
280104,1,1,0,0,0,0,0,0,0,0,0,0
280105,1,1,0,0,0,0,0,0,0,0,0,0
280106,1,1,18,18,18,18,18,18,18,18,18,18
280107,1,1,0,0,0,0,0,0,0,0,0,0
280107,2,1,9,9,9,9,9,9,9,9,9,9
280108,1,1,0,0,0,0,14,0,6,0,0,6
280109,1,1,19,19,19,19,19,19,19,19,19,19
280110,1,1,11,11,11,11,11,11,11,11,11,11
280111,1,1,24,24,24,24,24,24,24,24,24,24
280112,1,1,8,8,8,8,8,8,8,8,8,8
280113,1,1,0,0,0,0,0,0,0,0,0,0
280113,2,1,0,0,0,0,0,0,0,0,0,0
280114,1,1,0,0,0,0,0,10,0,0,0,0
280115,1,1,10,10,10,10,10,10,10,10,10,10
280116,1,1,0,0,0,0,0,0,0,0,0,0
280116,2,1,0,0,0,0,0,0,0,0,0,0
280117,1,1,0,0,0,0,0,0,0,0,0,0
280118,1,1,0,0,0,0,0,0,0,0,0,0
280118,2,1,0,0,0,0,0,0,0,0,0,0
280119,1,1,0,0,0,0,0,0,0,0,0,0
280119,2,1,0,0,0,0,0,0,0,0,0,0
280120,0,1,0,0,0,0,0,0,0,0,0,0
280120,1,1,0,0,0,0,0,0,0,0,0,0
280121,1,1,0,0,0,0,0,0,0,0,0,0
280122,0,1,3,26,0,9,0,0,20,0,0,0
280122,1,1,4,0,0,20,0,12,0,0,0,0
280123,1,1,0,0,0,0,0,0,0,0,0,0
280124,1,1,0,0,0,0,0,0,0,0,0,0
280125,1,1,0,16,0,0,0,0,0,0,0,0
280125,2,1,0,0,21,0,0,0,0,0,0,0
280126,1,1,0,0,0,0,0,0,0,0,0,0
280127,1,1,0,0,0,0,0,0,0,0,0,0
280128,1,1,0,0,0,0,0,0,0,0,0,0
280129,1,1,0,0,0,0,0,0,0,0,0,0
280129,2,1,0,0,0,0,0,0,0,0,0,0
280130,1,1,0,0,0,0,0,0,0,0,0,0
280130,2,1,0,0,0,0,0,0,0,0,0,0
280131,1,1,0,0,0,0,0,0,0,0,0,0
280132,1,1,0,6,0,0,0,0,0,0,0,0
280133,1,1,19,19,19,19,19,19,19,19,19,19
280134,1,1,0,0,0,0,0,0,0,0,0,0
280134,2,1,0,0,0,0,0,0,0,0,0,0
280135,1,1,0,0,0,0,0,0,0,0,0,0
280135,2,1,0,0,0,0,0,0,0,0,0,0
280135,3,1,0,0,0,0,0,0,0,0,24,0
280136,1,1,20,0,0,0,0,0,0,0,0,0
280137,1,1,0,0,0,0,0,0,0,0,0,0
280137,2,1,0,0,0,0,0,0,0,0,0,0
280137,3,1,0,0,0,0,0,0,0,0,0,0
280138,1,1,0,0,0,0,0,0,0,0,0,0
280139,1,1,0,0,0,0,0,0,0,0,0,0
280139,2,1,0,0,0,0,0,0,0,0,0,0
280139,3,1,0,0,0,0,0,0,0,0,0,0
280140,1,1,0,0,0,0,0,0,0,0,0,0
280140,2,1,0,0,0,0,0,0,0,0,0,26
280141,1,1,0,0,0,0,0,0,0,0,0,0
280141,2,1,0,0,0,0,0,0,0,0,0,0
280142,0,1,8,8,8,8,8,8,8,8,8,8
280142,1,1,0,0,0,0,0,0,0,0,0,0
280143,1,1,13,0,0,0,0,0,0,0,0,0
280143,2,1,0,0,0,0,11,0,0,0,0,0
280144,1,1,0,0,0,0,0,0,0,0,0,0
280144,2,1,0,0,0,0,0,0,0,0,0,0
280145,1,1,0,0,0,0,0,0,0,0,0,0
280146,1,1,0,0,0,0,0,0,0,0,0,0
280147,1,1,0,0,0,0,0,0,0,0,0,0
280147,2,1,0,0,0,0,23,0,0,0,0,0
280148,1,1,0,0,0,0,0,0,0,0,0,0
280149,1,1,25,25,25,25,25,25,25,25,25,25
280150,1,1,0,0,0,0,12,0,0,0,0,0
280151,1,1,27,12,0,20,0,0,0,0,0,0
280152,1,1,0,0,0,0,0,0,0,0,0,0
280152,2,1,0,0,0,0,0,0,0,0,0,0
280152,3,1,0,0,0,0,0,0,0,0,0,0
280153,1,1,0,0,0,0,0,0,0,0,0,0
280154,1,1,22,22,22,22,22,22,22,22,22,22
280155,0,1,33,33,33,33,33,33,33,33,33,33
280155,1,1,0,0,0,0,0,0,0,0,0,0
280156,1,1,16,16,16,16,16,16,16,16,16,16
280157,1,1,0,0,0,16,0,0,0,0,0,0
280157,2,1,0,0,0,0,0,0,0,0,0,0
280158,1,1,0,0,0,0,0,0,0,14,0,0
280159,1,1,0,0,0,0,0,0,0,0,0,0
280159,2,1,0,0,0,0,0,0,0,0,0,0
280160,1,1,0,0,0,27,0,0,0,11,29,23
280161,1,1,0,0,0,0,0,0,0,0,0,0
280161,2,1,0,0,0,0,0,0,0,0,0,0
280162,1,1,0,0,0,0,0,0,0,0,0,0
280163,1,1,0,0,0,0,0,0,0,0,0,0
280163,2,1,0,0,0,0,0,0,0,0,0,0
280164,1,1,0,0,0,0,0,0,0,0,0,0
280165,1,1,0,0,0,0,0,0,0,0,0,0
280166,1,1,28,28,28,28,28,28,28,28,28,28
280167,1,1,0,0,17,0,0,0,0,0,0,0
280168,1,1,0,0,0,0,0,12,0,0,18,0
280169,1,1,0,0,0,0,0,0,0,0,0,0
280170,1,1,0,0,0,0,0,0,0,0,0,0
280170,2,1,12,12,12,12,12,12,12,12,12,12
280171,0,1,0,0,0,0,0,0,0,0,0,0
280171,1,1,0,0,0,0,0,0,0,0,0,0
280172,1,1,30,30,30,30,30,30,30,30,30,30
280173,1,1,0,0,0,0,0,0,0,0,0,0
280174,1,1,0,0,0,0,18,0,0,0,0,0
280174,2,1,0,0,0,0,0,0,0,0,0,0
280175,1,1,0,0,0,0,0,0,0,0,0,0
280175,2,1,0,0,0,0,0,0,0,0,19,15
280176,1,1,14,14,14,14,14,14,14,14,14,14
280177,1,1,0,0,0,0,0,0,0,0,0,0
280178,1,1,16,16,16,16,16,16,16,16,16,16
280179,1,1,0,0,0,6,0,0,0,0,0,0
280179,2,1,0,0,0,0,0,0,0,0,0,0
280180,1,1,0,0,0,0,0,0,0,0,0,0
280181,1,1,0,0,0,0,28,0,0,0,0,0
280182,1,1,22,22,22,22,22,22,22,22,22,22
280183,1,1,12,12,12,12,12,12,12,12,12,12
280184,1,1,0,0,0,0,0,0,0,0,0,0
280184,2,1,0,0,0,0,0,0,0,0,0,0
280185,1,1,0,0,0,0,0,0,0,0,0,0
280185,2,1,0,0,0,0,0,0,0,0,0,0
280187,1,1,0,0,0,0,0,0,0,0,0,0
280187,2,1,0,0,0,0,0,0,0,0,0,0
280187,3,1,0,0,0,0,0,0,0,0,0,0
280188,1,1,0,0,0,0,0,0,0,0,0,0
280189,1,1,0,0,0,0,0,0,0,0,0,0
280189,2,1,0,0,0,0,0,0,0,0,0,0
280190,1,1,16,16,16,16,16,16,16,16,16,16
280191,1,1,0,0,21,0,0,18,0,0,8,0
280192,1,1,0,0,0,0,0,0,0,0,0,0
280192,2,1,33,33,33,33,33,33,33,33,33,33
280193,0,1,0,0,0,0,8,0,0,0,17,6
280193,1,1,0,0,0,0,0,0,0,0,0,0
280194,1,1,0,0,0,0,20,0,0,0,0,0
280194,2,1,19,19,19,19,19,19,19,19,19,19
280195,1,1,0,0,0,0,0,0,0,0,10,11
280195,2,1,0,0,0,0,0,0,0,0,0,0
280196,1,1,0,5,0,0,0,0,0,0,12,0
280197,1,1,0,0,0,0,0,0,0,0,0,0
280198,1,1,0,0,0,4,13,0,11,0,0,0
280198,2,1,0,0,0,0,0,0,0,0,0,0
280198,3,1,0,0,0,0,0,0,0,0,0,0
280199,1,1,0,0,0,0,0,0,0,0,0,30
280200,1,1,16,16,16,16,16,16,16,16,16,16
280201,1,1,0,0,0,0,0,0,0,0,0,0
280202,1,1,9,9,9,9,9,9,9,9,9,9
280203,1,1,14,14,14,14,14,14,14,14,14,14
280204,1,1,0,0,0,0,0,0,0,0,0,0
280205,1,1,0,0,0,0,0,0,0,0,0,0
280205,2,1,0,0,0,0,0,0,0,0,0,0
280206,1,1,18,18,18,18,18,18,18,18,18,18
280207,1,1,0,0,0,0,0,0,0,0,0,0
280207,2,1,0,0,27,0,0,0,0,0,0,0
280208,1,1,0,0,0,0,0,0,0,0,0,0
280209,1,1,0,0,0,0,0,0,0,0,0,0
280210,1,1,19,19,19,19,19,19,19,19,19,19
280211,1,1,0,0,0,0,0,0,0,0,0,0
280212,1,1,12,12,12,12,12,12,12,12,12,12
280213,1,1,0,0,0,0,0,0,0,0,0,0
280214,1,1,0,0,0,0,0,0,0,0,0,0
280214,2,1,0,0,0,0,0,0,0,0,0,0
280215,1,1,0,0,0,0,0,0,0,0,0,0
280215,2,1,0,0,0,0,0,0,0,0,0,0
280215,3,1,0,0,0,0,0,0,0,0,0,0
280216,1,1,0,0,0,0,0,0,4,0,0,0
280216,2,1,0,0,0,0,0,0,0,0,0,0
280217,1,1,22,22,22,22,22,22,22,22,22,22
280218,1,1,0,0,0,0,0,0,0,0,0,0
280218,2,1,0,0,0,0,0,0,0,0,0,0
280219,1,1,14,14,14,14,14,14,14,14,14,14
280220,1,1,0,0,0,11,0,0,0,0,0,0
280220,2,1,0,0,0,0,0,0,0,0,0,0
280220,3,1,0,0,0,0,0,0,0,0,0,0
280221,1,1,0,0,0,0,0,0,0,0,0,0
280221,2,1,0,0,0,0,0,0,0,0,0,0
280222,1,1,0,0,0,0,0,0,0,0,0,0
280223,1,1,0,0,0,0,0,0,0,0,0,0
280223,2,1,0,0,0,0,0,0,0,0,0,0
280224,1,1,0,0,0,0,0,0,0,0,0,0
280224,2,1,0,0,0,0,0,8,0,0,0,0
280225,1,1,0,0,0,0,0,6,0,0,0,0
280225,2,1,0,0,0,0,0,0,0,0,0,0
280226,1,1,0,0,0,0,0,0,0,0,0,0
280227,1,1,0,0,0,0,0,0,0,0,0,0
280228,1,1,0,0,0,0,0,0,0,0,0,0
280229,1,1,0,0,0,0,0,0,0,0,0,0
280230,1,1,0,0,0,0,14,0,0,0,0,0
280230,2,1,0,0,0,0,15,0,0,0,0,0
280231,1,1,19,19,19,19,19,19,19,19,19,19
280232,1,1,20,20,20,20,20,20,20,20,20,20
280233,1,1,0,0,0,0,0,0,0,0,0,0
280233,2,1,0,0,0,0,0,0,0,0,0,0
280234,1,1,26,26,26,26,26,26,26,26,26,26
280235,1,1,0,0,0,0,0,0,0,0,0,0
280235,2,1,0,0,0,0,0,0,0,0,0,0
280236,1,1,0,0,0,0,0,0,0,0,0,0
280236,2,1,0,0,0,0,0,0,0,0,0,0
280237,1,1,0,0,0,0,0,0,0,11,0,0
280237,2,1,0,0,0,0,0,0,0,0,0,0
280238,1,1,0,0,0,0,0,0,0,0,0,0
280238,2,1,12,12,12,12,12,12,12,12,12,12
280239,1,1,0,0,0,0,0,0,0,0,0,0
280240,1,1,0,0,0,0,0,0,0,0,0,0
280241,1,1,0,0,0,0,0,0,0,0,0,23
280242,1,1,13,13,13,13,13,13,13,13,13,13
280243,1,1,12,12,12,12,12,12,12,12,12,12
280244,1,1,0,0,0,0,0,0,0,0,0,0
280245,1,1,0,0,0,0,14,0,0,0,0,0
280245,2,1,0,0,51,0,0,0,0,0,0,0
280246,1,1,0,0,0,0,0,0,0,0,0,0
280246,2,1,0,0,0,0,0,0,0,0,0,0
280247,1,1,0,0,0,0,0,0,0,0,0,0
280247,2,1,0,0,0,0,0,0,0,0,0,0
280248,0,1,0,0,0,0,0,0,0,0,0,0
280248,1,1,0,0,0,0,0,0,0,0,0,0
280249,1,1,0,0,0,0,14,0,0,0,18,17
280250,0,1,0,0,0,6,9,0,0,0,0,0
280250,1,1,16,0,7,0,0,0,32,0,0,0
280251,1,1,0,0,0,0,0,0,0,0,0,0
280252,1,1,0,0,15,0,0,0,0,0,0,0
280253,1,1,0,4,18,8,9,0,25,0,0,8
280254,1,1,0,0,4,0,0,0,0,9,24,0
280254,2,1,0,0,0,0,0,0,0,0,0,0
280255,1,1,0,0,0,0,0,0,0,0,0,0
280256,1,1,0,0,0,0,0,0,0,0,0,0
280257,1,1,0,0,0,0,0,0,0,0,0,0
280258,1,1,0,0,0,0,0,0,0,0,0,0
280259,1,1,0,0,15,0,0,0,0,0,0,0
280259,2,1,0,0,0,0,0,0,0,0,0,0
280260,1,1,0,0,0,0,0,0,0,0,0,0
280260,2,1,21,21,21,21,21,21,21,21,21,21
280261,0,1,0,0,0,0,0,0,0,0,0,0
280261,1,1,0,0,0,0,0,0,0,0,0,0
280262,1,1,0,0,0,0,0,0,0,0,0,0
280263,1,1,6,6,6,6,6,6,6,6,6,6
280264,1,1,12,12,12,12,12,12,12,12,12,12
280265,1,1,0,0,0,0,0,0,0,0,0,0
280265,2,1,0,9,0,0,0,0,0,0,0,0
280266,1,1,17,17,17,17,17,17,17,17,17,17
280267,1,1,0,0,0,0,0,0,0,0,0,0
280268,1,1,0,0,0,0,0,0,0,0,0,0
280268,2,1,0,0,0,0,0,0,0,0,0,0
280269,1,1,9,9,9,9,9,9,9,9,9,9
280270,1,1,0,0,0,0,0,0,0,0,22,0
280271,1,1,0,0,0,0,0,0,0,0,0,0
280272,1,1,0,0,0,0,0,0,0,0,0,0
280272,2,1,0,0,0,0,0,0,0,0,0,0
280273,1,1,0,0,0,0,0,0,0,0,0,0
280273,2,1,0,0,0,0,0,0,0,0,0,0
280274,1,1,0,0,0,0,0,0,0,0,0,0
280274,2,1,0,0,0,0,0,0,0,0,0,0
280275,1,1,0,0,25,0,0,0,0,0,0,0
280276,1,1,0,0,0,0,7,0,0,0,0,29
280277,1,1,20,20,20,20,20,20,20,20,20,20
280278,1,1,0,0,0,0,0,0,0,0,0,0
280279,1,1,0,0,0,0,0,0,0,0,0,0
280279,2,1,0,0,0,0,0,0,0,0,0,0
280280,0,1,0,0,0,0,0,0,0,0,0,0
280280,1,1,0,0,0,0,12,0,0,0,0,0
280281,1,1,18,18,18,18,18,18,18,18,18,18
280282,0,1,0,0,5,0,0,0,0,0,0,0
280282,1,1,0,0,0,0,0,18,0,0,0,0
280283,1,1,0,0,0,0,0,0,0,0,0,0
280283,2,1,0,0,0,0,0,0,0,0,0,0
280284,1,1,13,14,13,0,11,0,25,30,0,5
280285,1,1,0,0,0,0,0,0,0,0,0,0
280285,2,1,0,0,0,0,0,0,0,0,0,0
280286,1,1,0,0,0,0,0,0,0,0,0,0
280286,2,1,0,0,0,0,0,0,0,0,0,0
280287,1,1,0,0,0,0,0,0,0,0,0,0
280288,1,1,0,0,0,0,0,0,0,0,0,0
280288,2,1,0,0,0,0,0,0,0,26,0,0
280289,0,1,0,0,0,0,0,0,0,0,0,0
280289,1,1,0,0,0,0,0,0,0,0,0,0
280290,1,1,20,20,20,20,20,20,20,20,20,20
280291,1,1,0,0,0,0,0,0,0,0,0,21
280292,1,1,0,0,0,0,0,0,0,0,0,0
280293,1,1,0,0,0,0,0,0,0,0,0,0
280294,1,1,0,0,0,0,0,0,0,0,0,0
280295,1,1,11,3,0,0,13,0,0,7,32,0
280296,0,1,0,0,0,0,0,0,0,0,0,0
280296,1,1,0,0,0,0,0,0,0,0,0,0
280297,1,1,0,0,0,0,0,0,0,0,0,0
280297,2,1,0,0,0,0,0,0,0,0,0,0
280298,1,1,30,0,0,0,0,0,0,0,0,0
280299,1,1,0,12,0,12,17,8,12,0,0,0
280300,1,1,9,9,9,9,9,9,9,9,9,9
280300,2,1,4,4,4,4,4,4,4,4,4,4
280301,1,1,0,0,0,0,0,0,0,0,13,0
280301,2,1,7,7,7,7,7,7,7,7,7,7
280302,1,1,0,0,0,0,0,0,0,0,0,0
280303,1,1,0,0,0,0,0,0,0,0,0,0
280304,1,1,0,0,0,0,0,0,0,0,0,0
280304,2,1,0,0,0,0,0,0,0,0,0,0
280305,1,1,0,0,0,0,0,0,0,0,0,0
280306,1,1,0,0,0,0,0,0,0,0,0,0
280306,2,1,0,0,0,0,0,0,0,0,0,0
280307,1,1,0,0,0,7,0,0,0,0,0,0
280308,1,1,0,0,0,0,0,0,0,0,0,0
280308,2,1,0,0,0,0,0,0,0,0,0,0
280309,1,1,11,11,11,11,11,11,11,11,11,11
280310,1,1,10,10,10,10,10,10,10,10,10,10
280311,1,1,22,22,22,22,22,22,22,22,22,22
280312,1,1,14,14,14,14,14,14,14,14,14,14
280313,1,1,3,3,3,3,3,3,3,3,3,3
280314,1,1,0,0,0,0,12,0,0,0,0,0
280314,2,1,0,0,0,0,4,0,0,0,0,0
280315,1,1,0,0,0,0,0,0,0,0,0,0
280316,1,1,16,16,16,16,16,16,16,16,16,16
280317,1,1,0,0,0,0,0,0,0,0,0,0
280318,1,1,0,0,0,0,0,0,0,10,0,0
280319,1,1,0,0,0,0,0,0,0,0,0,0
280319,2,1,0,0,0,0,0,0,0,0,0,0
280320,1,1,0,0,0,0,0,0,0,0,0,0
280320,2,1,0,0,0,0,0,0,0,0,0,0
280321,1,1,0,0,0,0,0,0,0,0,0,0
280322,1,1,0,0,0,0,0,0,0,0,0,0
280323,1,1,0,0,0,0,0,0,0,0,0,0
280323,2,1,0,0,0,0,0,0,0,0,0,0
280324,1,1,20,20,20,20,20,20,20,20,20,20
280325,1,1,0,0,0,0,0,0,0,0,0,0
280325,2,1,0,0,0,0,0,0,0,0,0,0
280326,1,1,0,0,0,0,0,0,0,0,21,0
280327,0,1,32,17,0,0,32,0,32,0,19,35
280327,1,1,0,0,0,0,16,23,0,0,0,0
280328,0,1,0,0,0,0,0,0,0,0,0,0
280328,1,1,0,0,0,0,0,0,0,0,0,0
280329,1,1,28,28,28,28,28,28,28,28,28,28
280330,1,1,0,0,0,0,0,0,0,0,0,0
280330,2,1,0,0,0,0,0,0,0,0,0,0
280331,1,1,0,0,0,0,0,0,0,0,0,0
280332,1,1,0,0,0,0,0,0,0,0,0,0
280332,2,1,0,0,0,0,0,0,0,0,9,0
280333,1,1,0,0,0,0,0,0,0,0,0,0
280333,2,1,17,17,17,17,17,17,17,17,17,17
280334,1,1,0,0,0,0,0,0,0,0,18,0
280334,2,1,0,0,0,0,0,0,0,0,0,0
280335,1,1,0,0,0,0,0,0,0,0,0,0
280335,2,1,0,0,0,0,0,0,0,0,0,0
280336,1,1,0,0,0,0,0,0,0,0,6,0
280337,1,1,11,11,11,11,11,11,11,11,11,11
280338,1,1,0,0,0,0,0,0,0,28,0,0
280339,1,1,0,0,0,0,0,0,0,0,0,0
280339,2,1,0,0,0,0,0,0,0,0,0,0
280340,1,1,0,0,0,0,0,0,0,0,0,0
280340,2,1,0,0,0,0,0,0,0,0,0,0
280341,1,1,0,0,0,0,0,0,0,0,0,0
280341,2,1,0,0,0,0,0,0,0,0,0,0
280342,1,1,0,0,0,0,0,31,0,0,0,0
280343,0,1,11,0,0,0,13,9,0,0,0,30
280343,1,1,0,0,0,0,0,22,0,0,0,0
280344,1,1,0,0,0,16,22,0,0,0,0,36
280345,1,1,0,0,0,0,0,0,0,0,0,0
280346,1,1,0,0,0,0,0,5,0,0,0,0
280347,1,1,0,0,0,0,0,0,0,0,0,0
280348,1,1,0,0,0,0,0,0,0,0,0,0
280349,1,1,0,0,0,0,0,0,0,0,0,0
280349,2,1,0,0,0,0,0,0,0,0,0,0
280350,1,1,0,0,0,0,0,0,0,0,0,0
280350,2,1,0,0,0,0,0,0,0,0,0,0
280351,1,1,0,0,0,0,0,0,0,0,0,0
280352,1,1,11,0,0,0,0,0,6,15,0,0
280352,2,1,6,6,6,6,6,6,6,6,6,6
280353,1,1,0,0,0,0,0,0,0,0,0,0
280354,1,1,6,6,6,6,6,6,6,6,6,6
280354,2,1,0,0,0,0,0,0,0,0,0,0
280355,1,1,14,14,14,14,14,14,14,14,14,14
280356,1,1,0,0,0,0,0,21,0,0,0,0
280357,1,1,0,0,0,0,0,0,0,0,0,0
280357,2,1,0,0,0,0,0,0,0,0,0,0
280358,1,1,0,0,0,0,0,0,0,0,0,0
280359,1,1,19,0,11,0,0,0,23,0,0,0
280359,2,1,0,17,0,0,0,0,0,0,0,0
280360,1,1,18,18,18,18,18,18,18,18,18,18
280361,1,1,0,0,0,0,0,0,0,0,0,0
280362,1,1,0,0,0,0,0,0,0,0,0,0
280363,0,1,32,0,0,20,0,0,0,0,19,0
280363,1,1,0,0,0,17,0,0,0,0,0,0
280364,1,1,0,0,0,0,11,0,0,0,0,0
280364,2,1,0,0,0,0,0,0,0,0,0,3
280365,1,1,19,19,19,19,19,19,19,19,19,19
280366,1,1,0,0,0,0,0,0,0,0,0,0
280366,2,1,0,0,0,0,0,0,0,0,0,0
280366,3,1,0,0,0,0,0,0,0,0,0,0
280367,1,1,0,0,0,0,0,0,0,0,0,11
280368,1,1,0,0,0,0,0,0,0,0,0,0
280369,1,1,0,0,0,0,0,0,0,0,0,0
280370,1,1,0,0,0,0,0,0,0,0,0,0
280370,2,1,16,16,16,16,16,16,16,16,16,16
280371,1,1,0,0,0,0,0,0,0,0,0,0
280372,1,1,10,10,10,10,10,10,10,10,10,10
280373,1,1,12,0,0,0,0,0,0,0,0,0
280374,1,1,0,0,0,0,9,10,14,0,26,0
280374,2,1,0,0,11,0,0,11,0,0,0,0
280375,0,1,0,0,0,0,0,11,0,8,0,0
280375,0,2,0,0,16,0,0,0,0,0,0,10
280375,1,1,0,0,0,0,0,0,0,0,0,0
280376,1,1,0,0,0,0,0,0,0,0,0,0
280376,2,1,0,0,0,0,0,0,0,0,0,0
280377,0,1,0,0,0,0,0,0,0,0,0,0
280377,1,1,0,0,0,0,0,0,0,0,0,0
280378,1,1,0,0,0,0,0,0,0,0,0,0
280378,2,1,0,0,0,0,0,0,0,0,0,0
280379,1,1,0,0,0,0,0,0,0,0,0,0
280380,1,1,20,20,20,20,20,20,20,20,20,20
280381,1,1,0,0,0,0,0,0,0,0,0,0