ST_CASE,VEH_NO,PER_NO,P1,P2,P3,P4,P5,P6,P7,P8,P9,P10
280381,2,1,32,32,32,32,32,32,32,32,32,32
280382,1,1,0,0,0,0,0,0,0,0,0,0
280382,2,1,0,0,0,0,0,0,0,0,0,0
280382,3,1,0,0,0,0,0,0,0,0,0,0
280383,1,1,0,0,0,0,0,0,0,0,0,0
280384,1,1,0,0,0,0,0,0,0,0,0,0
280384,2,1,0,19,0,0,0,0,0,0,0,0
280385,0,1,18,18,18,18,18,18,18,18,18,18
280385,1,1,0,0,0,0,0,0,0,0,0,0
280386,1,1,0,0,0,0,0,0,0,0,0,0
280386,2,1,0,0,9,0,0,0,0,0,0,0
280387,1,1,0,0,0,0,0,0,0,0,0,0
280387,2,1,0,21,0,0,0,0,0,0,0,0
280388,1,1,0,0,0,0,0,0,0,0,0,0
280389,1,1,0,0,0,0,0,0,0,0,0,0
280389,2,1,0,0,0,0,0,0,0,0,0,0
280390,1,1,0,0,0,0,0,0,0,0,0,0
280391,1,1,0,0,0,0,0,0,0,0,0,0
280391,2,1,0,0,0,0,0,0,0,0,0,0
280392,1,1,0,0,0,0,0,0,0,0,0,0
280392,2,1,18,18,18,18,18,18,18,18,18,18
280393,1,1,0,0,0,0,16,37,0,0,0,30
280393,2,1,0,40,3,26,10,3,0,0,0,0
280394,1,1,14,25,28,35,22,17,0,0,0,25
280395,1,1,0,0,0,0,13,0,0,0,0,0
280396,1,1,0,0,0,0,0,0,22,0,0,0
280397,1,1,0,0,0,0,0,0,0,0,0,0
280398,1,1,0,0,0,0,0,0,0,0,0,0
280399,1,1,10,10,10,10,10,10,10,10,10,10
280400,1,1,14,14,14,14,14,14,14,14,14,14
280401,1,1,18,18,18,18,18,18,18,18,18,18
280401,2,1,11,11,11,11,11,11,11,11,11,11
280402,1,1,0,0,0,0,0,0,0,0,0,0
280402,2,1,0,0,0,0,0,0,0,0,0,0
280403,0,1,0,0,0,0,0,0,0,0,0,0
280403,1,1,0,0,0,0,0,0,0,0,0,0
280404,1,1,0,0,0,0,0,0,0,0,0,0
280404,2,1,0,0,0,0,0,0,0,0,0,0
280404,3,1,0,0,0,0,0,0,0,0,0,0
280405,1,1,0,0,0,0,0,0,0,0,0,0
280406,1,1,16,16,16,16,16,16,16,16,16,16
280407,1,1,18,18,18,18,18,18,18,18,18,18
280407,2,1,0,0,0,0,0,0,0,0,0,19
280408,1,1,0,0,0,0,0,0,0,0,0,0
280408,2,1,0,0,0,0,0,0,0,0,0,0
280408,3,1,0,0,0,0,0,0,0,0,0,0
280409,1,1,0,0,0,0,0,0,0,0,0,0
280409,2,1,0,0,0,0,0,0,0,0,0,0
280410,1,1,20,20,20,20,20,20,20,20,20,20
280411,1,1,0,0,0,0,0,0,0,0,0,0
280412,1,1,23,23,23,23,23,23,23,23,23,23
280413,1,1,0,0,0,0,0,0,0,18,0,0
280413,2,1,0,0,0,0,0,0,0,0,0,0
280413,3,1,0,0,0,0,0,0,0,0,0,0
280414,1,1,0,0,0,0,0,0,0,0,0,3
280414,2,1,36,25,0,0,0,0,8,10,21,29
280415,1,1,0,0,0,0,0,0,0,0,0,0
280415,2,1,0,0,0,0,0,0,0,0,0,0
280416,1,1,16,16,16,16,16,16,16,16,16,16
280417,1,1,33,33,33,33,33,33,33,33,33,33
280418,1,1,0,0,0,0,0,0,0,0,0,0
280419,1,1,17,17,17,17,17,17,17,17,17,17
280420,1,1,0,0,0,0,0,0,0,0,0,0
280421,1,1,0,0,0,0,0,0,0,0,0,0
280421,2,1,31,31,31,31,31,31,31,31,31,31
280422,1,1,0,0,0,0,0,0,0,0,0,0
280422,2,1,0,0,0,0,0,0,0,0,0,0
280423,1,1,37,0,0,15,19,11,0,14,21,6
280423,2,1,0,0,0,0,0,0,0,0,0,0
280424,1,1,12,12,12,12,12,12,12,12,12,12
280425,1,1,9,9,9,9,9,9,9,9,9,9
280426,1,1,0,0,0,0,0,0,0,0,0,0
280426,2,1,0,0,0,0,0,0,0,0,0,0
280427,1,1,0,0,25,0,11,6,0,0,18,0
280428,1,1,0,0,0,0,0,0,0,0,0,0
280429,1,1,13,13,13,13,13,13,13,13,13,13
280430,1,1,0,0,0,0,0,0,0,0,0,20
280430,2,1,0,0,0,0,0,0,0,0,0,0
280431,0,1,0,0,0,0,0,0,0,30,0,12
280431,1,1,0,0,0,0,0,0,0,0,0,0
280432,1,1,0,0,0,0,0,0,0,0,0,0
280432,2,1,0,0,0,0,0,0,0,0,0,0
280432,3,1,0,0,0,0,0,0,0,4,0,0
280433,1,1,8,0,0,0,0,0,0,0,0,0
280434,1,1,0,0,0,0,0,0,0,0,0,0
280435,1,1,10,17,0,0,0,0,21,0,0,0
280435,2,1,0,0,0,0,20,0,0,0,0,0
280436,1,1,0,0,0,0,0,0,0,0,0,0
280437,1,1,0,0,0,0,0,0,0,0,0,0
280437,2,1,0,0,0,0,0,0,0,0,0,0
280438,1,1,0,0,0,0,0,0,0,0,0,0
280438,2,1,12,0,0,0,0,0,0,0,0,0
280439,1,1,18,28,0,0,0,17,0,0,0,0
280439,2,1,0,0,20,20,13,31,13,0,0,0
280439,3,1,0,20,19,16,0,28,10,24,5,0
280440,1,1,21,21,21,21,21,21,21,21,21,21
280440,2,1,0,0,0,0,0,0,0,0,0,0
280441,1,1,21,0,0,0,0,0,0,0,0,12
280442,1,1,0,0,0,0,0,0,0,0,0,0
280443,1,1,0,0,12,0,23,0,0,21,0,0
280444,1,1,0,0,0,0,0,0,0,0,0,0
280445,1,1,0,0,0,0,0,23,0,0,0,0
280446,1,1,0,0,0,0,0,0,0,0,0,0
280447,0,1,0,0,0,0,0,0,0,0,0,0
280447,1,1,0,0,0,0,0,0,0,0,0,0
280448,1,1,0,0,0,0,0,0,0,27,0,0
280448,2,1,0,0,0,0,16,11,17,0,0,0
280449,1,1,0,0,0,0,0,0,0,0,0,0
280449,2,1,17,17,17,17,17,17,17,17,17,17
280449,3,1,12,12,12,12,12,12,12,12,12,12
280450,1,1,0,0,0,0,0,0,0,0,0,0
280451,1,1,0,0,0,0,0,0,0,0,0,0
280452,1,1,0,0,0,0,9,0,0,0,0,0
280453,1,1,0,0,17,0,15,0,8,9,0,0
280454,0,1,0,0,18,0,0,0,0,0,0,0
280454,0,2,0,0,0,0,0,0,0,0,0,0
280454,1,1,0,0,0,30,0,0,0,0,0,0
280455,1,1,0,0,0,0,0,0,0,19,0,0
280455,2,1,0,0,0,0,0,0,0,0,0,0
280456,1,1,0,0,0,0,0,0,0,9,0,0
280456,2,1,0,0,0,0,0,0,0,0,0,0
280457,1,1,0,0,14,11,0,0,0,0,0,0
280458,1,1,0,0,0,0,0,0,0,0,0,0
280458,2,1,0,0,0,0,0,0,11,0,0,0
280458,3,1,11,4,0,0,0,0,0,0,12,0
280458,4,1,0,0,0,0,0,0,0,0,0,0
280458,5,1,0,0,0,0,0,0,0,0,0,0
280459,1,1,0,0,0,0,0,0,0,0,0,0
280459,2,1,0,0,0,0,0,0,0,0,0,0
280460,0,1,20,20,20,20,20,20,20,20,20,20
280460,1,1,5,5,5,5,5,5,5,5,5,5
280461,1,1,0,0,0,0,0,0,0,0,0,0
280461,2,1,0,0,0,0,0,0,17,0,0,0
280462,1,1,0,0,0,0,0,0,0,0,0,0
280463,1,1,15,15,15,15,15,15,15,15,15,15
280464,1,1,0,0,0,0,0,0,0,0,0,0
280465,0,1,0,0,17,0,0,27,13,10,23,23
280465,1,1,0,0,0,0,0,0,0,0,0,0
280466,1,1,10,15,0,0,0,15,0,0,13,0
280467,1,1,0,0,0,0,0,0,0,0,0,0
280467,2,1,0,0,0,0,0,0,0,0,0,0
280468,1,1,0,0,0,0,0,0,0,0,0,0
280469,0,1,5,7,6,0,23,0,22,0,11,0
280469,1,1,0,0,0,0,0,0,0,0,0,0
280470,1,1,0,0,0,0,0,0,0,0,0,0
280471,1,1,0,0,0,16,0,0,0,0,0,0
280472,1,1,0,0,0,0,0,0,0,0,14,0
280473,1,1,21,21,21,21,21,21,21,21,21,21
280474,0,1,40,0,0,0,0,0,14,0,0,0
280474,1,1,0,0,0,0,0,0,0,0,0,0
280475,1,1,6,0,24,0,0,0,0,0,0,21
280476,1,1,19,19,19,19,19,19,19,19,19,19
280477,1,1,12,12,12,12,12,12,12,12,12,12
280478,1,1,0,0,0,0,0,0,0,0,0,0
280479,1,1,0,11,0,15,0,0,0,0,23,0
280480,1,1,0,0,0,0,0,0,0,0,0,0
280481,1,1,15,15,15,15,15,15,15,15,15,15
280482,0,1,22,22,22,22,22,22,22,22,22,22
280482,1,1,0,0,0,10,13,0,15,32,28,18
280483,1,1,0,0,0,30,0,0,0,0,0,0
280484,0,1,0,0,0,0,0,0,0,0,0,0
280484,1,1,0,0,0,0,0,0,0,0,0,0
280485,1,1,3,3,3,3,3,3,3,3,3,3
280486,1,1,5,5,5,5,5,5,5,5,5,5
280487,1,1,15,15,15,15,15,15,15,15,15,15
280488,1,1,0,0,0,0,0,0,0,0,0,0
280489,1,1,0,9,0,0,22,0,0,0,0,0
280490,1,1,0,0,0,0,0,16,0,0,0,0
280490,2,1,0,0,0,0,0,0,0,0,0,0
280490,3,1,32,32,32,32,32,32,32,32,32,32
280490,4,1,0,0,0,0,0,0,0,0,0,0
280491,1,1,0,0,0,0,0,0,0,0,0,0
280491,2,1,0,0,0,0,0,0,0,0,0,0
280492,1,1,0,0,0,0,0,0,0,0,0,0
280493,1,1,0,0,0,0,0,0,0,0,0,0
280494,1,1,0,0,0,0,0,0,0,11,0,0
280494,2,1,0,16,0,0,0,0,5,0,0,0
280495,1,1,0,0,0,0,0,0,0,0,0,0
280495,2,1,0,0,0,0,0,0,0,0,0,0
280496,0,1,20,0,9,28,0,11,0,0,0,21
280496,1,1,0,0,22,9,0,17,0,0,0,0
280497,1,1,0,0,0,0,0,0,0,0,0,0
280497,2,1,17,0,14,0,0,0,7,5,9,0
280498,1,1,19,19,19,19,19,19,19,19,19,19
280499,0,1,0,0,0,18,19,0,8,0,29,0
280499,1,1,0,0,0,0,0,0,0,0,16,0
280500,0,1,26,8,21,9,11,36,37,0,31,17
280500,1,1,0,0,0,30,0,18,20,0,0,13
280501,1,1,0,0,0,0,0,0,0,0,0,0
280501,2,1,0,0,0,0,0,0,0,0,0,0
280502,1,1,11,11,11,11,11,11,11,11,11,11
280503,1,1,0,30,0,0,0,30,17,20,0,16
280503,2,1,0,0,0,10,26,0,3,30,0,0
280504,1,1,0,0,13,21,0,0,9,0,0,0
280505,1,1,3,14,0,0,0,0,0,0,0,4
280506,1,1,0,0,0,0,0,0,0,0,0,0
280506,2,1,0,0,0,0,0,0,0,38,0,0
280507,1,1,0,0,0,0,0,11,0,6,0,19
280508,1,1,0,0,0,0,0,0,0,0,10,0
280508,2,1,0,0,0,0,0,0,0,0,0,0
280509,1,1,0,0,0,0,0,15,0,0,0,6
280509,2,1,0,0,0,0,0,0,0,0,0,18
280510,1,1,16,15,0,0,0,0,13,0,0,0
280511,1,1,0,0,0,0,0,0,0,0,0,0
280512,1,1,8,19,0,0,0,35,0,0,44,0
280513,1,1,0,0,0,0,0,20,11,0,0,17
280514,1,1,20,20,20,20,20,20,20,20,20,20
280515,1,1,0,11,0,0,0,0,0,0,0,0
280516,1,1,0,0,0,0,0,0,0,0,0,0
280516,2,1,0,0,0,0,0,0,0,0,12,0
280517,1,1,0,0,0,0,0,0,25,25,9,0
280518,1,1,0,0,0,0,0,12,0,0,0,0
280518,2,1,0,0,0,0,0,0,0,0,0,0
280519,1,1,12,12,12,12,12,12,12,12,12,12
280519,2,1,0,0,4,0,0,0,0,11,0,0
280520,0,1,0,0,0,0,0,27,0,18,0,0
280520,1,1,0,0,0,0,0,0,0,0,0,0
280521,1,1,0,0,22,47,13,20,17,13,20,6
280522,1,1,0,0,0,0,0,0,0,0,0,0
280522,2,1,0,0,0,9,0,0,0,0,0,0
280523,1,1,0,0,0,0,0,0,0,0,0,0
280523,2,1,0,0,0,10,17,0,0,0,0,0
280524,0,1,0,0,18,0,0,0,13,0,0,0
280524,1,1,0,0,0,0,0,0,0,0,0,0
280525,1,1,34,0,0,0,20,7,0,0,0,0
280525,2,1,0,0,0,0,0,0,0,0,0,0
280526,1,1,4,4,4,4,4,4,4,4,4,4
280527,1,1,0,0,0,0,0,0,0,20,0,0
280528,1,1,0,0,0,0,0,0,0,0,0,0
280528,2,1,0,0,0,0,11,0,0,0,0,0
280529,1,1,12,0,0,0,0,0,0,0,0,0
280529,2,1,0,0,0,0,0,0,0,0,0,0
280530,0,1,5,18,0,7,0,24,23,0,22,0
280530,1,1,12,12,12,12,12,12,12,12,12,12
280531,1,1,18,18,18,18,18,18,18,18,18,18
280532,1,1,0,0,0,0,0,0,0,0,0,0
280532,2,1,0,0,0,0,0,0,0,0,0,0
280533,0,1,0,8,0,0,0,0,0,0,0,0
280533,1,1,0,0,0,0,0,0,0,0,0,0
280534,1,1,0,0,0,0,0,0,0,0,0,0
280534,2,1,0,0,0,0,0,0,0,0,0,0
280535,1,1,19,19,19,19,19,19,19,19,19,19
280535,2,1,0,0,5,0,0,0,0,0,0,0
280536,1,1,0,0,0,0,0,0,16,0,0,8
280537,1,1,0,0,0,0,0,19,0,0,0,0
280538,1,1,0,11,0,0,0,12,0,0,0,0
280539,1,1,0,0,0,0,0,0,0,0,0,0
280540,1,1,0,0,0,0,0,0,0,0,0,0
280541,1,1,18,18,18,18,18,18,18,18,18,18
280542,1,1,0,0,0,0,0,0,0,0,0,0
280543,1,1,17,17,17,17,17,17,17,17,17,17
280544,1,1,0,0,0,0,0,0,0,0,0,0
280545,1,1,0,0,0,0,0,0,0,0,0,0
280545,2,1,0,0,0,0,0,0,0,0,0,0
280546,1,1,0,0,0,0,0,13,0,29,21,0
280547,1,1,0,0,0,0,0,0,0,0,0,0
280547,2,1,0,0,0,0,0,0,0,0,0,0
280548,1,1,0,0,0,0,0,0,0,0,0,0
280548,2,1,0,0,30,0,0,0,0,0,0,0
280549,0,1,0,0,0,15,7,0,10,0,0,18
280549,1,1,0,0,0,0,0,0,0,0,0,0
280550,1,1,0,0,17,0,0,0,16,0,18,0
280551,1,1,0,0,0,0,0,0,0,0,0,0
280552,1,1,14,14,14,14,14,14,14,14,14,14
280553,1,1,16,12,9,14,14,15,10,17,17,25
280554,1,1,0,0,0,0,0,0,0,0,0,0
280554,2,1,0,0,0,0,0,0,0,0,0,0
280555,1,1,6,4,19,7,14,18,0,18,29,9
280556,1,1,15,8,0,9,19,0,0,11,0,0
280557,1,1,0,0,0,0,0,0,0,0,0,0
280557,2,1,0,0,0,0,30,0,0,0,0,0
280558,1,1,0,29,19,0,11,19,0,0,0,0
280559,1,1,0,0,0,0,0,0,0,0,0,0
280560,1,1,14,14,14,14,14,14,14,14,14,14
280561,1,1,0,0,0,0,0,0,0,0,0,0
280562,0,1,0,8,0,0,0,0,0,0,0,0
280562,1,1,0,0,0,0,0,0,0,0,0,0
280563,1,1,0,17,14,42,18,0,0,0,7,16
280564,1,1,0,0,0,0,0,0,0,0,0,0
280565,1,1,0,0,0,0,0,0,12,0,0,0
280565,2,1,0,0,0,0,0,0,0,0,0,0
280566,1,1,0,0,0,0,0,0,0,0,0,0
280567,1,1,18,18,18,18,18,18,18,18,18,18
280568,1,1,0,0,0,0,0,0,0,0,0,0
280569,1,1,0,0,0,0,0,0,0,0,0,0
280570,1,1,0,0,25,0,0,0,0,0,0,0
280571,1,1,0,0,0,19,0,0,0,0,0,0
280572,1,1,0,0,0,0,0,0,0,0,0,0
280572,2,1,0,0,6,0,0,18,0,0,0,0
280573,1,1,0,0,0,0,0,0,0,0,0,0
280573,2,1,0,0,0,0,0,0,0,0,0,0
280574,1,1,0,8,0,0,8,0,0,0,0,0
280575,0,1,0,0,0,0,0,0,0,0,0,0
280575,1,1,0,0,0,0,0,0,0,0,0,0
280576,1,1,22,0,29,0,19,0,0,15,0,12
280577,1,1,27,27,27,27,27,27,27,27,27,27
280578,1,1,0,0,36,0,0,0,0,23,0,12
280579,1,1,6,0,0,18,0,0,0,0,0,42
280579,2,1,0,24,21,0,0,0,0,0,15,0
280580,1,1,34,34,34,34,34,34,34,34,34,34
280581,1,1,0,0,0,0,0,0,0,0,0,0
280582,1,1,0,11,0,0,0,0,0,0,0,0
280582,2,1,0,0,0,0,0,0,0,0,0,0
290001,1,1,30,30,30,30,30,30,30,30,30,30
290002,1,1,17,17,17,17,17,17,17,17,17,17
290003,1,1,0,0,0,0,0,0,0,0,0,0
290004,1,1,29,29,29,29,29,29,29,29,29,29
290005,1,1,0,0,0,0,0,0,0,0,0,0
290006,1,1,0,10,0,0,0,0,0,0,0,0
290007,1,1,3,3,3,3,3,3,3,3,3,3
290008,0,1,0,0,0,0,0,0,0,13,6,0
290008,1,1,0,0,0,0,0,0,0,0,0,0
290009,1,1,0,7,14,0,0,0,8,13,0,6
290010,1,1,25,25,25,25,25,25,25,25,25,25
290011,1,1,3,3,3,3,3,3,3,3,3,3
290012,1,1,15,15,15,15,15,15,15,15,15,15
290012,2,1,0,0,0,0,0,0,0,0,0,0
290013,1,1,0,0,0,0,0,0,0,0,0,0
290013,2,1,0,0,0,0,0,0,0,0,0,0
290014,1,1,0,0,0,0,0,0,0,0,0,0
290014,2,1,0,0,0,0,0,0,0,0,0,0
290015,1,1,0,0,0,0,0,0,0,0,0,0
290015,2,1,0,0,0,0,0,0,0,0,0,0
290017,1,1,0,0,0,0,0,0,0,0,0,0
290018,1,1,9,9,9,9,9,9,9,9,9,9
290019,1,1,25,25,25,25,25,25,25,25,25,25
290019,2,1,0,0,0,0,0,0,0,0,0,0
290019,3,1,0,0,0,0,0,0,15,0,11,0
290020,1,1,0,0,0,0,0,0,0,0,0,0
290021,1,1,9,0,0,0,0,0,0,0,0,0
290021,2,1,0,0,35,0,0,0,0,0,0,0
290022,1,1,21,11,4,17,20,16,19,6,11,18
290023,1,1,0,0,0,0,0,0,0,0,0,0
290023,2,1,0,0,0,0,0,0,0,0,0,0
290024,1,1,0,0,0,0,0,0,0,0,0,0
290024,2,1,0,0,0,0,0,0,0,0,0,0
290025,1,1,0,0,0,0,0,0,0,0,0,0
290025,2,1,0,0,0,0,0,0,0,0,0,0
290026,1,1,0,0,0,0,0,0,0,0,0,0
290026,2,1,0,0,0,0,0,0,0,0,0,0
290027,1,1,22,22,22,22,22,22,22,22,22,22
290027,2,1,0,0,0,0,0,0,0,0,0,0
290028,1,1,0,0,0,0,0,0,0,0,0,0
290029,1,1,0,0,0,0,0,0,0,0,0,0
290029,2,1,0,0,0,0,0,0,0,0,0,0
290030,1,1,0,0,0,0,0,0,0,0,0,0
290031,1,1,0,0,0,0,0,0,0,0,0,0
290031,2,1,0,0,0,0,0,0,0,0,0,0
290032,1,1,39,39,39,39,39,39,39,39,39,39
290032,2,1,0,0,0,0,0,0,0,0,0,0
290033,1,1,0,0,0,0,0,0,0,0,0,0
290034,1,1,26,26,26,26,26,26,26,26,26,26
290035,1,1,0,0,0,0,0,0,0,0,0,0
290036,1,1,0,0,0,0,0,0,0,0,0,0
290037,1,1,26,26,26,26,26,26,26,26,26,26
290038,1,1,0,0,0,0,0,0,0,0,0,0
290039,1,1,0,0,0,0,0,0,0,0,0,0
290040,1,1,0,0,0,0,0,0,0,0,0,0
290041,1,1,0,0,0,0,0,0,0,0,0,0
290041,2,1,0,0,0,0,0,0,0,0,0,0
290042,0,1,22,22,22,22,22,22,22,22,22,22
290042,1,1,0,0,0,0,0,0,0,0,0,0
290043,0,1,30,30,30,30,30,30,30,30,30,30
290043,1,1,0,0,0,0,0,0,0,19,0,0
290044,1,1,4,4,4,4,4,4,4,4,4,4
290045,1,1,13,19,14,5,0,11,12,16,37,22
290046,1,1,0,0,0,0,0,0,0,0,0,0
290046,2,1,0,0,0,0,0,0,0,0,0,0
290046,3,1,0,0,0,0,0,0,22,0,0,0
290047,1,1,0,0,0,0,0,0,0,0,0,0
290047,2,1,18,18,18,18,18,18,18,18,18,18
290048,1,1,0,0,0,0,0,0,0,0,0,0
290049,1,1,15,15,15,15,15,15,15,15,15,15
290049,2,1,0,0,0,0,0,0,0,0,0,0
290050,1,1,18,18,18,18,18,18,18,18,18,18
290052,1,1,0,0,0,0,0,0,0,0,0,0
290052,2,1,9,0,0,10,0,23,0,0,0,22
290053,1,1,0,0,0,0,0,0,0,0,0,0
290055,1,1,12,12,12,12,12,12,12,12,12,12
290056,1,1,0,0,0,0,0,0,0,0,0,0
290056,2,1,0,0,0,0,0,0,0,0,0,0
290057,1,1,0,0,0,0,0,0,0,0,0,0
290059,1,1,0,0,0,0,0,0,0,0,0,0
290059,2,1,0,0,0,0,0,0,0,0,0,0
290060,1,1,0,0,0,0,0,0,0,0,0,0
290060,2,1,0,0,0,0,0,0,0,0,9,0
290061,1,1,0,0,0,0,0,0,0,0,0,0
290061,2,1,0,0,0,0,0,0,0,0,0,0
290062,1,1,0,0,0,0,0,0,0,0,0,0
290063,1,1,0,0,0,0,0,0,0,0,0,0
290063,2,1,0,0,0,0,0,0,0,0,0,0
290064,1,1,21,21,21,21,21,21,21,21,21,21
290065,1,1,0,0,0,0,0,0,0,0,0,0
290066,1,1,14,14,14,14,14,14,14,14,14,14
290067,0,1,0,0,0,0,0,0,0,0,0,0
290067,1,1,1,1,1,1,1,1,1,1,1,1
290068,1,1,20,20,20,20,20,20,20,20,20,20
290068,2,1,0,13,0,0,0,11,0,14,0,15
290069,1,1,17,17,17,17,17,17,17,17,17,17
290070,1,1,4,4,4,4,4,4,4,4,4,4
290071,1,1,0,0,0,0,0,0,0,0,0,0
290072,1,1,0,0,0,0,0,0,0,0,0,0
290072,2,1,0,0,0,0,0,0,3,0,0,0
290072,3,1,0,0,0,0,0,9,0,0,26,20
290074,1,1,0,0,0,0,0,0,0,0,0,0
290074,2,1,0,0,0,0,0,0,0,0,0,0
290075,1,1,0,0,0,0,0,0,0,0,0,0
290075,2,1,0,0,0,35,0,0,0,0,0,0
290076,1,1,22,22,22,22,22,22,22,22,22,22
290077,1,1,22,22,22,22,22,22,22,22,22,22
290078,1,1,26,26,26,26,26,26,26,26,26,26
290078,2,1,0,0,0,0,0,0,0,0,0,0
290078,3,1,0,0,0,0,0,0,0,0,0,0
290079,1,1,0,0,0,0,0,0,0,0,0,0
290080,1,1,24,28,0,32,0,16,0,0,22,0
290080,2,1,2,2,2,2,2,2,2,2,2,2
290080,3,1,11,0,28,0,0,0,0,0,16,0
290081,1,1,22,25,0,0,0,9,2,0,2,0
290082,1,1,0,0,0,0,0,0,0,0,0,0
290082,2,1,0,0,0,0,0,0,0,11,0,0
290082,3,1,0,0,0,0,0,0,0,0,0,0
290082,4,1,0,0,0,0,0,0,0,0,0,0
290083,1,1,20,24,0,19,44,28,15,11,25,14
290084,1,1,31,21,30,9,4,28,3,21,20,23
290084,2,1,11,15,15,15,0,16,22,0,0,0
290085,1,1,0,0,0,0,0,0,0,0,0,0
290085,2,1,0,0,0,0,0,10,0,0,0,0
290086,1,1,0,0,0,0,0,0,0,0,0,0
290087,1,1,28,28,28,28,28,28,28,28,28,28
290088,1,1,0,0,0,0,0,0,0,0,0,0
290089,1,1,4,4,4,4,4,4,4,4,4,4
290090,1,1,0,0,0,0,0,0,0,0,0,0
290090,2,1,0,0,0,0,0,0,0,0,0,0
290091,0,1,0,0,0,0,0,0,0,0,0,0
290091,1,1,0,0,0,0,0,0,23,9,0,0
290092,1,1,0,0,0,0,0,0,0,0,0,0
290092,2,1,0,0,0,0,0,0,0,0,0,0
290093,1,1,1,1,1,1,1,1,1,1,1,1
290093,2,1,7,7,7,7,7,7,7,7,7,7
290094,1,1,16,16,16,16,16,16,16,16,16,16
290095,1,1,0,0,14,24,12,13,22,14,5,8
290096,1,1,30,30,30,30,30,30,30,30,30,30
290096,2,1,0,0,0,0,0,0,0,0,0,0
290097,1,1,3,3,3,3,3,3,3,3,3,3
290097,2,1,0,11,6,30,34,14,27,11,0,22
290098,1,1,0,0,0,0,0,0,0,0,0,0
290099,1,1,0,0,0,0,0,0,0,0,0,0
290099,2,1,0,0,7,0,0,0,0,0,0,0
290100,1,1,0,0,0,0,0,0,0,0,0,0
290101,1,1,11,11,11,11,11,11,11,11,11,11
290102,1,1,0,0,0,0,0,0,0,0,0,0
290102,2,1,0,0,0,0,0,0,0,0,0,0
290103,1,1,0,0,0,0,0,0,0,0,0,0
290103,2,1,0,0,0,0,0,0,0,0,0,0
290103,3,1,0,0,32,0,0,0,0,16,33,0
290104,1,1,26,26,26,26,26,26,26,26,26,26
290105,1,1,21,21,21,21,21,21,21,21,21,21
290106,1,1,16,16,16,16,16,16,16,16,16,16
290106,2,1,0,0,0,0,0,0,0,0,0,0
290106,3,1,0,0,0,0,0,0,0,0,0,0
290106,4,1,16,0,11,0,20,0,0,0,0,0
290106,5,1,0,0,0,0,0,0,0,15,19,0
290106,6,1,0,7,0,29,0,10,0,0,9,7
290106,7,1,11,0,0,0,0,0,7,0,0,0
290107,1,1,0,0,0,0,0,0,0,0,0,0
290108,1,1,0,0,0,0,0,0,0,0,0,0
290109,0,1,0,0,0,0,0,0,0,0,0,0
290109,1,1,0,0,0,0,0,0,0,0,0,0
290110,1,1,24,0,5,35,12,24,15,20,19,10
290110,2,1,0,0,0,0,0,0,0,0,0,0
290111,1,1,5,5,5,5,5,5,5,5,5,5
290112,1,1,0,0,0,0,0,0,0,0,0,0
290112,2,1,0,0,0,0,0,0,0,0,0,0
290113,1,1,14,14,14,14,14,14,14,14,14,14
290114,1,1,18,18,18,18,18,18,18,18,18,18
290114,2,1,0,0,0,0,0,0,0,0,0,0
290115,1,1,0,22,0,0,10,0,19,13,0,0
290115,2,1,0,0,0,0,0,0,0,0,0,0
290116,1,1,20,20,20,20,20,20,20,20,20,20
290117,1,1,35,23,0,0,0,0,0,17,0,23
290117,2,1,0,0,0,0,0,0,0,0,0,0
290118,1,1,32,31,10,30,10,11,17,20,20,17
290119,0,1,27,27,27,27,27,27,27,27,27,27
290119,1,1,0,0,0,0,0,0,0,0,0,0
290120,1,1,21,34,28,10,24,23,22,25,9,15
290121,1,1,0,0,0,0,0,0,0,0,0,0
290121,2,1,0,0,0,0,0,0,3,0,0,0
290122,1,1,12,12,12,12,12,12,12,12,12,12
290122,2,1,0,0,0,0,0,0,0,0,0,0
290122,3,1,0,0,0,0,0,0,0,0,0,0
290123,1,1,0,0,0,0,0,0,0,0,0,0
290124,1,1,0,0,0,0,0,0,0,0,0,0
290124,2,1,0,0,0,0,0,0,0,0,0,0
290125,1,1,20,20,20,20,20,20,20,20,20,20
290127,1,1,0,0,0,0,0,0,0,0,0,0
290128,1,1,0,0,0,0,0,0,0,0,0,0
290128,3,1,0,0,0,0,0,0,0,0,0,0
290129,1,1,0,0,0,0,0,0,0,0,0,0
290129,2,1,1,1,1,1,1,1,1,1,1,1
290130,1,1,0,0,0,0,0,0,0,0,0,0
290130,2,1,0,0,0,0,0,0,0,0,0,0
290131,1,1,0,0,0,0,0,0,0,0,0,0
290131,2,1,0,0,0,0,0,0,0,0,0,0
290131,3,1,0,0,0,0,0,0,0,0,0,0
290131,4,1,0,0,0,0,0,0,0,0,0,0
290132,1,1,0,0,0,0,0,0,0,0,0,0
290132,2,1,17,0,0,0,0,0,0,14,0,0
290132,3,1,0,0,0,0,0,0,0,0,0,0