ST_CASE,VEH_NO,PER_NO,P1,P2,P3,P4,P5,P6,P7,P8,P9,P10
290132,4,1,0,0,0,0,0,0,0,0,0,0
290132,5,1,0,0,0,0,0,0,0,0,0,0
290133,1,1,0,0,0,0,0,0,0,0,0,0
290134,1,1,29,29,29,29,29,29,29,29,29,29
290135,1,1,0,0,0,0,0,0,0,0,0,0
290136,1,1,0,0,0,0,0,0,0,0,0,0
290136,2,1,0,0,0,0,0,0,0,0,0,0
290136,3,1,0,0,0,0,0,0,0,0,0,0
290137,1,1,0,0,0,0,0,0,0,0,0,0
290138,1,1,0,19,0,8,0,0,13,0,18,0
290138,2,1,0,0,0,0,0,0,0,0,0,0
290139,1,1,32,32,32,32,32,32,32,32,32,32
290140,1,1,0,0,0,0,0,0,0,0,0,0
290140,2,1,0,0,0,0,0,0,0,0,0,0
290141,1,1,17,17,17,17,17,17,17,17,17,17
290142,1,1,0,0,0,0,0,0,0,0,0,0
290143,1,1,22,22,22,22,22,22,22,22,22,22
290143,2,1,15,15,15,15,15,15,15,15,15,15
290143,3,1,6,0,0,0,5,0,0,0,0,22
290144,1,1,0,0,0,0,0,0,0,0,0,0
290144,2,1,0,0,0,0,28,0,0,0,0,0
290145,1,1,0,0,0,0,0,0,0,0,0,0
290146,1,1,16,16,16,16,16,16,16,16,16,16
290147,1,1,0,0,0,0,0,0,0,0,0,0
290148,1,1,21,21,21,21,21,21,21,21,21,21
290149,1,1,16,16,16,16,16,16,16,16,16,16
290150,1,1,0,0,0,0,0,0,0,0,0,0
290150,2,1,0,10,0,21,0,0,0,0,0,0
290150,3,1,0,0,0,0,0,0,0,0,0,0
290151,1,1,0,0,0,0,0,0,0,0,0,0
290151,2,1,0,0,15,0,0,0,17,0,7,0
290151,3,1,0,17,25,0,0,0,0,0,0,33
290151,4,1,0,0,0,0,11,0,0,12,0,0
290151,5,1,0,0,0,9,0,0,0,0,0,9
290151,6,1,13,0,0,0,0,0,31,0,0,0
290151,7,1,0,0,0,0,0,0,0,0,0,0
290151,8,1,0,0,0,0,0,0,26,0,0,0
290152,0,1,29,29,29,29,29,29,29,29,29,29
290152,1,1,0,0,0,0,0,0,0,0,0,0
290153,1,1,0,0,0,0,0,0,0,0,0,0
290154,1,1,0,0,0,0,0,0,0,0,0,0
290154,2,1,0,0,0,0,0,0,0,0,0,0
290154,3,1,0,0,0,0,0,0,0,0,0,0
290154,4,1,0,0,0,0,0,0,0,0,0,0
290155,1,1,0,0,0,0,13,0,0,0,0,0
290156,1,1,5,5,5,5,5,5,5,5,5,5
290157,1,1,0,0,0,0,0,0,0,0,0,0
290157,2,1,0,0,0,0,0,0,0,0,0,0
290158,1,1,0,0,0,0,0,0,0,0,0,0
290158,2,1,0,0,0,0,0,0,0,0,0,0
290159,1,1,23,23,23,23,23,23,23,23,23,23
290159,2,1,16,14,7,8,12,23,0,19,43,32
290161,1,1,0,0,0,0,0,0,0,0,0,0
290161,2,1,4,4,4,4,4,4,4,4,4,4
290162,1,1,0,0,0,0,0,3,0,0,0,0
290163,1,1,0,0,0,0,0,0,0,0,0,0
290164,1,1,21,21,21,21,21,21,21,21,21,21
290165,1,1,0,0,0,0,0,0,0,0,0,0
290166,1,1,20,0,0,20,8,6,0,0,0,0
290166,2,1,17,6,0,43,0,0,8,0,0,0
290167,1,1,0,0,0,0,0,0,0,0,0,0
290167,2,1,0,0,0,0,0,0,17,0,0,0
290168,1,1,15,15,15,15,15,15,15,15,15,15
290169,1,1,0,19,12,10,0,0,0,14,0,0
290170,1,1,0,0,0,0,0,0,0,0,0,0
290170,2,1,0,0,0,0,0,0,0,0,0,0
290170,3,1,0,0,12,6,12,0,0,0,0,0
290171,1,1,0,0,0,31,0,0,9,0,0,8
290171,2,1,0,0,0,0,0,0,0,0,0,0
290172,1,1,20,20,20,20,20,20,20,20,20,20
290173,1,1,14,0,10,16,8,0,0,22,0,24
290174,1,1,0,14,16,0,0,12,0,0,7,20
290174,2,1,0,0,0,0,0,0,0,0,0,0
290175,1,1,0,0,0,0,0,0,0,0,0,0
290176,1,1,0,0,0,0,0,0,0,0,0,0
290176,2,1,0,0,0,0,0,0,0,0,0,0
290177,1,1,0,0,0,0,0,0,0,0,0,0
290178,1,1,23,23,23,23,23,23,23,23,23,23
290179,1,1,20,20,20,20,20,20,20,20,20,20
290180,1,1,0,0,0,0,0,0,0,0,0,0
290181,1,1,0,0,0,20,0,0,0,0,0,0
290182,1,1,0,0,17,27,18,18,0,0,0,0
290182,2,1,0,0,0,0,0,0,0,0,0,0
290183,1,1,32,32,32,32,32,32,32,32,32,32
290183,2,1,5,0,0,0,0,18,0,0,25,18
290183,3,1,0,0,0,0,0,0,0,0,0,0
290183,4,1,0,0,0,0,0,4,0,7,0,0
290183,5,1,0,0,0,0,0,0,0,0,0,0
290183,6,1,7,0,0,0,0,0,0,0,0,0
290184,1,1,25,0,0,0,0,0,0,0,0,0
290184,2,1,0,0,0,0,0,0,0,0,0,0
290184,3,1,0,0,0,0,0,0,0,2,0,0
290185,1,1,0,0,0,0,0,5,7,0,15,0
290186,1,1,0,0,0,0,0,0,0,4,0,0
290187,1,1,0,0,0,0,0,0,0,0,0,0
290188,1,1,0,0,0,0,0,0,0,0,0,0
290188,2,1,0,0,0,0,0,0,0,0,0,0
290189,1,1,0,0,0,0,0,0,0,0,0,0
290190,1,1,1,1,1,1,1,1,1,1,1,1
290191,1,1,21,21,21,21,21,21,21,21,21,21
290192,1,1,23,0,0,0,0,0,0,0,0,0
290193,1,1,0,0,0,0,0,0,0,0,0,0
290194,0,1,0,0,0,0,0,0,0,0,0,0
290194,1,1,0,0,0,0,0,0,0,0,0,0
290195,1,1,0,0,0,0,0,0,0,0,0,0
290195,2,1,0,0,0,0,0,0,0,0,0,0
290196,1,1,0,0,0,0,0,0,0,0,0,0
290197,1,1,0,0,0,0,0,0,0,0,0,0
290198,1,1,21,21,21,21,21,21,21,21,21,21
290199,1,1,0,0,0,0,0,0,0,26,11,14
290199,2,1,0,0,0,0,0,0,0,0,0,0
290200,1,1,43,43,43,43,43,43,43,43,43,43
290201,1,1,7,7,7,7,7,7,7,7,7,7
290202,0,1,26,28,24,11,18,18,29,30,21,31
290202,1,1,0,0,0,0,0,0,0,0,0,0
290203,1,1,0,0,0,0,0,0,17,0,0,0
290203,2,1,0,0,0,0,0,0,0,0,0,0
290204,1,1,18,18,18,18,18,18,18,18,18,18
290205,1,1,27,18,20,32,26,15,0,11,11,7
290206,0,1,28,28,28,28,28,28,28,28,28,28
290206,1,1,0,0,0,0,0,0,0,0,0,0
290207,1,1,0,0,0,0,0,0,0,0,0,0
290208,1,1,0,0,0,0,0,0,0,0,0,0
290209,1,1,16,11,0,0,31,19,28,18,31,16
290210,0,1,0,0,0,0,0,0,0,0,0,0
290210,1,1,0,0,0,0,0,0,0,0,0,0
290211,1,1,0,0,0,0,0,0,0,0,0,0
290212,1,1,15,15,15,15,15,15,15,15,15,15
290213,1,1,0,0,0,0,0,0,0,0,0,0
290214,1,1,0,0,0,0,0,0,0,0,0,0
290214,2,1,10,21,0,0,0,0,0,0,12,11
290215,1,1,0,0,0,0,0,0,0,0,0,0
290215,2,1,0,0,0,0,0,0,0,0,0,0
290215,3,1,0,0,0,0,0,0,0,0,0,0
290216,1,1,0,0,0,0,0,0,0,0,0,0
290216,2,1,0,0,0,0,0,22,0,0,0,0
290217,1,1,2,2,2,2,2,2,2,2,2,2
290218,1,1,0,0,0,0,0,0,0,0,0,0
290219,1,1,0,0,0,0,0,0,0,0,0,0
290219,2,1,0,0,0,0,0,0,0,0,0,0
290220,1,1,0,0,0,0,0,0,0,0,0,0
290220,2,1,0,0,0,0,0,0,0,0,0,0
290221,1,1,0,0,0,0,0,0,0,0,0,0
290222,1,1,30,30,30,30,30,30,30,30,30,30
290223,1,1,0,0,25,0,0,0,0,12,0,20
290224,1,1,12,16,0,26,31,13,32,0,0,10
290225,1,1,9,9,9,9,9,9,9,9,9,9
290227,1,1,0,0,0,0,0,0,0,0,0,0
290227,2,1,0,0,0,0,0,0,0,0,0,0
290228,1,1,0,0,0,0,0,0,0,0,0,0
290229,1,1,0,0,0,0,0,0,0,0,0,0
290230,1,1,0,0,0,0,0,0,0,0,0,0
290230,2,1,0,0,0,0,0,0,0,0,0,0
290231,0,1,0,0,0,0,0,0,0,0,0,0
290231,1,1,0,0,0,0,0,0,35,0,0,0
290232,1,1,10,10,10,10,10,10,10,10,10,10
290233,1,1,0,0,0,0,10,0,0,0,0,0
290233,2,1,0,0,0,0,0,0,0,0,0,0
290234,1,1,0,0,0,0,0,0,0,0,0,0
290234,2,1,0,0,0,0,0,0,0,0,0,0
290235,1,1,0,0,0,0,0,0,0,0,0,0
290235,2,1,0,0,0,0,0,0,0,0,0,0
290236,1,1,0,0,0,0,0,0,0,0,0,0
290237,1,1,31,0,0,16,0,24,14,0,15,11
290238,1,1,0,0,0,0,0,0,0,0,0,0
290238,2,1,0,0,0,0,0,0,0,0,0,0
290239,1,1,30,30,30,30,30,30,30,30,30,30
290239,2,1,0,0,0,0,0,0,0,0,0,0
290240,1,1,23,23,23,23,23,23,23,23,23,23
290241,1,1,0,0,0,0,0,0,0,0,0,0
290242,1,1,8,0,24,0,17,0,17,0,0,0
290242,2,1,0,0,0,0,0,0,22,0,0,0
290243,1,1,0,0,0,0,0,0,0,0,0,0
290243,2,1,0,0,0,0,0,0,0,0,0,0
290244,1,1,0,0,0,0,0,0,0,0,0,0
290245,1,1,9,9,9,9,9,9,9,9,9,9
290246,1,1,0,0,22,15,0,0,0,0,0,0
290247,1,1,0,0,0,23,0,25,0,0,22,0
290248,0,1,0,0,0,0,0,0,0,0,0,0
290248,1,1,0,0,0,0,0,0,0,0,0,0
290249,1,1,0,0,0,0,0,0,0,0,0,0
290250,1,1,0,0,0,0,0,0,0,0,0,0
290250,2,1,0,0,0,0,0,0,0,0,0,0
290251,1,1,17,0,0,0,18,17,0,13,3,19
290252,1,1,0,0,0,0,0,0,0,0,0,0
290253,1,1,9,9,9,9,9,9,9,9,9,9
290254,1,1,0,0,0,0,0,0,0,0,0,0
290254,2,1,0,0,0,0,0,0,0,17,0,0
290255,1,1,0,0,0,0,0,0,0,0,0,0
290256,1,1,18,18,18,18,18,18,18,18,18,18
290257,1,1,0,0,0,0,0,0,0,0,0,0
290258,1,1,0,0,0,0,0,0,0,0,15,0
290258,2,1,0,0,0,0,0,0,0,0,0,0
290259,1,1,0,0,0,0,0,0,0,0,0,0
290260,1,1,0,0,0,0,0,0,0,0,0,0
290261,1,1,0,0,0,0,0,0,0,0,0,0
290261,2,1,0,0,0,0,0,0,0,0,0,0
290262,1,1,0,0,0,0,0,0,0,0,0,0
290263,1,1,19,19,19,19,19,19,19,19,19,19
290264,1,1,0,0,0,0,0,0,0,0,0,0
290265,1,1,20,20,20,20,20,20,20,20,20,20
290266,1,1,13,13,13,13,13,13,13,13,13,13
290267,1,1,0,0,0,0,0,0,0,0,0,0
290267,2,1,0,0,9,0,7,0,10,10,0,0
290269,1,1,18,18,18,18,18,18,18,18,18,18
290270,1,1,0,0,0,0,0,0,0,0,0,0
290271,1,1,0,0,0,0,0,0,0,0,0,0
290271,2,1,19,19,19,19,19,19,19,19,19,19
290272,1,1,0,0,0,0,0,0,0,0,0,0
290272,2,1,0,0,0,0,0,0,0,0,0,0
290273,1,1,0,0,0,0,0,0,0,0,0,0
290273,2,1,0,0,0,0,0,0,0,12,0,0
290274,1,1,0,0,0,0,0,0,14,0,8,0
290275,1,1,0,0,14,0,0,0,0,0,0,0
290275,2,1,0,0,0,0,0,0,0,0,8,0
290276,1,1,0,0,0,0,0,0,0,0,0,0
290276,2,1,0,0,0,0,0,0,0,0,0,0
290277,1,1,0,0,0,0,0,0,0,0,0,0
290277,2,1,0,0,0,0,0,0,0,0,0,0
290277,3,1,0,0,0,0,0,0,0,0,0,0
290277,4,1,0,0,0,0,0,0,0,0,0,0
290277,5,1,0,0,0,0,0,0,0,0,0,0
290277,6,1,0,0,0,0,0,0,0,0,0,0
290277,7,1,0,0,0,0,0,0,0,0,0,0
290277,8,1,0,0,0,0,0,0,0,0,0,0
290278,1,1,0,0,0,0,0,0,0,0,0,0
290278,2,1,0,0,0,0,0,0,0,0,0,0
290279,1,1,11,0,13,0,0,0,0,0,0,0
290279,2,1,0,0,0,0,0,0,0,0,0,0
290280,1,1,0,0,0,0,15,0,0,0,0,19
290280,2,1,0,0,0,0,0,0,0,0,0,0
290281,1,1,22,22,22,22,22,22,22,22,22,22
290282,1,1,0,0,0,0,0,0,0,0,0,0
290282,2,1,0,0,0,0,0,0,0,0,0,0
290282,3,1,0,0,0,0,0,0,0,0,0,0
290283,0,1,0,0,0,0,0,0,0,0,0,0
290283,1,1,0,0,0,0,0,0,0,0,8,0
290284,1,1,0,0,0,0,0,0,0,0,0,0
290285,1,1,5,5,5,5,5,5,5,5,5,5
290286,1,1,0,0,0,0,0,0,0,0,0,0
290286,2,1,0,0,0,0,0,0,0,0,0,0
290287,1,1,0,0,0,0,0,0,0,0,0,0
290287,2,1,0,0,0,0,0,0,0,0,0,0
290288,1,1,0,0,0,0,0,0,0,0,0,0
290288,2,1,0,0,0,0,0,0,0,0,0,0
290289,1,1,0,0,0,0,0,0,0,0,0,0
290289,2,1,0,0,0,0,0,0,0,0,0,0
290290,1,1,0,0,0,0,0,0,0,0,0,0
290291,1,1,0,0,0,0,0,0,0,0,0,0
290292,1,1,0,0,0,0,0,0,0,0,0,0
290293,1,1,24,24,24,24,24,24,24,24,24,24
290294,0,1,0,0,0,0,0,0,0,0,0,0
290294,1,1,0,0,0,0,0,0,0,0,0,0
290295,1,1,12,0,0,0,0,0,16,0,0,20
290295,2,1,0,0,0,0,0,0,0,0,0,0
290296,1,1,15,15,15,15,15,15,15,15,15,15
290297,0,1,26,26,26,26,26,26,26,26,26,26
290297,1,1,0,0,0,0,0,0,0,0,0,0
290298,1,1,0,0,0,0,0,0,0,9,0,11
290298,2,1,0,0,0,0,0,0,0,0,0,0
290299,1,1,0,0,0,0,0,0,0,0,0,0
290300,1,1,0,0,0,0,0,0,0,0,0,0
290301,1,1,0,0,0,0,0,0,0,0,0,0
290301,2,1,1,1,1,1,1,1,1,1,1,1
290302,1,1,18,18,18,18,18,18,18,18,18,18
290302,2,1,0,0,0,0,0,0,0,0,0,0
290303,1,1,22,21,13,12,11,18,12,14,26,7
290304,1,1,0,0,0,0,0,0,0,0,16,0
290304,2,1,0,0,0,0,0,0,0,0,0,0
290305,1,1,0,0,0,0,0,0,0,0,0,0
290305,2,1,0,0,0,0,0,0,0,0,0,0
290306,1,1,20,20,20,20,20,20,20,20,20,20
290307,0,1,17,17,17,17,17,17,17,17,17,17
290307,1,1,0,0,0,0,0,0,0,0,0,0
290308,1,1,22,22,22,22,22,22,22,22,22,22
290309,1,1,0,0,0,0,0,5,0,0,0,0
290309,2,1,3,0,13,0,0,4,0,11,0,0
290310,1,1,0,0,0,0,0,0,0,0,0,0
290310,2,1,0,0,0,0,0,0,0,0,0,0
290311,1,1,0,0,0,0,0,0,0,0,0,0
290312,0,1,29,29,29,29,29,29,29,29,29,29
290312,1,1,0,0,0,0,0,0,0,0,0,0
290313,1,1,0,0,0,0,0,0,0,0,0,0
290313,2,1,0,0,0,0,0,0,0,0,0,0
290314,1,1,0,0,0,0,0,0,0,9,0,14
290315,1,1,21,21,21,21,21,21,21,21,21,21
290316,1,1,25,25,25,25,25,25,25,25,25,25
290317,1,1,18,18,18,18,18,18,18,18,18,18
290317,2,1,2,2,2,2,2,2,2,2,2,2
290318,1,1,0,0,0,0,0,0,0,0,0,0
290319,1,1,0,0,0,0,0,0,0,0,0,0
290320,1,1,0,0,0,0,0,0,0,0,0,0
290321,1,1,0,0,0,0,0,0,0,0,0,0
290321,2,1,0,0,0,0,0,0,0,0,0,0
290322,1,1,0,0,0,0,0,0,0,0,0,0
290322,2,1,0,0,0,0,5,0,0,0,0,0
290323,0,1,0,0,0,0,0,0,0,0,0,0
290323,1,1,0,0,0,0,0,0,0,0,0,0
290324,0,1,2,2,2,2,2,2,2,2,2,2
290324,1,1,0,0,0,24,21,15,16,20,16,23
290325,1,1,0,0,0,0,0,0,0,10,0,0
290325,2,1,14,14,14,14,14,14,14,14,14,14
290326,1,1,0,0,0,0,0,0,0,0,0,0
290327,1,1,0,0,0,0,0,0,0,0,0,0
290327,2,1,0,0,0,0,0,0,0,0,0,0
290328,1,1,0,0,0,0,0,0,0,0,0,0
290329,0,1,0,0,0,0,0,0,0,0,0,0
290329,1,1,0,0,0,7,11,36,0,0,0,0
290330,0,1,21,21,21,21,21,21,21,21,21,21
290330,1,1,10,10,10,10,10,10,10,10,10,10
290331,1,1,0,0,0,0,0,0,0,0,0,0
290331,2,1,0,0,0,0,0,0,0,27,0,0
290332,1,1,15,15,15,15,15,15,15,15,15,15
290332,2,1,0,0,0,0,0,0,0,0,0,0
290333,1,1,7,7,7,7,7,7,7,7,7,7
290333,2,1,6,6,6,6,6,6,6,6,6,6
290334,0,1,0,0,0,0,0,0,0,0,0,0
290334,1,1,0,0,0,26,0,0,0,0,0,0
290335,1,1,0,0,0,0,0,0,0,0,0,0
290335,2,1,0,0,0,0,0,0,0,0,0,0
290336,1,1,0,0,0,0,0,0,0,0,0,0
290337,1,1,8,8,8,8,8,8,8,8,8,8
290338,0,1,36,36,36,36,36,36,36,36,36,36
290338,1,1,6,6,6,6,6,6,6,6,6,6
290339,1,1,22,22,22,22,22,22,22,22,22,22
290339,2,1,0,0,0,0,0,0,0,0,0,0
290340,1,1,0,0,0,0,0,0,0,0,0,0
290341,0,1,34,34,34,34,34,34,34,34,34,34
290341,1,1,0,0,0,0,0,0,0,0,4,9
290342,1,1,21,21,21,21,21,21,21,21,21,21
290343,1,1,27,27,27,27,27,27,27,27,27,27
290344,1,1,0,0,0,0,0,0,24,0,0,0
290344,2,1,4,4,4,4,4,4,4,4,4,4
290345,1,1,0,0,0,0,0,0,0,0,0,0
290345,2,1,0,0,0,0,0,0,0,0,0,0
290346,1,1,28,37,19,24,23,18,27,11,10,26
290347,1,1,0,0,0,0,0,0,0,0,0,0
290348,1,1,0,0,0,0,0,0,0,0,0,0
290349,1,1,0,0,0,0,25,0,0,0,0,0
290350,1,1,0,0,0,0,0,0,0,0,0,0
290350,2,1,0,0,0,0,0,0,0,0,0,0
290351,1,1,0,0,0,0,0,0,0,0,0,0
290352,1,1,11,11,11,11,11,11,11,11,11,11
290352,2,1,0,0,0,0,0,0,0,0,0,0
290353,1,1,0,0,0,0,0,0,0,0,0,0
290354,1,1,0,0,0,0,0,0,0,0,0,0
290355,1,1,0,0,0,0,0,0,0,0,0,0
290355,2,1,0,0,0,0,0,0,0,0,0,0
290355,3,1,0,0,0,0,0,0,0,0,0,0
290356,1,1,31,31,31,31,31,31,31,31,31,31
290357,0,1,0,0,0,0,0,0,0,0,0,0
290357,1,1,0,0,0,0,0,0,0,0,0,0
290358,1,1,0,0,0,0,0,0,0,0,0,0
290359,1,1,0,0,0,0,0,0,0,0,0,0
290360,1,1,1,1,1,1,1,1,1,1,1,1
290361,1,1,29,29,29,29,29,29,29,29,29,29
290362,1,1,0,0,0,0,0,0,0,0,0,0
290362,2,1,0,0,0,0,0,0,0,0,0,0
290363,1,1,0,0,0,0,0,0,0,0,0,0
290364,1,1,0,0,0,0,0,0,0,0,0,0
290364,2,1,0,0,0,0,0,0,0,0,0,0
290365,0,1,0,0,0,4,0,0,9,0,28,0
290365,1,1,0,0,0,0,0,0,0,0,0,0
290366,1,1,0,0,0,0,0,0,0,0,0,0
290366,2,1,0,0,0,0,0,0,0,0,0,0
290366,3,1,0,0,0,0,0,0,0,0,0,0
290366,4,1,0,0,0,0,0,0,0,0,0,0
290367,1,1,0,0,0,0,0,0,0,0,0,0
290367,2,1,0,0,0,5,6,0,0,0,17,0
290368,1,1,0,0,0,0,0,0,0,0,0,0
290369,1,1,11,11,11,11,11,11,11,11,11,11
290369,2,1,0,0,0,0,0,0,0,0,0,0
290370,0,1,25,25,25,25,25,25,25,25,25,25
290370,1,1,0,0,0,0,12,25,0,0,0,0
290371,1,1,0,0,0,0,0,0,0,0,0,0
290371,2,1,0,0,0,0,0,0,0,0,0,0
290372,1,1,0,0,0,0,0,0,0,0,16,0
290373,1,1,0,0,0,0,0,0,0,0,0,0
290374,1,1,0,0,0,0,0,0,0,0,0,0
290375,1,1,0,0,7,0,0,0,8,0,0,0
290376,1,1,27,27,27,27,27,27,27,27,27,27
290376,2,1,7,7,7,7,7,7,7,7,7,7
290377,1,1,40,40,40,40,40,40,40,40,40,40
290378,0,1,0,0,15,0,0,0,18,10,0,0
290378,1,1,0,0,0,0,0,0,0,0,0,0
290379,1,1,0,0,0,0,0,0,0,0,0,0
290379,2,1,0,0,1,0,0,0,0,0,0,0
290380,1,1,25,25,25,25,25,25,25,25,25,25
290381,1,1,0,0,0,0,0,0,0,0,0,0
290382,1,1,5,0,0,0,5,0,0,19,0,0
290382,2,1,0,0,0,0,0,0,0,0,0,0
290383,1,1,0,0,0,0,0,0,0,0,0,0
290383,2,1,0,0,0,0,0,0,0,0,0,0
290384,1,1,0,0,0,0,0,0,0,0,0,0
290384,2,1,0,0,0,0,0,0,0,0,0,0
290385,1,1,0,0,0,0,0,0,0,0,0,0
290385,2,1,0,0,0,0,0,0,0,0,0,0
290386,1,1,0,0,0,0,0,0,0,0,0,0
290386,2,1,0,0,0,0,0,0,0,0,0,0
290387,1,1,0,0,0,0,0,0,0,0,0,0
290387,2,1,0,0,0,0,0,0,0,0,0,0
290388,1,1,0,0,0,0,0,0,0,0,0,0
290389,1,1,0,11,0,14,0,0,0,0,0,0
290390,1,1,2,2,2,2,2,2,2,2,2,2
290391,1,1,8,0,11,24,0,0,0,0,0,0
290392,1,1,0,0,0,9,10,0,0,0,0,0
290393,1,1,0,0,0,0,0,0,0,0,0,0
290393,2,1,0,0,0,0,0,0,0,0,0,0
290394,1,1,0,0,0,0,0,0,0,0,0,0
290394,2,1,0,0,0,0,0,0,0,0,0,0
290395,1,1,0,0,0,0,0,0,0,0,0,0
290396,0,1,0,0,0,0,0,0,0,0,0,0
290396,1,1,0,0,0,0,0,0,0,0,0,0
290397,1,1,0,0,0,0,0,0,0,0,0,0
290397,2,1,0,0,0,0,0,0,0,0,0,0
290398,1,1,0,0,0,0,0,0,0,0,0,0
290399,1,1,0,0,7,24,0,0,0,0,0,4
290399,2,1,0,0,0,0,0,0,0,0,25,0
290400,1,1,0,0,0,0,0,0,0,0,0,0
290400,2,1,2,2,2,2,2,2,2,2,2,2
290401,1,1,0,0,7,0,0,0,0,0,0,0
290401,2,1,0,0,24,13,0,0,0,0,0,0
290401,3,1,0,0,0,0,0,0,0,0,0,0
290402,1,1,17,17,17,17,17,17,17,17,17,17
290403,1,1,29,23,20,25,25,14,33,26,42,21
290404,1,1,0,0,0,0,0,0,0,0,0,0
290404,2,1,3,3,3,3,3,3,3,3,3,3
290405,1,1,1,1,1,1,1,1,1,1,1,1
290406,1,1,0,0,14,0,12,12,0,7,0,0
290406,2,1,2,2,2,2,2,2,2,2,2,2
290407,1,1,0,0,0,0,0,0,0,0,0,0
290408,1,1,0,0,0,0,0,0,0,0,0,0
290409,1,1,34,34,34,34,34,34,34,34,34,34
290409,2,1,20,0,0,12,0,0,0,16,0,14
290410,1,1,0,0,0,0,0,0,0,0,0,0
290411,1,1,15,15,15,15,15,15,15,15,15,15
290411,2,1,0,0,0,0,0,0,0,0,0,0
290412,1,1,0,0,0,0,0,0,0,0,0,0
290412,2,1,0,0,0,0,0,0,0,0,0,0
290412,3,1,0,0,0,0,0,0,0,0,0,0
290412,4,1,0,0,0,0,0,0,0,0,0,0
290413,1,1,33,33,33,33,33,33,33,33,33,33
290414,1,1,23,23,23,23,23,23,23,23,23,23
290415,1,1,0,0,0,18,15,0,0,0,25,0
290416,1,1,0,0,0,0,0,0,0,0,0,0
290417,1,1,31,31,31,31,31,31,31,31,31,31
290418,1,1,0,0,0,0,0,0,0,0,0,0
290419,1,1,0,0,0,0,0,0,0,0,0,0
290420,1,1,0,9,0,0,0,0,0,0,0,16
290421,1,1,0,0,0,0,0,0,0,0,0,0
290422,1,1,0,0,0,0,0,0,0,0,0,0
290423,1,1,0,0,0,0,0,0,0,0,0,0
290424,1,1,23,13,7,13,17,16,22,0,18,7
290425,0,1,0,38,0,25,25,21,25,0,0,28
290425,1,1,0,0,0,0,0,0,0,0,0,0
290426,1,1,0,0,0,0,0,0,0,0,0,0
290426,2,1,0,0,0,0,0,0,0,0,0,0
290427,0,1,0,0,0,0,0,0,0,0,0,0
290427,1,1,0,0,0,0,0,0,0,0,0,0
290428,1,1,0,0,0,0,0,0,0,0,0,0
290428,2,1,0,0,0,0,0,0,0,0,0,0
290429,1,1,0,0,0,0,0,0,0,0,0,0
290429,2,1,0,0,0,0,0,0,0,0,0,0
290430,1,1,0,0,0,0,0,0,0,0,0,0
290431,1,1,0,0,14,22,0,0,0,18,15,0
290432,1,1,0,0,0,0,0,0,0,0,0,0
290433,1,1,0,0,0,0,0,0,0,0,0,0
290434,1,1,2,2,2,2,2,2,2,2,2,2
290434,2,1,0,0,0,0,0,0,0,0,0,0
290435,1,1,0,0,0,0,0,0,0,0,0,0
290435,2,1,0,0,0,0,0,0,0,0,0,0
290436,1,1,17,17,44,17,19,11,25,37,12,18
290436,2,1,0,0,0,0,0,0,0,0,0,0
290437,1,1,0,0,0,0,0,0,0,0,0,0
290437,2,1,0,0,0,0,0,0,0,0,0,0
290438,1,1,22,22,22,22,22,22,22,22,22,22
290439,1,1,19,19,19,19,19,19,19,19,19,19
290440,1,1,0,0,0,0,0,0,0,0,0,0
290441,1,1,0,0,0,0,0,0,0,0,0,0
290442,1,1,0,0,0,0,0,0,0,0,0,0
290443,1,1,25,25,25,25,25,25,25,25,25,25
290444,1,1,0,0,0,0,7,0,15,0,0,0
290444,2,1,0,0,0,0,0,0,0,0,0,0
290445,0,1,8,8,8,8,8,8,8,8,8,8
290445,1,1,0,0,0,0,0,0,0,0,0,0
290446,1,1,0,0,0,0,0,0,0,0,0,0
290447,1,1,0,0,0,0,0,0,0,0,0,0
290448,1,1,0,0,0,0,0,0,0,0,0,0
290449,1,1,17,17,17,17,17,17,17,17,17,17
290450,1,1,0,0,0,0,0,0,0,0,0,0
290450,2,1,0,0,0,0,24,0,0,0,0,0
290451,1,1,0,0,0,0,0,0,0,0,0,0
290452,1,1,12,12,12,12,12,12,12,12,12,12
290453,1,1,7,7,7,7,7,7,7,7,7,7
290453,2,1,0,0,0,0,0,0,0,0,0,0
290454,1,1,0,0,0,0,0,0,0,0,0,0
290454,2,1,1,1,1,1,1,1,1,1,1,1
290455,1,1,19,19,19,19,19,19,19,19,19,19
290456,1,1,0,0,0,0,0,0,0,0,0,0
290457,1,1,19,19,19,19,19,19,19,19,19,19
290457,2,1,0,0,0,0,0,0,0,0,0,0
290458,1,1,9,9,9,9,9,9,9,9,9,9
290458,2,1,0,0,0,0,0,0,0,0,0,0
290459,1,1,10,10,10,10,10,10,10,10,10,10
290460,1,1,0,0,0,0,0,0,0,0,0,0
290460,2,1,0,0,0,0,0,0,0,0,0,0
290461,1,1,0,0,0,0,0,0,0,0,0,0
290462,1,1,0,0,0,0,0,0,0,0,0,0
290462,2,1,0,0,0,0,0,0,0,0,0,0
290463,1,1,0,0,0,0,0,0,0,0,0,0
290464,1,1,19,19,19,19,19,19,19,19,19,19
290465,1,1,0,20,9,0,24,13,8,23,0,0
290466,1,1,0,0,0,4,0,15,0,0,0,0
290467,1,1,0,0,0,0,0,0,0,0,0,0