ST_CASE,VEH_NO,PER_NO,P1,P2,P3,P4,P5,P6,P7,P8,P9,P10
290468,1,1,0,16,0,0,0,0,0,0,11,0
290468,2,1,0,0,0,0,0,0,0,0,0,0
290469,1,1,0,0,0,0,0,0,0,0,0,0
290470,1,1,0,0,0,0,0,0,0,0,0,0
290470,2,1,0,0,0,0,0,13,0,13,4,0
290471,1,1,0,0,0,0,0,0,0,0,0,0
290471,2,1,0,0,0,0,0,0,0,0,0,0
290471,3,1,0,0,0,0,0,0,0,0,0,0
290472,1,1,10,10,10,10,10,10,10,10,10,10
290473,1,1,15,15,15,15,15,15,15,15,15,15
290474,1,1,0,0,0,0,0,0,0,0,0,0
290474,2,1,19,29,0,0,12,0,0,18,24,23
290475,1,1,20,20,20,20,20,20,20,20,20,20
290476,1,1,17,17,17,17,17,17,17,17,17,17
290477,0,1,0,0,0,0,0,0,0,0,0,0
290477,1,1,0,0,0,0,0,0,0,0,0,0
290478,1,1,0,0,0,0,0,0,0,0,0,0
290478,2,1,0,0,0,0,0,0,0,0,0,0
290479,0,1,0,0,0,0,0,0,0,0,0,0
290479,1,1,0,0,0,0,0,0,0,0,0,0
290480,1,1,20,20,20,20,20,20,20,20,20,20
290481,1,1,0,0,0,9,22,0,16,12,0,0
290482,1,1,0,0,0,0,0,0,0,0,0,0
290482,2,1,0,0,26,0,13,0,36,0,0,0
290483,1,1,0,0,0,0,0,0,17,0,19,0
290483,2,1,29,0,0,0,0,0,0,0,0,0
290484,1,1,0,0,0,0,0,0,0,0,0,0
290484,2,1,0,0,0,0,0,0,0,0,0,0
290485,1,1,0,0,0,0,0,0,0,0,0,0
290486,1,1,0,0,0,0,0,0,0,0,0,0
290487,1,1,0,0,0,0,0,0,0,0,0,0
290487,2,1,0,0,0,0,0,0,0,0,0,0
290488,1,1,15,15,15,15,15,15,15,15,15,15
290489,0,1,0,0,0,0,0,0,0,0,0,0
290489,1,1,0,0,0,0,0,0,0,0,0,0
290490,1,1,19,19,19,19,19,19,19,19,19,19
290491,1,1,13,13,13,13,13,13,13,13,13,13
290492,1,1,0,0,0,0,0,0,0,0,0,0
290493,1,1,32,32,32,32,32,32,32,32,32,32
290494,1,1,15,15,15,15,15,15,15,15,15,15
290495,0,1,0,0,0,0,0,0,0,0,0,0
290495,0,2,0,0,0,0,0,0,0,0,0,0
290496,1,1,0,0,0,0,18,14,11,0,0,0
290496,2,1,0,0,0,0,0,0,0,0,0,0
290497,1,1,0,0,0,0,0,0,0,0,0,0
290498,1,1,14,14,14,14,14,14,14,14,14,14
290499,1,1,18,18,18,18,18,18,18,18,18,18
290500,1,1,0,0,0,0,0,0,0,0,0,0
290500,2,1,0,0,0,0,0,0,0,0,0,0
290501,1,1,0,0,0,0,0,0,0,0,0,0
290502,1,1,0,0,0,0,0,0,0,0,0,0
290503,0,1,0,0,0,0,0,0,0,0,0,0
290503,1,1,0,0,0,0,0,0,0,0,0,0
290504,1,1,0,0,0,0,0,0,0,0,0,0
290505,1,1,0,0,0,0,0,0,0,0,0,0
290506,1,1,0,0,0,0,0,0,0,0,0,0
290507,1,1,0,0,0,15,0,0,0,0,0,0
290507,2,1,0,0,0,0,15,0,0,0,0,0
290508,1,1,0,0,0,0,0,0,0,0,0,0
290508,2,1,0,0,0,0,0,0,0,0,0,0
290509,1,1,0,0,0,0,0,0,0,0,0,0
290509,2,1,0,0,0,0,0,0,0,0,0,0
290510,1,1,3,3,3,3,3,3,3,3,3,3
290511,1,1,0,0,0,0,0,0,0,0,0,0
290511,2,1,0,0,0,0,0,0,0,0,0,0
290511,3,1,0,0,0,0,0,0,0,0,0,0
290512,1,1,20,20,20,20,20,20,20,20,20,20
290514,1,1,0,0,0,0,0,0,0,0,0,0
290514,2,1,0,0,0,0,0,0,0,0,0,0
290515,1,1,6,6,6,6,6,6,6,6,6,6
290516,1,1,7,7,7,7,7,7,7,7,7,7
290517,1,1,17,17,17,17,17,17,17,17,17,17
290518,1,1,0,0,0,0,0,0,0,0,0,0
290519,1,1,22,22,22,22,22,22,22,22,22,22
290520,1,1,0,0,0,0,0,0,0,0,0,0
290521,1,1,4,4,4,4,4,4,4,4,4,4
290522,1,1,0,0,0,0,0,0,0,0,0,0
290523,1,1,0,0,0,0,0,0,0,0,0,0
290524,1,1,0,0,0,6,0,0,0,0,0,22
290524,2,1,0,0,0,0,0,0,0,0,0,0
290525,1,1,0,30,0,0,9,0,0,18,0,0
290526,1,1,0,0,0,0,0,0,0,0,0,0
290527,0,1,0,0,0,0,0,0,0,0,0,0
290527,1,1,0,0,0,0,0,0,0,0,0,0
290528,1,1,0,0,0,0,0,0,0,0,0,0
290529,1,1,0,0,0,0,0,0,0,0,0,0
290530,1,1,11,0,42,13,0,6,0,18,37,21
290530,2,1,22,14,10,23,6,10,15,6,9,0
290532,1,1,20,20,20,20,20,20,20,20,20,20
290532,2,1,6,0,0,0,0,21,0,0,0,0
290533,1,1,16,11,28,21,22,0,8,0,23,12
290533,2,1,20,20,20,20,20,20,20,20,20,20
290534,1,1,0,0,0,0,0,0,0,0,0,0
290534,2,1,0,0,0,0,15,0,0,0,0,0
290535,1,1,0,0,0,0,0,0,0,0,0,0
290535,2,1,0,0,0,0,0,0,0,0,0,0
290536,1,1,0,0,0,0,0,0,0,0,0,0
290537,1,1,0,0,0,0,0,0,0,21,0,15
290537,2,1,0,0,0,15,0,0,5,8,0,0
290538,1,1,33,33,33,33,33,33,33,33,33,33
290539,1,1,21,21,21,21,21,21,21,21,21,21
290539,2,1,0,5,0,0,8,17,16,0,0,5
290540,1,1,21,21,21,21,21,21,21,21,21,21
290541,1,1,0,0,0,0,0,0,0,0,0,0
290541,2,1,0,0,0,0,0,0,0,0,0,0
290542,1,1,0,0,0,0,0,0,0,0,0,0
290543,1,1,0,0,0,0,0,0,0,0,0,0
290544,1,1,0,0,0,0,0,0,0,0,0,0
290544,2,1,0,0,0,0,0,0,0,0,0,0
290544,3,1,0,0,0,0,0,0,0,0,0,0
290545,1,1,0,0,0,0,0,0,0,0,0,0
290546,0,1,15,15,15,15,15,15,15,15,15,15
290546,1,1,0,0,0,0,0,0,0,0,0,0
290547,0,1,0,0,0,0,0,0,16,0,0,0
290547,1,1,0,0,0,0,0,0,0,0,0,0
290548,1,1,32,32,32,32,32,32,32,32,32,32
290549,0,1,0,0,0,17,0,0,12,0,16,0
290549,1,1,0,0,0,0,0,0,0,0,0,0
290550,1,1,0,0,0,0,0,0,0,0,0,0
290551,1,1,23,12,10,13,13,16,50,32,31,0
290551,2,1,0,0,0,0,0,0,0,0,0,0
290552,1,1,0,0,0,0,0,0,0,0,0,0
290553,1,1,0,0,0,0,0,0,0,0,0,0
290554,1,1,0,0,0,0,0,0,0,0,0,0
290555,1,1,18,18,18,18,18,18,18,18,18,18
290556,0,1,0,0,0,0,0,0,0,0,0,0
290556,1,1,0,0,0,30,9,0,0,0,37,0
290557,1,1,0,0,0,0,0,0,0,0,0,0
290558,1,1,0,0,0,0,0,0,0,0,0,0
290558,2,1,0,0,0,0,0,0,0,0,0,0
290559,1,1,0,0,0,0,0,0,0,0,0,0
290559,2,1,0,0,0,0,0,0,0,0,0,0
290560,1,1,0,0,28,35,0,0,0,0,0,0
290561,1,1,0,0,0,0,0,0,0,0,15,0
290562,1,1,0,0,0,0,0,0,0,0,0,0
290563,1,1,0,0,0,0,0,0,0,0,0,0
290563,2,1,0,0,0,0,0,0,0,0,0,0
290563,3,1,0,0,0,0,0,0,0,0,0,0
290564,1,1,0,31,0,14,16,0,22,0,18,11
290565,1,1,0,0,0,0,0,0,0,0,0,0
290566,1,1,0,0,0,0,0,0,0,0,0,0
290567,1,1,0,0,0,0,0,0,0,0,0,0
290567,2,1,0,0,0,0,0,0,0,0,0,0
290568,0,1,0,0,0,0,0,0,0,0,0,0
290568,1,1,0,0,0,0,0,0,0,0,0,0
290569,1,1,9,0,17,0,14,0,0,0,13,22
290570,1,1,0,0,0,0,0,0,0,0,0,0
290570,2,1,0,0,0,0,0,0,0,0,0,0
290570,3,1,0,0,0,0,0,0,0,0,0,0
290571,1,1,0,0,0,0,0,0,0,0,0,0
290571,2,1,0,0,0,0,0,0,0,0,0,0
290572,0,1,38,38,38,38,38,38,38,38,38,38
290572,1,1,0,0,0,0,0,0,0,0,0,0
290573,1,1,16,16,16,16,16,16,16,16,16,16
290574,1,1,0,0,0,0,0,0,0,0,0,0
290575,1,1,20,20,20,20,20,20,20,20,20,20
290576,1,1,10,16,0,0,16,0,0,0,0,0
290577,1,1,0,0,0,0,0,0,0,0,0,0
290579,1,1,26,26,26,26,26,26,26,26,26,26
290580,1,1,0,0,0,0,0,0,0,0,0,0
290581,1,1,0,9,0,0,0,0,0,0,0,0
290582,0,1,0,0,0,0,0,0,0,0,0,0
290582,1,1,0,25,0,0,0,0,0,0,0,0
290583,1,1,0,0,0,0,0,0,0,0,0,0
290584,1,1,29,29,29,29,29,29,29,29,29,29
290584,2,1,0,0,0,9,0,0,0,0,4,0
290585,1,1,21,21,21,21,21,21,21,21,21,21
290586,0,1,5,5,5,5,5,5,5,5,5,5
290586,1,1,7,7,7,7,7,7,7,7,7,7
290587,1,1,10,10,10,10,10,10,10,10,10,10
290588,1,1,30,30,30,30,30,30,30,30,30,30
290589,0,1,0,0,0,0,0,0,0,0,0,0
290589,1,1,0,0,0,0,0,0,0,0,0,0
290590,1,1,0,0,0,21,0,0,0,0,0,0
290590,2,1,0,0,0,0,0,0,0,0,0,0
290590,3,1,0,0,0,0,0,0,0,0,0,0
290591,1,1,14,20,0,0,0,0,13,0,0,0
290591,2,1,0,0,0,0,0,0,0,0,0,0
290592,1,1,13,13,13,13,13,13,13,13,13,13
290592,2,1,0,0,0,0,0,0,0,0,0,0
290593,1,1,0,0,0,0,0,0,0,0,0,0
290593,2,1,0,0,0,0,0,0,0,0,0,0
290594,1,1,0,0,0,0,0,0,0,0,0,0
290594,2,1,0,0,0,0,0,0,0,0,0,0
290594,3,1,0,0,0,0,0,0,0,0,0,0
290595,1,1,24,22,24,19,19,11,0,13,24,0
290595,2,1,0,0,0,0,0,0,0,0,0,0
290596,1,1,0,0,0,0,0,0,0,0,0,0
290596,2,1,0,0,0,0,0,0,0,0,0,0
290597,1,1,23,23,23,23,23,23,23,23,23,23
290598,1,1,23,23,23,23,23,23,23,23,23,23
290599,1,1,22,22,22,22,22,22,22,22,22,22
290600,1,1,0,0,0,0,0,0,0,0,0,0
290601,1,1,0,0,0,0,0,0,0,0,0,0
290601,2,1,18,3,15,30,11,9,11,13,16,29
290602,1,1,0,0,0,0,0,0,0,0,0,0
290603,1,1,17,17,17,17,17,17,17,17,17,17
290604,1,1,15,13,18,26,22,34,23,37,12,23
290605,1,1,0,0,0,0,0,0,0,0,0,0
290606,1,1,0,0,0,0,0,0,0,0,0,0
290606,2,1,0,0,0,0,0,0,0,0,0,0
290607,1,1,0,0,0,0,0,0,0,0,0,0
290607,2,1,0,0,0,0,0,0,0,0,0,0
290607,3,1,0,0,0,12,0,0,0,0,0,0
290608,1,1,18,10,16,25,17,19,17,21,11,8
290609,1,1,0,0,0,0,0,0,0,0,0,0
290609,2,1,0,0,0,0,0,0,0,0,0,0
290610,1,1,0,0,0,0,0,0,0,0,0,0
290610,2,1,0,0,0,0,0,42,0,0,0,0
290610,3,1,0,0,0,0,0,0,0,0,0,0
290611,1,1,0,0,0,0,0,0,19,0,0,0
290612,1,1,11,11,11,11,11,11,11,11,11,11
290613,1,1,0,0,0,0,0,0,0,0,0,0
290614,1,1,0,0,0,0,0,0,0,0,0,0
290615,1,1,0,16,0,0,0,0,0,0,0,0
290615,2,1,0,0,0,0,0,0,0,0,0,0
290616,1,1,0,0,0,0,0,0,0,0,0,0
290616,2,1,0,0,0,0,0,0,0,0,0,0
290617,1,1,0,0,0,0,0,0,0,0,0,0
290618,1,1,0,0,0,0,0,0,0,0,0,0
290618,2,1,15,15,15,15,15,15,15,15,15,15
290619,1,1,22,22,22,22,22,22,22,22,22,22
290620,1,1,0,0,0,0,0,0,0,0,0,0
290621,1,1,0,0,0,0,0,0,0,0,0,0
290621,2,1,0,0,0,0,0,0,0,0,0,0
290622,1,1,28,18,46,16,30,12,6,15,17,17
290623,1,1,0,0,0,0,0,0,0,0,0,0
290623,2,1,4,4,4,4,4,4,4,4,4,4
290624,1,1,0,0,0,0,0,0,0,0,0,0
290625,1,1,2,2,2,2,2,2,2,2,2,2
290626,1,1,0,0,0,0,0,0,0,0,0,0
290627,1,1,0,0,0,0,0,0,0,0,0,0
290628,1,1,0,0,0,0,0,0,0,0,0,0
290628,2,1,0,0,0,0,0,0,0,0,0,0
290629,1,1,0,0,0,0,23,15,0,0,0,0
290629,2,1,0,0,0,20,0,0,0,0,0,0
290629,3,1,0,0,13,0,0,0,0,0,0,0
290630,1,1,11,11,11,11,11,11,11,11,11,11
290630,2,1,5,5,5,5,5,5,5,5,5,5
290631,1,1,0,0,0,0,0,0,0,0,0,0
290631,2,1,0,0,0,0,0,0,0,0,0,0
290632,1,1,0,0,0,0,0,0,0,0,0,0
290633,1,1,23,23,23,23,23,23,23,23,23,23
290634,1,1,15,0,0,29,0,0,17,0,19,0
290635,1,1,20,20,20,20,20,20,20,20,20,20
290636,0,1,19,19,19,19,19,19,19,19,19,19
290636,1,1,0,0,0,0,0,0,0,0,0,0
290636,2,1,0,0,0,0,0,0,0,0,0,0
290636,3,1,0,0,0,0,0,0,0,11,0,0
290637,1,1,0,0,0,0,0,0,0,0,0,0
290638,1,1,1,1,1,1,1,1,1,1,1,1
290639,1,1,0,0,0,0,0,0,0,0,0,0
290639,2,1,1,1,1,1,1,1,1,1,1,1
290639,3,1,0,0,0,0,0,0,0,0,0,0
290640,1,1,0,0,0,0,0,0,0,0,0,0
290640,2,1,0,0,0,0,0,0,0,0,0,0
290642,1,1,0,0,0,0,0,0,0,0,0,0
290642,2,1,0,6,0,0,0,0,0,6,0,0
290643,1,1,2,2,2,2,2,2,2,2,2,2
290643,2,1,0,0,0,0,0,0,0,0,0,0
290644,1,1,17,0,0,0,0,13,0,0,0,0
290645,1,1,19,19,19,19,19,19,19,19,19,19
290646,0,1,25,25,25,25,25,25,25,25,25,25
290646,1,1,0,0,5,30,9,15,13,9,19,13
290647,1,1,10,10,10,10,10,10,10,10,10,10
290647,2,1,0,0,0,0,0,0,0,0,0,0
290648,1,1,9,9,9,9,9,9,9,9,9,9
290649,1,1,18,18,18,18,18,18,18,18,18,18
290650,1,1,0,0,0,0,0,0,0,0,0,0
290651,1,1,0,0,0,0,0,0,0,0,0,0
290652,1,1,0,0,0,0,23,0,0,0,0,0
290653,1,1,19,19,19,19,19,19,19,19,19,19
290654,1,1,0,0,0,0,0,0,0,0,0,0
290654,2,1,0,0,0,0,0,0,0,0,0,0
290655,1,1,0,0,0,0,0,0,0,0,0,0
290655,2,1,0,0,0,0,0,0,0,0,0,0
290656,1,1,15,15,15,15,15,15,15,15,15,15
290657,1,1,2,2,2,2,2,2,2,2,2,2
290658,1,1,22,22,22,22,22,22,22,22,22,22
290659,1,1,0,14,0,0,11,10,0,0,0,0
290659,2,1,19,20,17,27,29,19,6,32,39,0
290660,1,1,0,0,0,0,0,0,0,0,0,0
290660,2,1,0,0,0,0,0,0,0,0,0,0
290660,3,1,0,0,0,0,0,0,0,26,0,0
290661,1,1,23,23,23,23,23,23,23,23,23,23
290662,1,1,0,0,0,0,0,0,15,0,9,0
290663,1,1,0,0,0,0,0,0,0,0,0,0
290663,2,1,0,0,0,0,0,0,0,0,0,0
290664,1,1,11,11,11,11,11,11,11,11,11,11
290665,1,1,11,0,0,0,0,0,18,0,17,0
290665,2,1,0,0,0,0,0,0,0,0,0,0
290666,0,1,0,0,0,0,0,0,0,0,0,0
290666,1,1,0,0,0,0,0,0,0,0,0,0
290667,1,1,0,0,0,0,23,5,32,11,0,0
290667,2,1,0,0,0,0,0,0,0,0,0,0
290668,1,1,24,24,24,24,24,24,24,24,24,24
290669,1,1,33,16,16,19,20,5,31,28,32,22
290670,1,1,0,0,0,0,0,0,0,0,0,0
290670,2,1,0,18,0,0,0,0,0,0,0,0
290670,3,1,0,0,0,0,0,5,0,0,0,0
290670,4,1,0,0,0,0,0,0,0,0,0,0
290671,0,1,18,18,18,18,18,18,18,18,18,18
290671,1,1,0,0,0,0,0,0,0,0,0,0
290672,1,1,0,0,0,0,0,0,0,0,0,0
290673,0,1,0,0,0,0,0,0,0,0,0,0
290673,1,1,0,0,0,0,0,0,0,0,0,0
290674,1,1,14,14,14,14,14,14,14,14,14,14
290675,1,1,21,23,22,18,35,15,8,27,25,0
290676,0,1,0,0,0,0,0,0,0,0,0,10
290676,1,1,0,0,0,0,0,0,0,0,0,0
290677,1,1,0,0,0,0,0,0,0,0,0,0
290678,1,1,16,16,16,16,16,16,16,16,16,16
290679,1,1,0,0,0,0,0,0,0,0,0,0
290679,2,1,0,0,0,0,0,0,0,0,0,0
290680,0,1,0,0,0,0,0,0,0,0,0,0
290681,0,1,0,0,0,0,0,0,0,0,0,0
290681,1,1,0,0,0,0,0,0,0,0,0,0
290682,1,1,0,21,16,0,0,0,42,0,0,32
290682,2,1,0,0,0,0,0,0,0,0,0,0
290683,1,1,0,0,0,0,0,0,10,0,9,0
290684,1,1,0,0,0,0,0,0,0,0,0,0
290684,2,1,0,0,0,0,0,0,0,0,0,0
290685,1,1,0,0,0,0,0,0,0,0,0,0
290687,1,1,0,0,0,0,0,0,0,0,0,0
290687,2,1,0,0,0,0,0,0,0,0,0,0
290688,1,1,0,0,11,0,0,0,0,0,0,0
290688,2,1,0,0,0,0,0,0,0,0,0,0
290688,3,1,0,0,0,0,0,0,0,0,0,0
290689,1,1,0,0,0,0,0,0,0,0,0,0
290689,2,1,0,0,0,0,0,0,0,0,0,0
290690,1,1,0,0,0,0,0,0,0,0,0,0
290691,1,1,17,18,0,0,0,0,0,0,0,0
290691,2,1,0,0,0,0,0,0,0,0,0,0
290692,1,1,0,0,0,0,0,0,0,0,0,0
290692,2,1,0,0,0,0,0,0,0,0,0,0
290693,1,1,2,2,2,2,2,2,2,2,2,2
290694,1,1,0,0,0,0,0,0,0,0,0,0
290695,1,1,0,0,0,0,0,0,0,0,0,0
290696,1,1,15,15,15,15,15,15,15,15,15,15
290697,1,1,0,0,0,0,0,0,0,0,0,0
290697,2,1,0,0,0,0,0,0,0,0,0,0
290697,3,1,0,0,0,0,0,0,0,0,0,0
290698,1,1,2,2,2,2,2,2,2,2,2,2
290698,2,1,0,0,0,0,0,0,0,0,0,0
290699,1,1,0,0,0,0,0,0,0,0,0,0
290699,2,1,0,0,0,0,0,0,0,0,0,0
290700,1,1,0,0,0,0,24,0,0,0,0,0
290700,2,1,0,0,0,0,0,0,0,0,0,5
290700,3,1,0,0,0,0,0,0,0,0,0,0
290701,2,1,0,24,0,0,16,0,10,33,14,0
290702,1,1,27,24,0,24,0,4,0,13,15,0
290703,1,1,22,22,22,22,22,22,22,22,22,22
290704,1,1,0,0,0,0,0,0,0,0,0,0
290705,1,1,0,0,0,0,0,0,0,0,0,0
290705,2,1,38,0,0,23,0,16,0,0,0,0
290706,1,1,0,0,0,0,0,0,0,0,0,0
290707,1,1,29,27,20,0,19,21,25,22,14,19
290708,1,1,0,14,16,16,15,21,22,0,0,0
290708,2,1,0,0,0,0,0,0,0,0,0,0
290708,3,1,0,0,0,0,0,14,0,0,16,0
290709,1,1,17,17,17,17,17,17,17,17,17,17
290710,1,1,0,0,0,0,0,0,0,0,0,0
290711,1,1,2,2,2,2,2,2,2,2,2,2
290712,1,1,9,9,9,9,9,9,9,9,9,9
290713,1,1,25,25,25,25,25,25,25,25,25,25
290714,1,1,1,1,1,1,1,1,1,1,1,1
290715,1,1,0,0,0,0,0,0,0,0,0,0
290716,0,1,0,0,0,0,0,0,0,0,0,0
290716,1,1,0,0,0,0,0,0,0,0,0,0
290717,1,1,0,0,0,0,0,0,0,0,0,0
290717,2,1,17,17,17,17,17,17,17,17,17,17
290718,1,1,19,19,19,19,19,19,19,19,19,19
290719,1,1,0,0,0,0,0,0,0,0,0,0
290719,2,1,0,0,0,0,0,0,0,0,0,0
290720,0,1,0,0,0,0,0,0,0,0,0,0
290720,1,1,0,0,0,0,0,0,0,0,0,0
290721,1,1,0,0,14,0,19,0,7,0,15,0
290722,1,1,0,0,0,0,0,0,0,0,0,0
290722,2,1,0,0,0,0,0,0,0,0,0,0
290722,3,1,0,0,0,0,0,0,0,0,0,0
290723,1,1,20,3,27,3,13,29,34,18,9,11
290724,1,1,11,11,11,11,11,11,11,11,11,11
290725,1,1,31,31,31,31,31,31,31,31,31,31
290725,2,1,0,0,0,0,0,0,0,0,0,0
290727,1,1,6,6,6,6,6,6,6,6,6,6
290728,1,1,23,23,23,23,23,23,23,23,23,23
290729,1,1,21,21,21,21,21,21,21,21,21,21
290730,0,1,4,4,4,4,4,4,4,4,4,4
290730,1,1,0,0,0,0,0,0,0,0,0,0
290731,0,1,3,3,3,3,3,3,3,3,3,3
290731,1,1,0,0,0,0,0,0,0,0,0,0
290732,1,1,0,0,0,0,0,0,0,0,0,0
290732,2,1,0,0,0,0,0,0,0,0,0,0
290733,1,1,18,18,18,18,18,18,18,18,18,18
290734,1,1,26,26,26,26,26,26,26,26,26,26
290734,2,1,0,0,0,0,0,0,0,0,0,0
290735,0,1,0,0,0,0,0,0,0,0,0,0
290735,1,1,0,0,0,0,0,0,0,0,0,0
290736,1,1,0,0,0,0,0,0,0,0,0,0
290737,1,1,0,0,0,0,0,0,0,0,0,0
290737,2,1,0,0,0,0,0,0,0,0,0,0
290738,1,1,0,0,0,0,0,0,0,0,0,0
290739,1,1,0,0,0,0,0,0,0,0,0,0
290740,1,1,0,0,0,0,0,0,0,0,0,0
290740,2,1,0,0,0,0,0,0,0,0,0,0
290741,1,1,0,0,0,0,0,0,0,0,0,0
290741,2,1,0,0,0,0,0,12,0,15,0,0
290742,1,1,17,17,17,17,17,17,17,17,17,17
290743,1,1,0,0,0,0,0,0,0,0,0,0
290744,1,1,0,0,0,0,18,0,0,24,15,11
290744,2,1,0,0,0,0,0,0,0,0,0,0
290745,1,1,31,31,31,31,31,31,31,31,31,31
290746,1,1,0,0,0,0,0,0,0,0,0,0
290747,1,1,0,0,0,0,0,0,0,0,0,0
290748,1,1,0,0,0,0,0,0,0,19,10,0
290748,2,1,0,0,0,0,0,0,0,0,0,0
290749,1,1,21,21,21,21,21,21,21,21,21,21
290750,1,1,15,0,11,27,18,0,17,11,9,20
290751,1,1,9,9,9,9,9,9,9,9,9,9
290752,1,1,0,0,0,0,0,0,0,0,0,0
290753,1,1,14,14,14,14,14,14,14,14,14,14
290754,1,1,0,0,0,0,0,0,0,0,0,0
290754,2,1,0,0,0,0,0,0,0,0,0,0
290755,1,1,0,0,0,0,0,0,0,0,0,0
290755,2,1,0,0,0,0,0,0,0,0,0,0
290757,1,1,0,0,0,0,0,0,0,0,0,0
290758,1,1,30,30,30,30,30,30,30,30,30,30
290759,1,1,0,0,0,0,9,0,0,0,0,0
290759,2,1,0,0,0,0,0,8,0,0,0,0
290760,1,1,0,0,0,0,0,0,0,0,0,0
290760,2,1,0,0,0,0,0,0,0,0,0,0
290760,3,1,0,0,0,0,0,0,0,0,0,0
290761,0,1,0,0,0,0,0,0,0,0,0,0
290761,1,1,0,0,0,0,0,0,0,0,0,0
290761,2,1,0,0,0,0,0,0,0,0,0,0
290762,1,1,0,0,0,0,0,0,0,0,0,0
290763,1,1,0,0,0,0,0,0,0,0,0,0
290764,1,1,7,7,7,7,7,7,7,7,7,7
290765,1,1,0,0,0,0,0,0,0,0,0,0
290765,2,1,0,0,0,0,0,0,0,0,0,0
290765,3,1,0,0,0,0,0,0,0,0,0,0
290766,1,1,0,0,0,0,0,0,0,0,0,0
290766,2,1,0,0,0,0,0,0,0,0,0,0
290767,1,1,12,12,12,12,12,12,12,12,12,12
290768,0,1,11,11,11,11,11,11,11,11,11,11
290768,1,1,0,0,0,0,24,13,0,0,0,0
290769,1,1,0,0,0,0,0,0,0,0,0,0
290769,2,1,0,0,0,0,0,0,0,0,0,0
290770,1,1,0,0,0,0,0,0,0,0,0,0
290770,2,1,0,0,0,0,0,0,0,0,0,0
290771,1,1,0,0,0,0,0,0,13,0,0,0
290771,2,1,0,0,0,0,0,0,0,0,0,0
290772,1,1,0,0,0,0,0,0,0,0,0,0
290773,1,1,0,0,0,0,0,0,0,0,0,0
290773,2,1,12,12,12,12,12,12,12,12,12,12
290774,1,1,0,0,0,0,0,0,0,0,0,0
290774,2,1,0,0,0,0,0,0,0,0,0,0
290774,3,1,0,0,0,0,0,0,0,0,0,0
290774,4,1,0,0,0,0,0,0,0,0,0,0
290774,5,1,0,0,0,0,0,0,0,0,0,0
290775,1,1,0,0,0,0,0,0,0,0,0,0
290775,2,1,0,0,0,0,0,0,0,0,0,0
290776,1,1,29,15,0,25,31,0,0,0,11,34
290777,1,1,14,14,14,14,14,14,14,14,14,14
290778,1,1,0,0,0,0,0,0,0,0,0,0
290778,2,1,0,0,0,0,0,0,0,0,0,0
290779,1,1,18,18,18,18,18,18,18,18,18,18
290779,2,1,8,0,0,0,0,0,0,0,0,0
290779,3,1,0,0,0,0,0,0,0,0,0,0
290779,4,1,0,0,0,0,0,0,0,0,0,0
290780,1,1,0,0,0,0,41,0,0,14,15,8
290781,1,1,0,0,0,0,0,0,0,0,0,0
290782,1,1,0,0,0,0,0,0,0,0,0,0
290783,1,1,0,0,0,0,0,0,0,0,13,0
290783,2,1,0,0,0,0,0,0,0,0,0,0
290784,1,1,0,0,0,0,0,0,0,0,0,0
290785,1,1,0,0,0,0,0,0,0,0,0,0
290786,1,1,0,0,0,0,0,0,0,0,0,0
290786,2,1,0,0,0,0,0,0,0,0,0,0
290787,1,1,0,0,0,0,0,0,0,0,0,0
290788,1,1,0,0,0,0,0,0,0,0,0,0
290788,2,1,0,0,0,0,0,26,0,0,18,0
290789,1,1,0,0,0,0,0,0,0,0,0,0
290790,1,1,0,0,0,0,0,0,0,0,0,0
290790,2,1,0,0,0,0,0,0,0,0,0,0
290791,1,1,0,0,0,0,0,0,0,0,0,0
290791,2,1,0,0,0,0,0,0,0,0,0,0
290792,0,1,0,23,0,20,0,0,0,0,22,0
290793,1,1,0,0,0,0,0,0,9,0,0,0
290793,2,1,25,0,0,0,0,19,0,0,0,0
290793,3,1,14,0,21,0,0,0,0,0,16,0
290794,1,1,0,0,0,17,0,0,0,0,0,0
300001,1,1,30,30,30,30,30,30,30,30,30,30
300002,1,1,0,0,0,0,0,0,0,0,0,0
300002,2,1,0,0,0,0,0,0,0,0,0,0
300003,1,1,18,18,18,18,18,18,18,18,18,18
300004,1,1,0,0,0,0,0,0,0,0,0,0
300004,2,1,0,0,0,18,0,0,0,0,0,0
300005,1,1,0,0,0,0,0,0,0,0,0,0
300005,2,1,0,0,0,0,0,0,0,0,0,0
300006,1,1,27,27,27,27,27,27,27,27,27,27
300007,1,1,0,0,0,0,0,0,0,0,0,0
300007,2,1,0,0,0,0,0,0,0,0,0,0
300008,1,1,20,20,20,20,20,20,20,20,20,20
300008,2,1,0,0,0,0,0,0,0,0,0,0
300009,1,1,21,21,21,21,21,21,21,21,21,21
300009,2,1,0,0,0,0,0,0,0,0,0,0
300010,1,1,24,24,24,24,24,24,24,24,24,24
300011,1,1,20,20,20,20,20,20,20,20,20,20
300012,1,1,0,0,0,0,0,0,0,0,0,0