ST_CASE,VEH_NO,PER_NO,P1,P2,P3,P4,P5,P6,P7,P8,P9,P10
300012,2,1,0,0,0,0,0,0,0,0,0,0
300013,1,1,0,0,0,0,0,0,0,0,0,0
300013,2,1,0,0,0,0,0,0,0,0,0,0
300014,1,1,0,0,0,0,0,0,0,0,0,0
300014,2,1,0,0,0,0,0,0,0,0,0,0
300015,1,1,0,0,0,0,0,0,0,0,0,0
300015,2,1,0,0,0,0,0,0,0,0,0,0
300015,3,1,0,0,0,0,0,0,0,0,0,0
300016,1,1,0,0,0,0,0,0,0,0,0,0
300016,2,1,0,2,0,0,0,0,0,0,0,0
300016,3,1,0,0,0,0,0,0,0,0,0,0
300017,1,1,21,21,21,21,21,21,21,21,21,21
300018,1,1,13,6,10,7,14,8,19,20,13,8
300018,2,1,16,6,4,24,16,20,28,15,11,18
300019,1,1,9,9,9,9,9,9,9,9,9,9
300020,0,1,0,0,0,0,0,0,0,0,0,0
300020,1,1,0,0,0,23,0,0,0,0,0,0
300021,1,1,32,16,0,0,10,12,28,15,31,38
300022,1,1,9,9,9,9,9,9,9,9,9,9
300023,1,1,0,0,0,0,0,0,0,0,0,0
300023,2,1,0,0,0,0,0,0,0,0,0,0
300024,1,1,0,0,0,0,0,0,0,0,0,0
300025,1,1,0,0,0,0,0,0,0,0,0,0
300026,1,1,0,0,0,0,0,0,0,0,0,0
300027,1,1,22,22,22,22,22,22,22,22,22,22
300028,1,1,0,0,0,0,0,0,0,0,0,0
300029,1,1,0,0,0,0,0,0,0,0,0,0
300029,2,1,0,0,0,0,0,0,0,0,0,0
300030,1,1,0,0,0,0,0,0,0,0,0,0
300031,0,1,0,0,0,0,0,0,0,0,0,0
300031,2,1,0,0,0,0,0,0,0,0,0,0
300032,1,1,0,0,0,0,0,0,0,0,0,0
300032,2,1,0,0,0,0,0,0,0,0,0,0
300033,1,1,12,29,14,32,34,24,31,31,10,23
300033,2,1,0,0,0,0,0,0,0,0,0,0
300034,1,1,0,0,0,0,0,0,0,0,0,0
300034,2,1,0,0,0,0,0,0,0,0,0,0
300035,1,1,0,0,0,0,0,0,0,0,0,0
300035,2,1,0,0,0,0,0,0,0,0,0,0
300036,1,1,0,0,0,0,0,0,0,0,0,0
300037,1,1,16,16,16,16,16,16,16,16,16,16
300038,1,1,0,0,0,0,0,0,0,0,0,0
300039,1,1,0,0,0,0,0,0,0,0,0,0
300040,1,1,0,0,0,0,0,0,0,0,0,0
300041,1,1,12,10,20,14,9,19,0,0,12,14
300041,2,1,0,0,0,0,0,0,0,0,0,0
300042,1,1,5,5,5,5,5,5,5,5,5,5
300043,1,1,0,0,0,0,0,0,0,0,0,0
300044,1,1,7,7,7,7,7,7,7,7,7,7
300045,1,1,19,19,19,19,19,19,19,19,19,19
300046,1,1,0,0,0,0,0,0,0,0,0,0
300047,1,1,0,0,0,0,0,0,0,0,0,0
300048,1,1,15,15,15,15,15,15,15,15,15,15
300049,1,1,0,0,0,0,0,0,0,0,0,0
300050,1,1,0,0,0,0,0,0,0,0,0,0
300050,2,1,0,0,0,0,0,0,0,0,0,0
300051,1,1,0,0,0,0,0,0,0,0,0,0
300052,1,1,0,0,0,0,0,0,0,0,0,0
300053,1,1,22,22,22,22,22,22,22,22,22,22
300054,1,1,0,0,0,0,0,0,0,15,0,0
300054,2,1,0,0,0,0,0,0,0,0,0,0
300055,1,1,0,0,0,0,0,0,0,0,0,0
300056,1,1,15,15,15,15,15,15,15,15,15,15
300057,1,1,0,0,0,0,0,0,0,0,0,0
300057,2,1,0,0,0,0,0,0,0,0,0,0
300058,1,1,0,0,0,0,0,0,0,0,0,0
300058,2,1,0,0,0,0,0,0,0,0,0,0
300059,1,1,12,12,12,12,12,12,12,12,12,12
300060,1,1,0,0,0,0,0,0,0,0,0,0
300061,1,1,14,14,14,14,14,14,14,14,14,14
300062,1,1,0,0,0,0,0,0,0,0,0,0
300063,1,1,0,0,0,0,0,0,0,0,0,0
300064,1,1,20,20,20,20,20,20,20,20,20,20
300065,1,1,0,0,0,0,0,0,0,0,0,0
300066,1,1,7,7,7,7,7,7,7,7,7,7
300067,1,1,23,23,23,23,23,23,23,23,23,23
300068,1,1,0,0,0,0,0,0,0,0,0,0
300068,2,1,0,0,0,0,0,7,0,0,0,0
300069,1,1,0,0,0,0,0,0,0,0,0,0
300069,2,1,0,0,0,0,0,0,0,0,0,0
300070,1,1,0,0,0,0,0,0,0,0,0,0
300070,2,1,0,0,0,0,0,0,0,0,0,0
300071,1,1,0,0,0,0,0,0,0,0,0,0
300072,1,1,0,0,0,0,0,0,0,0,0,0
300073,1,1,0,0,0,0,0,0,0,0,0,0
300074,1,1,13,13,13,13,13,13,13,13,13,13
300075,1,1,0,0,0,0,0,0,0,0,0,0
300076,1,1,0,0,0,0,0,0,0,0,0,0
300077,0,1,24,24,24,24,24,24,24,24,24,24
300077,1,1,0,0,0,0,0,0,0,0,0,0
300078,1,1,6,6,6,6,6,6,6,6,6,6
300078,2,1,0,0,0,0,0,0,0,0,0,0
300079,1,1,24,24,24,24,24,24,24,24,24,24
300080,1,1,11,11,11,11,11,11,11,11,11,11
300081,1,1,5,5,5,5,5,5,5,5,5,5
300082,1,1,24,24,24,24,24,24,24,24,24,24
300083,1,1,17,17,17,17,17,17,17,17,17,17
300084,1,1,32,32,32,32,32,32,32,32,32,32
300085,1,1,33,33,33,33,33,33,33,33,33,33
300085,2,1,0,0,0,0,0,0,0,0,0,0
300086,1,1,0,0,0,0,0,0,0,0,0,0
300087,1,1,25,25,25,25,25,25,25,25,25,25
300088,1,1,14,14,14,14,14,14,14,14,14,14
300089,1,1,27,27,27,27,27,27,27,27,27,27
300089,2,1,0,0,0,0,3,0,0,0,0,0
300090,1,1,11,11,7,11,7,6,0,24,9,14
300091,1,1,0,0,0,0,0,0,0,0,0,0
300092,1,1,15,15,15,15,15,15,15,15,15,15
300093,1,1,0,0,0,0,0,0,0,0,0,0
300094,1,1,17,17,17,17,17,17,17,17,17,17
300095,1,1,0,0,0,0,0,0,0,0,0,0
300096,1,1,0,0,0,0,0,0,0,0,0,0
300097,1,1,0,0,0,0,0,0,0,0,0,0
300097,2,1,0,0,0,0,0,0,0,0,0,0
300097,3,1,0,0,0,0,0,0,14,0,0,0
300097,4,1,0,0,0,0,0,0,0,0,0,0
300098,1,1,13,13,13,13,13,13,13,13,13,13
300099,1,1,18,18,18,18,18,18,18,18,18,18
300099,2,1,9,9,9,9,9,9,9,9,9,9
300100,1,1,17,17,17,17,17,17,17,17,17,17
300101,1,1,0,0,0,0,0,0,0,0,0,0
300101,2,1,5,5,5,5,5,5,5,5,5,5
300102,1,1,21,21,21,21,21,21,21,21,21,21
300103,1,1,0,0,0,0,0,0,0,0,0,0
300104,1,1,23,23,23,23,23,23,23,23,23,23
300105,0,1,0,0,0,0,0,0,0,0,0,0
300105,1,1,0,0,0,0,0,0,0,0,0,0
300106,1,1,0,0,0,0,0,0,0,0,0,0
300106,2,1,0,0,0,0,0,0,0,0,0,0
300107,1,1,0,0,0,0,0,0,0,0,0,0
300107,2,1,0,0,0,0,0,0,0,0,0,0
300108,1,1,19,19,19,19,19,19,19,19,19,19
300108,2,1,0,0,0,0,0,0,0,0,0,0
300109,1,1,22,22,22,22,22,22,22,22,22,22
300110,1,1,8,8,8,8,8,8,8,8,8,8
300111,0,1,0,0,0,0,0,0,0,0,0,0
300111,1,1,0,0,0,0,0,0,0,0,0,0
300112,1,1,22,22,22,22,22,22,22,22,22,22
300113,1,1,0,0,0,0,0,0,0,0,0,0
300114,1,1,0,0,0,0,0,0,0,0,0,0
300114,2,1,0,0,0,0,0,0,0,0,0,0
300115,1,1,0,0,0,0,0,0,0,0,0,0
300116,1,1,18,18,18,18,18,18,18,18,18,18
300117,1,1,0,0,0,0,0,0,0,0,0,0
300118,1,1,0,0,0,0,0,0,0,0,0,0
300119,0,1,38,23,31,29,17,8,26,24,21,12
300119,0,2,20,18,45,20,56,10,20,18,27,59
300119,1,1,0,0,0,0,0,0,0,0,0,0
300120,1,1,12,12,12,12,12,12,12,12,12,12
300121,1,1,25,25,25,25,25,25,25,25,25,25
300122,1,1,0,0,0,0,0,0,0,0,0,0
300123,1,1,0,0,0,0,0,0,0,0,0,0
300124,1,1,0,0,0,0,0,0,0,0,0,0
300125,1,1,24,24,24,24,24,24,24,24,24,24
300125,2,1,0,0,0,0,0,0,0,0,0,0
300126,1,1,23,23,23,23,23,23,23,23,23,23
300127,1,1,27,12,24,13,15,10,10,13,0,24
300127,2,1,0,0,0,0,0,0,0,0,0,0
300128,1,1,0,0,0,0,0,0,0,0,0,0
300128,2,1,0,0,0,0,0,0,0,0,0,0
300129,1,1,0,0,0,0,0,0,0,0,0,0
300130,1,1,13,13,13,13,13,13,13,13,13,13
300131,1,1,0,0,0,0,0,0,0,0,0,0
300132,1,1,0,0,0,0,0,0,0,0,0,0
300132,2,1,0,0,0,0,0,0,0,0,0,0
300133,1,1,0,0,0,0,0,0,0,0,0,0
300133,2,1,0,0,0,16,0,0,0,0,0,0
300134,1,1,21,21,21,21,21,21,21,21,21,21
300135,1,1,4,4,4,4,4,4,4,4,4,4
300136,1,1,0,0,0,0,0,0,0,0,0,0
300137,1,1,20,20,20,20,20,20,20,20,20,20
300138,0,1,4,4,4,4,4,4,4,4,4,4
300138,1,1,10,10,10,10,10,10,10,10,10,10
300139,1,1,0,0,0,0,0,0,0,0,0,0
300139,2,1,0,0,0,0,0,0,0,0,0,0
300139,3,1,0,0,0,0,0,0,0,0,0,0
300140,1,1,0,0,0,0,0,0,0,0,0,0
300140,2,1,0,0,0,0,0,0,0,0,0,0
300141,1,1,0,0,0,0,0,0,0,0,0,0
300142,1,1,0,0,0,0,0,0,0,0,0,0
300143,1,1,0,0,0,0,0,0,0,0,0,0
300143,2,1,0,0,0,0,0,0,0,0,0,0
300144,1,1,14,14,14,14,14,14,14,14,14,14
300144,2,1,0,0,0,0,0,0,0,0,0,0
300145,1,1,0,0,0,0,0,0,0,0,0,0
300146,1,1,25,25,25,25,25,25,25,25,25,25
300147,1,1,0,0,0,0,0,0,0,0,0,0
300147,2,1,8,8,8,8,8,8,8,8,8,8
300148,1,1,0,0,0,0,0,0,0,0,0,0
300149,1,1,0,0,0,0,0,0,0,0,0,0
300149,2,1,0,0,0,0,0,0,0,0,0,0
300150,1,1,0,0,0,0,0,0,0,0,0,0
300150,2,1,0,0,0,0,0,0,0,0,0,0
300151,1,1,0,0,0,0,0,0,0,0,0,0
300152,0,1,15,15,15,15,15,15,15,15,15,15
300152,1,1,0,0,0,0,0,0,0,0,0,0
300153,0,1,0,0,0,0,0,0,0,0,0,0
300153,1,1,0,0,0,0,0,0,0,0,0,0
300154,1,1,27,27,27,27,27,27,27,27,27,27
300154,2,1,0,0,0,0,0,0,0,0,0,0
300155,1,1,25,25,25,25,25,25,25,25,25,25
300156,1,1,5,5,5,5,5,5,5,5,5,5
300156,2,1,0,0,0,0,0,0,0,0,0,0
300157,1,1,0,0,0,0,0,0,0,0,0,0
300157,2,1,0,0,0,0,0,0,0,0,0,0
300158,1,1,8,15,9,11,25,22,4,22,13,12
300159,1,1,18,18,18,18,18,18,18,18,18,18
300160,1,1,0,0,0,0,0,0,0,0,0,0
300161,1,2,0,15,9,8,19,0,11,0,0,28
310001,1,1,0,0,0,0,0,0,0,0,0,0
310001,2,1,0,0,0,0,0,0,0,0,0,0
310002,1,1,0,0,0,0,0,0,0,0,0,0
310002,2,1,0,0,0,0,0,0,0,0,0,0
310003,1,1,0,0,0,0,0,0,0,0,0,0
310004,1,1,0,0,0,0,0,0,0,0,0,0
310004,2,1,0,0,0,0,0,0,0,0,0,0
310005,1,1,0,0,0,0,0,0,0,0,0,0
310006,1,1,0,0,0,0,0,0,0,0,0,0
310006,2,1,0,0,0,0,0,0,0,0,0,0
310007,0,1,0,0,0,0,0,0,0,0,0,0
310007,1,1,21,21,21,21,21,21,21,21,21,21
310008,1,1,0,0,0,0,0,0,0,0,0,0
310008,2,1,0,0,0,0,0,0,0,0,0,0
310009,1,1,0,0,0,0,0,0,0,0,0,0
310009,2,1,0,0,0,0,0,0,0,0,0,0
310010,0,1,0,0,0,0,0,0,0,0,0,0
310010,0,2,0,0,25,0,17,14,11,22,23,0
310010,1,1,0,0,0,0,0,0,0,0,0,0
310011,1,1,0,0,0,0,0,0,0,0,0,0
310011,2,1,0,0,0,0,0,0,0,0,0,0
310012,1,1,0,0,0,0,0,0,0,0,0,0
310012,2,1,0,0,0,0,0,0,0,0,0,0
310013,1,1,0,0,0,0,0,0,0,0,0,0
310014,1,1,18,8,10,16,0,18,17,0,0,0
310014,2,1,0,0,0,14,0,0,0,0,0,0
310015,1,1,0,0,0,0,0,0,0,0,0,0
310016,1,1,0,0,0,0,0,0,0,0,0,0
310017,0,1,0,24,0,0,20,6,0,20,10,0
310017,1,1,0,0,0,0,0,0,0,0,0,0
310018,1,1,0,0,0,0,0,0,0,0,0,0
310018,2,1,0,0,0,0,0,0,0,0,0,0
310019,1,1,33,33,33,33,33,33,33,33,33,33
310019,2,1,0,0,0,0,0,0,0,0,0,0
310020,1,1,19,19,19,19,19,19,19,19,19,19
310021,1,1,1,1,1,1,1,1,1,1,1,1
310021,2,1,1,1,1,1,1,1,1,1,1,1
310022,1,1,0,0,0,22,0,0,0,11,2,0
310023,0,1,0,0,0,0,0,0,0,0,0,0
310023,1,1,0,0,0,0,0,0,0,0,0,0
310024,1,1,0,0,0,0,0,0,0,0,0,0
310024,2,1,0,0,0,0,0,0,0,0,0,0
310025,1,1,0,0,0,0,0,0,0,0,0,0
310026,1,1,18,18,18,18,18,18,18,18,18,18
310027,1,1,0,0,0,0,0,0,0,0,0,0
310027,2,1,0,0,0,0,0,0,0,0,0,0
310028,1,1,0,0,0,0,0,0,0,0,0,0
310029,1,1,0,0,0,0,0,0,0,0,0,0
310029,2,1,0,0,0,0,0,0,0,0,0,0
310029,3,1,0,0,0,0,0,0,0,0,0,0
310029,4,1,0,0,0,0,0,0,0,0,0,0
310030,0,1,20,0,0,0,0,0,0,0,0,0
310030,1,1,0,0,0,0,0,0,0,0,0,0
310031,1,1,0,0,0,0,0,0,0,0,0,0
310032,1,1,11,11,11,11,11,11,11,11,11,11
310033,1,1,2,2,2,2,2,2,2,2,2,2
310034,1,1,16,16,16,16,16,16,16,16,16,16
310035,1,1,0,0,0,0,0,0,0,0,0,0
310035,2,1,0,0,0,0,0,0,0,0,0,0
310036,1,1,0,0,0,0,0,0,0,0,0,0
310036,2,1,7,7,7,7,7,7,7,7,7,7
310037,1,1,0,0,0,0,0,0,0,0,0,0
310038,1,1,0,0,0,0,0,0,0,0,0,0
310039,1,1,0,0,0,0,0,0,0,0,0,0
310040,1,1,21,11,8,24,29,4,0,0,20,21
310041,1,1,0,0,0,0,0,0,0,0,0,0
310042,1,1,0,0,0,0,0,0,0,0,0,0
310042,2,1,0,0,0,0,0,0,0,0,0,0
310043,1,1,19,19,19,19,19,19,19,19,19,19
310044,1,1,0,0,0,0,0,0,0,0,0,0
310045,1,1,0,0,0,0,0,0,0,0,0,0
310046,1,1,0,0,0,0,0,0,0,0,0,0
310047,1,1,30,30,30,30,30,30,30,30,30,30
310048,1,1,0,0,0,0,0,0,0,0,0,0
310048,2,1,0,0,0,0,0,0,0,0,0,0
310049,1,1,0,0,0,0,0,0,0,0,0,0
310049,2,1,0,0,0,0,0,0,0,0,0,0
310050,1,1,0,0,0,0,0,0,0,0,0,0
310050,2,1,0,0,0,0,0,0,0,0,0,0
310051,1,1,0,0,0,0,0,0,0,0,0,0
310051,2,1,0,0,0,0,0,0,0,0,0,0
310052,1,1,20,20,20,20,20,20,20,20,20,20
310053,1,1,0,0,0,0,0,0,0,0,0,0
310054,1,1,0,0,0,0,0,0,0,0,0,0
310055,1,1,6,6,6,6,6,6,6,6,6,6
310056,1,1,0,0,0,0,0,0,0,0,0,0
310057,1,1,0,0,0,0,0,0,0,0,0,0
310058,1,1,27,27,27,27,27,27,27,27,27,27
310059,0,1,37,37,37,37,37,37,37,37,37,37
310059,1,1,0,0,0,0,0,0,0,0,0,0
310060,0,1,0,0,0,0,0,0,0,0,0,0
310060,1,1,0,0,0,0,0,0,0,0,0,0
310061,1,1,0,0,0,0,0,0,0,0,0,0
310061,2,1,0,0,0,0,0,0,0,0,0,0
310062,1,1,0,0,0,0,0,0,0,0,0,0
310063,1,1,0,0,0,0,0,0,0,0,0,0
310063,2,1,0,0,0,0,0,0,0,0,0,0
310064,1,1,19,19,19,19,19,19,19,19,19,19
310065,1,1,0,0,0,0,0,0,0,0,0,0
310065,2,1,0,0,0,0,0,0,0,0,0,0
310066,1,1,0,0,0,0,0,0,0,0,0,0
310067,1,1,13,13,13,13,13,13,13,13,13,13
310067,2,1,7,0,0,0,4,0,0,6,0,0
310068,1,1,38,38,38,38,38,38,38,38,38,38
310068,2,1,0,0,0,0,0,0,0,0,0,0
310069,1,1,0,0,0,0,0,0,0,0,0,0
310069,2,1,0,0,0,0,0,0,0,0,0,0
310070,1,1,0,0,0,0,0,0,0,0,0,0
310071,1,1,33,33,33,33,33,33,33,33,33,33
310072,1,1,26,26,26,26,26,26,26,26,26,26
310073,1,1,0,0,0,0,0,0,0,0,0,0
310073,2,1,0,0,0,0,0,0,0,0,0,0
310074,1,1,0,0,0,0,0,0,0,0,0,0
310075,1,1,0,0,0,0,0,0,0,0,0,0
310076,1,1,0,0,0,0,0,0,0,0,0,0
310077,1,1,0,0,0,0,0,0,0,0,0,0
310077,2,1,0,0,0,0,0,0,0,0,0,0
310078,1,1,0,0,0,0,0,0,0,0,0,0
310078,2,1,0,0,0,0,0,0,0,0,0,0
310079,1,1,0,0,0,0,0,0,0,0,0,0
310080,1,1,0,0,0,0,0,0,0,0,0,0
310080,2,1,0,0,0,0,0,0,0,0,0,0
310081,1,1,0,0,0,0,0,0,0,0,0,0
310082,1,1,0,0,0,0,0,0,0,0,0,0
310082,2,1,0,0,0,0,0,0,0,0,0,0
310083,1,1,0,0,0,0,0,0,0,0,0,0
310083,2,1,0,0,0,0,0,0,0,0,0,0
310084,1,1,0,0,0,0,0,0,0,0,0,0
310084,2,1,0,0,0,0,0,0,0,0,0,0
310085,1,1,23,23,23,23,23,23,23,23,23,23
310086,1,1,0,0,0,0,0,0,0,0,0,0
310087,1,1,0,0,0,0,0,0,0,0,0,0
310088,1,1,0,0,0,0,21,16,28,19,0,23
310089,1,1,0,0,0,0,0,0,0,0,0,0
310089,2,1,0,0,0,0,0,0,0,0,0,0
310090,1,1,33,33,33,33,33,33,33,33,33,33
310090,2,1,0,0,0,0,0,0,0,0,0,0
310091,1,1,14,14,14,14,14,14,14,14,14,14
310092,1,1,20,20,20,20,20,20,20,20,20,20
310093,1,1,2,2,2,2,2,2,2,2,2,2
310093,2,1,0,0,0,0,0,0,0,0,0,0
310094,1,1,0,0,0,0,0,0,0,0,0,0
310094,2,1,0,0,0,0,0,0,0,0,0,0
310095,1,1,0,0,0,0,0,0,0,0,0,0
310096,1,1,0,0,0,0,0,0,0,0,0,0
310096,2,1,0,0,0,0,0,23,6,0,0,0
310096,3,1,0,0,0,0,19,0,0,0,0,0
310097,1,1,0,0,0,0,0,0,0,0,0,0
310097,2,1,0,0,0,0,0,0,0,0,0,0
310098,1,1,0,0,0,0,0,0,0,0,0,0
310099,1,1,19,19,19,19,19,19,19,19,19,19
310100,1,1,0,0,0,0,0,0,0,0,0,0
310100,2,1,0,0,0,0,0,0,0,0,0,0
310101,1,1,23,23,23,23,23,23,23,23,23,23
310102,1,1,10,10,10,10,10,10,10,10,10,10
310103,1,1,0,0,0,0,0,0,0,0,0,0
310103,2,1,0,0,0,0,0,0,0,0,0,0
310104,1,1,0,0,0,0,0,0,0,0,0,0
310104,2,1,0,0,0,0,0,0,0,0,0,0
310105,1,1,0,0,0,0,0,0,0,0,0,0
310105,2,1,0,0,0,0,0,0,0,0,0,0
310106,1,1,0,0,0,0,0,0,0,0,0,0
310107,1,1,30,30,30,30,30,30,30,30,30,30
310107,2,1,0,0,0,0,0,0,0,0,0,0
310107,3,1,0,0,0,0,0,0,0,0,0,0
310108,1,1,0,0,0,0,0,0,0,0,0,0
310109,1,1,0,0,0,0,0,0,0,0,0,0
310109,2,1,0,0,0,0,0,0,0,0,0,0
310110,1,1,1,1,1,1,1,1,1,1,1,1
310110,2,1,0,0,0,0,0,0,0,0,0,0
310110,3,1,0,0,0,0,0,0,0,0,0,0
310111,1,1,18,18,18,18,18,18,18,18,18,18
310112,1,1,0,0,0,0,0,0,0,0,0,0
310113,1,1,21,21,21,21,21,21,21,21,21,21
310114,1,1,0,0,0,0,0,0,0,0,0,0
310114,2,1,0,0,0,0,0,0,0,0,0,0
310115,1,1,0,0,0,0,0,0,0,0,0,0
310115,2,1,0,0,0,0,0,0,0,0,0,0
310116,1,1,0,0,0,0,0,0,0,0,0,0
310116,2,1,0,0,0,0,0,0,0,0,0,0
310117,1,1,11,11,11,11,11,11,11,11,11,11
310118,1,1,19,19,19,19,19,19,19,19,19,19
310119,1,1,0,0,7,0,0,8,32,9,0,0
310120,1,1,0,0,0,0,0,0,0,0,0,0
310120,2,1,0,0,0,0,0,0,0,0,0,0
310121,1,1,0,0,0,0,0,0,0,0,0,0
310122,1,1,7,7,7,7,7,7,7,7,7,7
310122,2,1,28,11,20,18,15,13,25,28,6,38
310123,1,1,0,0,0,0,0,0,0,0,0,0
310123,2,1,0,0,0,0,0,0,0,0,0,0
310123,3,1,0,0,0,0,0,0,0,0,0,0
310124,1,1,0,0,0,0,0,0,0,0,0,0
310125,1,1,0,0,0,0,0,0,0,0,0,0
310125,2,1,0,0,0,0,0,0,0,0,0,0
310126,1,1,12,12,12,12,12,12,12,12,12,12
310126,2,1,0,0,0,0,0,0,0,0,0,0
310127,1,1,27,27,27,27,27,27,27,27,27,27
310128,1,1,0,0,0,0,0,0,0,0,0,0
310129,1,1,0,0,0,0,0,0,0,0,0,0
310129,2,1,0,0,0,0,0,0,0,0,0,0
310130,1,1,0,0,0,0,0,0,0,0,0,0
310130,2,1,0,0,0,0,0,0,0,0,0,0
310131,1,1,13,13,13,13,13,13,13,13,13,13
310131,2,1,0,0,0,0,0,0,0,0,0,0
310131,3,1,0,0,0,0,0,0,0,0,0,0
310132,1,1,13,13,13,13,13,13,13,13,13,13
310133,1,1,0,0,0,0,0,0,0,0,0,0
310134,1,1,0,0,0,0,0,0,0,0,0,0
310135,1,1,8,8,8,8,8,8,8,8,8,8
310136,1,1,0,0,0,0,0,0,0,0,0,0
310136,2,1,0,0,0,0,0,0,0,0,0,0
310137,1,1,0,0,0,24,0,0,0,0,0,0
310137,2,1,0,0,0,0,0,0,0,0,0,0
310138,1,1,0,0,0,0,0,0,0,0,0,0
310138,2,1,0,0,0,0,0,0,0,0,0,0
310139,1,1,0,0,0,0,0,0,0,0,0,0
310140,1,1,12,21,27,24,8,25,33,12,17,19
310141,1,1,0,0,0,0,0,0,0,0,0,0
310142,1,1,0,0,0,0,0,0,0,0,0,0
310142,2,1,0,0,0,0,0,0,0,0,0,0
310143,0,1,0,0,0,0,0,0,0,0,0,0
310143,1,1,0,0,0,0,0,0,0,0,0,0
310144,1,1,0,0,0,0,0,0,0,0,0,0
310144,2,1,0,0,0,0,0,0,0,0,0,0
310144,3,1,0,0,0,0,0,0,0,0,0,0
310145,1,1,7,13,0,0,0,0,0,0,0,0
310145,2,1,0,0,0,0,0,0,0,0,0,0
310146,1,1,19,19,19,19,19,19,19,19,19,19
310147,1,1,0,0,0,0,0,0,0,0,0,0
310148,1,1,0,0,0,0,0,0,0,0,0,0
310148,2,1,0,0,0,0,0,0,0,0,0,0
310149,1,1,0,0,0,0,0,0,0,0,0,0
310149,2,1,0,0,0,0,0,0,0,0,0,0
310150,1,1,33,33,33,33,33,33,33,33,33,33
310151,1,1,0,0,0,0,0,0,0,0,0,0
310152,1,1,0,0,0,0,0,0,0,0,0,0
310153,1,1,21,21,21,21,21,21,21,21,21,21
310153,2,1,0,0,0,0,0,0,0,0,0,0
310154,0,1,0,0,18,12,38,22,28,8,0,14
310154,1,1,0,0,0,0,0,0,0,0,0,0
310155,1,1,23,0,0,0,0,0,0,0,0,0
310155,2,1,0,0,0,0,0,0,0,0,0,23
310156,1,1,11,11,11,11,11,11,11,11,11,11
310156,2,1,0,0,0,0,0,0,0,0,0,0
310157,1,1,0,0,0,0,0,0,0,0,0,0
310158,1,1,32,32,32,32,32,32,32,32,32,32
310159,1,1,0,0,0,0,8,0,0,4,0,0
310160,1,1,0,0,0,0,0,0,0,0,0,0
310160,2,1,0,0,0,0,0,0,0,0,0,0
310161,1,1,0,0,0,0,0,0,0,0,0,0
310161,2,1,0,0,0,0,0,0,0,0,0,0
310162,1,1,0,0,0,0,0,0,0,0,0,0
310162,2,1,0,0,0,0,0,0,0,0,0,0
310163,0,1,0,0,0,16,6,0,18,0,0,0
310163,1,1,0,0,0,0,0,0,0,20,0,0
310164,1,1,0,0,0,0,0,0,0,0,0,0
310164,2,1,0,0,0,0,0,0,0,0,0,0
310165,1,1,14,14,14,14,14,14,14,14,14,14
310166,1,1,0,0,0,0,0,0,0,0,0,0
310166,2,1,0,0,0,0,0,0,0,0,0,0
320001,0,1,6,6,6,6,6,6,6,6,6,6
320001,1,1,0,0,0,0,0,0,0,0,0,0
320002,1,1,31,31,31,31,31,31,31,31,31,31
320003,1,1,19,19,19,19,19,19,19,19,19,19
320004,1,1,27,27,27,27,27,27,27,27,27,27
320006,1,1,0,0,0,0,0,0,0,0,0,0
320006,2,1,0,0,0,0,0,0,0,0,0,0
320007,1,1,0,0,0,0,0,0,0,0,0,0
320008,1,1,0,0,0,0,0,0,0,0,0,0
320009,1,1,28,28,28,28,28,28,28,28,28,28
320010,1,1,0,0,0,0,0,0,0,0,0,0
320010,2,1,2,2,2,2,2,2,2,2,2,2
320011,1,1,12,12,12,12,12,12,12,12,12,12
320012,1,1,0,0,0,0,0,0,0,0,0,0
320013,1,1,0,0,0,0,0,0,0,0,0,0
320014,1,1,29,29,7,15,0,6,0,21,30,0
320015,1,1,0,0,0,0,0,0,0,0,0,0
320015,2,1,0,0,0,0,0,0,0,0,0,0
320016,1,1,0,0,0,0,0,0,0,0,0,0
320017,1,1,0,0,0,0,0,0,0,0,0,0
320018,1,1,0,0,0,0,0,0,0,0,0,0
320019,1,1,0,0,0,0,0,0,0,0,0,0
320019,2,1,0,0,0,0,0,0,0,0,0,0
320020,1,1,30,30,30,30,30,30,30,30,30,30
320021,1,1,0,0,0,0,0,0,0,0,0,0
320021,2,1,0,0,0,0,0,0,0,0,0,0
320022,0,1,0,0,0,0,0,0,0,0,0,0
320022,0,2,0,0,0,0,0,0,0,0,0,0
320022,0,3,0,0,0,0,0,0,0,0,0,0
320022,0,4,0,0,0,0,0,0,0,0,0,0
320022,0,5,0,0,0,0,0,0,0,0,0,0
320022,0,6,0,0,0,0,0,0,0,0,0,0
320022,0,7,0,0,0,0,0,0,0,0,0,0
320022,0,8,0,0,0,0,0,0,0,0,0,0
320022,1,1,0,0,0,0,0,0,0,0,0,0
320023,1,1,0,0,0,0,0,0,0,0,0,0
320023,2,1,0,0,0,0,0,0,0,0,0,0
320024,1,1,23,23,23,23,23,23,23,23,23,23
320024,2,1,0,0,0,0,0,0,0,0,0,0
320025,1,1,0,0,0,0,0,0,0,0,0,0
320025,2,1,0,0,0,0,0,0,0,0,0,0
320026,0,1,32,32,32,32,32,32,32,32,32,32