ST_CASE,VEH_NO,PER_NO,P1,P2,P3,P4,P5,P6,P7,P8,P9,P10
320026,1,1,0,0,0,0,0,0,0,0,0,0
320027,1,1,26,26,26,26,26,26,26,26,26,26
320027,2,1,0,0,0,0,0,0,0,0,0,0
320028,0,1,0,0,0,0,0,0,0,0,0,0
320028,1,1,0,0,0,0,0,0,0,0,0,0
320029,1,1,0,0,0,0,0,0,0,0,0,0
320029,2,1,0,0,0,0,0,0,0,0,0,0
320030,1,1,0,0,0,0,0,0,0,0,0,0
320031,1,1,19,19,19,19,19,19,19,19,19,19
320031,2,1,0,0,0,0,0,0,0,0,0,0
320032,1,1,0,0,0,0,0,0,0,0,0,0
320032,2,1,0,0,0,0,0,0,0,0,0,0
320032,3,1,0,0,0,0,0,0,0,0,0,8
320033,1,1,0,0,0,0,0,0,0,0,0,0
320033,2,1,0,0,0,0,0,0,0,0,0,0
320034,1,1,0,0,0,0,0,0,0,0,0,0
320034,2,1,0,0,0,0,0,0,0,0,0,0
320035,1,1,15,15,15,15,15,15,15,15,15,15
320036,1,1,0,0,0,0,0,0,0,0,0,0
320037,1,1,24,24,24,24,24,24,24,24,24,24
320037,2,1,0,0,0,0,0,0,0,0,0,0
320037,3,1,0,0,0,0,0,0,0,0,0,0
320038,1,1,0,0,0,0,0,0,0,0,0,0
320039,1,1,0,0,0,0,0,0,0,0,0,0
320039,2,1,0,0,0,0,0,0,0,0,12,0
320039,3,1,0,0,0,0,0,0,0,0,0,0
320039,4,1,0,0,0,0,0,0,0,0,0,0
320040,1,1,0,0,0,0,0,0,0,0,0,0
320040,2,1,0,0,0,0,0,0,0,0,0,0
320041,1,1,0,0,0,0,0,0,0,0,0,0
320042,1,1,21,21,21,21,21,21,21,21,21,21
320042,2,1,0,0,0,0,0,0,0,0,0,0
320043,1,1,0,0,0,0,0,0,0,0,0,0
320043,2,1,0,0,0,0,0,0,0,0,0,0
320043,3,1,0,0,0,0,0,0,0,0,0,0
320044,1,1,16,16,16,16,16,16,16,16,16,16
320044,2,1,1,1,1,1,1,1,1,1,1,1
320045,0,1,28,28,28,28,28,28,28,28,28,28
320045,1,1,0,0,0,11,0,6,0,0,0,0
320046,1,1,0,0,0,0,0,0,0,0,0,0
320047,1,1,0,0,0,0,0,0,0,0,0,0
320047,2,1,0,0,0,0,0,0,0,0,0,0
320047,3,1,0,0,0,0,0,0,0,0,0,0
320048,1,1,0,0,0,0,0,0,0,0,0,0
320049,1,1,26,26,26,26,26,26,26,26,26,26
320050,1,1,0,0,0,0,0,0,0,0,0,0
320050,2,1,0,0,9,0,0,0,0,0,0,0
320050,3,1,0,0,0,0,0,0,0,0,0,0
320050,4,1,0,0,0,0,0,0,0,0,0,0
320051,0,1,0,21,0,0,0,0,14,27,0,0
320051,0,2,15,13,15,0,0,0,22,0,32,0
320051,1,1,0,0,0,0,0,0,0,0,0,0
320052,1,1,0,0,0,0,0,0,0,0,0,0
320052,2,1,0,0,0,0,0,0,0,0,0,0
320053,1,1,0,0,0,0,0,0,0,0,0,0
320053,2,1,0,0,0,0,0,0,0,0,0,0
320054,1,1,0,0,0,0,0,0,0,0,0,0
320054,2,1,0,0,0,0,0,0,0,0,0,0
320055,1,1,0,0,0,0,0,0,0,0,0,0
320056,0,1,0,0,0,0,0,0,0,0,0,0
320056,1,1,0,0,0,0,0,0,0,0,0,0
320058,1,1,0,0,19,0,0,0,0,0,0,0
320059,1,1,0,0,0,0,0,0,0,0,0,0
320060,0,1,0,0,0,0,0,0,0,0,0,0
320060,1,1,0,0,0,0,0,0,0,0,0,0
320061,1,1,0,0,0,0,0,0,0,0,0,0
320063,0,1,0,0,0,0,0,0,0,0,0,0
320063,1,1,10,10,10,10,10,10,10,10,10,10
320064,1,1,0,0,0,0,0,0,0,0,0,0
320065,1,1,0,0,0,0,0,0,0,0,0,0
320065,2,1,0,0,0,0,0,0,0,0,0,0
320066,1,1,0,0,0,0,0,0,0,0,0,0
320066,2,1,0,0,0,0,0,0,0,0,0,0
320067,0,1,0,0,0,0,0,0,0,0,0,0
320067,1,1,0,0,0,0,0,0,0,0,0,0
320067,2,1,0,0,0,0,0,0,0,12,0,0
320068,0,1,0,0,0,0,0,0,0,0,0,0
320068,1,1,0,0,0,0,0,0,0,0,0,0
320069,0,1,21,21,21,21,21,21,21,21,21,21
320069,1,1,0,0,0,0,0,0,0,0,0,11
320070,1,1,0,0,0,0,0,0,0,0,0,0
320071,1,1,0,0,0,0,0,0,0,0,0,0
320072,1,1,0,0,0,0,0,0,0,0,0,0
320072,2,1,0,0,0,0,0,0,0,0,0,0
320072,3,1,0,0,0,0,0,0,0,0,0,0
320072,4,1,0,0,0,0,0,0,0,0,0,0
320072,5,1,0,0,0,0,0,0,0,0,0,0
320073,1,1,0,0,0,0,0,0,0,0,0,0
320074,1,1,0,0,0,0,0,0,0,0,0,0
320074,2,1,5,0,0,0,0,0,0,0,0,0
320075,0,1,0,0,0,0,0,0,0,0,0,0
320075,1,1,11,0,15,7,19,0,0,13,20,0
320076,1,1,0,0,0,0,0,0,0,0,0,0
320076,2,1,0,0,0,0,0,0,0,0,0,0
320077,1,1,0,0,0,0,0,0,0,30,0,0
320077,2,1,1,1,1,1,1,1,1,1,1,1
320078,1,1,15,15,15,15,15,15,15,15,15,15
320079,1,1,3,3,3,3,3,3,3,3,3,3
320079,2,1,4,4,4,4,4,4,4,4,4,4
320080,1,1,0,0,0,0,0,0,0,0,0,0
320081,1,1,0,0,0,0,0,0,0,0,0,0
320081,2,1,0,0,0,0,0,0,0,0,0,0
320082,1,1,0,0,0,0,0,0,0,0,0,0
320083,1,1,23,23,23,23,23,23,23,23,23,23
320084,1,1,0,0,0,0,0,0,0,0,0,0
320085,1,1,16,16,16,16,16,16,16,16,16,16
320086,1,1,0,0,0,0,0,6,0,12,16,0
320086,2,1,0,0,0,0,0,0,0,0,0,0
320087,1,1,0,0,0,0,0,0,0,0,0,0
320087,2,1,0,0,0,0,0,0,0,0,0,0
320088,1,1,0,0,0,0,0,0,0,0,0,0
320089,1,1,0,0,0,0,0,0,0,0,0,0
320090,1,1,0,0,0,0,0,0,0,0,0,0
320091,1,1,0,0,0,0,0,0,0,0,0,0
320091,2,1,0,0,0,0,0,0,0,0,0,0
320091,3,1,0,0,0,0,0,0,0,0,0,0
320092,1,1,0,0,0,0,13,0,0,0,0,5
320092,2,1,0,0,0,0,0,0,0,0,0,0
320093,1,1,11,0,0,0,0,28,17,0,0,0
320095,1,1,0,0,0,0,0,0,0,0,0,0
320096,1,1,13,13,13,13,13,13,13,13,13,13
320097,1,1,11,11,11,11,11,11,11,11,11,11
320098,1,1,0,0,0,0,0,0,0,0,0,0
320098,2,1,1,1,1,1,1,1,1,1,1,1
320099,1,1,3,3,3,3,3,3,3,3,3,3
320099,2,1,0,0,0,0,0,0,0,0,0,0
320100,1,1,0,0,0,0,0,0,0,0,0,0
320101,1,1,30,30,30,30,30,30,30,30,30,30
320102,1,1,0,0,0,0,0,0,0,0,0,0
320102,2,1,0,0,0,0,0,0,0,0,0,0
320103,1,1,21,21,21,21,21,21,21,21,21,21
320104,1,1,0,0,0,0,0,0,0,0,0,0
320104,2,1,3,3,3,3,3,3,3,3,3,3
320105,1,1,6,6,6,6,6,6,6,6,6,6
320106,0,1,0,0,0,0,0,0,0,0,0,0
320106,1,1,10,10,10,10,10,10,10,10,10,10
320106,2,1,0,0,0,21,0,7,0,0,24,0
320107,0,1,0,0,0,0,0,0,0,0,0,0
320107,1,1,0,0,0,0,0,0,0,0,0,0
320108,0,1,0,0,0,0,0,0,0,0,0,0
320108,1,1,0,0,0,0,0,0,0,22,0,0
320109,1,1,0,0,0,0,0,0,0,0,0,0
320109,2,1,0,0,0,0,0,0,0,0,0,0
320110,1,1,18,18,18,18,18,18,18,18,18,18
320110,2,1,0,0,0,0,0,0,0,0,0,6
320111,1,1,0,0,0,0,0,0,0,0,0,0
320111,2,1,0,0,0,0,0,0,0,0,0,0
320112,0,1,17,17,17,17,17,17,17,17,17,17
320112,1,1,0,0,0,0,0,0,0,0,0,0
320113,0,1,18,18,18,18,18,18,18,18,18,18
320113,1,1,0,0,0,0,0,0,0,0,0,0
320114,1,1,0,0,0,0,0,0,0,0,0,0
320114,2,1,0,0,0,0,0,0,0,0,0,0
320115,0,1,24,24,24,24,24,24,24,24,24,24
320115,1,1,0,0,0,25,23,0,0,32,0,0
320116,1,1,8,8,8,8,8,8,8,8,8,8
320116,2,1,0,0,0,0,0,0,0,0,0,0
320117,1,1,11,11,11,11,11,11,11,11,11,11
320118,1,1,0,0,0,0,0,0,0,0,0,0
320119,1,1,0,0,0,0,0,0,0,0,0,0
320120,0,1,13,16,0,14,0,7,0,10,0,12
320120,1,1,0,0,0,0,0,18,0,0,0,0
320121,1,1,0,0,0,0,0,0,0,0,0,0
320121,2,1,0,0,0,0,0,0,0,0,0,0
320122,1,1,0,0,0,0,0,0,0,0,0,0
320123,1,1,8,8,8,8,8,8,8,8,8,8
320123,2,1,0,0,0,0,0,0,0,0,0,0
320125,1,1,0,0,0,0,0,0,0,0,0,0
320126,1,1,0,0,0,0,0,0,0,0,0,0
320127,1,1,0,0,0,0,0,0,0,0,0,0
320127,2,1,0,0,0,0,0,0,14,0,0,0
320127,3,1,0,0,0,0,0,0,0,0,0,0
320128,1,1,0,0,0,0,0,0,0,0,0,0
320128,2,1,0,0,0,0,0,0,0,0,0,0
320129,1,1,13,13,13,13,13,13,13,13,13,13
320130,0,1,0,0,0,0,0,0,0,0,0,0
320130,1,1,0,11,0,0,0,0,0,0,0,0
320131,0,1,0,0,0,0,0,0,0,0,0,0
320131,1,1,15,15,15,15,15,15,15,15,15,15
320132,1,1,0,0,0,0,0,0,0,0,0,0
320133,0,1,0,0,0,0,0,0,0,0,0,0
320133,1,1,0,0,0,0,0,0,0,17,0,14
320134,1,1,0,0,0,0,0,0,0,0,0,0
320135,1,1,0,0,0,0,0,0,0,0,0,0
320135,2,1,0,0,0,0,0,0,0,0,0,0
320136,1,1,0,0,0,0,0,0,0,0,0,0
320136,2,1,0,0,0,0,0,0,0,0,0,0
320136,3,1,0,0,0,0,0,0,0,0,0,0
320136,4,1,0,0,0,0,0,0,0,0,0,0
320137,1,1,0,0,0,0,0,0,0,0,0,0
320137,2,1,0,0,0,0,0,0,0,0,0,0
320138,1,1,0,0,0,0,0,0,0,0,0,0
320139,1,1,0,0,0,0,0,0,0,0,0,0
320140,1,1,0,0,0,0,0,0,0,0,0,0
320140,2,1,0,0,0,0,0,0,0,0,0,0
320141,1,1,0,0,0,0,0,0,0,0,0,0
320142,1,1,12,12,12,12,12,12,12,12,12,12
320142,2,1,0,0,0,0,0,0,0,0,0,0
320143,0,1,34,34,34,34,34,34,34,34,34,34
320143,1,1,0,0,0,0,0,0,0,0,0,0
320144,1,1,7,7,7,7,7,7,7,7,7,7
320145,1,1,7,0,0,8,14,0,30,7,3,9
320145,2,1,0,0,0,0,0,0,0,0,0,0
320146,1,1,0,0,0,0,0,0,0,0,0,12
320147,1,1,14,14,14,14,14,14,14,14,14,14
320148,1,1,0,0,0,0,0,0,0,0,0,0
320149,1,1,0,0,0,0,0,0,0,0,0,0
320150,1,1,0,0,0,0,0,0,0,0,0,0
320150,2,1,0,0,0,0,0,0,0,0,0,0
320150,3,1,0,0,0,0,0,0,0,0,0,0
320151,0,1,0,0,0,0,9,0,0,0,0,0
320151,1,1,0,0,0,0,0,0,0,0,0,0
320152,1,1,0,0,0,0,0,0,0,0,0,0
320152,2,1,0,0,0,0,0,0,0,0,0,0
320153,1,1,1,1,1,1,1,1,1,1,1,1
320154,1,1,28,28,28,28,28,28,28,28,28,28
320154,2,1,0,0,0,0,0,0,0,0,0,0
320155,1,1,0,0,0,0,0,11,0,16,0,0
320155,2,1,12,12,12,12,12,12,12,12,12,12
320156,0,1,0,0,0,0,0,0,0,0,0,0
320156,1,1,0,0,0,0,0,0,0,0,0,0
320157,1,1,19,19,19,19,19,19,19,19,19,19
320158,1,1,0,0,0,0,0,0,0,0,0,0
320159,1,1,0,0,0,0,0,0,0,0,0,0
320159,2,1,1,1,1,1,1,1,1,1,1,1
320159,3,1,17,17,17,17,17,17,17,17,17,17
320160,1,1,0,0,0,0,0,0,0,0,0,0
320161,1,1,0,0,0,0,0,0,0,0,0,0
320162,1,1,0,0,0,0,0,0,0,0,0,0
320162,2,1,0,0,0,0,0,0,0,0,0,0
320163,1,1,0,0,0,0,0,0,0,0,0,0
320163,2,1,0,0,0,0,0,0,0,0,0,0
320164,1,1,0,0,0,0,0,0,0,0,0,0
320164,2,1,0,0,0,0,0,0,0,0,0,0
320165,1,1,0,0,0,0,0,0,0,0,0,0
320165,2,1,9,9,9,9,9,9,9,9,9,9
320166,1,1,0,0,0,0,0,0,0,0,0,0
320167,1,1,26,26,26,26,26,26,26,26,26,26
320168,1,1,0,0,0,0,0,0,0,0,0,0
320169,1,1,21,21,21,21,21,21,21,21,21,21
320170,1,1,0,0,0,0,0,0,0,0,0,0
320171,0,1,5,5,5,5,5,5,5,5,5,5
320171,1,1,0,0,0,0,0,0,0,0,0,0
320172,1,1,0,0,0,0,43,0,0,0,0,0
320173,0,1,0,0,0,0,0,0,0,0,0,0
320173,1,1,0,0,0,0,0,0,0,0,0,0
320174,1,1,0,0,0,0,0,0,0,0,0,0
320174,2,1,0,0,0,0,0,0,0,26,0,0
320175,1,1,0,0,0,0,0,0,0,0,0,0
320175,2,1,0,0,0,0,0,0,0,0,0,0
320176,1,1,0,0,0,0,0,0,0,0,0,0
320177,1,1,0,0,0,0,0,0,0,0,0,0
320177,2,1,4,4,4,4,4,4,4,4,4,4
320178,0,1,7,7,7,7,7,7,7,7,7,7
320178,1,1,0,0,0,0,0,0,0,0,0,0
320179,0,1,0,0,0,0,0,0,0,0,0,0
320179,1,1,0,0,0,0,0,0,0,0,0,0
320180,1,1,1,1,1,1,1,1,1,1,1,1
320180,2,1,0,0,0,0,0,0,0,0,0,0
320181,1,1,0,0,0,0,0,0,0,0,0,0
320181,2,1,0,0,0,0,0,0,0,0,0,0
320182,1,1,18,18,18,18,18,18,18,18,18,18
320183,1,1,0,0,0,0,0,0,0,0,0,0
320183,2,1,0,0,0,0,0,0,0,0,0,0
320184,1,1,0,0,0,0,0,0,0,0,0,0
320184,2,1,0,0,0,0,0,0,0,0,0,0
320185,1,1,0,0,0,0,0,0,0,0,0,0
320185,2,1,0,0,0,0,0,0,0,0,0,0
320186,1,1,0,0,0,0,0,0,0,0,0,0
320187,1,1,0,0,0,0,0,0,0,0,0,0
320188,1,1,20,20,20,20,20,20,20,20,20,20
320188,2,1,0,0,0,0,0,0,0,0,0,0
320189,1,1,0,0,0,0,0,0,0,0,0,0
320189,2,1,0,0,0,0,0,0,0,0,0,0
320190,1,1,0,0,0,0,0,0,0,0,0,0
320191,0,1,17,17,17,17,17,17,17,17,17,17
320191,1,1,0,0,0,0,40,0,0,44,0,0
320192,0,1,17,17,17,17,17,17,17,17,17,17
320192,1,1,0,0,0,0,0,0,0,0,0,0
320193,1,1,14,14,14,14,14,14,14,14,14,14
320194,0,1,0,0,0,0,0,0,0,0,0,0
320194,1,1,0,0,0,0,0,0,0,0,0,0
320195,0,1,29,43,0,18,13,18,8,17,14,30
320195,1,1,0,0,0,0,0,0,0,0,0,0
320196,0,1,0,0,0,0,0,0,0,0,0,0
320196,1,1,0,0,0,0,0,0,0,0,0,0
320197,1,1,24,16,18,34,22,13,28,48,19,37
320198,1,1,1,1,1,1,1,1,1,1,1,1
320198,2,1,0,0,0,0,0,0,0,0,0,0
320199,0,1,34,34,34,34,34,34,34,34,34,34
320199,1,1,0,0,0,0,0,0,0,0,0,0
320200,1,1,16,16,16,16,16,16,16,16,16,16
320201,1,1,23,23,23,23,23,23,23,23,23,23
320201,2,1,0,0,0,0,0,0,0,0,0,0
320202,1,1,21,21,21,21,21,21,21,21,21,21
320203,0,1,0,0,0,0,0,0,0,0,0,0
320203,1,1,0,0,0,0,0,0,0,0,0,0
320204,1,1,17,17,17,17,17,17,17,17,17,17
320205,1,1,0,0,0,0,0,0,0,0,0,0
320206,0,1,0,0,0,0,0,0,0,0,0,0
320206,1,1,0,0,0,0,0,0,0,0,0,0
320207,1,1,13,13,13,13,13,13,13,13,13,13
320208,1,1,21,21,21,21,21,21,21,21,21,21
320208,2,1,13,13,13,13,13,13,13,13,13,13
320209,1,1,7,7,7,7,7,7,7,7,7,7
320210,1,1,24,24,24,24,24,24,24,24,24,24
320211,1,1,0,0,0,8,0,0,12,0,0,0
320212,1,1,28,28,28,28,28,28,28,28,28,28
320213,0,1,0,0,0,0,0,29,0,0,0,0
320213,1,1,0,0,0,0,0,0,0,0,0,0
320214,1,1,23,23,23,23,23,23,23,23,23,23
320215,1,1,0,0,0,0,0,0,0,0,0,0
320216,1,1,0,0,0,0,0,0,0,0,0,0
320217,1,1,11,11,11,11,11,11,11,11,11,11
320217,2,1,0,0,0,0,0,0,0,0,0,0
320218,1,1,18,18,18,18,18,18,18,18,18,18
320219,1,1,0,0,0,0,0,0,0,0,0,0
320219,2,1,0,0,0,24,0,0,0,0,0,0
320220,1,1,24,24,24,24,24,24,24,24,24,24
320220,2,1,16,16,16,16,16,16,16,16,16,16
320221,0,1,38,38,38,38,38,38,38,38,38,38
320221,1,1,0,0,0,0,23,0,0,0,0,0
320222,0,1,0,0,0,0,0,0,0,0,0,0
320222,1,1,0,0,0,0,0,0,0,0,0,0
320222,2,1,0,0,0,0,0,0,0,0,0,0
320223,0,1,18,18,18,18,18,18,18,18,18,18
320223,1,1,0,0,0,0,0,0,0,0,0,0
320224,1,1,0,0,0,0,0,0,0,0,0,0
320224,2,1,0,0,16,0,0,0,0,0,0,0
320225,1,1,17,17,17,17,17,17,17,17,17,17
320225,2,1,0,0,17,0,0,0,0,17,0,0
320226,1,1,0,0,0,0,0,0,0,0,0,0
320226,2,1,0,0,0,0,0,0,0,0,0,0
320226,3,1,0,0,0,0,0,0,13,0,0,0
320226,4,1,0,5,0,0,0,0,0,0,0,0
320227,0,1,9,9,9,9,9,9,9,9,9,9
320227,1,1,27,16,29,13,0,0,0,27,8,0
320228,0,1,0,0,0,0,0,0,0,0,0,0
320228,1,1,0,0,0,0,0,0,0,0,0,0
320229,1,1,29,29,29,29,29,29,29,29,29,29
320230,1,1,0,0,0,0,0,0,0,0,0,0
320230,2,1,0,0,0,0,0,0,0,9,0,0
320231,0,1,0,0,0,0,0,0,0,0,0,0
320231,1,1,0,0,0,0,0,0,0,0,0,0
320232,1,1,0,0,0,0,0,0,0,0,0,0
320233,1,1,0,0,0,0,0,0,0,0,0,0
320233,2,1,0,0,0,0,0,0,0,0,0,0
320234,1,1,0,0,0,0,0,0,0,0,0,0
320234,2,1,0,0,0,0,0,0,0,0,0,0
320235,1,1,0,0,0,0,0,0,0,0,0,0
320235,2,1,0,0,0,0,0,0,0,0,0,0
320236,0,1,0,0,0,0,0,0,0,0,0,0
320236,1,1,0,0,0,0,0,0,0,0,0,0
320237,1,1,3,3,3,3,3,3,3,3,3,3
320237,2,1,0,0,0,0,0,0,0,0,0,0
320238,0,1,0,0,0,0,0,0,0,0,0,0
320238,1,1,0,0,0,0,0,0,0,0,0,0
320239,1,1,14,14,14,14,14,14,14,14,14,14
320240,1,1,8,8,8,8,8,8,8,8,8,8
330001,1,1,0,0,0,0,0,0,0,0,0,0
330001,2,1,0,0,0,0,0,0,0,0,0,0
330002,1,1,7,7,7,7,7,7,7,7,7,7
330003,1,1,0,0,0,0,0,0,0,0,0,0
330004,1,1,16,16,16,16,16,16,16,16,16,16
330005,1,1,5,5,5,5,5,5,5,5,5,5
330005,2,1,0,0,0,0,0,0,0,0,27,0
330006,0,1,0,0,0,0,0,0,0,0,0,0
330006,1,1,18,14,0,0,0,0,0,0,0,0
330007,1,1,16,16,16,16,16,16,16,16,16,16
330008,1,1,0,0,0,0,0,0,0,0,0,0
330008,2,1,0,0,0,0,0,0,0,0,0,0
330009,1,1,0,0,0,0,0,0,0,0,0,0
330009,2,1,0,0,0,0,0,0,14,0,0,0
330010,1,1,17,17,17,17,17,17,17,17,17,17
330011,1,1,0,0,0,0,0,0,0,0,0,0
330012,1,1,0,0,0,0,0,0,0,0,0,0
330013,1,1,0,0,0,0,0,0,0,0,0,0
330013,2,1,0,0,0,0,0,0,0,0,0,0
330014,1,1,0,0,0,0,0,0,0,0,0,0
330014,2,1,0,0,0,0,0,0,0,0,0,0
330015,1,1,0,0,0,0,0,0,0,0,0,0
330015,2,1,0,0,0,0,0,0,0,0,5,0
330016,1,1,22,22,22,22,22,22,22,22,22,22
330017,1,1,0,0,0,0,0,0,0,0,0,0
330018,1,1,0,0,0,0,0,0,0,0,0,0
330018,2,1,0,0,0,0,0,0,0,0,0,0
330019,1,1,33,33,33,33,33,33,33,33,33,33
330020,1,1,0,0,0,0,0,0,0,0,0,0
330021,1,1,0,0,0,0,0,0,0,0,0,0
330022,1,1,0,2,4,0,0,0,0,0,0,27
330022,2,1,0,0,0,0,0,0,0,0,0,0
330023,1,1,0,0,0,0,0,0,0,0,0,0
330023,2,1,0,0,0,0,0,0,0,0,0,0
330024,1,1,8,8,8,8,8,8,8,8,8,8
330025,0,1,23,23,23,23,23,23,23,23,23,23
330025,1,1,0,0,0,10,18,18,0,0,42,0
330026,1,1,26,26,26,26,26,26,26,26,26,26
330027,0,1,0,13,0,0,0,0,0,0,0,0
330027,1,1,0,0,0,0,0,0,0,13,0,0
330028,1,1,0,0,0,0,0,0,0,0,0,0
330028,2,1,0,0,0,0,0,0,0,0,0,0
330029,1,1,0,0,0,0,0,0,0,0,0,0
330030,1,1,18,18,18,18,18,18,18,18,18,18
330031,1,1,6,6,6,6,6,6,6,6,6,6
330032,1,1,32,32,32,32,32,32,32,32,32,32
330033,1,1,0,0,0,0,0,0,0,0,0,0
330033,2,1,0,0,0,0,0,0,0,0,0,0
330033,3,1,0,0,0,0,0,0,0,0,0,0
330034,1,1,0,0,0,0,0,0,0,0,0,0
330035,1,1,0,0,0,0,0,0,0,0,0,0
330036,1,1,0,0,0,0,0,0,0,0,0,0
330036,2,1,6,0,0,0,0,0,0,0,0,0
330037,1,1,0,0,0,0,0,0,0,0,0,0
330038,1,1,0,0,0,0,0,0,0,0,0,0
330039,1,1,16,16,16,16,16,16,16,16,16,16
330040,1,1,0,0,0,0,0,0,0,0,0,0
330040,2,1,0,0,0,0,0,0,0,0,0,0
330041,1,1,0,0,0,0,0,0,0,0,0,0
330042,1,1,0,0,0,0,0,0,0,0,0,0
330042,2,1,0,0,0,0,0,0,0,0,0,0
330043,1,1,0,0,0,0,0,0,0,0,0,0
330044,1,1,0,0,0,0,0,0,0,0,0,0
330045,1,1,0,0,0,0,0,0,0,0,0,0
330045,2,1,0,0,0,0,0,0,0,0,0,0
330046,1,1,0,0,0,0,0,0,0,0,0,0
330047,0,1,0,0,0,0,0,0,0,0,0,0
330047,1,1,0,0,0,0,0,0,0,0,0,0
330048,1,1,14,14,14,14,14,14,14,14,14,14
330049,1,1,18,18,18,18,18,18,18,18,18,18
330050,1,1,0,0,0,0,0,0,0,0,0,0
330050,2,1,0,0,0,0,0,0,0,0,0,0
330051,1,1,0,0,0,0,0,0,0,0,0,0
330051,2,1,0,0,0,0,0,0,0,0,0,0
330052,1,1,16,16,16,16,16,16,16,16,16,16
330053,1,1,34,0,0,0,0,0,0,0,22,17
330054,1,1,0,0,0,0,0,0,0,0,0,0
330054,2,1,0,0,0,0,0,0,0,0,0,0
330055,1,1,0,0,0,0,0,0,0,0,0,0
330055,2,1,0,0,0,0,0,2,0,0,0,0
330055,3,1,0,0,0,0,0,0,0,0,5,0
330056,1,1,0,0,0,0,0,0,0,0,0,0
330057,1,1,0,0,0,0,0,0,0,0,0,0
330058,1,1,0,0,0,0,0,0,0,0,0,0
330059,1,1,16,16,16,16,16,16,16,16,16,16
330059,2,1,0,0,0,0,0,0,11,18,0,11
330060,1,1,25,25,25,25,25,25,25,25,25,25
330061,1,1,0,0,0,0,0,0,0,0,0,0
330062,1,1,0,0,0,0,0,0,0,0,0,0
330062,2,1,0,0,0,0,0,0,0,0,8,0
330062,3,1,0,0,0,0,0,0,0,0,0,0
330063,1,1,0,0,0,16,0,0,0,0,8,0
330063,2,1,0,24,0,0,0,0,0,0,0,0
330064,1,1,0,0,0,0,0,0,0,0,0,0
330064,2,1,0,0,0,0,0,0,0,0,0,0
330065,1,1,6,6,6,6,6,6,6,6,6,6
330066,1,1,9,9,9,9,9,9,9,9,9,9
330067,1,1,0,0,0,0,0,0,0,0,0,0
330068,1,1,22,22,22,22,22,22,22,22,22,22
330069,1,1,0,0,0,0,0,0,0,0,0,0
330070,1,1,0,0,0,0,5,0,0,0,0,0
330071,1,1,0,0,0,0,0,0,0,0,0,0
330071,2,1,3,3,3,3,3,3,3,3,3,3
330072,1,1,0,0,0,0,0,0,0,0,0,0
330073,1,1,6,6,6,6,6,6,6,6,6,6
330074,1,1,0,0,0,0,0,0,0,0,0,0
330075,1,1,0,0,0,0,0,0,0,0,0,0
330075,2,1,0,19,0,0,0,0,11,10,0,0
330076,1,1,26,26,26,26,26,26,26,26,26,26
330077,1,1,0,0,0,0,0,0,0,0,0,0
330077,2,1,20,20,20,20,20,20,20,20,20,20
330078,1,1,0,0,0,0,0,0,0,0,0,0
330078,2,1,0,12,15,0,4,0,0,0,0,0
330079,1,1,0,0,0,0,0,0,0,0,0,0
330079,2,1,0,0,0,0,0,0,0,0,0,0
330080,1,1,0,0,0,0,0,0,0,0,0,0
330081,1,1,0,0,0,0,0,0,0,0,0,0
330082,1,1,0,0,0,0,0,0,0,0,0,0
330083,1,1,0,0,0,0,0,0,0,0,0,0
330083,2,1,0,0,0,0,0,0,0,0,0,0
330084,0,1,27,27,27,27,27,27,27,27,27,27
330084,1,1,0,0,0,0,0,0,0,0,0,0
330085,1,1,14,14,14,14,14,14,14,14,14,14
330086,1,1,0,0,0,0,0,0,0,0,0,0
330086,2,1,0,0,0,0,0,0,0,0,0,0
330087,1,1,0,0,0,0,0,0,0,0,0,0
330088,1,1,0,0,0,0,0,0,0,0,0,0
330088,2,1,0,0,0,0,0,0,0,0,0,0
330089,1,1,8,8,8,8,8,8,8,8,8,8
330090,1,1,16,16,16,16,16,16,16,16,16,16
330091,1,1,17,17,17,17,17,17,17,17,17,17
330092,1,1,10,10,10,10,10,10,10,10,10,10
330093,0,1,0,0,0,0,0,0,0,0,0,0
330093,1,1,0,0,0,0,0,0,0,0,0,0
330094,1,1,0,0,0,0,0,0,0,0,0,0
330094,2,1,4,4,4,4,4,4,4,4,4,4
330095,1,1,0,0,0,0,0,0,0,0,0,0
330095,2,1,8,0,0,0,0,0,0,0,0,0
330096,1,1,24,24,24,24,24,24,24,24,24,24
330097,1,1,0,0,0,0,0,0,0,0,0,0
330097,2,1,23,0,0,0,0,0,27,16,0,0
330098,0,1,0,0,0,0,0,0,0,0,0,0
330098,1,1,0,0,0,0,0,0,0,0,0,0
330099,1,1,26,26,26,26,26,26,26,26,26,26
330100,1,1,0,0,0,0,0,0,0,0,0,0
330101,1,1,6,6,6,6,6,6,6,6,6,6
330102,1,1,17,17,17,17,17,17,17,17,17,17
330103,1,1,0,0,0,0,0,0,0,0,0,0
330104,1,1,24,24,24,24,24,24,24,24,24,24
330104,2,1,0,0,0,0,0,0,0,0,0,0
330105,1,1,0,0,0,0,0,0,0,0,0,0
330105,2,1,0,0,0,0,0,0,0,0,0,0
330106,1,1,22,22,22,22,22,22,22,22,22,22
330107,1,1,0,0,0,0,0,0,0,0,0,0
330108,1,1,0,0,0,0,0,0,0,0,0,0
330108,2,1,0,0,0,0,0,0,0,0,0,0