ST_CASE,VEH_NO,PER_NO,P1,P2,P3,P4,P5,P6,P7,P8,P9,P10
330108,3,1,0,0,0,0,0,28,0,0,0,0
330109,1,1,22,22,22,22,22,22,22,22,22,22
330110,1,1,0,0,0,0,0,0,0,0,0,0
330111,1,1,8,8,8,8,8,8,8,8,8,8
330112,1,1,15,15,15,15,15,15,15,15,15,15
330113,1,1,0,0,0,0,0,0,0,0,0,0
330113,2,1,0,0,0,0,0,0,0,0,0,0
330114,1,1,0,0,0,0,0,0,0,0,0,0
330115,1,1,0,0,0,0,0,0,0,0,0,0
330115,2,1,0,0,22,0,0,0,17,31,0,0
330115,3,1,0,0,0,0,0,0,0,0,19,0
330116,0,1,0,0,0,0,0,0,0,0,0,0
330116,1,1,0,0,0,0,0,0,0,0,0,0
330117,1,1,0,0,0,0,0,0,0,0,0,0
330117,2,1,0,0,0,0,0,0,0,0,0,0
330117,3,1,0,0,0,0,0,0,0,9,0,0
330118,0,1,0,0,0,0,0,0,0,0,0,0
330118,1,1,0,0,0,0,0,0,0,0,0,0
330118,2,1,10,0,0,0,0,18,0,10,0,29
330119,1,1,0,24,15,9,14,18,0,24,5,0
330120,1,1,25,25,25,25,25,25,25,25,25,25
340002,0,1,20,20,20,20,20,20,20,20,20,20
340002,1,1,7,0,18,0,0,0,0,0,0,0
340002,2,1,0,0,0,0,11,0,0,0,21,0
340003,1,1,13,13,13,13,13,13,13,13,13,13
340003,2,1,0,0,0,0,0,0,0,0,0,0
340004,0,1,0,0,0,0,0,0,0,0,0,0
340004,1,1,0,0,0,0,0,0,0,0,0,0
340006,1,1,0,0,0,0,0,0,0,0,0,0
340006,2,1,0,0,0,0,0,0,0,0,0,0
340007,1,1,0,0,0,8,0,25,0,0,0,0
340008,1,1,9,9,9,9,9,9,9,9,9,9
340009,1,1,31,31,31,31,31,31,31,31,31,31
340009,2,1,0,0,0,0,0,0,0,0,0,0
340010,0,1,0,0,0,0,0,0,0,0,0,0
340010,3,1,0,0,0,0,0,0,0,0,0,0
340011,1,1,0,0,0,0,0,0,0,0,0,0
340011,2,1,0,0,0,0,0,0,0,0,0,0
340012,1,1,0,0,13,0,25,16,17,27,22,6
340012,2,1,14,14,14,14,14,14,14,14,14,14
340013,1,1,0,0,0,0,0,0,0,0,0,0
340013,2,1,0,0,0,0,0,0,0,0,0,0
340014,1,1,0,0,0,0,0,0,0,0,15,0
340014,2,1,0,0,0,0,0,0,0,0,0,0
340015,0,1,0,0,0,0,0,0,0,12,0,0
340015,1,1,0,0,0,0,0,0,0,0,0,0
340016,1,1,0,0,0,0,0,0,0,0,0,0
340017,1,1,22,22,22,22,22,22,22,22,22,22
340018,0,1,0,0,0,0,0,0,0,0,0,0
340018,1,1,0,0,0,0,0,0,0,0,0,30
340018,2,1,0,0,0,0,0,0,0,0,0,0
340019,1,1,1,1,1,1,1,1,1,1,1,1
340019,2,1,0,0,0,0,0,0,0,0,0,0
340022,0,1,0,0,8,0,0,0,0,0,0,0
340022,1,1,0,0,0,0,0,0,0,0,0,0
340023,1,1,0,0,0,0,0,0,0,0,0,0
340024,1,1,0,0,0,0,0,0,0,0,0,0
340024,2,1,0,0,0,0,0,0,0,0,0,0
340025,1,1,5,5,5,5,5,5,5,5,5,5
340025,2,1,0,0,0,0,0,0,0,0,0,0
340026,1,1,0,0,0,0,0,0,0,0,0,0
340026,2,1,0,7,16,0,0,22,0,0,0,0
340027,1,1,24,24,24,24,24,24,24,24,24,24
340028,1,1,0,0,0,0,0,0,0,0,0,0
340028,2,1,0,0,0,0,0,0,0,0,0,0
340029,1,1,14,26,0,0,0,16,0,0,0,26
340030,1,1,0,0,0,0,0,0,0,0,0,0
340030,2,1,0,0,0,0,0,0,0,0,0,0
340031,1,1,0,0,0,0,0,0,0,0,0,0
340032,1,1,0,0,0,0,0,0,0,0,0,0
340032,2,1,0,0,0,0,0,0,0,0,0,0
340033,1,1,0,0,0,0,0,0,0,0,0,0
340033,2,1,0,0,0,0,0,0,0,0,0,0
340035,1,1,0,0,0,0,0,0,0,0,0,0
340035,2,1,0,0,0,0,0,0,7,0,0,0
340035,3,1,0,0,0,0,0,0,0,0,0,0
340036,1,1,0,0,0,0,0,0,0,0,0,0
340036,2,1,0,0,0,0,0,0,0,0,0,0
340037,1,1,37,19,0,0,4,18,0,0,0,0
340038,1,1,19,0,0,0,0,0,13,0,0,0
340038,2,1,0,0,0,0,0,0,0,0,0,0
340039,0,1,0,17,0,0,6,0,0,8,0,0
340039,1,1,0,16,0,0,0,0,0,0,17,9
340040,0,1,0,0,0,0,0,0,0,0,0,0
340040,1,1,0,0,11,0,13,26,9,0,21,0
340042,0,1,0,0,0,0,0,0,0,0,0,0
340042,1,1,0,0,0,0,0,30,0,11,10,0
340043,1,1,0,0,0,0,0,0,0,0,9,0
340043,2,1,0,18,15,0,0,15,0,0,13,33
340044,1,1,0,0,0,0,0,0,0,0,0,0
340045,0,1,18,18,18,18,18,18,18,18,18,18
340045,1,1,0,0,0,0,0,0,0,0,0,0
340046,1,1,29,29,29,29,29,29,29,29,29,29
340047,0,1,0,0,0,0,0,0,0,0,0,0
340047,1,1,0,0,0,0,0,0,0,0,0,0
340048,0,1,0,0,0,0,0,0,0,0,0,0
340048,1,1,0,0,0,0,0,0,0,0,0,0
340049,1,1,0,0,0,0,0,0,0,0,0,0
340049,2,1,0,0,0,0,0,0,0,0,0,0
340049,3,1,0,0,0,0,0,0,0,0,0,0
340050,0,1,12,12,12,12,12,12,12,12,12,12
340050,1,1,26,26,26,26,26,26,26,26,26,26
340051,0,1,46,46,46,46,46,46,46,46,46,46
340051,1,1,0,0,0,0,0,0,0,0,0,0
340052,0,1,0,0,0,0,0,0,0,0,0,0
340052,1,1,0,0,0,0,0,0,0,0,0,0
340053,0,1,29,29,29,29,29,29,29,29,29,29
340053,1,1,0,0,0,0,0,0,0,0,0,0
340053,2,1,41,11,17,0,0,20,0,0,0,18
340054,1,1,0,0,0,0,0,0,0,0,0,0
340054,2,1,21,21,21,21,21,21,21,21,21,21
340055,0,1,0,0,0,0,0,0,0,0,0,0
340055,1,1,15,16,0,0,0,0,5,0,0,8
340056,0,1,0,0,0,0,0,0,0,0,0,0
340056,1,1,0,0,0,0,0,26,0,0,0,0
340057,1,1,0,0,0,0,0,0,0,0,0,0
340057,2,1,0,0,0,0,0,0,0,0,0,0
340058,1,1,0,6,0,8,0,32,11,0,15,0
340058,2,1,0,0,0,0,0,0,0,0,0,0
340059,1,1,0,0,0,0,0,0,0,0,0,0
340060,1,1,0,0,0,0,0,0,0,0,0,0
340062,1,1,17,17,17,17,17,17,17,17,17,17
340063,1,1,0,0,0,0,0,0,0,0,0,0
340063,2,1,0,0,0,0,0,0,0,0,0,0
340064,0,1,0,0,0,0,0,0,0,0,0,0
340064,1,1,0,0,0,0,0,0,0,0,0,0
340066,1,1,9,9,0,0,16,0,0,20,0,0
340066,2,1,0,5,33,25,0,0,0,15,0,0
340067,0,1,0,0,0,0,0,0,0,0,0,0
340067,1,1,0,31,0,0,0,0,0,0,0,0
340068,0,1,0,0,0,0,0,0,0,0,0,0
340068,1,1,0,0,0,0,0,0,0,0,0,0
340069,1,1,49,49,49,49,49,49,49,49,49,49
340069,2,1,0,0,0,0,0,0,0,0,0,0
340070,0,1,0,0,0,0,0,0,0,0,0,0
340070,1,1,0,0,31,0,5,12,0,17,0,0
340070,2,1,0,0,13,0,0,0,0,0,0,0
340070,3,1,0,0,0,0,3,13,0,0,0,0
340071,0,1,0,0,0,0,0,0,0,0,0,0
340071,1,1,0,0,40,39,0,0,0,0,0,0
340071,2,1,4,15,0,0,24,23,25,0,43,19
340072,1,1,0,0,0,0,0,0,0,0,0,0
340072,2,1,0,0,0,0,0,0,0,0,0,0
340072,3,1,0,0,0,0,0,0,0,0,0,0
340072,4,1,0,0,0,0,0,0,0,0,0,0
340073,1,1,0,0,0,0,0,0,0,0,0,0
340073,2,1,0,0,0,0,0,0,0,0,0,0
340073,3,1,0,0,24,0,0,6,0,0,0,0
340074,1,1,0,0,0,0,0,0,0,0,0,0
340075,0,1,0,0,0,0,0,0,0,0,0,0
340075,1,1,3,0,0,13,0,0,0,20,17,0
340077,1,1,0,0,0,0,0,0,0,0,0,0
340077,2,1,0,25,0,0,0,0,0,0,8,36
340078,1,1,16,16,16,16,16,16,16,16,16,16
340079,1,1,0,0,0,0,0,0,0,0,0,0
340079,2,1,0,0,0,0,0,0,0,0,0,0
340080,1,1,0,0,0,0,0,0,0,0,0,0
340080,2,1,0,0,0,0,0,0,0,0,0,0
340081,1,1,21,21,21,21,21,21,21,21,21,21
340081,2,1,0,0,0,23,0,0,0,0,0,0
340082,0,1,40,40,40,40,40,40,40,40,40,40
340082,1,1,0,0,0,0,0,0,0,0,0,0
340084,0,1,0,0,0,0,0,0,0,0,0,0
340084,1,1,0,0,0,23,0,0,0,0,0,0
340085,1,1,0,0,0,0,0,0,0,0,0,0
340085,2,1,0,0,0,0,0,0,0,0,0,0
340086,1,1,0,0,0,0,0,0,18,0,0,0
340086,2,1,0,0,0,0,0,0,0,0,0,0
340087,1,1,0,0,0,0,0,0,0,0,0,0
340087,2,1,0,0,0,0,0,0,0,0,0,0
340088,1,1,20,20,20,20,20,20,20,20,20,20
340090,1,1,0,0,0,0,0,0,0,0,0,0
340090,2,1,3,3,3,3,3,3,3,3,3,3
340091,1,1,0,0,0,0,0,0,0,0,0,0
340092,1,1,25,25,25,25,25,25,25,25,25,25
340093,1,1,0,0,0,0,0,0,0,0,0,0
340094,1,1,24,24,24,24,24,24,24,24,24,24
340095,1,1,0,0,0,0,0,0,0,0,0,0
340096,1,1,0,0,0,0,0,0,0,0,0,0
340096,2,1,0,0,0,0,0,0,0,0,0,0
340097,1,1,23,23,23,23,23,23,23,23,23,23
340098,0,1,35,35,35,35,35,35,35,35,35,35
340098,1,1,0,0,0,0,0,0,0,0,0,0
340099,1,1,0,0,0,0,0,0,0,0,0,0
340099,2,1,0,0,0,0,0,0,0,0,0,0
340099,3,1,0,0,0,0,0,0,0,0,0,0
340100,1,1,0,0,0,0,0,0,0,0,0,0
340102,1,1,12,12,12,12,12,12,12,12,12,12
340103,1,1,13,13,13,13,13,13,13,13,13,13
340103,2,1,0,0,0,0,0,0,0,0,0,0
340104,1,1,0,0,0,0,0,0,9,0,0,0
340105,1,1,0,0,0,0,0,0,0,0,0,0
340105,2,1,0,0,0,0,0,0,0,0,0,0
340106,1,1,0,0,0,0,0,0,0,0,0,0
340106,2,1,0,0,0,0,0,0,0,0,0,0
340107,0,1,0,0,0,0,0,0,0,0,0,0
340107,1,1,9,0,0,0,0,0,0,0,0,0
340108,0,1,0,0,0,0,0,0,0,0,0,0
340108,1,1,7,0,29,5,0,19,0,0,25,0
340108,2,1,0,0,0,0,0,0,0,0,0,17
340109,1,1,0,0,0,0,0,0,0,0,0,0
340110,0,1,0,0,0,0,0,0,0,0,0,0
340110,1,1,0,0,0,0,0,0,0,0,0,0
340111,1,1,3,3,3,3,3,3,3,3,3,3
340111,2,1,0,0,0,0,0,0,0,0,0,0
340112,1,1,0,14,0,0,0,0,15,0,0,33
340112,2,1,0,0,0,0,0,0,0,0,0,0
340114,0,1,0,0,0,0,0,0,0,0,0,0
340114,1,1,0,0,0,0,0,27,0,0,25,0
340115,1,1,0,0,0,0,16,0,0,0,0,0
340115,2,1,0,0,0,0,0,0,0,0,0,0
340116,0,1,0,0,0,0,0,0,0,0,0,0
340116,1,1,0,29,0,17,14,0,10,0,0,0
340117,1,1,0,0,0,0,0,0,0,0,0,0
340117,2,1,0,0,0,0,0,0,21,0,0,0
340118,0,1,0,0,0,0,0,0,0,0,0,0
340118,1,1,0,0,0,0,0,0,0,0,0,0
340119,1,1,0,0,0,0,0,0,0,0,0,8
340119,2,1,0,0,0,0,0,0,0,0,0,0
340120,1,1,0,0,0,0,0,0,0,0,0,0
340120,2,1,0,0,0,0,0,0,0,0,0,0
340121,1,1,4,4,4,4,4,4,4,4,4,4
340123,1,1,5,5,5,5,5,5,5,5,5,5
340124,1,1,1,1,1,1,1,1,1,1,1,1
340124,2,1,0,0,0,0,0,0,0,0,0,0
340125,0,1,0,0,0,0,0,0,0,0,0,0
340125,1,1,0,0,0,0,0,15,8,0,0,0
340126,1,1,0,0,0,0,0,0,0,0,0,0
340126,2,1,0,0,0,0,0,0,0,0,0,0
340127,1,1,0,0,0,0,0,0,0,0,0,0
340127,2,1,0,0,0,0,0,0,0,0,0,0
340128,1,1,0,0,20,0,0,0,0,0,0,0
340128,2,1,0,0,0,0,0,0,0,0,0,0
340129,1,1,0,0,0,0,0,0,0,0,0,0
340129,2,1,0,0,0,0,0,0,0,0,0,0
340130,1,1,0,0,0,0,0,0,0,0,0,0
340131,1,1,0,0,0,0,0,0,0,0,0,0
340131,2,1,0,0,0,0,0,0,0,0,0,0
340132,0,1,0,0,0,0,0,0,0,0,0,0
340132,1,1,0,0,0,0,0,0,0,0,0,0
340133,1,1,3,3,3,3,3,3,3,3,3,3
340134,0,1,0,0,0,0,0,0,0,0,0,0
340134,1,1,0,0,0,0,0,0,0,0,0,0
340135,0,1,0,0,0,0,0,0,0,0,0,0
340135,1,1,0,0,0,0,0,0,0,0,0,0
340136,1,1,0,0,0,15,10,23,15,20,0,5
340136,2,1,0,0,0,12,0,12,0,0,13,0
340137,0,1,21,21,21,21,21,21,21,21,21,21
340137,1,1,0,0,0,0,14,0,0,0,0,22
340138,1,1,13,13,13,13,13,13,13,13,13,13
340140,0,1,12,12,12,12,12,12,12,12,12,12
340140,1,1,17,27,0,10,15,16,0,26,0,0
340140,2,1,37,0,11,0,19,15,13,0,18,0
340140,3,1,16,0,0,0,0,5,0,0,9,0
340141,1,1,21,21,21,21,21,21,21,21,21,21
340142,1,1,0,0,0,0,0,0,0,0,0,0
340142,2,1,0,0,0,0,0,0,0,0,0,0
340144,1,1,10,10,10,10,10,10,10,10,10,10
340145,1,1,20,20,20,20,20,20,20,20,20,20
340146,1,1,0,0,0,0,0,0,0,0,0,0
340146,2,1,0,0,0,0,0,0,0,0,0,0
340147,0,1,0,0,0,0,0,0,0,0,0,0
340147,1,1,0,0,0,0,0,0,0,0,0,17
340148,1,1,0,25,15,0,9,6,12,0,18,0
340150,0,1,0,0,0,0,0,0,0,0,0,0
340150,1,1,0,0,0,0,0,0,0,0,0,0
340151,1,1,0,0,0,0,0,0,0,0,0,0
340151,2,1,0,17,0,22,0,0,0,0,17,0
340152,0,1,5,5,5,5,5,5,5,5,5,5
340152,1,1,0,6,11,0,0,0,13,0,35,0
340153,0,1,0,0,0,0,0,0,0,0,0,0
340153,1,1,0,0,0,0,19,0,0,20,31,0
340155,1,1,0,0,24,0,0,0,21,0,0,0
340155,2,1,0,0,0,0,26,12,10,0,0,10
340156,1,1,0,0,0,0,0,0,0,0,0,0
340157,1,1,0,0,0,0,0,0,0,0,0,0
340158,1,1,0,0,0,0,0,0,0,0,0,0
340159,1,1,0,0,0,0,0,0,0,0,0,0
340159,2,1,0,0,0,0,0,0,0,0,0,0
340160,1,1,0,0,0,0,0,0,0,0,0,0
340161,1,1,0,0,0,0,0,13,14,0,27,10
340162,1,1,0,0,0,0,0,0,0,0,0,0
340162,2,1,0,0,0,0,0,0,0,0,0,0
340163,1,1,0,0,0,0,0,0,0,0,0,0
340163,2,1,30,30,30,30,30,30,30,30,30,30
340164,1,1,24,0,18,0,8,0,0,12,0,21
340165,0,1,23,23,23,23,23,23,23,23,23,23
340165,1,1,0,0,10,0,0,13,0,0,0,0
340166,1,1,0,0,0,0,0,0,0,0,0,0
340166,2,1,0,25,0,0,15,0,15,0,0,0
340166,3,1,0,0,0,0,0,0,0,0,0,0
340167,1,1,0,0,0,0,0,0,0,0,0,0
340167,2,1,0,0,0,0,0,0,0,0,0,0
340168,1,1,16,16,16,16,16,16,16,16,16,16
340169,1,1,0,0,0,0,0,0,0,58,0,0
340169,2,1,0,0,12,0,0,0,0,0,0,0
340170,1,1,0,0,0,0,0,0,0,0,0,0
340170,2,1,0,0,0,20,25,0,30,0,22,8
340171,2,1,0,0,7,0,0,0,13,0,0,0
340172,0,1,29,29,29,29,29,29,29,29,29,29
340172,1,1,0,0,21,22,0,15,0,0,0,0
340173,0,1,10,10,10,10,10,10,10,10,10,10
340173,1,1,0,0,0,0,0,0,0,0,0,0
340174,1,1,0,7,0,0,0,28,0,0,0,0
340174,2,1,0,0,0,0,0,0,0,0,0,0
340175,1,1,0,0,9,0,0,0,0,0,7,0
340175,2,1,0,0,0,0,0,0,0,0,0,0
340175,3,1,0,0,0,0,0,0,0,0,0,0
340176,1,1,0,0,0,0,0,0,0,0,0,0
340177,0,1,24,24,24,24,24,24,24,24,24,24
340177,1,1,7,14,5,0,8,0,12,9,0,0
340178,0,1,0,0,0,0,0,0,0,0,0,0
340178,1,1,0,0,0,0,0,0,0,0,0,0
340179,2,1,0,0,0,0,0,0,0,0,0,0
340180,1,1,18,18,18,18,18,18,18,18,18,18
340181,1,1,20,20,20,20,20,20,20,20,20,20
340182,1,1,0,0,0,0,0,0,0,0,0,0
340182,2,1,27,0,0,11,0,0,0,0,0,0
340183,1,1,0,15,0,0,0,0,0,0,0,0
340183,2,1,0,0,0,0,0,0,0,0,0,0
340184,0,1,0,0,0,0,0,0,0,0,0,0
340184,1,1,15,0,0,19,13,9,0,30,11,0
340186,0,1,23,23,23,23,23,23,23,23,23,23
340186,1,1,0,0,0,0,0,0,0,0,0,0
340187,1,1,0,0,0,0,0,0,0,0,0,0
340188,0,1,29,29,29,29,29,29,29,29,29,29
340188,1,1,0,0,0,0,0,0,0,0,0,0
340189,1,1,2,2,2,2,2,2,2,2,2,2
340190,0,1,0,0,0,0,0,0,11,0,0,0
340190,1,1,0,0,0,0,0,0,0,12,0,0
340191,1,1,0,0,0,0,0,0,0,0,0,0
340191,2,1,2,2,2,2,2,2,2,2,2,2
340192,0,1,36,36,36,36,36,36,36,36,36,36
340192,1,1,0,0,0,0,0,0,0,0,0,0
340193,1,1,0,0,0,0,0,0,0,0,0,0
340194,1,1,0,0,0,0,0,0,0,0,0,0
340195,1,1,0,0,0,0,0,0,0,0,0,0
340195,2,1,1,1,1,1,1,1,1,1,1,1
340196,0,1,0,0,0,0,0,0,0,0,0,0
340196,1,1,0,0,0,0,0,0,0,0,0,0
340197,1,1,31,31,31,31,31,31,31,31,31,31
340197,2,1,0,0,0,14,0,20,0,0,0,0
340198,1,1,0,0,0,0,0,0,0,0,0,0
340198,2,1,6,7,14,0,0,0,12,0,0,0
340199,1,1,0,0,0,0,0,0,0,0,14,0
340199,2,1,0,9,0,0,0,0,0,0,15,0
340200,1,1,0,0,0,0,0,0,0,0,0,0
340200,2,1,0,22,14,0,0,0,0,0,0,0
340201,1,1,0,0,0,0,0,0,0,0,0,0
340202,1,1,18,18,18,18,18,18,18,18,18,18
340202,2,1,12,12,17,0,0,14,0,0,0,0
340203,1,1,0,0,0,0,0,0,0,0,0,0
340204,1,1,0,0,0,0,0,0,0,0,0,0
340205,1,1,0,0,0,0,0,0,0,0,0,0
340206,1,1,9,9,9,9,9,9,9,9,9,9
340206,2,1,10,34,24,0,14,10,0,7,23,10
340207,1,1,24,24,24,24,24,24,24,24,24,24
340208,1,1,3,11,0,0,18,0,11,0,29,25
340209,1,1,0,0,0,0,0,0,0,0,0,0
340209,2,1,26,26,26,26,26,26,26,26,26,26
340210,0,1,0,0,0,0,0,0,0,0,0,0
340210,1,1,0,0,0,0,0,0,0,0,0,0
340211,0,1,0,0,0,0,0,0,0,0,0,0
340211,1,1,0,0,0,0,0,0,0,0,0,5
340212,1,1,9,9,9,9,9,9,9,9,9,9
340213,0,1,0,0,0,0,0,0,0,0,0,0
340213,0,2,0,0,0,0,0,0,0,0,0,0
340213,1,1,0,0,0,0,0,0,0,0,0,0
340214,0,1,0,0,0,0,0,0,0,0,0,0
340214,1,1,10,0,31,0,0,0,0,0,11,18
340215,1,1,0,0,0,0,0,0,0,0,0,0
340216,1,1,34,34,34,34,34,34,34,34,34,34
340217,1,1,13,13,13,13,13,13,13,13,13,13
340218,1,1,0,0,0,0,0,0,0,0,0,0
340218,2,1,0,0,0,0,0,0,0,0,0,0
340218,3,1,0,0,0,0,0,0,0,0,0,0
340219,1,1,0,0,0,0,0,0,0,0,0,0
340219,2,1,0,0,0,0,0,0,0,0,0,0
340220,0,1,43,43,43,43,43,43,43,43,43,43
340220,1,1,0,0,6,0,0,0,0,7,0,0
340221,1,1,0,0,0,0,0,0,0,0,0,0
340222,0,1,0,0,0,0,0,0,0,0,0,0
340222,1,1,0,0,0,0,0,0,0,0,0,0
340223,1,1,0,0,0,0,0,0,0,0,0,0
340224,1,1,0,0,0,0,0,0,27,0,0,0
340224,2,1,0,0,0,0,0,0,0,0,0,0
340225,1,1,10,10,10,10,10,10,10,10,10,10
340225,2,1,0,0,0,0,0,0,0,0,0,0
340226,1,1,0,0,0,0,0,0,0,0,0,0
340226,2,1,0,0,0,0,0,0,0,0,0,0
340227,1,1,0,0,0,0,0,0,0,0,0,0
340227,2,1,0,0,0,0,0,0,0,0,0,0
340227,3,1,0,0,0,21,0,0,17,0,0,0
340228,1,1,1,1,1,1,1,1,1,1,1,1
340229,1,1,0,0,0,0,0,0,0,0,0,0
340229,2,1,0,0,0,0,0,0,0,0,0,0
340230,1,1,0,0,0,0,0,0,0,0,0,0
340230,2,1,28,28,28,28,28,28,28,28,28,28
340231,1,1,17,17,17,17,17,17,17,17,17,17
340232,1,1,16,16,16,16,16,16,16,16,16,16
340232,2,1,0,0,0,0,0,0,0,0,0,0
340233,1,1,0,0,0,0,0,0,0,0,0,0
340234,1,1,0,0,0,0,0,0,0,0,0,0
340235,1,1,0,0,0,0,0,0,0,0,0,0
340236,1,1,11,11,11,11,11,11,11,11,11,11
340237,1,1,10,10,10,10,10,10,10,10,10,10
340238,0,1,0,0,0,0,0,0,0,0,0,0
340238,1,1,0,0,12,0,0,0,0,0,0,15
340239,1,1,0,0,0,0,0,0,0,0,0,0
340240,1,1,0,0,0,0,0,0,0,0,0,0
340241,1,1,0,0,0,0,0,0,0,0,0,0
340242,1,1,0,0,0,0,0,0,0,0,0,0
340242,2,1,0,0,0,0,0,0,0,0,0,0
340243,1,1,0,0,0,0,0,0,0,0,0,0
340244,1,1,0,0,0,0,0,0,0,0,0,0
340244,2,1,0,0,0,0,0,0,0,0,0,0
340244,3,1,0,0,0,0,0,0,0,0,0,0
340245,1,1,24,24,24,24,24,24,24,24,24,24
340246,1,1,0,0,0,0,0,0,0,0,0,0
340246,2,1,0,0,0,0,0,0,0,0,0,0
340247,1,1,0,0,0,0,0,0,0,0,0,0
340248,1,1,0,0,0,0,0,0,0,0,0,0
340248,2,1,9,9,9,9,9,9,9,9,9,9
340249,1,1,10,10,10,10,10,10,10,10,10,10
340250,1,1,18,18,18,18,18,18,18,18,18,18
340251,0,1,18,18,18,18,18,18,18,18,18,18
340251,1,1,23,7,25,0,3,0,13,8,12,41
340252,1,1,0,0,0,0,0,0,0,0,0,0
340252,2,1,0,0,0,0,0,0,0,0,0,0
340253,1,1,0,0,0,0,0,0,0,0,0,0
340254,1,1,19,19,19,19,19,19,19,19,19,19
340255,1,1,0,0,0,0,0,0,0,0,0,0
340256,1,1,0,0,0,0,0,0,0,0,0,0
340257,0,1,0,0,0,0,0,0,0,0,0,0
340257,1,1,33,19,10,0,0,0,0,0,0,0
340258,0,1,0,0,0,0,0,0,0,0,0,0
340258,1,1,0,0,0,0,0,0,0,0,0,0
340259,1,1,0,0,0,0,0,0,0,0,0,0
340260,1,1,9,9,9,9,9,9,9,9,9,9
340260,2,1,12,0,0,0,0,0,8,0,0,0
340260,3,1,11,0,0,18,18,11,3,0,0,0
340261,1,1,0,0,0,0,0,0,0,0,0,0
340261,2,1,0,0,0,0,0,0,0,0,0,0
340261,3,1,0,0,0,0,0,0,0,0,0,0
340262,1,1,0,0,0,0,0,0,0,0,0,0
340262,2,1,0,0,0,0,0,0,0,0,0,0
340263,1,1,0,0,0,0,0,0,0,0,0,0
340263,2,1,0,0,0,0,0,0,0,0,0,0
340264,0,1,0,0,0,0,0,0,0,23,0,0
340264,1,1,0,0,24,0,0,0,22,0,20,0
340265,1,1,9,9,9,9,9,9,9,9,9,9
340265,2,1,0,0,16,0,0,0,7,0,9,0
340265,3,1,0,0,0,0,0,0,0,0,0,0
340266,0,1,0,0,0,0,0,0,0,0,0,0
340266,1,1,25,25,25,25,25,25,25,25,25,25
340267,1,1,0,0,0,0,0,0,0,0,0,0
340267,2,1,0,0,0,0,0,0,0,0,0,0
340268,1,1,0,0,0,0,0,0,0,0,0,0
340269,0,1,0,24,0,0,0,0,0,0,0,0
340269,1,1,0,0,0,0,0,16,0,0,0,0
340270,1,1,7,0,0,0,5,10,0,9,8,26
340270,2,1,1,1,1,1,1,1,1,1,1,1
340271,1,1,17,17,17,17,17,17,17,17,17,17
340271,2,1,29,0,30,22,12,10,19,10,0,19
340271,3,1,24,0,22,14,21,0,0,18,14,0
340272,0,1,22,22,22,22,22,22,22,22,22,22
340272,1,1,0,20,0,32,11,0,0,0,0,10
340273,0,1,0,0,0,0,0,0,0,0,0,0
340273,1,1,0,0,0,0,0,0,0,0,0,0
340274,0,1,5,5,5,5,5,5,5,5,5,5
340274,1,1,0,0,0,0,0,0,18,0,0,0
340275,1,1,0,0,0,0,0,0,0,29,0,0
340275,2,1,19,0,0,0,0,0,0,0,0,0
340275,3,1,0,0,0,0,0,12,0,0,0,0
340276,1,1,1,1,1,1,1,1,1,1,1,1
340276,2,1,4,0,0,0,0,0,0,0,0,0
340277,1,1,0,0,0,0,0,0,0,0,18,23
340278,1,1,0,0,0,0,0,0,0,0,0,0
340279,0,1,0,0,0,0,0,0,0,0,0,0
340279,1,1,0,0,0,0,0,0,0,0,0,0
340280,1,1,0,0,0,0,0,0,0,0,0,0
340280,2,1,0,0,0,0,0,0,0,0,0,0
340281,0,1,18,18,18,18,18,18,18,18,18,18
340281,1,1,0,5,13,15,13,11,15,5,20,19
340282,1,1,0,0,23,0,0,0,0,0,0,0
340283,1,1,6,6,6,6,6,6,6,6,6,6
340283,2,1,0,0,0,0,0,0,0,0,0,0
340284,0,1,0,0,0,0,0,0,0,0,0,0
340284,1,1,0,0,0,0,0,0,0,0,0,0
340285,1,1,0,0,0,0,0,0,0,0,0,0
340285,2,1,0,8,0,0,0,0,3,0,0,0
340286,1,1,0,0,0,0,0,0,0,20,0,0
340286,2,1,0,0,0,0,0,0,0,0,0,0
340286,3,1,0,0,0,0,0,0,0,0,0,0
340287,1,1,0,0,0,0,0,15,0,0,0,0
340287,2,1,0,13,0,0,0,0,0,0,0,0
340287,3,1,0,0,0,0,0,0,0,0,0,0
340287,4,1,0,0,0,0,0,0,0,0,0,0
340288,0,1,0,0,0,0,0,0,0,0,0,0
340288,1,1,0,0,0,0,0,0,0,0,0,0
340289,1,1,0,0,0,0,0,0,0,0,0,0
340290,1,1,15,15,15,15,15,15,15,15,15,15
340290,2,1,0,0,0,0,0,0,0,0,0,0
340291,1,1,0,25,0,0,0,0,0,0,0,0
340291,2,1,25,25,25,25,25,25,25,25,25,25
340292,1,1,0,0,0,0,0,0,0,0,0,0
340292,2,1,0,0,0,0,0,0,0,0,0,0
340293,0,1,0,0,0,0,0,0,0,0,0,0
340293,1,1,0,0,0,0,0,0,0,0,0,0
340293,2,1,0,0,0,0,12,2,0,0,28,9
340293,3,1,26,0,0,0,0,0,0,0,0,12
340293,4,1,0,0,0,9,0,0,0,4,0,16
340293,5,1,10,25,0,0,0,0,0,19,0,0
340294,1,1,25,25,25,25,25,25,25,25,25,25