ST_CASE,VEH_NO,PER_NO,P1,P2,P3,P4,P5,P6,P7,P8,P9,P10
340295,1,1,22,0,10,6,0,0,0,16,0,0
340295,2,1,19,19,19,19,19,19,19,19,19,19
340296,1,1,0,0,0,0,0,0,0,0,0,0
340296,2,1,0,0,0,0,0,0,0,0,0,0
340296,3,1,0,0,0,0,0,0,0,0,0,0
340296,4,1,0,0,0,0,0,0,26,0,0,16
340297,1,1,0,0,0,0,0,0,0,0,0,0
340297,2,1,0,0,0,0,0,0,0,0,0,0
340298,1,1,0,0,0,0,0,0,0,0,0,0
340299,1,1,24,24,24,24,24,24,24,24,24,24
340300,1,1,32,32,32,32,32,32,32,32,32,32
340301,1,1,12,12,12,12,12,12,12,12,12,12
340302,1,1,0,0,0,0,17,18,0,0,0,0
340303,1,1,14,14,14,14,14,14,14,14,14,14
340304,1,1,15,15,15,15,15,15,15,15,15,15
340305,1,1,0,0,0,0,0,0,0,0,0,0
340305,2,1,0,0,0,0,0,0,0,0,0,0
340306,0,1,0,0,0,0,0,0,0,0,0,0
340306,1,1,0,0,0,0,14,0,0,0,0,0
340307,1,1,0,0,0,0,0,0,0,0,0,0
340307,2,1,0,0,0,0,0,0,0,0,0,0
340308,1,1,0,0,0,0,0,0,0,0,0,0
340308,2,1,0,0,0,0,9,0,0,0,0,14
340309,1,1,0,0,0,0,0,0,0,0,0,0
340309,2,1,0,0,0,0,0,0,0,0,0,0
340310,1,1,0,0,0,0,0,0,0,0,0,0
340311,1,1,19,19,19,19,19,19,19,19,19,19
340312,0,1,4,4,4,4,4,4,4,4,4,4
340312,1,1,0,0,0,0,0,0,0,0,0,0
340313,1,1,0,0,0,0,0,0,0,0,0,0
340313,2,1,25,25,25,25,25,25,25,25,25,25
340314,0,1,0,0,0,0,0,0,0,0,0,0
340314,1,1,0,0,0,0,0,0,0,0,0,0
340315,1,1,0,0,0,0,0,0,0,0,0,0
340316,1,1,0,0,0,0,0,0,0,0,0,0
340317,1,1,0,0,0,0,0,0,0,0,0,0
340318,1,1,0,0,0,0,0,0,0,0,0,0
340319,1,1,0,31,13,0,0,0,0,0,0,21
340320,1,1,0,0,0,0,0,0,0,0,0,0
340321,1,1,11,11,11,11,11,11,11,11,11,11
340322,1,1,0,0,0,0,0,12,0,0,0,0
340323,1,1,0,0,0,0,0,0,0,0,0,0
340324,0,1,17,17,17,17,17,17,17,17,17,17
340324,1,1,15,0,22,10,23,4,26,0,0,13
340325,1,1,0,25,0,0,0,30,0,0,0,51
340326,0,1,18,26,23,8,22,36,0,19,27,0
340326,1,1,9,9,9,9,9,9,9,9,9,9
340327,1,1,28,28,28,28,28,28,28,28,28,28
340327,2,1,15,10,4,0,0,0,9,29,11,0
340328,1,1,16,16,16,16,16,16,16,16,16,16
340329,1,1,0,0,0,0,0,0,0,0,0,0
340329,2,1,0,0,0,0,0,0,0,0,0,0
340331,1,1,0,0,0,0,0,0,0,0,0,0
340331,2,1,0,0,0,0,0,0,0,0,0,0
340332,1,1,36,0,0,7,7,0,0,18,10,0
340332,2,1,10,16,18,0,27,0,13,0,0,0
340333,0,1,24,24,24,24,24,24,24,24,24,24
340333,1,1,0,0,0,0,0,0,0,0,0,0
340334,1,1,11,0,17,17,0,0,12,0,0,14
340334,2,1,13,13,13,13,13,13,13,13,13,13
340335,1,1,0,5,0,0,0,0,20,0,0,0
340335,2,1,10,10,10,10,10,10,10,10,10,10
340336,1,1,5,5,5,5,5,5,5,5,5,5
340336,2,1,0,0,0,0,0,0,0,8,0,0
340336,3,1,5,5,5,5,5,5,5,5,5,5
340337,1,1,9,0,0,13,0,0,15,0,10,0
340337,2,1,0,0,0,13,15,6,0,0,6,0
340338,1,1,21,0,0,0,0,0,0,0,0,0
340338,2,1,0,0,0,0,0,0,0,0,0,0
340339,1,1,10,10,10,10,10,10,10,10,10,10
340340,0,1,0,0,0,0,0,0,0,0,0,0
340340,1,1,10,0,12,0,14,0,0,0,0,0
340341,1,1,15,15,15,15,15,15,15,15,15,15
340342,1,1,1,1,1,1,1,1,1,1,1,1
340343,0,1,19,19,19,19,19,19,19,19,19,19
340343,1,1,0,0,0,18,0,16,0,0,21,0
340344,1,1,23,23,23,23,23,23,23,23,23,23
340345,1,1,0,0,0,0,0,0,0,0,0,0
340346,1,1,0,0,0,0,0,0,0,0,0,0
340346,2,1,56,56,56,56,56,56,56,56,56,56
340347,1,1,0,0,0,0,0,0,0,0,0,0
340347,2,1,0,0,0,0,0,0,0,0,0,0
340348,1,1,17,17,17,17,17,17,17,17,17,17
340349,1,1,11,12,0,0,0,0,0,0,0,0
340349,2,1,0,0,0,0,0,0,0,0,0,0
340349,3,1,0,0,0,0,0,0,0,0,0,0
340350,1,1,0,0,0,0,0,0,0,0,0,0
340351,1,1,0,0,0,0,0,0,0,0,0,0
340351,2,1,0,0,0,0,0,0,0,0,0,0
340352,1,1,0,0,0,0,0,0,0,0,0,0
340353,1,1,0,0,0,0,0,0,0,0,11,0
340353,2,1,0,0,8,0,0,0,0,0,0,0
340353,3,1,3,3,3,3,3,3,3,3,3,3
340354,0,1,15,15,15,15,15,15,15,15,15,15
340354,1,1,26,0,0,16,5,12,9,0,4,0
340355,1,1,0,0,0,0,0,0,0,0,0,0
340356,1,1,8,8,8,8,8,8,8,8,8,8
340357,1,1,0,0,0,0,0,0,0,0,0,0
340357,2,1,0,0,0,0,0,0,0,0,0,0
340358,0,1,0,0,0,0,0,0,0,0,0,0
340358,1,1,24,24,24,24,24,24,24,24,24,24
340359,0,1,0,0,0,0,0,0,0,0,0,0
340359,1,1,31,15,13,31,18,0,0,0,11,0
340360,1,1,16,16,16,16,16,16,16,16,16,16
340361,0,1,0,0,0,0,0,0,0,0,0,0
340361,1,1,0,0,0,0,0,0,0,0,0,0
340362,1,1,26,26,26,26,26,26,26,26,26,26
340362,2,1,0,0,0,0,0,0,0,0,0,0
340363,1,1,0,0,0,0,0,0,0,0,0,0
340363,2,1,0,0,0,0,0,0,0,0,0,0
340364,1,1,0,0,0,0,0,0,0,0,0,0
340365,1,1,0,0,0,0,0,0,0,0,0,0
340365,2,1,0,0,0,21,0,0,0,0,9,0
340366,1,1,0,0,0,0,0,0,0,0,0,0
340366,2,1,0,0,0,0,0,0,13,0,0,0
340366,3,1,0,0,0,0,0,0,0,0,0,0
340366,4,1,0,0,0,0,0,0,0,0,0,0
340367,1,1,0,0,0,0,0,0,0,0,0,0
340368,1,1,0,0,0,0,0,0,0,0,0,0
340368,2,1,0,0,0,0,0,0,0,0,0,0
340369,1,1,0,0,0,0,0,0,0,0,0,0
340370,1,1,0,0,0,0,0,0,0,0,0,0
340371,0,1,0,0,0,0,0,0,0,0,0,0
340371,1,1,0,0,0,13,16,0,0,0,19,0
340372,0,1,0,0,0,0,0,0,0,0,0,0
340372,1,1,0,0,0,0,0,0,0,0,0,0
340373,1,1,0,0,0,0,0,0,0,0,0,0
340374,0,1,0,0,0,0,0,0,0,0,0,0
340374,1,1,0,0,0,0,0,0,0,0,0,0
340375,0,1,0,0,0,0,0,0,0,0,0,0
340375,1,1,15,0,0,0,7,0,0,0,0,0
340376,0,1,0,0,0,0,0,0,0,0,0,0
340376,1,1,21,0,3,11,0,0,0,0,0,15
340377,1,1,0,0,0,0,0,0,0,0,0,0
340377,2,1,7,7,7,7,7,7,7,7,7,7
340378,1,1,0,0,0,0,0,0,0,0,0,0
340378,2,1,0,0,8,0,0,0,0,0,0,20
340379,1,1,0,0,0,0,0,0,0,0,0,0
340380,1,1,24,24,24,24,24,24,24,24,24,24
340381,0,1,0,0,0,0,0,0,0,0,0,0
340381,1,1,0,0,18,9,23,8,0,0,0,0
340382,1,1,1,1,1,1,1,1,1,1,1,1
340382,2,1,0,0,6,8,0,28,13,0,0,0
340382,3,1,0,7,0,11,0,16,17,0,25,0
340382,4,1,15,0,17,0,0,0,0,0,11,0
340382,5,1,0,0,0,18,26,0,18,0,0,0
340383,1,1,0,10,0,0,0,0,0,0,0,0
340383,2,1,0,0,0,0,0,0,0,0,0,0
340384,1,1,0,0,0,0,0,0,0,0,0,0
340384,2,1,0,0,0,0,0,0,0,0,0,0
340385,1,1,8,8,8,8,8,8,8,8,8,8
340386,1,1,0,0,0,0,0,0,0,0,0,0
340387,0,1,26,26,26,26,26,26,26,26,26,26
340387,1,1,30,0,0,0,0,5,0,0,0,0
340387,2,1,0,0,0,3,6,0,0,7,0,0
340388,1,1,1,1,1,1,1,1,1,1,1,1
340388,2,1,0,0,0,0,0,0,0,0,0,0
340389,1,1,0,0,0,0,0,0,0,0,0,0
340390,1,1,0,0,0,0,0,0,0,0,0,0
340390,2,1,0,0,0,0,14,0,0,0,0,0
340391,1,1,0,0,0,0,0,0,0,0,0,0
340391,2,1,0,0,0,0,0,0,0,0,0,0
340392,1,1,0,0,0,15,0,20,9,0,0,0
340393,1,1,0,0,0,0,0,0,0,0,0,0
340393,2,1,24,0,0,0,0,6,0,16,0,2
340394,0,1,0,0,0,0,0,0,0,0,0,0
340394,1,1,26,19,6,0,0,29,10,0,15,8
340395,1,1,0,0,0,0,0,0,0,0,0,0
340395,2,1,1,1,1,1,1,1,1,1,1,1
340396,0,1,0,0,0,0,0,0,0,0,0,0
340396,1,1,0,0,0,0,0,0,0,0,0,0
340397,0,1,0,0,0,0,0,0,0,0,0,0
340397,1,1,0,0,0,25,0,0,0,0,0,0
340398,1,1,0,0,0,0,0,0,0,0,0,0
340398,2,1,0,0,33,0,0,0,0,8,12,6
340398,3,1,0,0,0,0,0,26,30,0,0,0
340399,1,1,0,0,0,0,0,0,0,0,0,0
340399,2,1,0,0,0,0,0,0,0,0,0,0
340400,1,1,0,0,0,0,0,0,0,0,0,0
340400,2,1,0,0,0,0,0,0,0,0,0,0
340401,1,1,0,0,0,0,5,21,0,0,0,19
340401,4,1,0,14,11,0,0,0,0,0,0,0
340402,0,1,1,1,1,1,1,1,1,1,1,1
340402,1,1,0,0,0,0,0,0,0,0,0,0
340403,1,1,0,0,0,0,0,0,0,0,0,0
340403,2,1,0,0,0,0,0,0,0,0,0,0
340404,0,1,21,21,21,21,21,21,21,21,21,21
340404,1,1,30,0,0,0,0,20,0,0,14,26
340405,1,1,2,2,2,2,2,2,2,2,2,2
340406,1,1,0,6,0,0,0,0,0,0,0,0
340407,1,1,0,0,0,0,0,0,0,0,0,0
340407,2,1,0,22,0,0,0,0,0,0,0,15
340408,1,1,0,0,0,0,0,0,0,0,0,0
340408,2,1,0,0,0,0,0,0,0,0,0,0
340409,1,1,0,0,0,0,0,0,0,0,0,0
340410,1,1,0,0,0,0,0,23,5,0,0,0
340410,2,1,0,0,0,0,0,0,0,0,0,0
340410,3,1,4,9,7,8,18,2,10,10,0,7
340411,1,1,0,0,0,0,0,0,0,0,0,0
340412,1,1,0,21,0,0,0,14,21,0,0,0
340413,0,1,0,0,0,0,0,0,0,0,0,0
340413,1,1,0,22,0,0,0,26,0,0,0,0
340414,0,1,0,0,0,0,0,0,0,0,0,0
340414,1,1,0,0,0,0,0,0,0,0,0,17
340415,1,1,9,9,9,9,9,9,9,9,9,9
340416,1,1,0,0,0,0,0,0,0,0,0,0
340417,1,1,20,20,20,20,20,20,20,20,20,20
340418,1,1,0,0,0,0,0,0,0,0,0,0
340419,1,1,0,0,0,0,0,0,0,0,0,0
340420,1,1,0,0,0,0,0,0,0,0,0,0
340420,2,1,0,0,24,0,0,0,0,0,0,12
340421,1,1,0,0,0,0,0,0,0,0,0,0
340421,2,1,0,0,0,0,0,0,0,0,0,0
340421,3,1,0,0,0,0,0,0,0,0,0,0
340421,4,1,0,0,0,0,0,0,0,0,0,0
340421,5,1,0,0,0,0,20,0,0,0,0,0
340421,6,1,0,0,0,0,0,0,0,0,0,12
340421,7,1,0,0,0,0,37,0,0,0,0,0
340421,8,1,0,0,13,0,0,0,0,0,15,0
340421,9,1,0,0,13,0,0,0,17,0,0,0
340421,10,1,0,0,0,4,0,0,0,0,0,0
340421,11,1,0,0,0,0,0,0,0,0,0,0
340422,1,1,0,24,0,0,0,0,0,0,0,12
340423,1,1,0,0,0,0,0,0,0,0,0,9
340424,1,1,1,1,1,1,1,1,1,1,1,1
340425,1,1,0,0,0,0,0,0,0,0,0,0
340426,1,1,0,39,0,16,23,13,20,16,24,20
340427,0,1,15,0,21,11,18,9,0,0,6,21
340427,2,1,0,0,0,0,0,0,0,0,0,0
340428,1,1,0,0,0,0,0,0,0,0,0,0
340428,2,1,15,15,15,15,15,15,15,15,15,15
340429,0,1,0,0,0,0,0,0,0,0,0,0
340429,1,1,0,0,0,0,0,0,0,0,0,0
340430,0,1,0,0,0,0,0,0,0,0,0,0
340430,1,1,0,0,20,0,0,18,0,0,11,0
340431,1,1,0,0,0,0,0,0,0,0,0,0
340432,0,1,0,0,0,0,0,0,0,0,0,0
340432,1,1,0,0,0,0,0,0,0,0,0,0
340433,1,1,0,0,0,0,0,0,0,0,0,0
340434,1,1,0,0,0,0,0,0,0,0,0,0
340435,0,1,0,0,0,0,0,0,0,0,0,0
340435,1,1,0,0,0,0,0,0,0,0,0,0
340436,1,1,0,0,0,0,0,0,0,0,0,0
340436,2,1,0,0,0,0,0,0,0,0,0,0
340437,0,1,0,0,0,0,0,0,0,0,0,0
340437,1,1,0,0,0,0,0,0,0,0,0,0
340438,1,1,8,8,8,8,8,8,8,8,8,8
340438,2,1,0,0,0,0,0,0,0,0,0,0
340439,0,1,0,0,0,0,0,0,0,0,0,0
340439,2,1,0,0,0,0,0,0,24,0,0,0
340440,0,1,24,24,24,24,24,24,24,24,24,24
340440,1,1,0,0,0,0,0,0,0,0,0,0
340441,1,1,0,0,0,0,0,0,0,0,0,0
340441,2,1,0,0,0,0,0,0,0,0,0,0
340442,1,1,20,20,20,20,20,20,20,20,20,20
340443,1,1,0,0,0,0,0,0,0,0,0,0
340443,2,1,0,0,0,0,0,0,0,0,0,0
340444,0,1,0,0,0,0,0,0,0,0,0,0
340444,1,1,0,0,0,0,0,0,0,0,0,0
340445,1,1,0,0,0,0,0,0,0,0,0,0
340445,2,1,0,0,0,0,0,0,0,0,0,0
340446,0,1,0,0,0,0,0,0,0,0,0,0
340446,1,1,0,0,7,0,21,0,0,0,0,0
340447,1,1,0,0,0,0,0,0,0,0,0,0
340447,2,1,0,29,0,8,0,11,0,0,26,0
340449,1,1,0,0,0,0,0,0,0,0,0,0
340449,2,1,0,0,0,0,0,0,0,32,17,0
340450,0,1,0,0,0,0,0,0,0,0,0,0
340450,1,1,0,0,0,0,0,0,0,0,0,0
340451,1,1,17,17,17,17,17,17,17,17,17,17
340452,0,1,22,22,22,22,22,22,22,22,22,22
340452,1,1,21,0,0,0,0,0,0,13,0,8
340453,1,1,0,0,0,0,0,0,0,0,0,0
340454,1,1,0,0,0,0,0,0,0,0,0,0
340455,0,1,0,0,0,0,0,0,0,0,0,0
340455,1,1,0,0,0,0,0,7,0,0,11,0
340456,1,1,0,0,0,0,0,0,0,0,0,0
340456,2,1,0,0,0,30,7,0,0,0,0,0
340456,3,1,0,0,0,0,0,0,0,0,0,0
340457,1,1,2,2,2,2,2,2,2,2,2,2
340458,1,1,0,0,0,0,0,0,0,0,0,0
340459,0,1,17,17,17,17,17,17,17,17,17,17
340459,1,1,0,0,0,0,0,0,0,0,9,0
340459,2,1,0,0,0,0,21,0,0,0,4,4
340460,1,1,0,0,0,0,0,0,0,0,0,0
340460,2,1,0,0,0,0,0,0,0,0,0,0
340461,1,1,16,16,16,16,16,16,16,16,16,16
340462,1,1,0,0,0,0,0,0,0,0,0,0
340463,1,1,10,10,10,10,10,10,10,10,10,10
340464,0,1,0,0,0,0,0,0,0,0,0,0
340464,1,1,0,0,0,0,0,0,0,0,0,0
340465,1,1,0,0,0,0,0,0,0,0,0,0
340465,2,1,0,0,0,0,0,0,11,0,0,0
340465,3,1,2,2,2,2,2,2,2,2,2,2
340465,4,1,0,0,0,0,0,0,0,13,0,0
340466,1,1,0,0,0,0,0,0,0,0,0,0
340466,2,1,0,0,0,0,0,0,0,0,0,0
340468,0,1,0,0,0,0,0,0,0,0,0,0
340468,1,1,0,0,0,0,0,0,0,0,0,0
340469,0,1,0,0,0,0,0,0,0,0,0,0
340469,1,1,0,0,0,6,0,0,0,0,0,0
340470,0,1,0,0,0,0,0,0,0,0,0,0
340470,1,1,0,0,0,0,0,0,0,0,0,0
340471,1,1,12,27,0,0,0,0,0,0,13,0
340471,2,1,0,0,0,0,0,0,0,0,0,0
340472,1,1,1,1,1,1,1,1,1,1,1,1
340473,0,1,0,0,0,0,0,0,0,0,16,0
340473,1,1,0,0,0,0,0,0,0,0,0,6
340474,0,1,0,0,0,0,0,0,0,0,0,0
340474,1,1,0,0,0,0,19,16,15,13,0,25
340475,0,1,0,0,0,0,0,0,0,0,0,0
340475,1,1,0,0,0,0,0,0,0,8,0,0
340476,0,1,0,0,0,0,0,0,0,0,0,0
340476,1,1,0,21,0,0,0,0,30,0,0,0
340477,1,1,10,10,10,10,10,10,10,10,10,10
340478,1,1,0,0,0,0,0,0,0,0,0,0
340478,2,1,0,0,18,15,0,0,0,0,7,35
340478,3,1,0,0,0,0,0,0,0,0,0,0
340478,4,1,0,0,0,0,19,13,20,25,0,0
340479,1,1,0,0,0,0,0,0,0,0,0,0
340480,0,1,27,27,27,27,27,27,27,27,27,27
340480,1,1,0,0,24,8,13,7,0,0,4,0
340480,2,1,0,0,0,0,0,0,0,0,0,0
340480,3,1,14,17,23,0,0,24,0,23,40,16
340481,1,1,0,0,0,0,0,5,0,0,0,0
340482,0,1,0,0,0,0,0,0,0,0,0,0
340482,1,1,0,0,0,0,0,0,0,0,0,0
340483,1,1,0,0,0,0,0,0,0,0,0,0
340483,2,1,0,0,0,0,0,0,0,0,0,0
340484,0,1,0,0,0,0,0,0,0,0,0,0
340484,1,1,23,23,23,23,23,23,23,23,23,23
340485,1,1,12,12,12,12,12,12,12,12,12,12
340486,1,1,0,0,0,0,0,0,0,0,0,0
340487,1,1,0,0,0,0,0,0,0,0,0,0
340487,2,1,16,16,16,16,16,16,16,16,16,16
340488,1,1,0,0,0,0,0,0,0,0,0,0
340489,1,1,0,0,0,0,0,0,0,0,0,0
340490,1,1,4,0,0,0,0,0,0,0,0,0
340491,0,1,0,0,0,0,0,0,0,0,0,0
340491,1,1,0,0,0,0,0,0,0,0,0,0
340491,2,1,0,0,0,0,0,0,0,0,0,0
340492,1,1,36,0,0,0,0,0,0,0,19,0
340492,2,1,0,0,26,0,0,0,0,19,0,0
340493,0,1,12,12,12,12,12,12,12,12,12,12
340493,1,1,10,0,17,19,10,11,4,15,5,14
340494,0,1,0,0,0,0,0,0,0,0,0,0
340494,0,2,0,0,0,0,0,0,27,0,0,0
340494,0,3,0,0,0,0,0,0,0,0,0,0
340494,3,1,0,0,0,0,0,13,0,0,0,0
340494,5,1,0,0,0,0,0,21,11,0,0,0
340495,0,1,0,0,0,0,0,0,0,0,0,0
340495,1,1,0,0,0,0,0,0,0,0,12,0
340496,1,1,0,0,0,13,0,0,0,0,0,0
340496,2,1,0,0,0,0,0,0,0,0,0,0
340497,1,1,0,0,0,0,0,0,0,0,0,0
340498,1,1,14,14,14,14,14,14,14,14,14,14
340499,0,1,0,0,0,0,0,0,0,0,0,0
340499,1,1,0,0,0,0,0,0,0,0,0,0
340501,0,1,14,14,14,14,14,14,14,14,14,14
340501,1,1,0,0,0,0,0,0,0,2,0,0
340502,0,1,0,0,0,0,0,0,0,0,0,0
340502,1,1,12,0,0,0,0,0,0,0,0,0
340503,1,1,0,0,0,0,0,0,0,0,0,0
340503,2,1,0,0,0,0,0,0,0,0,0,0
340504,1,1,0,0,0,0,0,0,0,0,0,0
340505,1,1,0,0,0,0,0,0,0,0,0,0
340505,2,1,15,15,15,15,15,15,15,15,15,15
340506,1,1,0,0,0,0,0,0,0,0,0,0
340506,2,1,0,0,0,0,16,0,0,0,0,0
340506,3,1,0,0,0,0,0,0,0,0,0,0
340507,1,1,0,0,0,27,0,0,0,13,0,0
340508,0,1,19,19,19,19,19,19,19,19,19,19
340508,1,1,22,0,0,0,0,0,0,0,0,0
340508,2,1,0,0,0,0,0,0,0,14,0,0
340508,3,1,0,19,0,0,0,0,0,0,13,0
340509,0,1,23,29,16,14,19,10,20,18,33,18
340509,1,1,12,8,0,0,0,21,13,29,0,0
340510,1,1,0,0,0,0,0,0,0,0,0,0
340510,2,1,0,0,0,0,0,21,0,0,0,0
340511,0,1,27,27,27,27,27,27,27,27,27,27
340511,1,1,0,0,21,29,25,0,19,0,0,12
340512,0,1,0,0,0,0,0,0,0,0,0,0
340512,1,1,0,0,0,0,0,0,0,0,0,0
340513,0,1,2,2,2,2,2,2,2,2,2,2
340513,1,1,0,0,20,10,0,26,0,0,0,7
340514,0,1,0,0,0,0,0,0,0,0,0,0
340514,1,1,0,0,0,8,6,0,0,0,0,0
340515,1,1,0,0,0,0,0,0,0,0,0,0
340515,2,1,11,11,11,11,11,11,11,11,11,11
340515,3,1,12,0,0,0,0,0,0,0,0,0
340516,1,1,23,23,23,23,23,23,23,23,23,23
340517,1,1,0,0,0,0,0,0,0,0,0,0
340518,1,1,0,0,0,0,0,0,0,0,0,0
340518,2,1,0,0,0,0,0,0,0,0,0,0
340519,1,1,19,19,19,19,19,19,19,19,19,19
340520,0,1,0,0,0,0,0,0,0,0,0,0
340520,1,1,0,0,0,0,0,0,9,0,0,0
340521,1,1,14,0,0,0,0,0,18,0,0,0
340521,2,1,0,0,0,0,0,0,0,0,0,0
340521,3,1,0,0,0,0,0,0,0,0,10,0
340522,1,1,22,22,22,22,22,22,22,22,22,22
340522,2,1,0,0,0,0,0,0,0,0,0,0
340523,1,1,0,0,0,0,0,6,0,40,0,0
340523,2,1,0,0,0,0,0,0,0,0,0,0
340524,1,1,0,0,0,0,0,0,0,0,0,0
340524,2,1,0,0,0,0,0,0,0,0,0,0
340525,0,1,0,0,0,0,0,0,0,0,0,0
340525,1,1,0,0,0,0,0,0,0,0,0,0
340526,1,1,0,0,0,0,0,0,0,0,0,0
340527,0,1,21,0,0,0,0,0,0,0,0,0
340527,1,1,0,0,0,0,0,0,0,0,0,0
340528,1,1,24,24,24,24,24,24,24,24,24,24
340529,1,1,23,23,23,23,23,23,23,23,23,23
340530,0,1,3,3,3,3,3,3,3,3,3,3
340530,1,1,0,0,0,0,0,0,0,0,0,0
340531,1,1,21,21,21,21,21,21,21,21,21,21
340532,1,1,0,0,0,0,0,10,0,0,0,16
340532,2,1,0,0,0,0,0,0,0,0,0,0
340532,3,1,0,0,0,0,20,0,0,0,0,0
340533,0,1,0,0,0,0,0,0,0,0,0,0
340533,1,1,0,0,0,0,0,0,0,0,0,0
340534,1,1,0,0,0,0,0,0,0,0,0,0
340535,1,1,0,0,0,0,0,0,0,0,0,0
340535,2,1,0,0,6,0,0,0,0,0,0,0
340536,1,1,25,25,25,25,25,25,25,25,25,25
340537,1,1,0,0,0,0,0,0,0,0,0,0
340537,2,1,15,15,15,15,15,15,15,15,15,15
340538,0,1,0,0,0,0,0,0,0,0,0,0
340538,1,1,0,23,0,0,0,0,0,28,0,0
340539,1,1,0,0,0,0,0,0,0,0,0,0
340539,2,1,0,0,0,0,0,0,0,0,0,0
340540,1,1,14,14,14,14,14,14,14,14,14,14
340541,1,1,0,0,0,0,0,0,0,0,0,0
340541,2,1,5,5,5,5,5,5,5,5,5,5
340542,1,1,0,0,0,0,0,0,0,0,0,0
340544,0,1,0,0,0,0,0,0,0,0,0,0
340544,1,1,0,0,0,0,0,0,9,0,0,0
340545,0,1,18,24,0,0,0,11,20,11,0,0
340545,1,1,15,32,0,19,17,7,0,10,0,0
340546,1,1,0,2,28,9,13,0,15,18,17,0
340547,1,1,0,0,0,0,0,0,0,0,0,0
340547,2,1,0,0,0,0,0,0,0,0,0,0
340547,3,1,0,0,14,0,0,0,17,0,0,26
340548,0,1,15,15,15,15,15,15,15,15,15,15
340548,1,1,0,0,0,0,0,0,0,0,0,0
340549,1,4,14,32,8,10,0,0,0,11,7,16
340550,0,1,0,0,0,0,0,0,0,0,0,0
340550,1,1,0,0,0,0,0,0,0,0,0,0
340551,0,1,0,0,0,0,0,0,0,0,0,0
340551,1,1,0,0,0,0,3,0,0,0,4,0
340552,1,1,0,0,0,0,0,0,0,0,0,0
340553,0,1,0,0,0,0,0,0,0,0,0,0
340553,1,1,0,0,0,11,11,18,0,0,18,0
340554,0,1,0,0,0,0,0,0,0,0,0,0
340554,1,1,0,0,0,0,0,0,0,0,0,0
350001,1,1,0,0,0,0,0,0,0,0,0,0
350001,2,1,0,0,0,0,0,0,0,0,0,0
350002,1,1,0,0,0,0,0,0,0,0,0,0
350002,2,1,0,0,0,0,0,0,0,0,0,0
350003,1,1,16,16,16,16,16,16,16,16,16,16
350004,1,1,0,0,0,0,0,0,0,0,0,0
350005,1,1,0,0,0,0,0,0,0,0,0,0
350005,2,1,0,0,0,0,0,0,0,0,0,0
350006,1,1,0,0,0,0,0,0,0,0,0,0
350006,2,1,0,0,0,0,0,0,0,0,0,0
350007,1,1,0,0,0,0,0,0,0,0,0,0
350008,1,1,0,0,0,0,0,0,0,0,0,0
350008,2,1,0,0,0,0,0,0,0,0,0,0
350008,3,1,0,0,0,0,0,0,0,0,0,0
350009,1,1,0,0,0,0,0,0,0,0,0,0
350010,1,1,0,0,0,0,0,0,0,0,0,0
350010,2,1,7,25,29,0,21,20,13,20,5,0
350011,1,1,0,0,0,0,0,0,0,0,0,0
350012,1,1,6,0,4,0,0,0,0,0,0,0
350012,2,1,0,0,0,0,0,0,0,0,0,0
350013,1,1,0,0,0,0,0,0,0,0,0,0
350014,1,1,0,0,0,0,0,0,0,0,0,0
350015,1,1,0,0,0,0,0,0,0,0,0,0
350016,1,1,0,0,0,0,0,0,0,0,0,0
350016,2,1,0,0,0,0,0,0,0,0,0,0
350017,1,1,0,0,0,0,0,0,0,0,0,0
350017,2,1,0,0,0,0,0,0,0,0,0,0
350018,1,1,0,0,0,0,0,0,0,0,0,0
350019,1,1,27,27,27,27,27,27,27,27,27,27
350020,1,1,0,0,0,0,0,0,0,0,0,0
350020,2,1,0,0,0,0,0,0,0,0,0,0
350021,1,1,0,0,0,0,0,0,0,0,0,0
350021,2,1,0,0,0,0,0,0,0,0,0,0
350022,1,1,0,0,0,0,0,0,0,0,0,0
350022,2,1,0,0,0,0,0,0,0,0,0,0
350023,1,1,7,13,0,16,28,12,17,20,19,13
350023,2,1,25,22,17,17,7,11,22,6,7,26
350024,0,1,15,15,15,15,15,15,15,15,15,15
350024,1,1,0,0,0,0,0,0,0,0,0,0
350025,1,1,27,27,27,27,27,27,27,27,27,27
350026,1,1,0,0,0,0,0,0,0,0,0,0
350026,2,1,0,0,0,0,0,0,0,0,0,0
350027,1,1,22,22,22,22,22,22,22,22,22,22
350028,1,1,0,0,0,0,0,0,0,0,0,0
350029,1,1,27,27,27,27,27,27,27,27,27,27
350030,1,1,0,0,0,0,0,0,0,0,0,0
350030,2,1,0,0,0,0,0,0,0,0,0,0
350030,3,1,0,0,0,0,0,0,0,0,0,0
350031,1,1,14,14,14,14,14,14,14,14,14,14
350032,1,1,16,16,16,16,16,16,16,16,16,16
350033,1,1,0,0,0,0,0,0,0,0,0,0
350034,1,1,20,20,20,20,20,20,20,20,20,20
350035,0,1,0,0,0,0,0,0,0,0,0,0
350035,1,1,0,0,0,0,0,0,0,0,0,0
350036,1,1,18,18,18,18,18,18,18,18,18,18
350036,2,1,0,0,0,0,0,0,0,0,0,0
350037,1,1,0,0,0,0,0,0,0,0,0,0
350037,2,1,29,29,29,29,29,29,29,29,29,29
350038,1,1,34,34,34,34,34,34,34,34,34,34