ST_CASE,VEH_NO,PER_NO,P1,P2,P3,P4,P5,P6,P7,P8,P9,P10
350039,1,1,0,0,0,0,0,0,0,0,0,0
350039,2,1,0,0,0,0,0,0,0,0,0,0
350040,1,1,15,15,15,15,15,15,15,15,15,15
350041,0,1,30,30,30,30,30,30,30,30,30,30
350041,1,1,0,0,0,0,0,0,0,0,0,0
350042,1,1,0,0,0,0,0,0,0,0,0,0
350042,2,1,0,0,0,0,0,0,0,0,0,0
350044,0,1,0,0,0,0,0,0,0,0,0,0
350044,1,1,0,0,0,0,0,0,0,0,0,0
350045,1,1,0,0,0,0,0,0,0,0,0,0
350046,1,1,20,9,12,29,18,8,27,3,17,22
350047,1,1,15,18,13,0,28,0,17,11,20,25
350048,1,1,0,0,0,0,0,0,0,0,0,0
350049,1,1,13,14,21,24,13,21,18,31,31,28
350050,1,1,11,11,11,11,11,11,11,11,11,11
350051,1,1,0,0,0,0,0,0,0,0,0,0
350051,2,1,0,0,0,0,0,0,0,0,0,0
350052,1,1,0,0,0,0,0,0,0,0,0,0
350053,1,1,0,0,0,0,0,0,0,0,0,0
350054,1,1,24,24,24,24,24,24,24,24,24,24
350054,2,1,0,0,0,0,0,0,0,0,0,0
350054,3,1,0,0,0,0,0,0,0,0,0,0
350055,1,1,0,0,0,0,0,0,0,0,0,0
350056,1,1,0,0,0,0,0,0,0,0,0,0
350056,2,1,19,19,19,19,19,19,19,19,19,19
350057,1,1,0,0,0,0,0,0,0,0,0,0
350057,2,1,15,13,0,11,0,20,0,23,19,13
350057,3,1,0,0,0,0,0,0,0,0,0,0
350057,4,1,0,0,0,0,0,0,0,0,0,0
350058,1,1,0,0,0,0,0,0,0,0,0,0
350058,2,1,0,0,0,0,0,0,0,0,0,0
350058,3,1,0,0,0,0,0,0,0,0,0,0
350059,1,1,19,19,19,19,19,19,19,19,19,19
350060,1,1,0,0,0,0,0,0,0,0,0,0
350060,2,1,0,0,0,0,0,0,0,0,0,0
350061,1,1,0,0,0,0,0,0,0,0,0,0
350062,1,1,0,0,0,0,0,0,0,0,0,0
350062,2,1,0,0,0,0,0,0,0,0,0,0
350063,1,1,0,0,0,0,0,0,0,0,0,0
350063,2,1,0,0,0,0,0,0,0,0,0,0
350064,1,1,25,25,25,25,25,25,25,25,25,25
350065,1,1,0,0,0,0,0,0,0,0,0,0
350065,2,1,0,0,0,0,0,0,0,0,0,0
350066,1,1,0,0,0,0,0,0,0,0,0,0
350066,2,1,0,0,0,0,0,0,0,0,0,0
350067,1,1,0,0,0,0,0,0,0,0,0,0
350068,1,1,0,0,0,0,0,0,0,0,0,0
350068,2,1,0,0,0,0,0,0,0,0,0,0
350068,3,1,0,0,0,0,0,0,0,0,0,0
350069,1,1,22,22,22,22,22,22,22,22,22,22
350069,2,1,0,0,0,0,0,0,0,0,0,0
350070,1,1,8,16,19,5,22,17,19,13,19,22
350070,2,1,0,0,0,0,0,0,0,0,0,0
350070,3,1,0,0,0,0,0,0,0,0,0,0
350071,1,1,27,27,27,27,27,27,27,27,27,27
350072,0,1,0,0,0,0,0,0,0,0,0,0
350072,1,1,17,13,13,12,11,36,16,10,0,11
350073,1,1,12,7,17,14,14,8,15,17,13,16
350073,2,1,0,0,0,0,0,0,0,0,0,0
350073,3,1,0,0,0,0,0,0,0,0,0,0
350073,4,1,0,0,0,0,0,0,0,0,0,0
350073,5,1,0,0,0,0,0,0,0,0,0,0
350074,1,1,0,0,0,0,0,0,0,0,0,0
350074,2,1,0,0,0,0,0,0,0,0,0,0
350075,1,1,0,0,0,0,0,0,0,0,0,0
350076,1,1,18,18,18,18,18,18,18,18,18,18
350076,2,1,0,0,0,0,0,0,0,0,0,0
350077,1,1,0,0,0,0,0,0,0,0,0,0
350077,2,1,20,19,8,10,37,12,6,18,12,14
350078,0,1,29,29,29,29,29,29,29,29,29,29
350078,1,1,0,0,0,0,0,0,0,0,0,0
350079,0,1,0,0,0,0,0,0,0,0,0,0
350079,1,1,0,0,0,0,0,0,0,0,0,0
350080,1,1,0,0,0,0,0,0,0,0,0,0
350081,0,1,0,0,0,0,0,0,0,0,0,0
350081,1,1,0,0,0,0,0,0,0,0,0,0
350082,1,1,0,0,0,0,0,0,0,0,0,0
350082,2,1,0,0,0,0,0,0,0,0,0,0
350083,1,1,19,19,19,19,19,19,19,19,19,19
350084,1,1,0,0,0,0,0,0,0,0,0,0
350084,2,1,0,0,0,0,0,0,0,0,0,0
350085,1,1,0,0,0,0,0,0,0,0,0,0
350086,1,1,8,8,8,8,8,8,8,8,8,8
350087,1,1,0,0,0,0,0,0,0,0,0,0
350087,2,1,0,0,0,0,0,0,0,0,0,0
350088,1,1,0,0,0,0,0,0,0,0,0,0
350088,2,1,0,0,0,0,0,0,0,0,0,0
350090,0,1,22,22,22,22,22,22,22,22,22,22
350090,1,1,0,0,0,0,0,0,0,0,0,0
350090,2,1,0,0,0,0,0,0,0,0,0,0
350091,1,1,20,20,20,20,20,20,20,20,20,20
350092,1,1,14,14,14,14,14,14,14,14,14,14
350093,0,1,19,19,19,19,19,19,19,19,19,19
350093,1,1,0,0,0,0,0,0,0,0,0,0
350094,1,1,19,19,19,19,19,19,19,19,19,19
350095,0,1,13,13,13,13,13,13,13,13,13,13
350095,1,1,0,0,0,0,0,0,0,0,0,0
350096,1,1,22,22,22,22,22,22,22,22,22,22
350097,1,1,0,0,0,0,0,0,0,0,0,0
350097,2,1,27,27,27,27,27,27,27,27,27,27
350098,0,1,25,25,25,25,25,25,25,25,25,25
350098,1,1,0,0,0,0,0,0,0,0,0,0
350099,0,1,25,25,25,25,25,25,25,25,25,25
350099,1,1,0,0,0,0,0,0,0,0,0,0
350100,1,1,8,8,8,8,8,8,8,8,8,8
350101,1,1,14,14,14,14,14,14,14,14,14,14
350102,1,1,0,0,0,0,0,0,0,0,0,0
350102,2,1,0,0,0,0,0,0,0,0,0,0
350103,0,1,0,0,0,0,0,0,0,0,0,0
350103,1,1,0,0,0,0,0,0,0,0,0,0
350104,1,1,0,0,0,0,0,0,0,0,0,0
350104,2,1,0,0,0,0,0,0,0,0,0,0
350105,1,1,0,0,0,0,0,0,0,0,0,0
350106,0,1,13,21,21,25,22,19,19,17,32,20
350106,0,2,29,16,18,13,11,29,21,9,8,18
350106,1,1,20,18,10,34,17,10,32,28,16,12
350107,1,1,0,0,0,0,0,0,0,0,0,0
350108,1,1,23,23,23,23,23,23,23,23,23,23
350108,2,1,0,0,0,0,0,0,0,0,0,0
350109,1,1,0,0,0,0,0,0,0,0,0,0
350110,1,1,0,0,0,0,0,0,0,0,0,0
350111,1,1,0,0,0,0,0,0,0,0,0,0
350112,1,1,15,15,15,15,15,15,15,15,15,15
350113,1,1,0,0,0,0,0,0,0,0,0,0
350113,2,1,0,0,0,0,0,0,0,0,0,0
350114,1,1,0,0,0,0,0,0,0,0,0,0
350115,1,1,17,17,17,17,17,17,17,17,17,17
350116,1,1,23,23,23,23,23,23,23,23,23,23
350117,1,1,0,0,0,0,0,0,0,0,0,0
350117,2,1,0,0,0,0,0,0,0,0,0,0
350118,1,1,17,17,17,17,17,17,17,17,17,17
350118,2,1,0,0,0,0,0,0,0,0,0,0
350119,1,1,0,0,0,0,0,0,0,0,0,0
350120,1,1,0,0,0,0,0,0,0,0,0,0
350120,2,1,0,0,0,0,0,0,0,0,0,0
350121,1,1,11,11,11,11,11,11,11,11,11,11
350121,2,1,0,0,0,0,0,0,0,0,0,0
350122,1,1,0,0,0,0,0,0,0,0,0,0
350123,1,1,0,0,0,0,0,0,0,0,0,0
350124,1,1,24,24,24,24,24,24,24,24,24,24
350125,1,1,0,0,0,0,0,0,0,0,0,0
350126,0,1,39,35,17,23,19,15,22,20,23,14
350126,1,1,0,0,0,0,0,0,0,0,0,0
350127,1,1,19,19,19,19,19,19,19,19,19,19
350128,1,1,0,0,0,0,0,0,0,0,0,0
350129,1,1,0,0,0,0,0,0,0,0,0,0
350130,1,1,13,13,13,13,13,13,13,13,13,13
350132,1,1,23,23,23,23,23,23,23,23,23,23
350133,1,1,0,0,0,0,0,0,0,0,0,0
350133,2,1,0,0,0,0,0,0,0,0,0,0
350134,1,1,0,0,0,0,0,0,0,0,0,0
350135,1,1,0,0,0,0,0,0,0,0,0,0
350135,2,1,0,0,0,0,0,0,0,0,0,0
350136,1,1,0,0,0,0,0,0,0,0,0,0
350137,1,1,0,0,0,0,0,0,0,0,0,0
350138,1,1,19,25,40,21,32,16,61,15,8,14
350138,2,1,4,4,4,4,4,4,4,4,4,4
350139,1,1,0,0,0,0,0,0,0,0,0,0
350140,1,1,11,13,23,0,28,27,13,0,0,14
350141,1,1,0,0,0,0,0,0,0,0,0,0
350142,1,1,0,0,0,0,0,0,0,0,0,0
350143,1,1,0,0,0,0,0,0,0,0,0,0
350144,1,1,0,0,0,0,0,0,0,0,0,0
350144,2,1,0,0,0,0,0,0,0,0,0,0
350146,1,1,50,50,50,50,50,50,50,50,50,50
350147,1,1,0,0,0,0,0,0,0,0,0,0
350147,2,1,0,0,0,0,0,0,0,0,0,0
350148,1,1,0,0,0,0,0,0,0,0,0,0
350148,2,1,15,15,15,15,15,15,15,15,15,15
350149,1,1,0,0,0,0,0,0,0,0,0,0
350149,2,1,0,0,0,0,0,0,0,0,0,0
350150,1,1,0,0,0,0,0,0,0,0,0,0
350151,1,1,0,0,0,0,0,0,0,0,0,0
350151,2,1,0,0,0,0,0,0,0,0,0,0
350152,1,1,0,0,0,0,0,0,0,0,0,0
350152,2,1,0,0,0,0,0,0,0,0,0,0
350153,1,1,0,0,0,0,0,0,0,0,0,0
350154,1,1,16,16,16,16,16,16,16,16,16,16
350155,1,1,0,0,0,0,0,0,0,0,0,0
350155,2,1,0,0,0,0,0,0,0,0,0,0
350156,1,1,10,10,10,10,10,10,10,10,10,10
350157,0,1,0,0,0,0,0,0,0,0,0,0
350157,1,1,0,0,0,0,0,0,0,0,0,0
350158,1,1,0,0,0,0,0,0,0,0,0,0
350159,1,1,27,27,27,27,27,27,27,27,27,27
350160,0,1,0,0,0,0,0,0,0,0,0,0
350160,1,1,0,0,0,0,0,0,0,0,0,0
350161,1,1,0,0,0,0,0,0,0,0,0,0
350162,0,1,27,27,27,27,27,27,27,27,27,27
350162,1,1,15,0,0,23,13,13,9,16,0,0
350163,1,1,31,14,8,14,12,31,21,23,16,13
350164,1,1,24,20,37,9,8,16,25,30,26,8
350165,1,1,0,0,0,0,0,0,0,0,0,0
350166,1,1,16,16,16,16,16,16,16,16,16,16
350167,0,1,29,29,29,29,29,29,29,29,29,29
350167,1,1,20,0,0,20,17,29,9,0,0,0
350168,1,1,25,32,5,20,15,20,0,0,22,13
350169,1,1,0,0,0,0,0,0,0,0,0,0
350169,2,1,0,0,0,0,0,0,0,0,0,0
350170,1,1,12,12,12,12,12,12,12,12,12,12
350171,1,1,14,6,15,23,10,18,10,12,5,18
350172,1,1,0,0,0,0,0,0,0,0,0,0
350172,2,1,0,0,0,0,0,0,0,0,0,0
350173,1,1,9,15,16,15,20,13,10,9,13,12
350174,1,1,0,0,0,0,0,0,0,0,0,0
350175,1,1,12,0,19,18,0,20,0,19,8,19
350176,1,1,6,6,6,6,6,6,6,6,6,6
350177,1,1,0,0,0,0,0,0,0,0,0,0
350177,2,1,0,0,0,0,0,0,0,0,0,0
350177,3,1,0,0,0,0,0,0,0,0,0,0
350177,4,1,0,0,0,0,0,0,0,0,0,0
350178,1,1,14,14,18,7,15,15,6,6,19,6
350179,1,1,16,16,16,16,16,16,16,16,16,16
350179,2,1,0,0,0,0,0,0,0,0,0,0
350180,0,1,0,0,0,0,0,0,0,0,0,0
350180,1,1,0,0,0,0,0,0,0,0,0,0
350182,1,1,0,0,0,0,0,0,0,0,0,0
350183,1,1,22,22,22,22,22,22,22,22,22,22
350184,0,1,34,34,34,34,34,34,34,34,34,34
350184,1,1,0,0,0,0,0,0,0,0,0,0
350185,1,1,18,18,18,18,18,18,18,18,18,18
350186,1,1,10,15,3,18,0,14,21,15,0,16
350186,2,1,0,0,0,0,0,0,0,0,0,0
350187,1,1,0,0,0,0,0,0,0,0,0,0
350188,1,1,19,19,19,19,19,19,19,19,19,19
350189,1,1,0,0,0,0,0,0,0,0,0,0
350189,2,1,0,0,0,0,0,0,0,0,0,0
350190,1,1,0,0,0,0,0,0,0,0,0,0
350190,2,1,0,0,0,0,0,0,0,0,0,0
350191,1,1,0,0,0,0,0,0,0,0,0,0
350192,0,1,0,0,0,0,0,0,0,0,0,0
350192,1,1,0,0,0,0,0,0,0,0,0,0
350192,2,1,0,0,0,0,0,0,0,0,0,0
350193,1,1,7,10,13,10,9,12,12,20,17,7
350194,1,1,0,0,0,0,0,0,0,0,0,0
350195,1,1,18,15,14,31,22,8,25,18,33,16
350196,1,1,28,27,9,18,0,22,7,9,12,16
350196,2,1,0,0,0,0,0,0,0,0,0,0
350197,1,1,0,0,0,0,0,0,0,0,0,0
350197,2,1,0,0,0,0,0,0,0,0,0,0
350198,1,1,0,0,0,0,0,0,0,0,0,0
350198,2,1,0,0,0,0,0,0,0,0,0,0
350199,1,1,0,0,0,0,0,0,0,0,0,0
350199,2,1,0,0,0,0,0,0,0,0,0,0
350200,1,1,15,16,0,8,15,9,10,0,0,0
350201,1,1,0,0,0,0,0,0,0,0,0,0
350202,1,1,0,0,0,0,0,0,0,0,0,0
350202,2,1,0,0,0,0,0,0,0,0,0,0
350203,1,1,0,0,0,0,0,0,0,0,0,0
350203,2,1,0,0,0,0,0,0,0,0,0,0
350204,1,1,0,0,0,0,0,0,0,0,0,0
350205,0,1,11,35,0,24,14,32,26,32,29,8
350205,1,1,0,0,0,0,0,0,0,0,0,0
350206,1,1,28,28,28,28,28,28,28,28,28,28
350207,1,1,0,0,0,0,0,0,0,0,0,0
350208,1,1,0,0,0,0,0,0,0,0,0,0
350209,1,1,0,0,0,0,0,0,0,0,0,0
350209,2,1,0,0,0,0,0,0,0,0,0,0
350210,1,1,0,0,0,0,0,0,0,0,0,0
350210,2,1,0,0,0,0,0,0,0,0,0,0
350210,3,1,0,0,0,0,0,0,0,0,0,0
350211,1,1,0,0,0,0,0,0,0,0,0,0
350212,1,1,11,11,11,11,11,11,11,11,11,11
350214,1,1,0,0,0,0,0,0,0,0,0,0
350215,1,1,11,11,11,11,11,11,11,11,11,11
350216,1,1,0,0,0,0,0,0,0,0,0,0
350217,1,1,0,0,0,0,0,0,0,0,0,0
350217,2,1,0,0,0,0,0,0,0,0,0,0
350218,1,1,0,0,0,0,0,0,0,0,0,0
350219,1,1,0,0,0,0,0,0,0,0,0,0
350220,1,1,0,0,0,0,0,0,0,0,0,0
350220,2,1,0,0,0,0,0,0,0,0,0,0
350221,1,1,0,0,0,0,0,0,0,0,0,0
350221,2,1,0,0,0,0,0,0,0,0,0,0
350222,1,1,8,8,8,8,8,8,8,8,8,8
350222,2,1,0,0,0,0,0,0,0,0,0,0
350223,1,1,25,25,25,25,25,25,25,25,25,25
350224,0,1,0,0,0,0,0,0,0,0,0,0
350224,1,1,0,0,0,0,0,0,0,0,0,0
350225,0,1,32,32,32,32,32,32,32,32,32,32
350225,1,1,0,0,0,0,0,0,0,0,0,0
350226,1,1,0,0,0,0,0,0,0,0,0,0
350227,1,1,0,0,0,0,0,0,0,0,0,0
350229,0,1,0,0,0,0,0,0,0,0,0,0
350229,1,1,0,0,0,0,0,0,0,0,0,0
350230,0,1,0,0,0,0,0,0,0,0,0,0
350230,1,1,0,0,0,0,0,0,0,0,0,0
350231,1,1,0,0,0,0,0,0,0,0,0,0
350231,2,1,0,0,0,0,0,0,0,0,0,0
350232,1,1,0,0,0,0,0,0,0,0,0,0
350232,2,1,0,0,0,0,0,0,0,0,0,0
350233,1,1,21,21,21,21,21,21,21,21,21,21
350234,1,1,27,27,27,27,27,27,27,27,27,27
350235,1,1,16,16,16,16,16,16,16,16,16,16
350236,0,1,0,0,0,0,0,0,0,0,0,0
350236,1,1,0,0,0,0,0,0,0,0,0,0
350237,1,1,0,0,0,0,0,0,0,0,0,0
350238,1,1,0,0,0,0,0,0,0,0,0,0
350239,1,1,0,0,0,0,0,0,0,0,0,0
350240,1,1,26,26,26,26,26,26,26,26,26,26
350241,1,1,0,0,0,0,0,0,0,0,0,0
350241,2,1,0,0,0,0,0,0,0,0,0,0
350242,1,1,0,0,0,0,0,0,0,0,0,0
350242,2,1,0,0,0,0,0,0,0,0,0,0
350242,3,1,0,0,0,0,0,0,0,0,0,0
350243,1,1,25,16,7,12,13,14,8,19,28,8
350244,1,1,33,33,33,33,33,33,33,33,33,33
350245,1,1,33,33,33,33,33,33,33,33,33,33
350246,1,1,19,19,19,19,19,19,19,19,19,19
350247,1,1,0,0,0,0,0,0,0,0,0,0
350248,0,1,0,0,0,0,0,0,0,0,0,0
350248,1,1,0,0,0,0,0,0,0,0,0,0
350249,1,1,0,0,0,0,0,0,0,0,0,0
350249,2,1,0,0,0,0,0,0,0,0,0,0
350250,0,1,31,8,22,12,30,24,20,0,7,27
350250,1,1,0,0,0,0,0,0,0,0,0,0
350252,1,1,14,21,37,28,13,19,19,24,8,31
350253,1,1,0,0,0,0,0,0,0,0,0,0
350254,1,1,25,25,25,25,25,25,25,25,25,25
350255,1,1,16,21,21,15,10,28,7,12,11,23
350256,1,1,0,0,0,0,0,0,0,0,0,0
350257,1,1,0,0,0,0,0,0,0,0,0,0
350258,0,1,0,0,0,0,0,0,0,0,0,0
350258,1,1,0,0,0,0,0,0,0,0,0,0
350259,1,1,0,0,0,0,0,0,0,0,0,0
350259,2,1,0,0,0,0,0,0,0,0,0,0
350260,1,1,0,0,0,0,0,0,0,0,0,0
350261,1,1,0,0,0,0,0,0,0,0,0,0
350261,2,1,0,0,0,0,0,0,0,0,0,0
350262,0,1,0,0,0,0,0,0,0,0,0,0
350262,1,1,0,0,0,0,0,0,0,0,0,0
350263,0,1,17,17,17,17,17,17,17,17,17,17
350263,1,1,0,0,0,0,0,0,0,0,0,0
350264,0,1,0,0,0,0,0,0,0,0,0,0
350264,1,1,0,0,0,0,0,0,0,0,0,0
350265,1,1,0,0,0,0,0,0,0,0,0,0
350265,2,1,0,0,0,0,0,0,0,0,0,0
350266,1,1,10,10,10,10,10,10,10,10,10,10
350266,2,1,0,0,0,0,0,0,0,0,0,0
350267,1,1,12,12,12,12,12,12,12,12,12,12
350269,1,1,0,0,0,0,0,0,0,0,0,0
350269,2,1,0,0,0,0,0,0,0,0,0,0
350270,1,1,0,0,0,0,0,0,0,0,0,0
350270,2,1,0,0,0,0,0,0,0,0,0,0
350272,1,1,9,9,9,9,9,9,9,9,9,9
350273,1,1,0,0,0,0,0,0,0,0,0,0
350274,1,1,0,0,0,0,0,0,0,0,0,0
350274,2,1,1,1,1,1,1,1,1,1,1,1
350275,0,1,0,0,0,0,0,0,0,0,0,0
350275,1,1,0,0,0,0,0,0,0,0,0,0
350276,1,1,0,0,0,0,0,0,0,0,0,0
350276,2,1,0,0,0,0,0,0,0,0,0,0
350277,1,1,0,0,0,0,0,0,0,0,0,0
350278,1,1,0,0,0,0,0,0,0,0,0,0
350278,2,1,0,0,0,0,0,0,0,0,0,0
350279,1,1,0,0,0,0,0,0,0,0,0,0
350279,2,1,0,0,0,0,0,0,0,0,0,0
350280,1,1,9,14,4,0,12,10,9,0,8,0
350281,1,1,0,0,0,0,0,0,0,0,0,0
350282,1,1,0,0,0,0,0,0,0,0,0,0
350283,1,1,26,26,26,26,26,26,26,26,26,26
350283,2,1,0,0,0,0,0,0,0,0,0,0
350284,1,1,0,0,0,0,0,0,0,0,0,0
350284,2,1,0,0,0,0,0,0,0,0,0,0
350286,1,1,28,28,28,28,28,28,28,28,28,28
350286,2,1,19,14,21,11,16,28,40,36,18,30
350287,1,1,0,0,0,0,0,0,0,0,0,0
350287,2,1,0,0,0,0,0,0,0,0,0,0
350287,3,1,0,0,0,0,0,0,0,0,0,0
350289,1,1,0,0,0,0,0,0,0,0,0,0
350290,1,1,0,0,0,0,0,0,0,0,0,0
350290,2,1,0,0,0,0,0,0,0,0,0,0
350291,0,1,0,0,0,0,0,0,0,0,0,0
350291,1,1,9,27,23,0,11,12,25,5,24,30
350292,1,1,22,31,17,26,10,10,14,8,10,10
350293,1,1,0,0,0,0,0,0,0,0,0,0
350294,0,1,61,0,26,27,17,11,3,17,25,30
350294,1,1,0,0,0,0,0,0,0,0,0,0
350295,0,1,0,0,0,0,0,0,0,0,0,0
350295,0,2,17,0,15,10,0,8,0,0,21,28
350295,1,1,0,0,0,0,0,0,0,0,0,0
350296,1,1,0,0,0,0,0,0,0,0,0,0
350298,0,1,14,14,14,14,14,14,14,14,14,14
350298,1,1,0,0,0,0,0,0,0,0,0,0
350298,2,1,0,0,0,0,0,0,0,0,0,0
350299,1,1,0,0,0,0,0,0,0,0,0,0
350299,2,1,0,0,0,0,0,0,0,0,0,0
350300,1,1,0,0,0,0,0,0,0,0,0,0
350301,1,1,0,0,0,0,0,0,0,0,0,0
350302,1,1,0,0,0,0,0,0,0,0,0,0
350303,1,1,0,0,0,0,0,0,0,0,0,0
350303,2,1,0,0,0,0,0,0,0,0,0,0
350304,1,1,25,25,25,25,25,25,25,25,25,25
350305,1,1,1,1,1,1,1,1,1,1,1,1
350306,1,1,0,0,0,0,0,0,0,0,0,0
350306,2,1,9,9,9,9,9,9,9,9,9,9
350307,1,1,0,0,0,0,0,0,0,0,0,0
350307,2,1,0,0,0,0,0,0,0,0,0,0
350307,3,1,0,0,0,0,0,0,0,0,0,0
350309,1,1,13,13,13,13,13,13,13,13,13,13
350309,2,1,0,0,0,0,0,0,0,0,0,0
350310,1,1,0,0,0,0,0,0,0,0,0,0
350310,2,1,0,0,0,0,0,0,0,0,0,0
350311,1,1,0,0,0,0,0,0,0,0,0,0
350311,2,1,0,0,0,0,0,0,0,0,0,0
350312,1,1,0,0,0,0,0,0,0,0,0,0
350312,2,1,0,0,0,0,0,0,0,0,0,0
350313,0,1,0,0,0,0,0,0,0,0,0,0
350313,1,1,0,0,0,0,0,0,0,0,0,0
350314,1,1,23,23,23,23,23,23,23,23,23,23
350315,1,1,0,0,0,0,0,0,0,0,0,0
350315,2,1,0,0,0,0,0,0,0,0,0,0
350316,1,1,0,0,0,0,0,0,0,0,0,0
350316,2,1,0,0,0,0,0,0,0,0,0,0
350317,1,1,0,0,0,0,0,0,0,0,0,0
350317,2,1,0,0,0,0,0,0,0,0,0,0
350318,1,1,0,0,0,0,0,0,0,0,0,0
350319,1,1,0,0,0,0,0,0,0,0,0,0
350320,1,1,0,0,0,0,0,0,0,0,0,0
350321,1,1,0,0,0,0,0,0,0,0,0,0
350322,1,1,19,19,19,19,19,19,19,19,19,19
350323,1,1,0,0,0,0,0,0,0,0,0,0
350324,1,1,26,26,26,26,26,26,26,26,26,26
350325,1,1,0,0,0,0,0,0,0,0,0,0
350326,1,1,0,0,0,0,0,0,0,0,0,0
350327,1,1,13,7,6,7,9,6,10,10,9,3
350328,1,1,31,31,31,31,31,31,31,31,31,31
350330,1,1,0,33,11,16,28,40,39,14,23,21
350332,1,1,24,29,8,16,22,21,27,16,7,10
350334,1,1,12,12,12,12,12,12,12,12,12,12
350334,2,1,0,0,0,0,0,0,0,0,0,0
360001,1,1,13,13,13,13,13,13,13,13,13,13
360002,1,1,2,2,2,2,2,2,2,2,2,2
360003,1,1,28,0,12,0,0,12,0,0,0,0
360004,1,1,0,0,0,0,7,0,0,0,0,0
360005,1,1,21,21,21,21,21,21,21,21,21,21
360007,1,1,0,0,0,0,0,0,0,0,0,0
360008,0,1,0,0,0,0,0,0,0,0,0,0
360009,0,1,0,0,17,0,10,9,0,0,0,16
360009,1,1,0,9,7,0,0,5,0,0,0,0
360010,1,1,0,0,0,0,0,0,0,0,0,0
360011,1,1,0,0,0,0,0,15,0,0,0,23
360012,1,1,22,22,22,22,22,22,22,22,22,22
360013,0,1,0,0,0,0,0,0,0,0,0,0
360013,1,1,0,0,0,0,0,19,0,25,0,0
360014,1,1,12,12,12,12,12,12,12,12,12,12
360015,1,1,0,0,0,0,0,0,0,0,0,0
360017,1,1,22,22,22,22,22,22,22,22,22,22
360018,0,1,16,16,16,16,16,16,16,16,16,16
360018,1,1,0,0,17,12,16,0,16,11,9,0
360019,1,1,14,0,20,12,10,0,0,21,19,9
360020,1,1,26,26,26,26,26,26,26,26,26,26
360021,1,1,0,0,0,0,0,0,0,0,0,0
360022,0,1,15,15,15,15,15,15,15,15,15,15
360022,1,1,0,0,0,0,0,0,0,0,0,0
360023,1,1,7,7,7,7,7,7,7,7,7,7
360024,1,1,0,0,0,0,0,0,0,0,0,0
360025,1,1,16,13,13,12,15,4,26,33,19,14
360026,1,1,0,0,0,0,0,0,14,0,0,0
360027,1,1,0,0,0,0,0,0,0,0,0,0
360028,0,1,0,0,0,0,0,0,0,0,0,0
360028,1,1,0,13,7,0,23,0,0,9,0,0
360029,1,1,14,10,22,8,22,0,0,0,0,0
360030,0,1,0,0,0,0,0,0,0,0,0,0
360030,1,1,0,0,0,0,0,0,0,0,0,0
360031,0,1,0,0,0,0,0,0,0,0,0,0
360031,1,1,0,14,0,24,12,12,0,21,26,0
360031,2,1,0,0,0,0,15,0,0,0,0,0
360032,0,1,0,0,0,0,0,0,0,0,0,0
360032,1,1,0,0,0,14,0,0,0,0,0,14
360033,1,1,18,18,18,18,18,18,18,18,18,18
360034,1,1,8,8,8,8,8,8,8,8,8,8
360035,1,1,0,0,0,0,0,0,0,0,0,0
360035,2,1,0,0,0,0,0,0,0,0,0,0
360036,1,1,0,0,0,0,0,0,0,0,0,0
360036,2,1,12,0,0,0,0,0,0,0,0,0
360037,0,1,0,0,0,0,0,0,0,0,0,0
360037,1,1,0,0,0,0,0,0,0,0,0,0
360038,1,1,0,0,0,0,0,0,0,0,0,0
360038,2,1,2,2,2,2,2,2,2,2,2,2
360039,1,1,0,0,0,0,0,0,0,0,0,0
360039,2,1,0,0,0,10,0,7,0,0,0,0
360040,1,1,0,0,0,0,0,0,0,0,0,0
360040,2,1,0,0,13,0,0,0,0,0,0,0
360041,1,1,0,0,0,0,0,0,0,0,0,0
360041,2,1,18,18,18,18,18,18,18,18,18,18
360042,1,1,0,0,0,0,0,0,0,0,0,0
360042,2,1,0,0,15,0,0,0,0,0,0,13
360042,3,1,0,0,0,0,0,0,0,0,0,0
360043,1,1,0,0,0,0,0,0,0,0,0,0
360043,2,1,0,0,0,0,13,0,0,0,0,0
360043,3,1,0,0,0,0,0,0,21,0,0,0
360044,1,1,0,0,0,0,0,0,0,0,0,0
360045,1,1,16,16,16,16,16,16,16,16,16,16
360045,2,1,11,19,10,22,29,11,12,22,4,16
360046,1,1,0,0,0,0,0,0,0,0,0,0
360046,2,1,0,0,0,0,0,0,0,0,0,0
360047,1,1,0,0,0,0,0,0,0,0,0,0
360047,2,1,0,0,0,0,0,0,14,0,0,0
360048,1,1,0,0,0,0,0,0,0,0,0,0
360048,2,1,11,0,0,0,0,0,0,0,0,0
360049,1,1,0,0,0,0,0,0,0,0,12,0
360049,2,1,0,0,0,0,0,0,0,0,0,0
360050,0,1,0,0,0,0,0,0,0,0,0,0
360050,1,1,0,0,0,0,0,0,0,15,0,0
360051,1,1,0,0,0,0,0,0,0,0,0,0