ST_CASE,VEH_NO,PER_NO,P1,P2,P3,P4,P5,P6,P7,P8,P9,P10
360051,2,1,0,0,0,0,0,0,0,0,0,0
360052,1,1,0,0,0,0,0,0,0,0,0,0
360052,2,1,21,0,0,0,0,0,0,0,22,0
360053,1,1,18,18,18,18,18,18,18,18,18,18
360054,1,1,0,0,0,0,0,0,0,0,0,0
360055,1,1,0,0,0,0,0,0,0,0,0,0
360055,2,1,0,0,0,0,0,0,0,0,0,0
360056,1,1,0,0,0,0,0,0,0,0,0,0
360058,1,1,0,0,0,0,0,0,0,0,0,0
360059,1,1,0,0,0,24,0,13,0,0,0,38
360060,1,1,0,0,0,0,0,0,19,0,0,16
360060,2,1,0,0,0,0,0,0,0,0,0,0
360061,0,1,0,0,0,0,0,0,0,0,0,0
360061,1,1,0,0,0,0,0,15,0,0,0,0
360062,1,1,0,0,0,23,0,0,0,0,0,0
360063,1,1,9,9,9,9,9,9,9,9,9,9
360064,1,1,0,0,0,0,0,0,0,0,0,0
360064,2,1,0,0,13,0,0,0,0,0,0,0
360065,1,1,0,0,0,0,0,0,0,0,0,0
360066,1,1,0,0,0,0,0,0,0,0,0,0
360067,0,1,0,11,6,8,19,21,23,10,18,0
360067,1,1,23,31,6,19,11,17,43,13,13,17
360068,1,1,29,29,29,29,29,29,29,29,29,29
360068,2,1,0,0,33,0,0,0,0,0,0,0
360069,1,1,0,19,7,20,0,36,6,10,22,5
360069,2,1,0,0,0,0,0,0,0,0,0,0
360070,1,1,19,19,19,19,19,19,19,19,19,19
360071,1,1,0,0,0,0,0,0,0,0,0,0
360071,2,1,0,0,0,0,0,8,0,0,0,0
360072,1,1,23,23,23,23,23,23,23,23,23,23
360073,1,1,0,15,21,21,18,16,14,0,15,0
360074,0,1,25,25,25,25,25,25,25,25,25,25
360074,1,1,6,19,0,13,0,17,4,0,10,16
360075,1,1,21,21,21,21,21,21,21,21,21,21
360076,1,1,23,23,23,23,23,23,23,23,23,23
360077,0,1,0,0,0,0,0,0,0,0,0,0
360077,1,1,25,0,0,0,0,10,0,0,0,0
360077,2,1,0,0,0,0,0,0,0,0,0,0
360078,1,1,0,0,0,0,0,0,0,0,0,0
360079,0,1,0,0,0,0,0,0,0,0,0,0
360080,1,1,23,23,23,23,23,23,23,23,23,23
360081,1,1,13,13,13,13,13,13,13,13,13,13
360082,1,1,0,0,0,0,0,0,25,0,0,0
360082,2,1,0,14,0,0,0,0,0,0,0,13
360083,0,1,0,0,0,0,0,0,0,0,0,0
360083,1,1,8,0,0,0,14,35,21,0,0,0
360084,0,1,0,0,0,0,0,0,0,0,0,0
360084,1,1,0,0,0,0,0,0,0,0,0,0
360085,0,1,0,0,0,0,0,0,0,0,0,0
360085,1,1,0,0,0,0,0,0,0,18,0,0
360086,1,1,29,29,29,29,29,29,29,29,29,29
360086,2,1,17,0,0,14,0,5,0,0,12,0
360087,1,1,0,0,0,0,0,0,0,0,0,0
360087,2,1,0,0,0,0,0,0,0,0,0,0
360088,1,1,0,0,0,0,0,0,0,0,0,0
360088,2,1,0,0,0,0,0,0,0,0,0,11
360089,0,1,41,41,41,41,41,41,41,41,41,41
360089,1,1,0,9,14,12,0,11,0,8,0,0
360090,0,1,0,0,0,0,0,0,0,0,0,0
360090,1,1,0,16,0,0,0,0,0,0,0,3
360091,0,1,0,0,0,0,0,0,0,0,0,0
360091,1,1,0,0,0,10,0,0,0,0,0,0
360092,0,1,0,0,0,0,0,0,0,0,0,0
360092,1,1,0,0,0,0,0,0,0,0,0,0
360093,0,1,0,0,0,0,0,0,0,0,0,0
360093,1,1,17,17,17,0,0,18,14,12,0,25
360094,1,1,0,0,0,0,0,0,0,0,0,0
360094,2,1,0,13,0,0,0,0,0,0,0,0
360095,0,1,0,0,0,0,0,0,0,0,0,0
360095,1,1,0,0,19,0,0,0,0,0,0,9
360095,2,1,0,0,0,0,0,0,0,0,0,0
360095,3,1,0,0,0,0,0,0,22,0,0,0
360096,1,1,0,0,0,0,0,0,0,0,0,0
360096,2,1,0,0,0,0,0,0,0,0,0,0
360097,0,1,0,0,0,0,0,0,0,0,0,0
360097,1,1,0,21,0,0,0,0,0,0,0,0
360098,0,1,18,18,18,18,18,18,18,18,18,18
360098,1,1,0,0,0,20,0,15,0,21,0,0
360098,2,1,0,14,14,0,0,23,13,0,21,0
360099,0,1,0,0,0,0,0,0,0,0,0,0
360099,1,1,0,0,0,0,8,0,0,0,0,17
360100,0,1,26,26,26,26,26,26,26,26,26,26
360100,1,1,15,18,0,27,17,0,0,22,24,16
360101,1,1,0,0,0,0,0,0,0,0,0,0
360101,2,1,0,0,0,0,0,0,0,0,0,0
360103,1,1,0,0,0,0,0,0,0,0,0,0
360103,2,1,0,0,0,0,0,0,0,0,0,0
360104,1,1,23,23,23,23,23,23,23,23,23,23
360105,1,1,17,17,17,17,17,17,17,17,17,17
360106,1,1,0,0,0,0,0,0,0,0,0,0
360106,2,1,0,0,0,0,0,0,0,0,0,0
360107,1,1,21,0,16,0,0,0,0,0,0,9
360107,2,1,0,0,0,0,0,0,0,0,0,0
360108,1,1,2,2,2,2,2,2,2,2,2,2
360108,2,1,0,0,0,0,0,0,0,0,0,0
360109,0,1,0,0,0,0,0,0,0,0,0,0
360109,1,1,0,0,0,0,0,0,0,0,0,0
360110,1,1,0,0,0,0,0,0,0,0,0,0
360111,1,1,0,0,0,18,0,0,0,0,0,0
360111,2,1,0,0,0,0,0,0,0,0,0,0
360112,1,1,0,0,0,0,0,0,0,0,0,0
360113,0,1,0,0,0,0,0,0,0,0,0,0
360113,1,1,0,0,0,0,0,0,0,0,0,0
360114,1,1,33,27,10,0,5,25,27,24,14,13
360114,2,1,20,0,0,0,35,0,18,20,17,37
360114,3,1,0,0,16,0,10,0,12,5,0,8
360114,4,1,0,0,0,0,0,0,0,0,0,0
360114,5,1,11,22,13,15,0,10,0,0,0,11
360115,1,1,0,7,0,0,0,0,0,0,0,0
360115,2,1,0,0,0,0,0,0,0,0,0,17
360116,1,1,0,0,0,0,0,0,0,0,0,0
360116,2,1,0,0,0,0,0,0,0,0,0,0
360117,1,1,21,21,21,21,21,21,21,21,21,21
360118,1,1,0,0,0,0,0,0,0,0,0,0
360118,2,1,2,2,2,2,2,2,2,2,2,2
360119,1,1,0,0,0,0,0,0,0,0,17,0
360119,2,1,0,0,0,0,0,0,0,0,0,0
360120,1,1,21,21,21,21,21,21,21,21,21,21
360121,1,1,16,16,16,16,16,16,16,16,16,16
360122,1,1,16,15,16,0,33,23,17,19,23,15
360122,2,1,0,0,20,0,13,0,7,0,0,8
360123,1,1,0,0,0,0,8,0,0,0,0,0
360123,2,1,0,0,0,0,0,0,0,0,0,0
360124,1,1,0,0,0,0,0,0,0,0,0,0
360125,2,1,0,0,0,2,0,22,0,0,0,0
360126,0,1,0,0,0,0,0,0,0,0,0,0
360126,0,2,0,0,0,0,13,0,0,17,0,0
360126,1,1,0,0,0,0,0,16,0,0,0,22
360127,0,1,22,22,22,22,22,22,22,22,22,22
360127,1,1,0,30,28,21,13,10,14,0,32,19
360127,2,1,0,0,0,0,0,11,0,0,0,15
360128,1,1,0,0,0,0,0,0,0,0,0,0
360128,2,1,0,0,0,0,0,0,0,0,0,0
360129,0,1,0,0,0,0,0,0,0,0,0,0
360129,1,1,0,0,0,0,0,0,0,0,32,0
360129,2,1,14,0,10,0,0,0,17,20,0,17
360130,0,1,0,0,0,0,0,0,0,0,0,0
360130,1,1,0,0,0,0,0,0,0,0,0,0
360131,1,1,0,0,0,0,0,0,0,0,0,0
360131,2,1,0,0,0,0,0,18,0,19,28,0
360132,0,1,0,0,0,0,0,0,0,0,0,0
360132,1,1,0,0,0,0,0,0,0,0,0,0
360133,1,1,31,0,25,0,23,12,0,10,20,0
360134,1,1,0,0,0,0,0,0,13,0,0,25
360135,1,1,0,0,0,0,0,0,0,0,0,0
360136,1,1,20,20,20,20,20,20,20,20,20,20
360137,1,1,0,0,0,0,0,0,0,0,0,0
360137,2,1,0,6,0,0,0,0,0,0,0,0
360138,0,1,0,0,0,0,0,0,0,0,0,0
360138,1,1,0,0,0,0,0,0,0,0,0,0
360139,1,1,0,0,0,0,0,0,0,0,0,0
360139,2,1,0,0,0,0,0,0,0,0,0,0
360140,1,1,21,0,0,0,0,0,33,0,24,0
360141,1,1,0,0,0,0,9,0,0,0,0,0
360141,2,1,11,0,0,0,0,0,0,0,0,0
360142,1,1,0,20,0,4,20,0,0,0,5,0
360143,1,1,12,12,12,12,12,12,12,12,12,12
360143,2,1,0,0,0,0,0,0,20,0,0,40
360144,1,1,0,0,0,0,0,0,0,0,0,0
360144,2,1,0,0,0,0,0,0,0,0,0,0
360145,1,1,0,0,0,0,0,0,0,0,0,0
360145,2,1,0,0,0,0,0,0,0,0,0,0
360146,1,1,1,1,1,1,1,1,1,1,1,1
360146,2,1,0,0,0,0,0,0,0,0,0,0
360147,1,1,0,0,0,0,0,0,0,0,0,0
360147,2,1,0,0,0,0,0,0,0,0,0,0
360148,1,1,0,0,17,0,0,11,0,0,0,0
360149,1,1,0,0,0,0,0,0,0,0,0,0
360150,1,1,0,0,0,0,0,0,0,0,0,0
360151,1,1,19,19,19,19,19,19,19,19,19,19
360152,1,1,0,0,0,0,0,0,0,0,0,0
360152,2,1,12,10,31,0,18,22,25,10,13,0
360153,0,1,0,0,0,0,0,0,0,0,0,0
360153,1,1,29,11,28,25,10,22,14,11,21,13
360154,1,1,0,0,0,0,0,0,5,0,0,0
360154,2,1,11,0,0,10,0,0,0,0,0,0
360155,0,1,0,0,0,0,0,0,0,0,0,0
360155,1,1,0,0,0,0,0,11,0,0,0,0
360156,1,1,0,0,0,0,0,0,0,0,0,0
360156,2,1,0,0,0,0,0,0,0,0,0,0
360157,1,1,0,0,0,0,0,0,0,0,0,0
360158,1,1,0,0,0,0,0,28,0,0,0,0
360159,1,1,0,0,0,0,0,0,0,0,0,0
360160,1,1,0,0,0,0,0,0,0,0,0,0
360161,1,1,11,11,11,11,11,11,11,11,11,11
360162,1,1,0,5,10,14,0,32,19,10,11,11
360163,1,1,34,34,34,34,34,34,34,34,34,34
360164,1,1,13,13,13,13,13,13,13,13,13,13
360165,0,1,0,0,0,0,0,0,0,0,0,0
360165,1,1,0,0,0,0,0,0,0,0,0,0
360166,0,1,0,0,0,0,0,0,0,0,0,0
360166,1,1,0,0,0,0,0,0,0,0,0,0
360167,0,1,0,0,0,0,0,0,0,0,0,0
360167,1,1,0,0,0,0,0,0,0,0,0,0
360168,1,1,0,0,0,0,0,0,0,0,0,0
360168,2,1,0,0,0,3,0,0,0,0,0,0
360169,1,1,24,24,24,24,24,24,24,24,24,24
360170,0,1,3,3,3,3,3,3,3,3,3,3
360170,1,1,0,0,0,0,0,0,0,0,0,0
360171,1,1,0,0,0,0,0,0,0,0,0,0
360172,1,1,0,0,0,0,0,0,0,0,0,0
360172,2,1,0,0,0,0,0,0,0,0,0,0
360172,3,1,0,14,0,0,15,0,0,0,0,0
360172,4,1,7,0,0,0,24,0,0,0,0,0
360172,5,1,17,0,0,0,11,20,0,0,0,0
360173,1,1,0,0,0,0,0,0,0,0,0,7
360174,1,1,0,0,0,0,0,0,0,0,0,0
360175,1,1,17,17,17,17,17,17,17,17,17,17
360176,0,1,0,0,0,0,0,0,0,0,0,0
360176,1,1,0,0,0,18,0,25,0,0,0,16
360177,0,1,0,0,0,0,0,0,0,0,0,0
360177,1,1,0,0,24,0,0,0,0,0,0,0
360178,0,1,0,0,0,0,0,0,0,0,0,0
360178,1,1,0,0,0,0,0,0,0,0,0,0
360179,0,1,0,0,0,0,0,0,0,0,0,0
360179,1,1,0,0,0,0,0,0,0,0,0,0
360180,1,1,14,14,14,14,14,14,14,14,14,14
360181,1,1,0,7,0,0,0,0,0,7,6,0
360181,2,1,0,0,0,0,0,0,0,0,0,0
360182,1,1,13,13,13,13,13,13,13,13,13,13
360184,0,1,2,0,5,10,8,0,0,8,0,0
360184,1,1,0,0,0,17,0,0,0,40,0,0
360185,1,1,0,0,0,0,0,0,0,0,0,0
360185,2,1,0,0,0,0,0,0,0,0,0,0
360186,1,1,12,0,0,0,0,0,0,0,0,0
360186,2,1,0,0,0,0,0,0,0,0,0,0
360187,1,1,17,17,17,17,17,17,17,17,17,17
360188,0,1,0,0,0,0,0,0,0,0,0,0
360188,1,1,0,0,0,0,0,0,0,0,0,0
360189,1,1,23,23,23,23,23,23,23,23,23,23
360190,1,1,0,0,0,0,0,0,0,0,0,0
360191,0,1,0,17,0,0,25,13,0,20,0,12
360191,0,2,16,16,16,16,16,16,16,16,16,16
360191,0,3,0,0,0,0,20,0,0,0,17,0
360191,1,1,0,0,0,0,0,0,0,0,0,0
360192,0,1,0,0,0,0,0,0,0,0,0,0
360192,1,1,0,0,0,0,0,0,0,0,0,0
360193,0,1,0,0,0,0,0,0,0,0,0,0
360193,1,1,6,6,6,6,6,6,6,6,6,6
360194,0,1,22,22,22,22,22,22,22,22,22,22
360194,1,1,0,0,0,0,0,0,0,0,0,0
360195,1,1,0,0,0,0,0,3,0,0,14,0
360196,0,1,0,0,0,0,0,0,0,0,0,0
360196,1,1,0,0,0,0,0,14,0,0,0,7
360197,1,1,15,15,15,15,15,15,15,15,15,15
360198,1,1,0,0,0,0,0,0,0,0,0,0
360199,0,1,0,0,0,0,0,0,0,0,0,0
360199,1,1,0,0,0,0,23,0,21,0,0,0
360200,1,1,9,9,9,9,9,9,9,9,9,9
360201,1,1,0,0,0,0,0,0,0,0,0,0
360201,2,1,0,20,0,0,0,0,18,0,0,0
360202,1,1,27,27,27,27,27,27,27,27,27,27
360203,1,1,10,10,10,10,10,10,10,10,10,10
360204,1,1,14,6,0,23,14,15,7,0,19,11
360205,1,1,4,4,4,4,4,4,4,4,4,4
360205,2,1,0,0,0,0,0,0,0,0,0,0
360206,1,1,12,0,0,0,43,0,8,0,0,0
360206,2,1,0,0,0,7,0,0,0,0,0,0
360207,1,1,0,0,0,0,0,0,0,0,0,0
360207,2,1,0,0,0,0,31,0,0,0,0,0
360208,1,1,11,11,11,11,11,11,11,11,11,11
360209,1,1,0,0,0,0,0,0,0,0,0,0
360209,2,1,0,25,0,0,0,0,0,0,19,18
360210,1,1,0,0,0,0,0,0,0,0,0,0
360211,0,1,0,0,0,0,0,0,0,0,0,0
360211,1,1,0,0,11,32,0,0,0,0,0,21
360212,1,1,0,0,0,0,0,0,0,0,0,0
360214,0,1,23,18,26,0,5,0,34,0,0,20
360214,1,1,6,0,0,0,0,0,0,0,0,27
360215,1,1,12,12,12,12,12,12,12,12,12,12
360216,0,1,0,0,0,0,0,0,0,0,0,0
360216,1,1,0,0,0,0,0,0,0,0,0,0
360217,0,1,0,0,0,0,0,0,0,0,0,0
360217,1,1,0,0,0,0,0,0,0,0,0,11
360218,0,1,0,0,0,0,0,0,0,0,0,0
360218,2,1,11,0,0,0,20,5,0,0,0,0
360219,0,1,0,0,0,0,0,0,0,0,0,0
360219,1,1,0,0,0,0,0,0,0,0,0,0
360220,1,1,0,0,0,0,0,0,0,0,21,0
360220,2,1,0,0,0,0,0,0,0,0,0,0
360221,2,1,0,0,0,0,0,0,0,0,0,0
360221,3,1,0,0,0,0,0,0,0,0,0,20
360222,1,1,20,20,20,20,20,20,20,20,20,20
360222,2,1,10,30,14,10,10,27,41,6,22,14
360223,1,1,12,12,12,12,12,12,12,12,12,12
360224,0,1,18,18,18,18,18,18,18,18,18,18
360224,1,1,10,20,0,5,0,0,12,14,6,18
360225,1,1,0,0,0,0,0,0,0,0,6,0
360226,1,1,25,25,25,25,25,25,25,25,25,25
360227,0,1,0,0,0,0,0,0,0,0,0,0
360227,1,1,0,0,0,0,0,21,0,6,0,13
360228,1,1,0,0,0,0,0,0,0,0,0,0
360228,2,1,0,0,0,0,0,0,0,0,0,0
360228,3,1,0,0,0,0,0,0,0,0,0,0
360229,0,1,0,0,0,0,0,0,0,0,0,0
360229,0,2,0,0,0,0,0,0,0,0,0,0
360229,1,1,7,0,21,0,0,9,0,0,0,0
360230,0,1,0,0,0,0,0,0,0,0,0,0
360230,1,1,0,23,0,0,0,0,0,0,0,0
360231,0,1,0,0,0,0,0,0,0,0,0,0
360231,1,1,0,0,22,16,0,22,16,0,0,0
360232,0,1,0,0,0,0,0,0,0,0,0,0
360232,1,1,0,0,0,0,0,0,0,0,0,0
360232,2,1,0,0,0,0,0,0,0,0,0,0
360233,1,1,0,0,0,0,0,0,0,0,0,0
360234,1,1,0,0,14,0,19,42,0,13,0,0
360235,0,1,0,0,0,0,0,0,0,0,0,0
360235,1,1,0,0,0,16,0,0,0,0,9,0
360236,1,1,7,7,7,7,7,7,7,7,7,7
360236,2,1,0,0,0,0,0,0,0,0,0,0
360237,0,1,0,0,0,0,0,0,0,0,0,0
360237,1,1,0,0,0,0,0,0,0,0,0,0
360238,1,1,0,0,12,0,0,7,0,0,0,0
360238,2,1,14,0,0,0,0,18,0,0,0,0
360238,3,1,16,0,0,0,0,0,0,0,0,0
360239,1,1,13,13,13,13,13,13,13,13,13,13
360240,1,1,0,0,0,0,29,17,14,0,0,0
360241,1,1,0,0,0,0,0,0,0,0,0,0
360241,2,1,19,18,0,33,0,0,23,14,0,19
360242,1,1,0,0,0,0,0,0,0,0,0,0
360243,1,1,0,0,0,0,9,0,0,0,0,0
360244,0,1,0,0,0,0,0,0,0,0,0,0
360244,1,1,7,11,21,20,20,0,11,18,15,20
360244,2,1,11,0,0,0,27,0,25,0,0,0
360245,1,1,22,22,22,22,22,22,22,22,22,22
360246,1,1,13,13,13,13,13,13,13,13,13,13
360247,1,1,0,0,0,0,0,0,0,0,0,0
360248,0,1,0,0,0,0,0,0,0,0,0,0
360248,1,1,0,0,0,13,0,0,8,0,0,16
360249,0,1,0,0,0,0,0,0,0,0,0,0
360249,1,1,0,0,0,0,0,0,11,0,0,0
360250,1,1,11,11,11,11,11,11,11,11,11,11
360250,2,1,0,0,0,0,0,0,0,0,0,0
360251,1,1,0,0,0,0,0,0,0,0,0,0
360251,2,1,0,0,0,0,0,0,0,0,0,0
360252,1,1,0,0,0,0,0,0,0,0,0,0
360252,2,1,0,0,0,0,15,0,0,0,0,0
360253,1,1,0,0,0,0,0,0,0,0,0,0
360253,2,1,0,0,0,0,0,0,0,0,0,0
360254,1,1,0,0,17,0,23,0,0,15,0,0
360254,2,1,20,20,20,20,20,20,20,20,20,20
360255,1,1,10,17,21,17,12,10,7,23,12,17
360256,1,1,0,0,0,0,0,0,22,0,29,0
360257,1,1,0,0,0,0,0,0,0,0,0,0
360258,1,1,0,0,0,0,10,0,0,0,0,0
360258,2,1,0,0,0,0,0,0,0,20,15,11
360259,0,1,0,0,0,0,0,0,0,0,0,0
360259,1,1,0,0,0,0,0,0,15,0,0,0
360260,1,1,0,0,0,0,0,0,0,0,0,0
360260,2,1,0,0,0,0,0,0,0,0,0,0
360261,1,1,0,0,0,0,0,0,7,0,0,0
360261,2,1,16,16,16,16,16,16,16,16,16,16
360262,0,1,30,19,18,47,31,25,31,23,20,0
360262,1,1,0,0,0,0,0,0,0,0,0,0
360262,2,1,7,0,0,7,23,37,0,10,0,0
360264,0,1,37,37,37,37,37,37,37,37,37,37
360264,1,1,0,17,0,0,0,0,21,10,13,0
360265,1,1,0,0,0,0,0,0,0,0,0,0
360265,2,1,0,0,9,32,19,26,0,0,0,0
360266,1,1,28,28,28,28,28,28,28,28,28,28
360267,1,1,22,22,22,22,22,22,22,22,22,22
360268,0,1,1,1,1,1,1,1,1,1,1,1
360268,1,1,0,0,19,0,0,0,0,0,0,0
360268,2,1,0,13,9,0,0,0,0,7,0,0
360269,0,1,0,0,0,0,0,0,0,0,0,0
360269,1,1,7,0,16,13,6,6,28,9,0,0
360270,0,1,25,25,25,25,25,25,25,25,25,25
360270,1,1,0,0,0,0,0,0,0,0,0,3
360271,0,1,0,0,0,0,0,0,0,0,0,0
360271,1,1,0,0,0,0,0,0,0,0,28,11
360271,2,1,0,0,0,0,0,18,22,0,0,0
360271,3,1,0,0,0,27,0,0,0,10,0,11
360271,4,1,0,0,0,0,0,0,0,0,0,0
360272,1,1,0,0,0,0,0,0,0,0,0,0
360273,1,1,17,0,14,0,0,0,0,0,21,0
360274,1,1,17,19,13,13,11,12,16,4,13,20
360275,1,1,36,36,36,36,36,36,36,36,36,36
360276,1,1,16,16,16,16,16,16,16,16,16,16
360277,1,1,0,0,0,0,0,0,19,0,0,0
360277,2,1,0,0,0,0,0,0,0,0,0,0
360278,1,1,0,0,0,0,0,0,0,0,0,0
360278,2,1,0,0,0,0,3,0,0,0,0,0
360278,3,1,0,0,0,0,0,0,0,0,0,0
360279,1,1,0,0,0,0,0,0,0,0,0,0
360279,2,1,0,0,0,0,0,0,0,15,0,0
360280,1,1,0,0,12,0,0,0,0,25,0,0
360280,2,1,0,0,0,0,0,0,0,0,0,0
360281,1,1,22,30,19,20,16,14,20,6,16,24
360281,2,1,25,28,9,21,0,0,0,14,0,0
360281,3,1,0,0,0,0,0,0,0,0,0,0
360282,1,1,28,0,0,0,0,0,0,4,8,0
360282,2,1,0,0,0,0,0,0,0,0,0,0
360283,1,1,0,0,0,0,0,0,0,0,0,0
360283,2,1,0,0,0,0,0,0,0,0,0,0
360284,0,1,0,0,0,0,0,0,0,0,0,0
360284,1,1,4,0,0,0,0,0,0,0,0,0
360285,1,1,0,0,0,0,0,0,0,0,0,0
360285,2,1,0,0,0,0,0,0,0,0,0,0
360286,1,1,0,0,0,0,0,0,0,0,0,0
360286,2,1,0,0,0,0,0,0,0,0,0,0
360286,3,1,9,0,12,0,0,0,0,0,20,7
360286,4,1,0,0,0,0,0,0,0,0,15,0
360287,1,1,0,0,0,0,0,0,0,0,22,10
360287,2,1,0,0,0,0,0,0,0,0,0,0
360288,1,1,28,28,28,28,28,28,28,28,28,28
360289,1,1,0,0,0,0,0,0,0,0,0,0
360290,0,1,0,0,0,0,0,0,0,0,0,0
360290,1,1,7,0,0,0,0,0,0,0,0,0
360291,1,1,0,0,15,33,0,10,23,0,32,12
360292,1,1,0,0,0,0,0,0,0,0,0,0
360292,2,1,0,0,0,0,0,0,0,0,0,0
360293,1,1,0,0,0,0,0,0,0,0,0,0
360294,0,1,5,5,5,5,5,5,5,5,5,5
360294,1,1,0,0,16,0,0,0,22,28,8,0
360295,0,1,0,0,0,0,0,0,0,0,0,0
360295,1,1,0,0,0,0,0,0,0,0,0,0
360296,0,1,0,33,0,25,0,0,0,0,0,0
360296,1,1,0,0,0,0,0,0,0,0,0,0
360296,2,1,0,0,0,0,0,0,0,0,0,0
360297,1,1,0,0,0,0,0,0,0,0,0,0
360298,1,1,0,0,0,0,0,0,0,0,0,0
360300,1,1,14,14,14,14,14,14,14,14,14,14
360301,1,1,0,0,17,0,0,16,0,26,0,0
360301,2,1,0,0,0,0,0,0,0,0,0,0
360302,1,1,3,1,0,0,0,0,0,0,0,0
360303,1,1,0,0,0,0,12,0,0,0,0,0
360303,2,1,0,0,0,0,0,0,0,0,0,0
360304,1,1,0,0,0,0,0,0,0,0,0,0
360304,2,1,0,0,0,0,0,0,0,0,0,0
360305,0,1,0,0,0,0,0,0,0,0,0,0
360305,1,1,14,0,17,12,0,24,0,14,16,16
360306,1,1,0,0,0,0,0,0,0,0,0,0
360306,2,1,0,0,0,0,0,0,0,0,23,0
360307,1,1,0,0,0,0,0,0,0,0,0,0
360307,2,1,0,0,0,0,0,0,0,0,0,0
360308,0,1,6,6,6,6,6,6,6,6,6,6
360308,1,1,0,0,36,7,12,0,10,21,21,0
360308,2,1,0,18,28,0,0,0,0,0,0,0
360309,1,1,18,18,18,18,18,18,18,18,18,18
360310,1,1,18,18,18,18,18,18,18,18,18,18
360311,0,1,27,27,27,27,27,27,27,27,27,27
360311,1,1,10,10,10,10,10,10,10,10,10,10
360312,1,1,21,21,21,21,21,21,21,21,21,21
360312,2,1,0,0,26,0,0,0,0,17,0,0
360313,1,1,21,21,21,21,21,21,21,21,21,21
360314,1,1,21,21,21,21,21,21,21,21,21,21
360315,1,1,0,0,0,0,0,0,0,0,0,0
360316,1,1,0,0,0,0,16,0,0,0,0,0
360317,1,1,7,7,7,7,7,7,7,7,7,7
360318,1,1,0,0,0,0,0,0,0,0,0,0
360318,2,1,0,0,0,0,0,0,0,0,0,0
360319,1,1,18,15,0,20,0,21,11,15,8,0
360320,1,1,38,0,0,30,0,0,36,0,0,10
360321,1,1,0,0,0,0,0,0,0,0,0,0
360322,1,1,14,14,14,14,14,14,14,14,14,14
360323,1,1,23,17,3,19,4,0,6,24,13,24
360324,0,1,0,0,0,0,0,0,0,0,0,0
360324,1,1,6,0,2,0,0,0,19,0,0,0
360325,1,1,0,0,0,0,0,0,0,0,0,0
360326,0,1,2,2,2,2,2,2,2,2,2,2
360326,1,1,0,0,0,0,0,0,0,0,0,0
360327,0,1,0,0,0,0,0,0,0,0,0,0
360327,1,1,0,15,0,0,25,0,0,0,0,0
360328,1,1,11,11,11,11,11,11,11,11,11,11
360328,2,1,0,0,0,0,0,0,0,0,0,0
360329,1,1,21,21,21,21,21,21,21,21,21,21
360330,1,1,0,0,0,0,0,0,0,0,0,0
360330,2,1,0,0,0,0,0,0,0,0,0,0
360331,1,1,0,0,0,0,0,0,0,0,0,0
360332,1,1,0,15,13,23,0,0,0,10,7,26
360333,1,1,0,0,0,0,0,0,0,0,0,9
360334,1,1,0,0,0,0,0,0,0,0,0,0
360335,1,1,8,0,16,0,0,17,17,27,7,14
360336,1,1,0,0,0,0,0,0,0,0,0,0
360336,2,1,0,0,0,0,0,0,0,0,0,0
360337,1,1,4,9,0,0,0,0,0,0,0,0
360337,2,1,0,0,0,0,0,0,0,0,0,0
360338,1,1,9,5,12,8,22,15,27,10,21,21
360339,0,1,0,0,0,0,0,0,0,0,0,0
360339,1,1,0,13,0,0,0,0,0,0,18,0
360340,1,1,20,20,20,20,20,20,20,20,20,20
360341,1,1,0,0,0,0,0,0,0,0,0,0
360342,1,1,0,0,9,0,12,0,0,0,11,0
360343,1,1,0,0,0,0,0,9,0,14,0,0
360344,1,1,0,0,0,0,0,0,0,0,0,0
360345,1,1,8,22,14,13,12,0,39,24,9,0
360346,0,1,0,0,0,0,0,0,0,0,0,0
360346,1,1,0,0,0,0,0,0,26,0,0,0
360347,0,1,11,11,11,11,11,11,11,11,11,11
360347,1,1,8,0,0,16,0,18,15,18,0,14
360348,1,1,6,31,9,4,19,9,0,11,18,8
360348,2,1,0,0,0,8,3,9,0,10,16,6
360349,0,1,0,0,0,0,0,0,0,0,0,0
360349,1,1,0,21,0,7,0,0,0,0,0,9
360350,1,1,13,13,13,13,13,13,13,13,13,13
360351,0,1,0,0,0,0,0,0,0,0,0,0
360351,1,1,8,16,8,0,0,0,0,0,0,0
360352,1,1,15,15,15,15,15,15,15,15,15,15
360352,2,1,0,0,0,0,0,0,15,0,0,0
360353,1,1,0,0,0,0,0,0,0,0,0,0
360353,2,1,0,0,0,0,0,0,0,0,0,0
360354,1,1,0,0,0,0,0,0,0,0,0,0
360354,2,1,0,0,0,0,0,0,0,0,0,0
360356,1,1,9,12,9,0,13,22,22,0,0,0
360357,1,1,0,0,0,0,0,0,0,0,0,0
360358,1,1,19,19,19,19,19,19,19,19,19,19
360359,1,1,0,0,0,0,25,0,0,0,0,0
360359,2,1,2,2,2,2,2,2,2,2,2,2