ST_CASE,VEH_NO,PER_NO,P1,P2,P3,P4,P5,P6,P7,P8,P9,P10
360360,1,1,0,0,0,0,0,0,0,0,0,0
360361,1,1,18,6,0,15,6,0,5,0,9,0
360362,0,1,15,15,15,15,15,15,15,15,15,15
360362,1,1,0,0,0,0,0,0,0,0,0,0
360363,1,1,0,0,0,0,0,0,0,0,0,0
360364,1,1,0,0,0,0,0,0,0,0,0,0
360365,0,1,0,0,0,0,0,0,0,0,0,0
360365,1,1,0,0,0,0,0,0,0,0,0,0
360366,1,1,23,23,23,23,23,23,23,23,23,23
360366,2,1,0,0,0,0,0,0,0,0,0,0
360367,1,1,0,0,0,0,0,0,0,0,0,0
360367,2,1,0,0,0,0,0,0,0,0,0,0
360368,1,1,0,0,0,0,0,0,11,0,0,0
360368,2,1,0,0,0,0,0,0,0,0,0,0
360369,1,1,0,0,0,0,0,0,0,0,0,0
360370,1,1,12,4,36,11,6,10,37,9,23,19
360371,1,1,0,0,0,0,0,0,0,0,0,0
360371,2,1,14,0,0,0,14,0,0,0,0,0
360372,1,1,13,25,22,0,9,10,0,13,17,8
360372,2,1,0,0,0,0,0,0,0,0,0,0
360372,3,1,0,0,0,0,0,0,0,0,0,0
360373,1,1,0,0,0,0,0,0,0,0,0,0
360374,0,1,0,0,0,0,0,0,0,0,0,0
360374,1,1,0,0,0,0,0,2,0,0,0,0
360374,2,1,0,0,0,0,0,0,0,0,0,0
360375,1,1,16,10,17,29,16,10,12,14,9,8
360376,1,1,15,15,15,15,15,15,15,15,15,15
360377,1,1,0,0,0,0,0,0,24,0,0,0
360377,2,1,0,0,0,0,0,0,0,0,0,0
360378,0,1,23,23,23,23,23,23,23,23,23,23
360378,1,1,0,0,0,0,0,0,0,0,0,14
360379,1,1,20,20,20,20,20,20,20,20,20,20
360380,1,1,22,22,22,22,22,22,22,22,22,22
360381,1,1,0,0,0,0,0,0,0,0,0,0
360382,1,1,17,17,17,17,17,17,17,17,17,17
360383,1,1,0,0,0,0,0,0,0,0,0,0
360383,2,1,0,0,0,0,0,0,0,0,0,0
360384,1,1,0,0,0,0,0,0,0,0,0,0
360385,0,1,28,18,0,0,12,20,0,23,25,26
360385,1,1,0,0,0,0,0,0,0,0,0,0
360387,1,1,0,0,0,0,0,0,0,0,0,0
360387,2,1,0,0,0,0,0,0,0,0,0,0
360387,3,1,0,0,0,0,0,0,0,0,0,0
360388,1,1,0,0,0,0,0,0,0,0,0,0
360388,2,1,0,0,0,0,0,0,0,0,0,0
360389,1,1,6,6,6,6,6,6,6,6,6,6
360390,1,1,10,10,10,10,10,10,10,10,10,10
360391,1,1,0,0,0,0,0,0,0,0,0,0
360391,2,1,0,0,0,0,0,0,0,0,0,0
360392,0,1,14,14,14,14,14,14,14,14,14,14
360392,1,1,0,0,0,0,0,0,0,0,0,0
360393,1,1,0,0,0,0,0,0,0,0,0,0
360394,1,1,18,18,18,18,18,18,18,18,18,18
360395,1,1,0,0,0,24,9,0,21,0,6,0
360395,3,1,26,0,11,0,13,21,0,0,0,0
360396,1,1,0,0,0,0,0,0,0,0,0,0
360397,0,1,0,0,0,0,0,0,0,0,0,0
360397,1,1,31,15,0,0,0,17,0,0,0,0
360398,0,1,0,0,0,0,0,0,0,0,0,0
360398,1,1,0,0,0,0,16,0,0,0,0,0
360399,1,1,0,0,0,0,0,0,0,0,0,0
360399,2,1,0,0,0,0,0,0,0,0,0,0
360400,1,1,12,12,12,12,12,12,12,12,12,12
360401,1,1,0,6,24,14,18,7,19,21,0,15
360402,1,1,0,0,0,0,0,0,0,0,0,0
360403,1,1,0,0,0,0,0,0,0,9,0,0
360403,2,1,10,10,10,10,10,10,10,10,10,10
360404,1,1,0,11,0,0,0,0,0,21,0,0
360404,2,1,0,0,0,0,0,0,0,0,0,0
360405,1,1,0,0,0,0,0,13,15,0,25,2
360405,2,1,0,0,0,0,0,0,0,0,0,0
360405,3,1,57,57,57,57,57,57,57,57,57,57
360406,1,1,0,0,0,0,5,20,0,0,0,0
360406,2,1,0,0,0,0,0,0,0,0,0,0
360407,1,1,0,0,0,0,0,0,0,0,0,0
360407,2,1,0,0,20,0,0,0,0,0,0,0
360407,3,1,0,0,0,0,0,0,0,0,0,0
360408,1,1,0,0,0,0,0,0,0,0,0,0
360408,2,1,0,0,0,0,0,0,0,0,0,0
360409,0,1,0,0,0,0,0,0,0,0,0,0
360409,1,1,0,0,0,6,0,0,0,6,0,21
360410,1,1,13,13,13,13,13,13,13,13,13,13
360411,1,1,0,0,0,0,4,15,0,6,0,0
360412,0,1,14,14,14,14,14,14,14,14,14,14
360412,1,1,0,0,18,26,20,14,0,0,21,15
360413,1,1,12,12,12,12,12,12,12,12,12,12
360414,0,1,0,0,0,0,0,0,0,0,0,0
360414,1,1,0,0,19,0,0,8,18,0,0,0
360415,1,1,0,0,0,0,0,8,0,0,0,0
360415,2,1,0,0,0,0,0,0,0,0,0,0
360416,1,1,0,14,0,26,22,0,17,0,0,0
360416,2,1,0,0,0,0,0,0,0,0,0,0
360416,3,1,0,0,0,0,0,0,39,0,0,10
360417,1,1,0,0,0,0,0,0,0,0,0,0
360417,2,1,0,0,0,0,0,0,0,0,0,0
360418,1,1,18,18,18,18,18,18,18,18,18,18
360419,1,1,0,0,0,0,0,0,0,0,0,0
360420,1,1,14,14,14,14,14,14,14,14,14,14
360420,2,1,5,0,0,5,10,0,0,0,16,0
360421,1,1,0,0,0,0,0,0,0,0,0,0
360422,1,1,7,13,14,9,9,22,13,19,10,11
360423,1,1,0,0,0,0,0,0,0,0,0,0
360423,2,1,0,0,0,0,0,10,0,0,0,0
360424,1,1,0,0,0,0,0,0,0,0,0,0
360424,2,1,0,0,0,0,0,0,35,0,0,0
360425,1,1,0,0,0,0,0,26,0,0,0,0
360425,2,1,0,0,0,0,0,0,0,0,0,0
360426,0,1,23,23,23,23,23,23,23,23,23,23
360426,1,1,0,0,0,0,14,0,0,0,0,0
360427,1,1,0,0,0,0,0,0,0,0,0,0
360427,2,1,0,0,0,0,0,0,0,0,0,0
360428,1,1,0,0,0,0,0,0,0,0,0,0
360428,2,1,0,0,0,0,0,0,6,0,0,0
360429,1,1,23,23,15,36,0,26,5,18,9,0
360430,0,1,0,0,0,0,0,0,0,0,0,0
360430,1,1,0,0,0,0,0,0,0,0,0,0
360431,1,1,0,0,0,0,0,0,0,0,0,0
360431,2,1,13,0,0,12,28,14,19,0,0,0
360432,0,1,28,28,28,28,28,28,28,28,28,28
360432,1,1,0,0,0,32,0,3,0,5,0,0
360433,0,1,0,0,0,0,0,0,0,0,0,0
360433,1,1,0,0,0,21,0,0,0,0,0,0
360434,1,1,0,0,0,0,0,0,0,0,0,0
360435,1,1,55,55,55,55,55,55,55,55,55,55
360436,0,1,0,0,0,0,0,0,0,0,0,0
360436,1,1,0,0,11,0,0,0,0,4,0,0
360437,0,1,0,0,0,0,0,0,0,0,0,0
360437,1,1,0,0,0,0,0,0,11,0,0,22
360438,1,1,16,21,21,21,2,13,8,16,0,8
360439,1,1,0,0,0,0,0,14,0,0,0,0
360440,1,1,0,0,0,0,0,0,0,0,0,0
360440,2,1,0,32,0,0,0,0,0,0,0,0
360441,1,1,0,0,0,0,0,0,0,0,0,0
360442,0,1,0,0,0,0,0,0,0,0,0,0
360442,1,1,0,0,0,0,0,0,0,0,0,0
360443,1,1,0,0,0,0,28,0,16,10,0,0
360444,0,1,0,0,0,0,0,0,0,0,0,0
360444,1,1,0,17,13,13,7,19,26,9,12,21
360445,0,1,30,30,30,30,30,30,30,30,30,30
360445,1,1,14,4,10,0,7,27,21,0,0,8
360446,1,1,21,21,21,21,21,21,21,21,21,21
360447,1,1,0,0,0,0,0,0,0,0,0,0
360448,1,1,0,0,0,0,0,0,0,0,0,0
360448,2,1,0,0,0,0,0,0,0,0,0,0
360449,1,1,0,12,0,0,10,0,0,0,0,13
360449,2,1,0,0,0,0,0,0,0,0,0,0
360450,1,1,0,0,0,0,0,0,0,0,0,0
360450,2,1,8,0,0,0,0,0,0,0,0,0
360451,1,1,4,0,0,0,0,0,0,0,0,0
360451,2,1,0,0,0,0,0,0,0,0,0,0
360452,1,1,0,21,0,0,16,18,27,0,0,0
360452,2,1,0,0,0,0,0,0,0,0,0,0
360453,0,1,0,0,0,0,0,0,0,0,0,0
360453,1,1,30,0,0,0,0,0,0,0,0,0
360454,1,1,0,0,0,0,0,0,0,0,20,16
360454,2,1,0,0,0,0,0,0,0,0,0,0
360455,1,1,14,14,14,14,14,14,14,14,14,14
360456,1,1,0,0,0,0,24,0,10,0,0,0
360456,2,1,0,0,0,0,0,0,0,0,0,0
360457,1,1,0,0,0,14,0,0,0,0,0,0
360457,2,1,0,0,0,0,0,0,0,0,0,0
360458,1,1,0,0,0,0,0,0,0,0,0,0
360458,2,1,0,0,0,0,0,0,0,0,0,0
360459,1,1,0,0,0,0,0,0,0,0,0,0
360459,2,1,0,0,0,0,0,0,0,11,0,0
360460,1,1,0,0,0,0,0,0,0,0,0,0
360460,2,1,0,0,0,0,14,0,19,0,11,0
360461,1,1,10,10,10,10,10,10,10,10,10,10
360462,1,1,0,0,22,0,0,0,0,0,0,20
360463,0,1,6,0,0,20,4,0,0,0,0,0
360463,1,1,0,0,0,0,0,0,0,0,0,0
360464,1,1,16,16,16,16,16,16,16,16,16,16
360465,1,1,10,10,10,10,10,10,10,10,10,10
360466,1,1,0,0,0,0,0,0,0,0,0,0
360467,1,1,0,0,0,0,0,0,0,0,0,0
360468,1,1,0,0,0,0,0,0,0,0,0,0
360469,1,1,34,34,34,34,34,34,34,34,34,34
360469,2,1,0,0,0,0,0,0,0,0,0,0
360470,1,1,22,6,0,0,0,0,0,24,0,0
360470,2,1,0,0,0,0,0,0,0,0,0,0
360471,1,1,2,0,15,0,0,13,0,0,0,0
360472,1,1,0,0,0,0,0,6,0,0,0,0
360472,2,1,0,0,3,0,11,0,0,0,0,9
360473,0,1,0,0,0,0,0,0,0,0,0,0
360473,1,1,0,0,10,0,0,0,0,5,0,0
360474,1,1,0,0,0,0,0,11,0,0,25,0
360474,2,1,0,0,0,0,0,0,0,0,0,0
360474,3,1,0,0,0,6,0,0,0,0,0,22
360475,1,1,11,11,11,11,11,11,11,11,11,11
360476,0,1,0,0,0,0,0,0,0,0,0,0
360476,1,1,9,0,0,0,0,0,43,0,0,0
360477,1,1,0,0,0,7,0,0,0,0,0,0
360477,2,1,0,0,0,0,0,0,0,16,0,0
360478,0,1,17,17,17,17,17,17,17,17,17,17
360478,1,1,21,0,16,0,0,5,4,4,4,0
360479,1,1,0,23,11,15,0,0,0,0,0,0
360479,2,1,0,0,0,0,0,0,0,0,0,0
360480,0,1,0,0,0,0,0,0,0,0,0,0
360480,1,1,0,0,0,0,0,0,0,0,0,0
360481,1,1,24,24,24,24,24,24,24,24,24,24
360482,1,1,0,0,0,0,11,0,0,0,0,0
360482,2,1,0,0,0,0,0,0,0,0,0,0
360483,1,1,10,10,10,10,10,10,10,10,10,10
360484,1,1,16,0,0,0,0,22,0,13,0,0
360484,2,1,0,0,0,0,11,0,0,0,0,7
360485,1,1,0,0,0,0,0,0,0,0,0,19
360486,1,1,0,0,0,0,0,0,0,0,0,0
360487,0,1,0,0,0,0,0,0,0,0,0,0
360487,1,1,0,18,0,0,0,21,0,0,0,0
360488,1,1,0,0,0,0,0,0,0,0,0,0
360488,2,1,10,0,0,0,20,0,0,0,0,0
360489,1,1,0,0,0,0,0,0,0,0,0,0
360489,2,1,0,0,0,4,0,0,0,0,0,7
360489,3,1,0,0,0,0,0,0,0,0,0,0
360490,1,1,0,0,0,0,0,0,0,0,0,0
360491,1,1,0,0,0,0,0,0,0,0,0,0
360491,2,1,0,0,0,0,0,0,0,0,0,0
360491,3,1,0,0,0,22,0,3,0,0,0,0
360492,0,1,0,0,0,0,0,0,0,0,0,0
360492,0,2,0,0,0,0,0,0,0,0,0,0
360492,0,3,0,0,0,0,0,0,0,30,0,0
360492,1,1,0,0,0,0,0,0,0,1,0,0
360493,1,1,0,0,0,0,0,0,0,0,0,0
360494,1,1,0,5,4,0,0,0,0,0,3,0
360494,2,1,0,0,32,32,21,21,0,0,4,15
360494,3,1,0,0,0,0,0,0,0,0,0,0
360495,1,1,0,0,0,0,0,0,0,0,0,37
360496,1,1,14,14,14,14,14,14,14,14,14,14
360497,1,1,11,9,17,9,14,2,23,8,7,7
360498,1,1,0,0,0,0,0,0,0,0,0,0
360499,1,1,0,0,0,0,0,0,0,0,0,0
360499,2,1,0,0,0,0,0,0,0,0,0,0
360500,1,1,0,0,0,0,0,0,0,0,0,0
360501,1,1,11,16,0,18,23,10,3,16,20,12
360502,1,1,33,14,13,14,14,9,0,0,0,12
360502,2,1,0,0,0,0,0,0,0,0,0,6
360503,1,1,0,0,0,0,0,0,0,0,0,0
360504,0,1,0,0,0,0,0,0,0,0,0,0
360504,1,1,0,0,0,0,0,0,0,0,0,0
360505,0,1,19,19,19,19,19,19,19,19,19,19
360505,1,1,9,0,0,24,19,21,0,14,0,0
360506,1,1,0,0,0,0,0,0,0,0,19,0
360506,2,1,0,0,0,0,0,0,0,0,0,0
360507,1,1,0,0,0,0,0,0,0,0,0,0
360507,2,1,2,28,0,0,0,0,0,0,0,0
360508,0,1,33,33,33,33,33,33,33,33,33,33
360508,1,1,28,0,15,24,15,0,0,17,0,10
360509,1,1,0,0,0,0,19,3,12,0,0,0
360510,1,1,0,0,0,0,0,0,0,0,0,0
360511,0,1,0,0,0,18,23,32,15,15,4,0
360511,1,1,0,26,33,18,13,0,14,11,16,0
360512,1,1,30,30,30,30,30,30,30,30,30,30
360513,1,1,0,0,0,0,0,0,0,0,0,0
360514,0,1,16,16,16,16,16,16,16,16,16,16
360514,1,1,0,0,0,0,0,0,0,0,0,16
360515,1,1,0,0,0,0,0,0,0,0,0,0
360516,0,1,0,0,0,0,0,0,0,0,0,0
360516,1,1,0,0,0,18,0,0,35,10,7,0
360517,0,1,0,0,0,0,0,0,0,0,0,0
360517,1,1,0,0,0,0,0,0,0,0,0,9
360518,0,1,0,0,0,0,0,0,0,0,0,0
360518,1,1,0,0,0,0,0,0,0,0,0,0
360519,1,1,0,0,0,20,0,0,0,0,0,0
360519,2,1,0,0,0,0,0,0,0,0,0,0
360520,1,1,0,0,0,0,0,0,0,0,0,0
360521,0,1,0,0,0,0,0,0,0,0,0,0
360521,1,1,14,0,0,0,0,0,0,0,0,0
360522,1,1,16,16,16,16,16,16,16,16,16,16
360523,1,1,36,36,36,36,36,36,36,36,36,36
360524,1,1,12,12,12,12,12,12,12,12,12,12
360525,0,1,0,0,0,0,0,0,0,0,0,0
360525,1,1,0,31,0,6,20,11,0,0,0,9
360526,1,1,0,0,0,0,0,0,0,0,0,0
360527,0,1,17,17,17,17,17,17,17,17,17,17
360527,1,1,0,13,0,7,22,9,0,0,0,0
360528,0,1,0,0,0,0,0,0,0,0,0,0
360528,1,1,0,0,0,0,0,0,0,0,0,0
360529,0,1,0,0,0,0,0,0,0,0,0,0
360529,1,1,19,0,0,0,0,0,0,0,0,0
360530,0,1,0,0,0,0,0,0,0,0,0,0
360530,1,1,0,0,0,0,0,0,0,0,0,0
360531,1,1,0,0,0,0,0,0,0,0,0,0
360531,2,1,0,0,0,0,0,10,0,0,0,0
360532,1,1,0,0,0,0,0,0,0,0,0,0
360532,2,1,17,17,17,17,17,17,17,17,17,17
360533,1,1,0,0,0,15,20,0,0,0,0,0
360533,2,1,0,19,0,0,0,25,0,0,0,0
360533,3,1,27,0,0,0,0,0,0,0,0,18
360534,1,1,15,15,15,15,15,15,15,15,15,15
360535,1,1,12,8,9,8,8,17,21,14,8,0
360536,1,1,0,0,0,0,0,0,0,0,0,0
360537,1,1,0,0,0,0,0,0,0,0,0,0
360538,0,1,0,0,0,0,0,0,0,0,0,0
360538,1,1,0,4,4,36,0,6,18,8,6,20
360538,2,1,0,0,0,0,0,0,0,0,0,0
360539,0,1,0,0,0,0,0,0,0,0,0,0
360539,1,1,0,0,0,0,0,0,0,0,0,0
360540,0,1,0,0,0,0,0,0,0,0,0,0
360540,1,1,19,0,0,0,0,0,0,0,0,0
360541,0,1,19,19,19,19,19,19,19,19,19,19
360541,1,1,0,0,0,0,23,0,0,0,0,18
360542,0,1,0,0,0,0,0,0,0,0,0,0
360542,1,1,18,4,9,8,16,9,14,0,18,0
360542,2,1,0,0,19,22,0,0,0,8,0,0
360543,0,1,0,0,0,0,0,0,0,0,0,0
360543,1,1,9,13,11,16,5,14,26,4,16,36
360544,1,1,0,14,0,15,0,0,0,0,15,0
360544,2,1,6,33,8,15,19,19,0,0,0,0
360544,3,1,0,6,0,0,0,0,19,0,0,0
360545,1,1,0,0,0,0,0,0,0,0,0,0
360546,1,1,0,0,0,0,0,0,0,0,0,0
360547,1,1,0,0,0,0,0,9,0,0,0,0
360547,2,1,0,0,0,0,0,0,0,0,0,0
360548,0,1,0,0,0,0,0,0,0,0,0,0
360548,1,1,0,0,0,4,4,0,0,0,0,0
360549,1,1,0,30,0,15,0,22,0,0,0,0
360549,2,1,0,0,14,0,0,0,0,0,0,0
360550,0,1,0,0,0,0,0,0,0,0,0,0
360550,1,1,0,3,0,0,0,0,12,0,0,0
360551,1,1,0,0,0,0,0,0,0,0,0,0
360551,2,1,0,0,0,0,0,9,0,0,0,0
360552,1,1,0,0,0,0,0,0,0,0,26,0
360552,2,1,0,0,0,0,0,0,0,0,0,0
360553,1,1,0,0,0,0,0,0,0,0,0,0
360553,2,1,0,0,0,0,0,0,0,16,0,0
360554,1,1,0,0,0,0,7,0,0,4,6,0
360554,2,1,0,28,0,0,0,0,10,0,0,0
360555,1,1,19,19,19,19,19,19,19,19,19,19
360555,2,1,0,0,0,0,0,0,0,0,0,0
360556,1,1,0,0,0,0,15,0,0,0,0,0
360556,2,1,0,0,0,0,0,6,0,0,0,0
360557,1,1,8,0,15,0,4,0,0,0,6,0
360557,2,1,0,0,0,0,0,0,0,0,0,0
360558,1,1,16,25,23,26,17,10,14,11,11,13
360559,1,1,0,0,0,0,0,0,0,0,0,0
360559,2,1,0,0,0,0,0,0,0,0,0,0
360560,0,1,0,0,0,0,0,0,0,0,0,0
360560,1,1,0,4,0,0,0,0,20,0,0,9
360561,1,1,11,11,11,11,11,11,11,11,11,11
360562,1,1,9,9,9,9,9,9,9,9,9,9
360563,1,1,0,0,0,0,0,0,0,0,0,0
360563,2,1,0,0,0,0,0,15,0,0,0,0
360564,0,1,0,0,0,0,0,0,0,0,0,0
360564,1,1,0,0,0,0,0,0,0,0,0,0
360565,1,1,23,23,23,23,23,23,23,23,23,23
360566,0,1,26,26,26,26,26,26,26,26,26,26
360566,1,1,0,0,0,0,18,23,0,0,37,8
360567,1,1,4,4,4,4,4,4,4,4,4,4
360568,1,1,0,0,0,0,0,0,0,0,0,0
360568,2,1,0,0,0,0,0,0,0,0,0,0
360569,1,1,0,0,0,0,0,0,0,0,0,0
360569,2,1,0,0,0,0,0,0,0,0,0,0
360569,3,1,0,0,5,0,0,0,0,4,0,0
360570,1,1,0,0,0,0,0,0,0,0,0,0
360571,0,1,0,0,0,0,0,0,0,0,0,0
360571,1,1,0,0,0,0,0,0,0,0,0,0
360572,1,1,14,14,14,14,14,14,14,14,14,14
360573,1,1,0,0,0,0,0,0,0,0,0,0
360574,0,1,0,0,0,0,0,0,0,0,0,0
360574,2,1,0,0,0,0,0,0,0,0,0,0
360574,3,1,0,0,23,0,0,0,0,0,0,11
360575,0,1,0,0,0,0,0,0,0,0,0,0
360575,1,1,0,0,0,0,0,0,0,0,0,0
360576,1,1,0,0,0,0,0,0,26,0,0,11
360577,1,1,0,0,0,14,0,0,0,0,0,25
360578,1,1,0,0,0,0,0,0,0,0,0,0
360579,1,1,21,21,21,21,21,21,21,21,21,21
360580,1,1,0,0,0,0,8,0,0,0,0,0
360581,1,1,5,5,5,5,5,5,5,5,5,5
360583,0,1,0,0,0,0,0,0,0,0,0,0
360583,1,1,11,0,9,0,0,33,12,0,10,0
360584,0,1,15,20,0,16,0,21,29,19,0,0
360584,0,2,0,15,0,0,12,0,38,45,4,19
360584,1,1,0,0,0,0,0,0,0,0,0,0
360585,0,1,23,23,23,23,23,23,23,23,23,23
360585,1,1,0,0,0,0,5,5,0,5,0,0
360586,1,1,0,0,0,0,0,0,0,0,0,0
360586,2,1,0,0,0,0,0,0,0,0,0,0
360587,1,1,0,0,0,0,0,0,0,0,0,0
360587,2,1,0,0,0,0,0,0,0,0,0,0
360588,1,1,0,0,0,0,0,0,6,0,14,0
360588,2,1,13,13,13,13,13,13,13,13,13,13
360589,1,1,0,0,0,0,0,0,0,0,0,0
360589,2,1,0,0,0,0,0,0,15,0,21,0
360590,0,1,0,0,0,0,0,0,0,0,0,0
360590,1,1,0,0,0,14,0,0,9,0,0,0
360591,1,1,0,0,0,0,0,0,0,0,0,0
360592,1,1,44,18,0,0,0,0,0,11,0,0
360593,1,1,0,0,0,0,0,0,0,0,0,0
360594,1,1,17,0,9,0,0,0,7,0,0,11
360595,1,1,1,1,1,1,1,1,1,1,1,1
360596,0,1,0,0,0,0,0,0,0,0,0,0
360596,1,1,0,21,0,0,0,0,0,0,21,0
360597,0,1,9,9,9,9,9,9,9,9,9,9
360597,1,1,0,0,0,0,0,0,0,0,0,0
360598,0,1,0,0,0,0,0,0,0,0,0,0
360598,1,1,0,0,0,0,0,0,14,0,0,0
360599,1,1,0,0,0,0,0,0,0,0,0,0
360599,2,1,0,0,0,0,0,0,0,0,0,0
360600,1,1,14,0,0,0,0,24,0,24,0,0
360601,1,1,18,18,18,18,18,18,18,18,18,18
360602,0,1,2,2,2,2,2,2,2,2,2,2
360602,1,1,0,39,0,5,0,18,0,11,0,11
360603,1,1,0,0,0,0,0,0,0,0,0,0
360604,1,1,0,0,0,0,0,0,0,0,0,0
360604,2,1,0,0,0,0,0,0,0,0,0,0
360605,1,1,0,0,0,0,0,0,0,0,0,0
360606,1,1,0,12,13,0,0,0,37,0,0,0
360607,0,1,0,0,0,0,0,0,0,0,0,0
360607,1,1,0,0,0,0,0,0,0,0,0,0
360608,1,1,1,1,1,1,1,1,1,1,1,1
360609,1,1,0,0,0,0,0,0,0,0,0,0
360609,2,1,0,12,26,0,0,0,0,0,17,0
360610,0,1,0,0,0,0,0,0,0,0,0,0
360610,1,1,0,12,0,0,0,31,0,0,12,0
360611,1,1,0,0,0,0,0,0,0,0,0,0
360612,1,1,0,0,0,0,0,0,0,0,0,0
360613,1,1,0,0,0,0,0,0,0,0,0,0
360613,2,1,4,0,12,10,0,0,0,4,0,0
360614,0,1,14,14,14,14,14,14,14,14,14,14
360614,1,1,0,0,0,0,0,13,0,0,0,26
360615,1,1,0,0,0,0,0,0,0,0,0,0
360616,1,1,0,0,0,0,0,0,0,0,0,0
360616,2,1,0,0,0,0,0,0,0,0,0,0
360617,0,1,0,0,0,0,0,0,0,0,0,0
360617,1,1,0,0,0,0,0,0,0,0,0,0
360618,1,1,0,0,0,0,0,0,0,0,0,0
360619,1,1,0,18,0,0,0,12,11,0,0,0
360619,2,1,0,0,0,0,0,0,0,0,0,0
360620,1,1,0,0,0,0,0,0,0,0,0,0
360620,2,1,0,8,0,5,9,11,0,5,11,0
360621,1,1,6,6,6,6,6,6,6,6,6,6
360621,2,1,0,0,0,0,0,0,0,0,0,0
360622,1,1,19,19,19,19,19,19,19,19,19,19
360623,1,1,0,0,0,0,0,0,0,0,0,0
360624,1,1,0,0,0,0,0,0,0,0,0,0
360625,0,1,16,16,16,16,16,16,16,16,16,16
360625,1,1,0,0,0,0,0,0,0,0,0,0
360626,0,1,8,8,8,8,8,8,8,8,8,8
360626,1,1,0,0,0,0,15,0,0,0,19,0
360627,2,1,0,0,0,0,0,0,0,0,0,0
360627,3,1,0,20,0,0,0,0,25,0,31,0
360628,1,1,0,0,0,0,0,0,0,0,0,0
360629,1,1,22,22,22,22,22,22,22,22,22,22
360630,2,1,17,17,17,17,17,17,17,17,17,17
360630,3,1,0,0,0,0,0,0,0,0,0,0
360631,0,1,0,0,0,0,0,0,0,0,0,0
360631,0,2,11,0,0,0,0,0,0,0,0,0
360631,0,3,0,0,0,0,0,0,0,0,0,0
360631,1,1,0,0,0,0,0,0,0,0,0,0
360632,1,1,0,0,0,0,0,0,0,0,0,0
360633,0,1,0,0,0,0,0,0,0,0,0,0
360633,1,1,0,0,0,0,0,0,0,0,0,0
360634,0,1,24,24,24,24,24,24,24,24,24,24
360634,1,1,10,0,0,0,0,0,23,19,26,27
360635,1,1,0,0,0,0,0,0,0,0,0,0
360636,1,1,0,0,0,0,0,0,0,0,0,0
360637,0,1,0,0,0,0,0,0,0,0,0,0
360637,1,1,16,20,0,0,0,0,4,19,0,33
360638,1,1,22,22,22,22,22,22,22,22,22,22
360639,1,1,0,0,23,0,15,0,0,0,0,0
360639,2,1,0,0,0,0,0,0,0,0,0,0
360640,1,1,0,0,0,0,0,0,0,0,0,0
360641,1,1,21,23,0,33,0,0,0,0,0,0
360642,1,1,17,17,17,17,17,17,17,17,17,17
360643,0,1,0,0,0,0,0,0,0,0,0,0
360643,1,1,0,0,0,0,16,6,0,0,0,0
360644,1,1,0,0,0,0,0,0,0,0,0,0
360645,0,1,0,0,0,0,0,0,0,0,0,0
360645,1,1,0,0,0,0,0,0,0,10,0,0
360646,1,1,33,19,0,23,0,19,0,0,26,0
360647,1,1,16,16,16,16,16,16,16,16,16,16
360648,1,1,0,0,0,0,0,0,0,0,0,0
360649,1,1,7,0,0,0,0,0,0,0,0,0
360650,1,1,0,0,0,0,0,0,0,0,0,0
360651,1,1,1,1,1,1,1,1,1,1,1,1
360652,1,1,0,0,0,0,0,0,0,0,0,0
360653,1,1,0,0,0,0,0,0,0,0,0,0
360653,2,1,0,0,0,0,0,16,0,0,0,17
360654,1,1,0,24,0,0,0,0,0,5,0,0
360655,1,1,0,0,0,0,0,0,0,0,0,0
360655,2,1,21,0,0,0,0,0,0,0,0,0
360656,0,1,0,0,0,0,0,0,0,0,0,0
360656,1,1,0,0,0,0,9,0,0,18,0,0
360657,0,1,0,0,0,0,0,0,0,0,0,0
360657,1,1,0,0,0,32,0,0,0,0,0,0
360658,0,1,0,0,0,0,0,0,0,0,0,0
360658,1,1,0,0,0,9,13,0,0,0,0,0
360659,0,1,0,0,0,0,0,0,0,0,0,0
360659,1,1,0,0,0,0,0,0,0,0,0,0
360660,0,1,4,4,4,4,4,4,4,4,4,4
360660,1,1,14,0,0,0,0,0,0,0,0,0
360661,1,1,0,0,0,0,0,0,0,0,0,0
360662,0,1,0,0,0,0,0,0,0,0,0,0
360662,1,1,0,6,0,0,0,0,0,0,0,0
360663,0,1,0,0,0,0,0,0,0,0,0,0
360663,1,1,0,0,17,0,0,0,0,0,0,0
360664,1,1,0,0,0,0,0,0,0,0,0,0
360665,1,1,0,0,0,0,0,0,0,0,0,0
360665,2,1,0,15,0,0,0,0,0,0,0,39
360666,1,1,6,6,6,6,6,6,6,6,6,6
360666,2,1,0,0,18,0,0,0,0,0,0,0
360666,3,1,12,0,0,0,0,0,15,0,0,0
360666,4,1,0,0,0,0,0,0,0,0,23,0
360666,5,1,0,0,0,0,0,0,0,0,0,0
360667,1,1,0,0,0,0,0,0,0,0,0,0
360667,2,1,0,0,0,0,0,0,0,0,0,0
360668,0,1,0,0,0,0,0,0,0,0,0,0
360668,1,1,0,0,0,0,0,0,0,0,0,0
360669,1,1,17,17,17,17,17,17,17,17,17,17
360670,1,1,0,0,0,0,0,0,16,0,0,0
360672,1,1,1,1,1,1,1,1,1,1,1,1
360673,1,1,0,0,0,0,0,0,0,0,0,0