ST_CASE,VEH_NO,PER_NO,P1,P2,P3,P4,P5,P6,P7,P8,P9,P10
370117,1,1,27,27,27,27,27,27,27,27,27,27
370118,0,1,0,0,0,0,0,0,0,0,0,0
370118,1,1,0,0,0,0,0,0,0,0,0,0
370119,1,1,0,0,0,0,0,0,0,0,0,0
370119,2,1,0,0,0,0,0,0,0,0,0,0
370120,1,1,0,0,0,0,0,0,0,0,0,0
370120,2,1,0,0,0,0,0,0,0,0,0,0
370121,1,1,7,7,7,7,7,7,7,7,7,7
370121,2,1,0,0,0,0,0,0,0,0,0,0
370122,1,1,3,3,3,3,3,3,3,3,3,3
370122,2,1,0,0,0,0,0,0,0,0,0,0
370123,1,1,0,0,0,0,0,0,0,0,0,0
370124,1,1,0,0,0,0,0,0,0,0,0,0
370125,1,1,24,24,24,24,24,24,24,24,24,24
370126,1,1,20,20,20,20,20,20,20,20,20,20
370127,0,1,0,0,0,0,0,0,0,0,0,0
370127,0,2,0,0,21,0,0,0,0,0,0,0
370127,1,1,23,23,23,23,23,23,23,23,23,23
370128,1,1,0,0,0,0,0,0,0,0,0,0
370129,1,1,18,18,18,18,18,18,18,18,18,18
370130,1,1,0,0,0,0,0,0,0,0,0,0
370131,1,1,26,26,26,26,26,26,26,26,26,26
370132,1,1,0,0,0,0,0,0,0,0,0,0
370133,1,1,12,12,12,12,12,12,12,12,12,12
370133,2,1,0,0,0,15,0,0,0,0,0,0
370134,1,1,0,0,0,0,0,0,0,0,0,0
370134,2,1,0,0,0,0,0,0,0,0,0,0
370135,1,1,0,0,0,0,0,0,0,0,0,0
370136,1,1,24,24,24,24,24,24,24,24,24,24
370137,1,1,19,19,19,19,19,19,19,19,19,19
370138,1,1,0,0,0,0,0,0,0,0,0,0
370138,2,1,0,0,0,0,0,0,0,0,0,0
370139,1,1,0,0,0,0,5,0,0,0,15,0
370140,1,1,0,0,0,0,0,0,0,0,0,0
370140,2,1,0,0,0,0,0,0,0,0,0,0
370141,1,1,0,16,0,0,0,0,0,0,0,0
370141,2,1,0,0,0,20,0,0,0,0,0,0
370142,1,1,0,0,0,0,0,0,0,0,0,0
370142,2,1,0,0,0,0,0,0,0,0,0,0
370143,1,1,20,20,20,20,20,20,20,20,20,20
370144,0,1,3,3,3,3,3,3,3,3,3,3
370144,1,1,0,15,0,2,0,0,0,0,0,0
370145,1,1,8,8,8,8,8,8,8,8,8,8
370146,1,1,0,0,0,0,0,0,0,0,0,0
370146,2,1,0,0,0,0,0,0,0,0,0,0
370146,3,1,0,0,0,0,0,0,0,0,0,0
370146,4,1,0,0,0,0,0,0,0,0,9,0
370146,5,1,0,0,0,0,0,0,0,0,0,0
370146,6,1,0,0,0,9,0,0,0,0,0,0
370146,7,1,0,21,0,0,0,0,0,0,0,0
370147,1,1,0,0,0,0,0,0,0,0,0,0
370147,2,1,0,0,0,0,0,0,0,0,0,0
370148,1,1,0,0,0,0,0,0,0,0,0,0
370149,0,1,0,0,0,0,0,0,0,0,0,0
370149,1,1,0,0,0,0,0,0,0,0,0,0
370150,2,1,0,0,0,0,0,0,0,0,0,0
370151,1,1,0,0,0,0,0,0,0,0,0,0
370151,2,1,0,0,0,0,0,0,0,0,14,0
370152,0,1,0,0,0,0,0,0,0,0,0,0
370153,1,1,0,0,0,0,0,0,0,0,0,0
370153,2,1,0,0,0,0,0,0,0,0,0,0
370154,1,1,0,0,0,0,0,0,0,0,0,0
370155,0,1,0,0,0,0,0,0,0,0,0,0
370155,1,1,0,0,0,0,0,0,0,0,0,0
370156,0,1,0,0,0,0,0,0,0,0,0,0
370156,1,1,0,0,0,0,0,0,0,0,0,0
370157,1,1,0,0,0,0,0,0,0,0,0,0
370157,2,1,0,0,0,0,0,0,0,0,0,0
370158,1,1,0,0,0,0,0,0,0,0,0,0
370159,1,1,0,0,0,0,0,0,0,0,0,0
370160,1,1,17,17,17,17,17,17,17,17,17,17
370161,1,1,13,13,13,13,13,13,13,13,13,13
370161,2,1,0,0,0,0,0,0,0,0,0,0
370162,0,1,0,0,0,0,0,0,0,0,0,0
370162,0,2,0,0,0,3,9,0,12,0,28,12
370162,1,1,7,0,16,6,4,12,6,23,15,12
370163,1,1,0,0,0,0,0,0,0,0,0,0
370163,2,1,0,0,0,0,0,0,0,0,0,0
370164,1,1,0,0,0,0,0,0,0,0,0,0
370165,0,1,0,0,0,0,0,0,0,0,0,0
370165,1,1,0,0,0,0,0,0,16,0,0,0
370166,1,1,0,0,0,0,0,0,0,0,0,0
370167,1,1,0,0,0,0,0,0,0,0,0,0
370168,1,1,25,25,25,25,25,25,25,25,25,25
370169,1,1,0,0,0,0,0,0,0,0,0,0
370170,1,1,0,0,0,0,0,0,0,0,0,0
370171,1,1,0,0,0,0,0,0,0,0,0,0
370172,1,1,0,0,0,0,0,0,0,0,0,0
370172,2,1,0,0,0,0,0,0,0,0,0,0
370173,1,1,0,0,0,0,0,0,0,0,0,0
370173,2,1,0,0,0,0,0,0,0,0,0,0
370174,0,1,0,0,0,0,0,0,0,0,0,0
370174,1,1,0,0,0,0,0,0,0,0,0,0
370175,1,1,18,18,18,18,18,18,18,18,18,18
370176,1,1,0,0,0,0,0,0,0,0,0,11
370176,2,1,0,0,0,0,0,0,0,0,0,0
370177,1,1,0,0,0,0,0,0,2,0,0,18
370178,1,1,0,0,0,0,7,0,0,0,0,0
370178,2,1,0,0,0,0,0,0,0,0,0,0
370178,3,1,0,0,0,0,0,0,0,0,0,0
370179,0,1,24,24,24,24,24,24,24,24,24,24
370179,1,1,0,12,0,0,0,0,0,0,0,0
370180,0,1,0,0,0,0,0,0,0,0,0,0
370180,1,1,0,0,0,0,0,0,0,0,0,0
370181,1,1,0,0,0,0,0,0,0,0,0,0
370182,1,1,17,17,17,17,17,17,17,17,17,17
370183,1,1,0,0,0,0,0,0,0,0,0,0
370184,1,1,0,0,0,0,0,0,0,0,0,0
370184,2,1,0,0,0,0,0,0,0,0,0,0
370184,3,1,0,0,0,0,0,0,0,0,0,0
370185,1,1,6,6,6,6,6,6,6,6,6,6
370186,1,1,0,0,0,0,0,0,0,0,0,0
370187,1,1,0,0,0,0,0,0,0,0,0,0
370187,2,1,0,0,0,0,0,0,0,0,0,0
370188,1,1,0,0,0,0,0,0,0,0,0,0
370189,1,1,0,0,0,0,0,0,0,0,0,0
370190,1,1,23,23,23,23,23,23,23,23,23,23
370190,2,1,12,0,0,15,0,0,0,0,0,0
370191,0,1,0,0,0,0,0,0,0,0,0,0
370191,1,1,0,0,14,0,0,17,14,0,0,0
370192,1,1,24,24,24,24,24,24,24,24,24,24
370193,1,1,26,26,26,26,26,26,26,26,26,26
370194,1,1,22,22,22,22,22,22,22,22,22,22
370195,1,1,0,0,0,0,0,0,0,0,0,0
370195,2,1,9,9,9,9,9,9,9,9,9,9
370196,0,1,0,0,0,0,0,0,0,0,0,0
370196,1,1,0,0,0,0,0,0,0,0,0,0
370197,0,1,0,0,0,0,0,0,0,0,0,0
370197,1,1,0,0,0,0,0,0,0,0,0,0
370198,1,1,17,17,17,17,17,17,17,17,17,17
370199,1,1,11,11,11,11,11,11,11,11,11,11
370200,1,1,14,14,14,14,14,14,14,14,14,14
370200,2,1,1,1,1,1,1,1,1,1,1,1
370201,1,1,27,27,27,27,27,27,27,27,27,27
370202,1,1,0,0,0,0,0,0,0,0,0,0
370202,2,1,0,0,0,0,0,0,0,0,0,0
370203,1,1,9,31,28,21,24,20,16,23,11,11
370204,1,1,0,0,0,0,0,0,0,0,0,0
370205,1,1,0,0,0,0,0,0,0,0,0,0
370206,1,1,19,19,19,19,19,19,19,19,19,19
370206,2,1,0,0,0,0,5,0,0,0,0,0
370207,0,1,7,7,7,7,7,7,7,7,7,7
370207,1,1,0,0,0,0,0,0,0,0,0,0
370208,1,1,0,0,0,0,0,0,0,0,0,0
370208,2,1,0,0,0,0,0,0,0,0,0,0
370208,3,1,0,0,0,0,0,0,0,0,0,0
370209,1,1,0,0,0,0,0,0,0,0,0,0
370209,2,1,0,0,0,0,0,0,0,0,0,0
370209,3,1,0,0,0,0,0,0,0,0,0,0
370210,0,1,0,0,0,0,0,0,0,0,0,0
370210,1,1,0,0,0,0,0,0,0,10,27,0
370211,1,1,0,0,16,0,0,0,0,0,0,0
370211,2,1,0,0,0,0,0,0,0,0,0,0
370211,3,1,0,0,0,0,0,0,0,0,0,0
370212,1,1,39,39,39,39,39,39,39,39,39,39
370213,1,1,22,22,22,22,22,22,22,22,22,22
370214,1,1,13,13,13,13,13,13,13,13,13,13
370215,1,1,0,0,0,0,0,0,0,0,0,0
370215,2,1,0,0,0,0,0,0,0,0,0,0
370216,1,1,0,0,0,0,0,0,0,0,0,0
370216,2,1,0,0,0,0,0,0,0,0,0,0
370217,1,1,0,0,0,0,0,0,0,0,0,0
370217,2,1,0,0,0,0,0,0,0,0,0,0
370218,1,1,0,0,0,0,0,0,0,0,0,0
370219,1,1,0,0,0,0,0,0,0,0,0,0
370220,1,1,12,12,12,12,12,12,12,12,12,12
370221,1,1,0,0,0,3,0,0,0,0,0,0
370221,2,1,0,0,10,0,0,0,0,0,0,0
370222,1,1,0,0,0,0,0,0,0,0,0,0
370223,1,1,17,17,17,17,17,17,17,17,17,17
370224,1,1,0,0,0,0,0,0,0,0,0,0
370224,2,1,0,0,0,14,0,0,0,0,0,0
370225,0,1,0,0,0,0,0,0,0,0,0,0
370225,1,1,0,0,0,0,0,0,0,0,0,0
370226,1,1,20,12,22,8,10,20,9,10,3,18
370227,1,1,4,4,4,4,4,4,4,4,4,4
370228,0,1,0,0,0,0,0,0,0,0,0,0
370228,1,1,0,0,0,0,0,0,0,0,0,0
370229,1,1,0,6,0,0,3,0,0,0,0,0
370230,1,1,0,0,17,0,0,0,0,0,0,0
370230,2,1,0,0,0,0,0,0,0,0,0,0
370231,1,1,18,18,18,18,18,18,18,18,18,18
370232,1,1,6,6,6,6,6,6,6,6,6,6
370233,1,1,9,9,9,9,9,9,9,9,9,9
370234,1,1,33,33,33,33,33,33,33,33,33,33
370235,1,1,0,0,0,0,0,0,0,0,0,0
370236,1,1,0,0,0,0,0,0,0,0,0,0
370236,2,1,0,0,0,0,0,0,0,0,0,0
370237,0,1,22,22,22,22,22,22,22,22,22,22
370237,1,1,0,0,13,0,0,0,0,0,0,0
370238,0,1,0,0,0,10,0,0,0,0,0,0
370238,1,1,0,0,0,0,0,0,0,0,9,0
370238,2,1,0,0,0,0,0,0,0,0,0,0
370239,1,1,16,16,16,16,16,16,16,16,16,16
370240,1,1,15,15,15,15,15,15,15,15,15,15
370241,1,1,0,0,0,0,0,0,0,0,0,0
370241,2,1,0,0,0,0,0,0,0,0,0,0
370242,1,1,12,12,12,12,12,12,12,12,12,12
370243,0,1,0,0,0,0,0,0,0,0,0,0
370243,0,2,0,0,0,0,0,0,0,0,10,0
370243,1,1,0,0,0,0,0,0,0,0,0,0
370244,0,1,0,0,0,0,0,0,0,0,0,0
370244,1,1,0,0,0,14,0,0,0,0,0,0
370245,1,1,16,16,16,16,16,16,16,16,16,16
370245,2,1,0,0,0,0,0,0,0,0,0,0
370245,3,1,0,0,0,0,0,0,0,0,0,0
370246,1,1,0,0,0,0,0,0,0,13,0,0
370246,2,1,0,0,0,0,0,0,0,0,0,0
370247,1,1,0,0,0,0,0,0,0,0,0,0
370248,1,1,20,20,20,20,20,20,20,20,20,20
370249,1,1,0,0,0,0,0,0,0,0,0,0
370249,2,1,0,0,0,0,0,0,6,0,0,0
370250,1,1,0,0,0,0,0,0,0,0,0,0
370250,2,1,0,0,0,0,0,0,0,0,0,0
370251,1,1,5,0,0,0,0,0,0,0,0,0
370251,2,1,0,0,0,0,0,0,0,0,0,0
370252,1,1,0,0,0,0,0,0,0,0,0,0
370253,1,1,0,0,0,0,0,0,0,0,0,0
370254,0,1,17,17,17,17,17,17,17,17,17,17
370254,1,1,0,0,0,0,0,0,0,0,0,0
370255,1,1,0,0,0,0,0,0,0,0,0,0
370255,2,1,0,0,0,0,0,0,0,0,0,0
370256,1,1,0,0,0,0,0,0,0,0,0,0
370256,2,1,0,0,0,0,0,0,0,0,0,0
370257,1,1,14,14,14,14,14,14,14,14,14,14
370258,1,1,25,25,25,25,25,25,25,25,25,25
370259,1,1,30,30,30,30,30,30,30,30,30,30
370260,1,1,0,0,0,0,0,0,0,0,0,0
370261,1,1,0,0,0,0,0,0,0,0,0,0
370261,2,1,0,0,0,0,0,0,0,0,0,0
370262,1,1,20,20,20,20,20,20,20,20,20,20
370263,1,1,0,0,0,0,0,0,0,0,0,0
370264,1,1,0,0,0,0,0,0,0,0,0,0
370264,2,1,0,0,0,0,0,0,0,0,0,0
370265,1,1,0,0,11,0,0,0,0,0,0,0
370265,2,1,0,0,0,0,0,0,0,0,0,0
370267,1,1,25,0,0,4,26,10,8,22,26,11
370267,2,1,0,0,0,0,0,0,0,0,0,0
370268,1,1,10,10,10,10,10,10,10,10,10,10
370269,1,1,0,0,0,0,0,0,0,0,0,0
370270,1,1,0,0,0,0,0,0,0,0,0,0
370270,2,1,0,0,0,0,0,0,0,0,0,0
370271,1,1,0,0,0,0,0,0,0,0,0,0
370272,1,1,1,1,1,1,1,1,1,1,1,1
370272,2,1,0,0,0,0,0,16,0,0,0,0
370273,1,1,0,0,0,0,0,0,0,0,0,0
370273,2,1,0,0,0,0,0,0,0,0,0,0
370274,1,1,0,0,0,0,0,0,0,0,0,0
370275,1,1,0,0,0,0,0,0,0,0,0,0
370275,2,1,0,0,0,0,0,0,0,0,0,0
370276,1,1,4,4,4,4,4,4,4,4,4,4
370277,0,1,0,0,0,0,0,0,0,0,0,0
370277,1,1,0,0,0,0,0,0,0,0,0,0
370278,1,1,17,17,17,17,17,17,17,17,17,17
370279,1,1,21,21,21,21,21,21,21,21,21,21
370280,1,1,0,0,0,0,0,0,0,0,0,0
370280,2,1,0,0,0,0,0,0,0,0,0,0
370281,1,1,0,0,0,0,0,0,0,0,0,0
370281,2,1,0,0,0,0,0,0,0,0,0,0
370281,3,1,0,0,0,0,0,0,0,0,0,0
370282,1,1,0,0,0,17,0,0,0,0,0,0
370282,2,1,0,0,0,0,0,0,0,0,0,0
370283,1,1,0,0,0,0,0,0,0,0,0,0
370283,2,1,0,0,0,0,0,0,0,0,0,0
370284,1,1,0,0,0,0,0,0,0,0,0,0
370284,2,1,0,0,0,0,0,0,0,0,0,0
370285,1,1,3,3,3,3,3,3,3,3,3,3
370285,2,1,0,0,0,0,0,0,0,0,0,8
370286,1,1,0,0,0,0,0,0,0,0,0,0
370287,1,1,0,0,0,0,0,0,0,0,0,0
370288,1,1,7,7,7,7,7,7,7,7,7,7
370289,1,1,0,0,0,0,0,0,0,0,0,0
370290,1,1,0,0,0,0,0,0,0,0,0,0
370290,2,1,0,0,0,0,0,0,0,0,0,0
370291,1,1,0,0,0,0,0,0,0,0,0,0
370291,2,1,0,0,0,0,0,0,0,0,0,0
370291,3,1,0,0,0,0,0,0,0,0,0,0
370292,1,1,0,0,0,0,0,0,0,0,0,0
370292,2,1,0,0,0,0,0,0,0,0,0,0
370293,1,1,0,0,0,0,0,0,0,0,0,0
370294,0,1,23,23,23,23,23,23,23,23,23,23
370294,1,1,0,0,0,0,0,0,0,0,0,0
370295,1,1,0,0,0,0,0,0,0,0,0,0
370296,1,1,0,0,0,0,0,0,0,0,0,0
370297,1,1,0,0,0,0,0,0,0,0,0,0
370298,1,1,0,0,0,0,0,0,0,0,0,0
370298,2,1,0,0,0,0,0,0,0,0,0,0
370299,0,1,0,0,0,0,0,0,0,0,0,0
370299,1,1,0,0,0,0,0,0,0,0,0,0
370300,1,1,33,33,33,33,33,33,33,33,33,33
370301,1,1,0,0,0,0,0,0,0,0,0,0
370302,1,1,5,5,5,5,5,5,5,5,5,5
370303,1,1,0,0,0,27,0,0,0,0,0,0
370303,2,1,0,0,0,0,11,0,0,0,0,0
370304,1,1,0,0,0,0,0,8,0,0,0,0
370304,2,1,0,0,0,0,0,0,0,0,0,0
370305,1,1,0,0,0,0,0,0,0,0,0,0
370306,1,1,0,0,0,0,0,0,0,0,0,0
370307,1,1,0,0,0,0,0,0,0,0,0,0
370308,1,1,0,0,0,0,0,0,0,0,0,0
370309,1,1,24,24,24,24,24,24,24,24,24,24
370309,2,1,0,0,0,0,0,0,0,0,0,0
370309,3,1,0,0,0,0,0,0,0,0,0,0
370310,1,1,15,15,15,15,15,15,15,15,15,15
370311,1,1,0,0,0,0,0,0,0,0,0,0
370312,1,1,11,11,11,11,11,11,11,11,11,11
370313,1,1,7,7,7,7,7,7,7,7,7,7
370314,0,1,0,0,0,0,0,0,0,0,0,0
370314,1,1,0,0,0,0,0,0,0,0,0,0
370315,0,1,9,9,9,9,9,9,9,9,9,9
370315,1,1,0,0,0,0,0,0,0,0,0,0
370316,1,1,0,0,0,0,0,0,0,0,0,0
370316,2,1,0,0,0,0,0,0,0,0,0,0
370317,1,1,0,0,0,0,0,0,0,0,0,0
370317,2,1,0,0,0,0,0,0,0,0,0,0
370318,1,1,0,0,0,0,0,0,0,0,0,0
370318,2,1,0,0,0,0,0,0,0,0,0,0
370319,1,1,23,10,0,5,12,51,19,15,4,7
370320,1,1,15,15,15,15,15,15,15,15,15,15
370320,2,1,0,0,0,19,0,0,0,0,0,0
370321,1,1,20,20,20,20,20,20,20,20,20,20
370321,2,1,2,2,2,2,2,2,2,2,2,2
370322,1,1,0,0,0,0,0,0,0,0,0,0
370322,2,1,21,7,14,15,18,10,2,10,15,10
370323,1,1,0,0,0,0,0,0,0,0,0,0
370324,1,1,2,2,2,2,2,2,2,2,2,2
370324,2,1,0,0,0,0,0,0,0,0,0,0
370325,0,1,10,10,10,10,10,10,10,10,10,10
370325,1,1,0,0,0,0,26,0,0,14,0,0
370326,0,1,22,22,22,22,22,22,22,22,22,22
370326,1,1,0,0,0,0,0,0,0,0,10,0
370327,1,1,17,17,17,17,17,17,17,17,17,17
370327,2,1,0,0,0,0,0,0,0,0,0,0
370328,1,1,0,0,12,0,15,0,0,0,0,0
370328,2,1,0,0,0,0,0,0,0,0,0,0
370328,3,1,0,0,0,0,0,0,0,0,0,0
370329,1,1,0,0,0,0,0,0,0,0,0,0
370330,1,1,0,0,0,0,0,0,0,0,0,0
370331,1,1,0,0,0,0,0,0,0,0,0,0
370332,0,1,13,13,13,13,13,13,13,13,13,13
370332,1,1,0,0,0,0,0,0,26,0,0,0
370333,1,1,0,0,0,0,0,0,0,0,0,0
370334,1,1,24,24,24,24,24,24,24,24,24,24
370335,1,1,23,23,23,23,23,23,23,23,23,23
370336,1,1,24,24,24,24,24,24,24,24,24,24
370337,1,1,0,0,21,0,0,0,0,0,0,0
370338,1,1,0,0,0,0,0,0,0,0,0,0
370338,2,1,0,0,0,0,0,0,0,0,0,0
370339,1,1,1,1,1,1,1,1,1,1,1,1
370340,0,1,0,0,0,0,0,0,0,0,0,0
370340,1,1,0,0,0,0,0,0,0,0,0,0
370341,1,1,0,0,0,0,0,0,0,0,0,0
370341,2,1,0,0,0,0,0,0,0,0,0,0
370342,1,1,0,0,0,0,0,0,0,0,0,0
370342,2,1,0,0,0,0,0,0,0,0,0,0
370343,1,1,0,0,0,0,0,0,0,0,0,0
370343,2,1,12,19,16,23,20,7,15,25,31,9
370344,1,1,0,0,0,21,0,8,0,0,0,0
370345,1,1,13,13,13,13,13,13,13,13,13,13
370346,1,1,0,0,0,0,0,0,0,0,0,0
370346,2,1,0,0,0,0,0,0,0,0,0,0
370347,1,1,0,0,0,0,0,0,0,0,0,0
370348,1,1,0,0,0,0,0,0,0,0,0,0
370349,1,1,0,0,0,0,0,0,0,0,0,0
370349,2,1,0,0,0,0,0,0,0,0,0,0
370349,3,1,0,0,5,0,0,0,0,0,0,0
370349,4,1,0,0,0,0,0,0,0,0,0,0
370350,0,1,8,8,8,8,8,8,8,8,8,8
370350,1,1,8,8,8,8,8,8,8,8,8,8
370351,0,1,16,16,16,16,16,16,16,16,16,16
370351,1,1,0,0,0,0,0,9,0,0,0,0
370351,2,1,0,0,0,0,0,0,13,0,0,0
370352,1,1,0,0,0,0,0,0,0,0,0,0
370352,2,1,0,0,0,0,0,0,0,0,0,0
370353,1,1,0,0,0,0,0,0,0,0,0,0
370354,1,1,0,0,0,0,11,0,0,0,18,0
370354,2,1,0,0,0,0,0,0,0,0,0,0
370355,1,1,30,30,30,30,30,30,30,30,30,30
370356,1,1,0,0,15,0,0,0,0,0,0,0
370356,2,1,0,0,0,0,0,0,0,0,0,0
370356,3,1,0,0,0,0,0,0,0,0,0,0
370357,1,1,23,10,0,7,27,18,10,10,10,19
370358,1,1,21,21,21,21,21,21,21,21,21,21
370358,2,1,0,0,0,0,0,0,0,0,0,0
370360,1,1,0,0,0,0,0,0,0,0,0,0
370361,1,1,0,0,0,0,0,0,0,0,0,0
370361,2,1,0,0,0,0,0,0,0,0,0,0
370362,0,1,0,0,0,0,0,0,0,0,0,0
370362,0,2,0,0,0,0,0,11,9,0,0,0
370362,0,3,0,0,0,0,0,26,18,0,0,0
370362,0,4,0,0,0,0,0,0,0,0,0,0
370362,1,1,0,0,0,0,0,0,0,0,0,0
370362,3,1,0,0,0,0,0,0,0,0,0,0
370363,1,1,0,0,0,0,0,0,0,0,0,0
370363,2,1,0,0,0,0,0,21,0,0,0,0
370364,1,1,21,21,21,21,21,21,21,21,21,21
370365,1,1,0,0,0,0,0,0,0,0,0,0
370365,2,1,0,0,0,0,0,0,0,0,0,0
370366,0,1,0,0,0,0,0,0,0,0,0,0
370366,1,1,0,0,0,0,0,0,0,0,0,0
370367,1,1,0,0,0,0,0,0,0,0,0,0
370367,2,1,0,0,0,0,0,0,0,0,0,0
370368,1,1,30,30,30,30,30,30,30,30,30,30
370369,1,1,0,0,0,0,0,0,0,0,0,0
370369,2,1,0,0,0,0,0,0,0,0,0,0
370370,0,1,0,0,0,0,0,0,0,0,0,0
370370,1,1,0,0,0,0,0,0,0,0,0,4
370371,1,1,0,0,0,0,0,0,0,0,0,0
370371,2,1,2,2,2,2,2,2,2,2,2,2
370372,1,1,0,0,0,0,0,0,0,0,0,0
370372,2,1,0,0,0,0,0,0,0,0,0,0
370373,1,1,0,0,0,4,0,0,0,0,0,0
370373,2,1,0,0,0,0,0,0,0,0,0,0
370373,3,1,0,0,0,0,0,0,18,0,0,0
370374,1,1,14,14,14,14,14,14,14,14,14,14
370374,2,1,0,0,0,0,0,0,0,0,0,0
370375,1,1,0,0,0,0,0,0,0,0,0,0
370376,1,1,16,16,16,16,16,16,16,16,16,16
370377,1,1,0,0,0,0,0,0,0,0,0,0
370377,2,1,0,0,0,0,0,0,0,0,0,0
370378,1,1,0,0,0,0,0,0,0,0,0,0
370378,2,1,0,0,0,0,0,0,0,0,0,0
370379,1,1,23,23,23,23,23,23,23,23,23,23
370380,1,1,0,0,0,0,0,0,0,0,0,0
370380,2,1,0,0,0,0,0,0,0,0,0,0
370381,1,1,12,12,12,12,12,12,12,12,12,12
370381,2,1,28,28,28,28,28,28,28,28,28,28
370382,1,1,0,0,0,0,0,0,0,0,0,0
370382,2,1,0,0,0,0,0,0,0,0,0,29
370383,1,1,13,13,13,13,13,13,13,13,13,13
370383,2,1,0,0,0,0,0,0,0,0,0,0
370384,1,1,18,18,18,18,18,18,18,18,18,18
370384,2,1,0,0,0,0,0,0,0,4,0,0
370384,3,1,0,0,0,0,0,0,0,0,0,0
370385,1,1,18,24,8,26,23,15,33,21,20,6
370386,1,1,23,23,23,23,23,23,23,23,23,23
370388,0,1,26,17,42,8,33,26,19,14,16,23
370388,1,1,29,7,18,22,11,27,18,13,12,13
370389,1,1,13,13,13,13,13,13,13,13,13,13
370390,1,1,0,0,0,0,0,0,0,0,0,0
370390,2,1,0,0,0,0,0,0,0,0,0,0
370391,1,1,0,0,0,0,0,0,0,0,0,0
370391,2,1,0,0,0,0,0,0,0,0,0,0
370392,1,1,17,17,17,17,17,17,17,17,17,17
370393,1,1,23,0,9,6,0,0,3,0,13,0
370393,2,1,0,0,0,0,0,0,0,0,0,0
370394,1,1,0,0,0,0,0,0,0,0,0,0
370394,2,1,0,0,0,0,0,0,0,0,0,0
370395,1,1,16,16,16,16,16,16,16,16,16,16
370395,2,1,0,0,0,0,0,0,0,0,0,0
370396,1,1,0,0,0,0,0,0,0,0,0,0
370397,1,1,29,29,29,29,29,29,29,29,29,29
370398,1,1,16,16,16,16,16,16,16,16,16,16
370399,1,1,0,0,0,0,0,0,0,0,0,0
370400,1,1,0,0,0,0,0,0,0,0,0,0
370401,1,1,0,0,0,0,0,0,0,0,0,0
370402,1,1,17,17,17,17,17,17,17,17,17,17
370403,1,1,0,0,0,0,0,0,0,0,0,0
370403,2,1,0,0,0,0,0,0,0,0,0,0
370404,1,1,0,0,0,0,0,0,0,0,0,0
370405,1,1,0,0,0,0,0,0,0,0,0,0
370406,1,1,15,15,15,15,15,15,15,15,15,15
370407,1,1,6,0,0,0,0,0,0,0,0,0
370408,1,1,16,16,16,16,16,16,16,16,16,16
370409,1,1,32,32,32,32,32,32,32,32,32,32
370410,1,2,0,0,15,0,0,25,45,10,27,20
370411,1,1,13,13,13,13,13,13,13,13,13,13
370412,1,1,0,0,0,0,0,0,0,0,0,0
370412,2,1,0,0,0,0,0,0,0,0,0,0
370413,1,1,0,0,0,0,0,0,0,0,0,0
370413,2,1,0,0,0,0,0,0,0,0,0,0
370414,0,1,0,0,0,0,0,0,0,0,0,0
370414,1,1,0,0,0,0,0,0,0,0,0,0
370415,0,1,19,19,19,19,19,19,19,19,19,19
370415,1,1,0,5,0,0,0,2,0,0,0,0
370416,1,1,0,0,0,0,0,0,0,0,0,0
370416,2,1,0,0,0,0,0,0,0,0,0,0
370417,1,1,0,0,0,0,0,0,0,0,0,0
370417,2,1,0,0,0,0,0,0,0,0,0,0
370418,1,1,0,25,0,0,26,0,0,0,0,0
370418,2,1,5,0,20,0,0,28,0,0,0,0
370419,1,1,0,0,0,0,0,0,0,0,0,0
370419,2,1,0,0,0,0,0,0,0,0,0,0
370420,1,1,11,11,11,11,11,11,11,11,11,11
370421,1,1,13,13,13,13,13,13,13,13,13,13
370421,2,1,0,0,0,0,0,0,0,0,0,0
370422,1,1,0,0,0,0,0,0,0,0,0,0
370422,2,1,0,0,2,0,0,0,0,0,0,0
370423,1,1,0,0,0,0,0,0,0,0,0,0
370424,1,1,0,0,0,0,0,0,0,0,0,0
370424,2,1,0,0,0,0,0,15,0,0,0,0
370425,1,1,0,0,0,0,0,0,0,0,0,0
370426,1,1,0,0,21,0,26,0,0,0,0,20
370427,0,1,0,0,0,0,0,0,0,0,0,0
370427,0,2,0,0,0,0,0,0,0,4,0,0
370427,1,1,0,0,0,0,0,0,0,0,0,0
370428,1,1,0,0,0,0,0,0,0,0,0,0
370428,2,1,0,0,0,0,0,0,0,0,0,0
370429,1,1,0,0,0,0,0,0,0,0,0,0
370429,2,1,0,0,0,0,0,0,0,0,0,0
370430,1,1,0,0,0,0,0,0,0,0,0,0
370431,0,1,0,9,0,0,0,0,0,0,4,0
370431,0,2,0,0,0,0,0,0,0,0,0,0
370431,0,3,0,0,0,0,0,0,0,0,0,0
370431,1,1,0,0,0,0,0,0,0,0,0,0
370432,1,1,0,0,0,0,0,0,0,0,0,0
370432,2,1,0,0,0,0,0,0,0,0,0,0
370433,1,1,23,23,23,23,23,23,23,23,23,23
370433,2,1,0,0,0,0,0,0,0,0,0,0
370434,1,1,1,1,1,1,1,1,1,1,1,1
370435,1,1,9,9,9,9,9,9,9,9,9,9
370436,0,1,12,12,12,12,12,12,12,12,12,12