ST_CASE,VEH_NO,PER_NO,P1,P2,P3,P4,P5,P6,P7,P8,P9,P10
370436,1,1,0,0,0,9,24,20,0,18,0,0
370437,1,1,0,0,0,0,0,0,0,0,0,0
370438,1,1,0,0,0,0,0,0,0,0,0,0
370438,2,1,0,0,0,0,0,0,0,0,0,0
370439,1,1,0,0,0,0,0,0,0,0,0,0
370439,2,1,0,0,0,0,0,0,0,0,0,0
370440,1,1,0,0,0,0,0,0,0,0,0,0
370441,1,1,0,0,0,0,0,0,0,0,0,0
370442,1,1,0,0,0,0,0,0,0,0,0,0
370442,2,1,0,0,0,0,0,0,0,0,0,0
370443,1,1,0,0,0,0,0,0,0,0,0,0
370443,2,1,0,0,0,0,0,0,0,0,0,0
370443,3,1,0,0,0,0,0,0,0,29,0,0
370443,4,1,0,0,0,0,0,0,0,0,0,0
370443,5,1,0,0,0,0,0,22,0,0,0,0
370443,6,1,0,0,30,0,0,0,0,0,0,0
370444,1,1,0,0,0,0,0,0,0,0,0,0
370444,2,1,0,0,0,0,0,0,0,0,0,0
370445,1,1,0,0,0,0,0,0,0,0,0,0
370445,2,1,0,0,0,0,0,0,0,17,0,0
370446,1,1,22,22,22,22,22,22,22,22,22,22
370447,1,1,0,0,0,0,0,0,0,0,0,0
370447,2,1,0,0,0,0,0,0,0,0,0,0
370448,0,1,0,0,0,0,0,0,0,0,0,0
370448,1,1,0,0,0,0,0,0,0,0,0,0
370449,1,1,0,0,0,0,0,0,0,0,0,0
370449,2,1,0,0,0,0,0,0,0,0,0,0
370450,1,1,17,17,17,17,17,17,17,17,17,17
370451,1,1,0,0,0,0,0,0,0,0,0,0
370451,2,1,0,0,0,0,0,0,0,0,0,0
370451,3,1,0,0,0,0,0,0,0,0,0,0
370451,4,1,0,0,0,0,0,0,0,0,0,0
370451,5,1,15,15,15,15,15,15,15,15,15,15
370452,1,1,0,0,0,0,0,10,0,0,0,0
370452,2,1,0,0,0,0,0,0,0,0,0,0
370452,3,1,7,7,7,7,7,7,7,7,7,7
370453,1,1,9,9,9,9,9,9,9,9,9,9
370453,2,1,0,0,0,0,0,0,0,0,0,0
370454,1,1,18,18,18,18,18,18,18,18,18,18
370455,1,1,0,0,0,0,0,0,0,0,0,0
370456,1,1,0,0,0,0,0,0,0,0,0,0
370457,1,1,5,5,5,5,5,5,5,5,5,5
370458,1,1,20,20,20,20,20,20,20,20,20,20
370459,1,1,0,0,0,0,0,0,0,0,0,0
370460,1,1,0,0,0,0,0,0,0,0,0,0
370460,2,1,31,31,31,31,31,31,31,31,31,31
370461,1,4,12,16,16,19,23,24,24,15,20,12
370462,1,1,24,24,24,24,24,24,24,24,24,24
370463,1,1,0,0,0,0,0,0,0,0,0,0
370464,1,1,0,10,0,0,0,8,0,0,0,0
370465,0,1,2,2,2,2,2,2,2,2,2,2
370465,1,1,0,0,0,0,0,0,0,0,0,0
370466,0,1,0,0,0,0,0,0,0,0,0,0
370466,1,1,0,0,0,0,0,0,0,0,0,0
370466,2,1,0,0,0,0,0,0,0,0,0,0
370467,1,1,1,1,1,1,1,1,1,1,1,1
370468,1,1,15,15,15,15,15,15,15,15,15,15
370469,1,1,0,0,0,0,0,0,0,0,0,0
370470,0,1,0,0,0,9,0,0,0,0,0,37
370470,1,1,0,0,0,0,0,0,0,0,0,0
370471,1,1,0,0,0,0,0,0,0,0,0,0
370471,2,1,0,0,0,0,0,0,0,0,0,0
370472,1,1,16,16,16,16,16,16,16,16,16,16
370473,1,1,0,0,0,0,0,0,0,0,0,0
370473,2,1,0,0,0,0,0,0,0,0,0,0
370474,1,1,0,0,0,0,0,0,0,0,0,0
370474,2,1,0,0,0,0,0,0,0,0,0,0
370475,1,1,0,0,0,0,0,0,0,0,0,0
370476,1,1,0,0,0,0,0,0,0,0,0,0
370477,1,1,0,0,0,0,0,0,0,0,0,0
370477,2,1,0,0,0,0,0,0,0,0,0,0
370478,1,1,0,0,0,0,0,0,0,0,0,0
370479,1,1,13,13,13,13,13,13,13,13,13,13
370480,1,1,0,0,0,0,0,0,0,0,0,0
370480,2,1,0,0,0,0,0,0,0,0,0,0
370481,1,1,0,0,0,30,0,0,12,0,0,0
370482,1,1,19,0,0,0,0,0,0,0,0,0
370482,2,1,0,0,0,0,0,0,0,0,0,0
370483,1,1,0,0,0,0,0,0,0,0,0,0
370483,2,1,0,0,0,0,0,0,0,0,0,0
370484,0,1,18,0,0,0,13,0,10,14,0,0
370484,1,1,0,0,0,0,0,25,0,0,0,0
370485,1,1,0,0,0,0,0,0,0,0,0,0
370485,2,1,0,0,0,0,0,0,0,0,0,0
370487,1,1,23,0,0,0,11,23,0,0,20,10
370488,1,1,11,11,11,11,11,11,11,11,11,11
370489,1,1,0,0,0,0,0,0,0,0,0,0
370489,2,1,0,0,0,0,11,0,0,0,0,0
370490,1,1,0,0,0,0,0,0,0,0,0,0
370491,1,1,0,0,0,0,0,0,0,0,0,0
370491,2,1,0,0,0,0,0,0,0,0,0,0
370492,1,1,0,0,0,0,0,0,0,0,0,0
370492,2,1,0,0,0,0,0,0,0,0,0,0
370493,1,1,0,0,0,0,0,0,0,0,0,0
370494,0,1,15,15,15,15,15,15,15,15,15,15
370494,1,1,0,0,0,0,0,0,25,0,0,0
370495,1,1,0,0,0,0,0,0,0,0,0,0
370495,2,1,0,0,0,0,0,0,0,0,0,0
370495,3,1,0,0,0,0,0,0,0,0,0,0
370495,4,1,0,0,0,0,0,0,0,0,0,0
370496,1,1,0,0,0,0,26,0,0,12,0,0
370496,2,1,0,0,0,0,0,0,0,0,0,0
370497,1,1,0,0,0,0,0,0,0,0,0,0
370498,1,1,23,23,23,23,23,23,23,23,23,23
370499,1,1,0,0,0,0,0,0,0,0,0,0
370500,1,1,6,14,14,11,17,21,13,5,22,17
370501,0,1,16,16,16,16,16,16,16,16,16,16
370501,0,2,5,0,0,0,0,0,11,0,0,0
370501,1,1,11,11,11,11,11,11,11,11,11,11
370502,0,1,0,0,0,0,0,0,0,0,0,0
370502,1,1,0,0,0,0,0,0,0,0,0,0
370503,0,1,0,0,18,0,0,0,0,0,0,0
370503,1,1,0,0,0,0,0,0,15,0,0,0
370504,1,1,0,0,0,0,0,0,0,0,0,0
370505,1,1,0,0,0,0,0,0,0,0,0,0
370505,2,1,0,0,0,0,0,0,0,0,0,0
370506,1,1,1,1,1,1,1,1,1,1,1,1
370506,2,1,0,0,0,0,0,0,0,0,0,0
370506,3,1,0,0,0,0,0,0,0,0,0,0
370507,1,1,0,0,0,0,0,0,0,0,0,0
370507,2,1,0,0,0,0,0,0,0,0,0,0
370508,1,1,0,0,0,0,0,0,0,0,0,0
370508,2,1,0,0,0,0,0,0,0,0,0,0
370509,1,1,0,0,0,0,0,0,0,0,0,0
370510,1,1,0,0,0,0,0,0,0,0,0,0
370510,2,1,0,0,0,0,0,0,0,0,0,0
370511,0,1,0,0,0,0,0,0,0,0,0,0
370511,1,1,0,0,0,0,0,0,0,0,0,0
370512,1,1,0,0,17,0,0,0,0,0,0,0
370512,2,1,0,0,0,0,0,0,0,0,0,0
370513,1,1,16,16,16,16,16,16,16,16,16,16
370514,1,1,0,0,0,0,0,0,0,0,0,0
370515,1,1,0,0,0,0,0,0,0,0,0,0
370515,2,1,0,0,0,0,0,0,0,0,0,0
370516,0,1,0,0,0,0,0,0,0,0,0,0
370516,1,1,0,0,0,0,0,0,0,0,0,0
370517,1,1,18,18,18,18,18,18,18,18,18,18
370518,1,1,0,0,0,0,0,0,0,0,0,0
370518,2,1,0,0,0,0,0,0,0,10,0,0
370519,1,1,4,4,4,4,4,4,4,4,4,4
370519,2,1,0,0,0,0,0,0,0,0,0,0
370520,1,1,0,0,0,0,0,0,0,0,0,0
370520,2,1,0,0,0,0,0,14,0,0,0,0
370521,1,1,3,3,3,3,3,3,3,3,3,3
370521,2,1,0,0,0,5,0,0,0,0,0,0
370522,1,1,17,17,17,17,17,17,17,17,17,17
370523,1,1,10,10,10,10,10,10,10,10,10,10
370524,1,1,0,0,0,0,0,0,21,0,0,0
370524,2,1,0,0,0,0,0,0,0,0,0,0
370525,0,1,0,0,0,0,0,0,0,0,0,0
370525,1,1,0,0,0,0,0,0,0,0,0,0
370526,1,1,0,0,0,0,6,0,11,0,0,0
370526,2,1,0,0,0,0,0,0,0,0,0,0
370527,1,1,0,0,0,0,0,0,0,0,0,0
370527,2,1,1,1,1,1,1,1,1,1,1,1
370528,1,1,14,14,14,14,14,14,14,14,14,14
370529,1,1,0,0,0,0,0,0,0,0,0,0
370529,2,1,0,0,0,0,0,0,0,0,0,0
370530,1,1,22,22,22,22,22,22,22,22,22,22
370531,1,1,0,0,0,0,0,0,0,13,0,0
370531,2,1,0,0,0,0,0,0,0,0,0,0
370531,3,1,0,0,0,0,0,0,0,0,0,0
370532,1,1,5,8,6,13,8,13,7,8,16,0
370533,1,1,0,0,0,0,0,0,0,0,0,0
370533,2,1,0,0,0,0,0,0,0,0,0,0
370534,1,1,0,0,0,0,0,0,0,0,0,0
370534,2,1,0,0,0,0,0,0,0,0,0,0
370535,1,1,0,0,0,0,0,0,0,0,0,0
370536,1,1,0,0,0,0,0,0,0,0,0,0
370536,2,1,0,0,0,0,0,0,0,0,0,0
370537,1,1,0,0,0,0,0,0,0,0,0,0
370538,1,1,0,0,0,0,0,0,0,0,0,0
370539,0,1,0,0,0,0,0,0,0,0,0,0
370540,1,1,15,15,15,15,15,15,15,15,15,15
370541,1,1,0,0,0,0,0,0,0,0,0,0
370542,1,1,0,0,0,0,0,0,0,0,0,0
370542,2,1,0,0,0,0,0,0,0,0,0,0
370543,1,1,0,0,0,0,0,0,0,0,0,0
370544,1,1,0,0,0,0,0,0,0,0,0,0
370545,1,1,26,26,26,26,26,26,26,26,26,26
370546,1,1,16,16,16,16,16,16,16,16,16,16
370547,1,1,0,0,0,0,0,0,0,0,0,0
370548,1,1,0,0,0,0,0,0,0,0,0,0
370549,1,1,0,0,0,0,0,0,0,0,0,0
370549,2,1,0,0,0,0,0,0,0,0,0,0
370549,3,1,0,0,0,0,0,0,0,0,0,0
370549,4,1,0,0,0,0,0,0,0,0,0,0
370550,1,1,20,20,20,20,20,20,20,20,20,20
370551,1,1,0,0,0,0,0,0,0,0,0,0
370552,1,1,0,0,0,0,0,0,0,0,0,0
370553,1,1,0,0,0,0,0,0,0,0,0,0
370554,1,1,0,0,0,0,0,0,0,0,0,0
370555,1,1,0,0,0,0,0,0,0,0,0,0
370555,2,1,0,0,0,0,0,0,0,0,0,0
370556,1,1,19,19,19,19,19,19,19,19,19,19
370557,1,1,14,14,14,14,14,14,14,14,14,14
370558,1,1,16,16,16,16,16,16,16,16,16,16
370559,1,1,0,0,0,0,0,0,0,0,0,0
370560,1,1,12,12,12,12,12,12,12,12,12,12
370561,1,1,0,0,0,0,0,0,0,0,0,0
370561,2,1,0,0,0,0,0,0,0,0,0,0
370562,0,1,0,0,9,18,0,0,0,0,17,0
370562,0,2,0,0,14,0,0,16,0,0,0,0
370562,1,1,0,0,0,0,0,0,0,0,0,0
370563,1,1,0,0,0,0,0,0,0,0,0,0
370563,2,1,0,0,0,0,0,0,0,0,0,0
370564,1,1,18,18,18,18,18,18,18,18,18,18
370565,1,1,0,0,0,0,0,0,0,0,0,13
370565,2,1,0,0,0,0,0,0,0,0,0,0
370566,1,1,0,0,0,0,0,0,0,0,0,0
370566,2,1,0,0,0,0,0,0,0,0,0,0
370567,1,1,6,6,6,6,6,6,6,6,6,6
370568,1,1,0,0,0,0,0,0,0,0,0,0
370569,1,1,21,21,21,21,21,21,21,21,21,21
370570,1,1,0,0,0,0,0,0,0,0,0,0
370571,1,1,0,0,0,0,0,0,0,0,0,0
370571,2,1,0,0,0,0,0,0,0,0,0,0
370572,2,1,0,0,0,0,0,0,0,0,0,0
370573,1,1,19,19,19,19,19,19,19,19,19,19
370574,1,1,0,0,0,0,0,0,0,0,0,0
370574,2,1,0,0,0,0,0,0,0,0,0,0
370575,1,1,0,0,0,0,0,0,0,0,0,0
370576,1,1,0,0,0,0,0,0,0,0,0,0
370577,1,1,22,22,22,22,22,22,22,22,22,22
370578,0,1,0,0,0,0,0,0,0,0,0,0
370578,1,1,0,0,0,0,0,0,0,0,0,0
370579,0,1,0,0,0,0,0,0,0,0,0,0
370579,1,1,24,24,24,24,24,24,24,24,24,24
370579,2,1,0,0,0,0,0,0,0,0,0,0
370580,1,1,19,19,19,19,19,19,19,19,19,19
370580,2,1,0,0,0,0,0,0,0,0,0,0
370581,0,1,6,6,6,6,6,6,6,6,6,6
370581,1,1,0,0,0,0,0,0,0,0,0,0
370581,2,1,0,0,0,0,0,8,0,0,0,0
370582,1,1,0,0,0,0,0,0,0,0,0,0
370583,1,1,0,0,0,0,0,0,0,0,0,0
370584,0,1,10,10,10,10,10,10,10,10,10,10
370584,1,1,0,0,0,0,0,0,0,0,0,0
370585,1,1,0,0,0,0,0,0,0,0,0,0
370586,0,1,0,0,0,0,0,0,0,0,0,0
370586,1,1,0,0,0,0,0,0,0,0,0,0
370587,1,1,0,0,0,0,0,0,0,0,0,0
370587,2,1,0,0,0,0,0,0,0,0,0,0
370588,1,1,0,0,0,0,0,0,0,0,0,0
370589,1,1,0,0,0,0,0,0,0,0,0,15
370589,2,1,0,0,0,0,0,0,0,0,0,0
370590,1,1,0,0,0,0,0,14,0,0,0,0
370591,1,1,0,0,0,0,0,0,0,0,0,0
370592,0,1,0,0,0,0,0,0,0,0,0,0
370592,1,1,0,0,0,0,0,13,0,0,0,0
370593,1,1,0,0,0,0,0,0,0,0,0,0
370593,2,1,0,0,0,0,0,0,0,0,0,0
370594,1,1,0,0,0,0,0,0,0,0,0,0
370595,1,1,0,0,0,0,0,0,0,0,0,0
370595,2,1,18,16,15,16,11,6,0,13,21,0
370596,1,1,3,3,3,3,3,3,3,3,3,3
370597,1,1,0,0,0,0,0,0,0,0,0,0
370597,2,1,0,0,0,0,0,0,0,0,0,0
370598,1,1,0,0,0,0,0,0,0,0,0,0
370599,1,1,0,0,0,0,0,0,0,0,0,0
370600,1,1,0,0,0,0,0,0,0,0,0,0
370601,1,1,0,0,0,0,0,0,0,0,0,0
370602,1,1,18,18,18,18,18,18,18,18,18,18
370603,0,1,15,15,15,15,15,15,15,15,15,15
370603,1,1,26,0,0,0,0,0,0,0,0,0
370604,1,1,0,0,0,0,0,0,0,0,0,0
370604,2,1,0,0,0,0,0,0,0,0,0,0
370605,0,1,21,21,21,21,21,21,21,21,21,21
370605,1,1,0,0,0,0,0,0,0,0,0,0
370606,1,1,0,0,0,37,0,0,24,0,0,0
370606,2,1,0,0,0,0,0,0,0,0,0,0
370606,3,1,0,0,0,0,0,0,0,0,0,0
370606,4,1,0,0,0,0,0,0,0,0,0,0
370607,1,1,14,14,14,14,14,14,14,14,14,14
370608,1,1,0,0,0,0,0,0,0,0,0,0
370608,2,1,0,0,0,0,0,0,0,0,0,0
370609,1,1,0,0,0,0,0,0,0,0,0,0
370609,2,1,0,0,0,0,0,0,0,0,0,0
370610,0,1,37,37,37,37,37,37,37,37,37,37
370610,1,1,0,0,0,0,0,0,0,4,0,0
370610,2,1,0,0,0,0,0,0,0,0,0,0
370611,0,1,0,0,0,0,0,0,0,0,0,0
370611,1,1,0,0,0,0,0,0,0,0,0,0
370612,1,1,0,3,0,23,11,0,0,0,0,0
370613,1,1,18,18,18,18,18,18,18,18,18,18
370614,1,1,18,0,0,0,0,11,0,0,0,0
370615,1,1,0,0,0,0,0,0,0,0,0,0
370616,0,1,12,12,12,12,12,12,12,12,12,12
370616,1,1,16,16,16,16,16,16,16,16,16,16
370617,0,1,0,0,0,0,0,0,0,0,0,0
370617,0,2,0,0,0,0,0,0,0,0,0,0
370617,1,1,0,0,0,0,0,0,0,0,0,0
370618,1,1,10,10,10,10,10,10,10,10,10,10
370619,1,1,9,9,9,9,9,9,9,9,9,9
370620,0,1,0,0,0,0,0,0,0,0,0,0
370620,1,1,0,0,0,0,0,0,0,0,0,0
370621,1,1,23,23,23,23,23,23,23,23,23,23
370622,1,1,0,0,0,0,0,0,0,0,0,0
370622,2,1,0,0,0,0,0,0,0,0,0,0
370623,1,1,0,0,0,0,0,0,0,0,0,0
370624,0,1,0,0,0,0,0,0,0,0,0,0
370624,1,1,0,0,0,0,0,0,0,0,13,0
370625,0,1,0,0,0,0,0,0,0,0,0,0
370625,1,1,0,0,0,0,0,0,0,0,0,0
370626,1,1,0,0,0,0,0,0,0,0,0,0
370626,2,1,0,0,0,0,0,0,0,0,0,0
370627,1,1,14,14,14,14,14,14,14,14,14,14
370628,1,1,0,0,0,0,0,0,0,0,0,0
370628,2,1,0,0,0,0,0,0,0,0,0,0
370629,1,1,24,24,24,24,24,24,24,24,24,24
370629,2,1,0,0,0,0,0,0,0,0,2,0
370630,0,1,3,3,3,3,3,3,3,3,3,3
370630,1,1,0,0,6,0,1,0,0,0,0,0
370631,1,1,0,0,0,0,0,0,0,0,0,0
370632,1,1,14,14,14,14,14,14,14,14,14,14
370633,1,1,0,0,0,0,0,0,0,0,0,0
370633,2,1,0,0,0,0,0,0,0,0,0,0
370633,3,1,0,0,0,0,0,19,0,0,0,0
370634,1,1,0,0,0,0,0,0,0,0,0,0
370635,1,1,0,0,0,0,16,0,13,0,0,0
370635,2,1,0,0,0,0,0,0,0,0,0,0
370635,3,1,0,0,0,0,0,0,0,0,0,0
370636,1,1,22,22,22,22,22,22,22,22,22,22
370637,1,1,23,23,23,23,23,23,23,23,23,23
370638,1,1,11,11,11,11,11,11,11,11,11,11
370639,1,1,19,19,19,19,19,19,19,19,19,19
370639,2,1,0,0,0,0,0,0,0,0,0,0
370639,3,1,0,0,0,0,0,0,0,0,0,0
370640,0,1,25,25,25,25,25,25,25,25,25,25
370640,1,1,0,0,0,0,0,0,0,0,0,0
370640,2,1,0,24,0,0,0,0,0,0,0,0
370641,1,1,0,0,0,0,0,0,0,0,0,0
370641,2,1,0,0,0,0,0,0,0,0,0,0
370642,1,1,22,22,22,22,22,22,22,22,22,22
370643,1,1,0,0,0,5,0,0,0,0,0,0
370644,1,1,0,5,0,0,0,0,0,0,0,0
370644,2,1,0,0,0,0,0,0,0,0,0,0
370645,0,1,26,26,26,26,26,26,26,26,26,26
370645,1,1,0,0,0,0,0,0,0,0,0,6
370646,1,1,28,28,28,28,28,28,28,28,28,28
370647,1,1,0,34,4,30,17,0,0,0,18,0
370648,1,1,9,9,9,9,9,9,9,9,9,9
370649,0,1,29,29,29,29,29,29,29,29,29,29
370649,1,1,0,21,0,0,0,0,0,0,0,0
370650,1,1,0,0,0,0,0,0,0,0,0,0
370650,2,1,15,15,15,15,15,15,15,15,15,15
370650,3,1,0,0,0,0,0,0,0,0,0,8
370651,1,1,0,0,0,0,0,0,0,0,0,0
370651,2,1,0,0,0,0,0,0,0,0,0,0
370651,3,1,19,0,0,0,0,0,0,0,0,0
370652,1,1,10,10,10,10,10,10,10,10,10,10
370652,2,1,0,0,0,0,0,0,0,0,0,0
370653,1,1,0,0,0,0,0,0,0,0,0,0
370653,2,1,0,0,0,0,0,0,0,0,0,0
370654,1,1,19,19,19,19,19,19,19,19,19,19
370654,2,1,0,0,0,0,0,0,0,0,0,0
370655,1,1,6,6,6,6,6,6,6,6,6,6
370656,1,1,0,0,0,0,0,0,0,0,0,0
370656,2,1,0,0,0,0,0,0,0,0,0,0
370657,1,1,0,0,0,0,0,0,0,0,0,0
370657,2,1,0,0,0,0,0,0,0,0,0,0
370658,1,1,31,31,31,31,31,31,31,31,31,31
370658,2,1,0,0,0,0,0,0,0,0,9,0
370659,1,1,0,0,0,0,0,0,0,0,0,0
370659,2,1,0,0,0,0,0,0,0,0,0,0
370660,0,1,0,0,0,0,0,0,0,0,0,0
370660,1,1,0,0,0,0,0,0,0,0,0,0
370661,1,1,0,0,0,0,0,0,0,0,0,0
370661,2,1,0,0,0,0,14,0,0,0,0,0
370662,1,1,0,0,0,0,0,0,0,0,0,0
370663,1,1,0,0,0,0,0,0,0,0,0,0
370664,1,1,10,10,10,10,10,10,10,10,10,10
370665,1,1,0,0,0,0,0,0,0,0,0,0
370665,2,1,3,3,3,3,3,3,3,3,3,3
370666,1,1,0,0,0,0,0,0,0,0,0,0
370666,2,1,0,0,0,0,0,0,0,0,0,0
370667,0,1,47,47,47,47,47,47,47,47,47,47
370667,1,1,0,0,0,26,0,0,0,23,0,0
370668,1,1,0,0,0,0,0,0,0,0,0,0
370668,2,1,0,0,0,0,0,0,0,0,0,0
370668,3,1,0,0,0,0,0,0,0,0,0,0
370669,1,1,34,34,34,34,34,34,34,34,34,34
370669,2,1,0,0,0,0,0,0,0,0,0,0
370670,1,1,22,22,22,22,22,22,22,22,22,22
370671,1,1,0,0,0,0,0,0,0,0,0,0
370672,1,1,19,19,19,19,19,19,19,19,19,19
370672,2,1,17,17,17,17,17,17,17,17,17,17
370673,1,1,0,0,0,0,0,0,0,0,0,0
370674,1,1,13,13,13,13,13,13,13,13,13,13
370675,1,1,3,3,3,3,3,3,3,3,3,3
370675,2,1,0,0,0,0,0,0,0,0,0,0
370676,1,1,26,26,26,26,26,26,26,26,26,26
370677,1,1,0,0,0,0,0,0,0,0,0,0
370678,1,1,0,0,0,0,0,0,0,0,0,0
370679,1,1,0,0,0,0,0,0,0,0,0,0
370680,1,1,0,0,0,0,0,0,0,0,0,0
370680,2,1,0,0,0,18,0,0,0,0,0,7
370681,1,1,0,0,0,0,0,0,0,0,0,0
370682,1,1,0,0,0,0,0,0,0,0,0,0
370682,2,1,0,0,0,0,0,0,0,5,0,0
370683,1,1,19,8,5,14,10,11,11,7,26,17
370684,1,1,0,0,0,0,0,0,0,0,0,0
370685,1,1,2,2,2,2,2,2,2,2,2,2
370686,1,1,0,0,0,0,0,0,0,0,0,0
370687,1,1,0,0,0,0,0,0,0,0,0,0
370688,1,1,17,17,17,17,17,17,17,17,17,17
370689,1,1,0,0,0,0,0,0,0,0,0,0
370690,0,1,4,4,4,4,4,4,4,4,4,4
370690,1,1,0,26,28,0,0,0,15,0,0,15
370691,1,1,33,33,33,33,33,33,33,33,33,33
370692,1,1,0,0,0,0,0,0,0,0,0,0
370693,1,1,0,14,29,0,0,0,0,0,0,0
370693,2,1,22,22,22,22,22,22,22,22,22,22
370694,1,1,76,76,76,76,76,76,76,76,76,76
370695,1,1,0,0,0,0,0,0,0,0,0,0
370695,2,1,0,0,0,0,0,0,0,0,0,0
370696,0,1,0,0,0,0,0,0,0,0,0,0
370696,1,1,0,0,6,0,0,0,0,0,0,0
370697,1,1,18,18,18,18,18,18,18,18,18,18
370697,2,1,0,0,0,0,0,0,0,0,0,0
370697,3,1,0,0,0,0,0,0,0,0,0,9
370698,1,1,0,0,0,0,0,0,6,0,0,0
370698,2,1,0,0,0,0,0,0,0,0,0,0
370699,1,1,21,21,21,21,21,21,21,21,21,21
370700,1,1,0,0,0,0,0,0,0,0,0,0
370700,2,1,0,0,0,0,0,0,0,0,0,0
370701,1,1,13,13,13,13,13,13,13,13,13,13
370701,2,1,0,0,0,0,0,0,0,0,0,0
370702,1,1,0,0,0,0,0,0,0,0,0,0
370703,1,1,0,0,0,0,0,0,0,0,0,0
370704,1,1,0,0,0,0,0,0,0,0,0,0
370704,2,1,0,0,0,0,0,0,0,0,0,0
370705,1,1,0,0,0,0,0,0,0,0,0,0
370705,2,1,0,0,0,0,0,0,0,0,0,0
370706,1,1,0,0,0,0,0,0,0,0,0,0
370706,2,1,0,0,0,0,0,0,0,0,0,0
370707,1,1,14,14,14,14,14,14,14,14,14,14
370707,2,1,0,0,0,0,0,0,0,0,0,0
370708,1,1,0,0,0,0,0,0,0,0,0,0
370708,2,1,0,0,0,0,0,0,0,0,0,0
370709,1,1,0,0,0,0,0,0,0,0,0,0
370709,2,1,0,0,0,0,0,0,0,0,0,0
370710,1,1,0,0,0,0,0,0,0,0,0,0
370710,2,1,0,0,0,0,0,0,0,0,0,0
370711,1,1,0,0,0,0,0,0,0,0,0,0
370711,2,1,0,0,0,0,0,0,0,0,0,0
370712,0,1,0,0,0,0,0,0,0,0,0,0
370712,1,1,0,0,0,0,0,0,0,0,0,0
370713,1,1,0,0,0,0,0,0,0,0,0,0
370714,1,1,0,0,0,0,0,0,0,0,0,0
370715,1,1,0,0,0,0,0,0,0,0,0,0
370715,2,1,0,0,0,0,0,0,2,0,0,0
370716,1,1,0,0,0,0,0,0,0,0,0,0
370717,0,1,20,20,20,20,20,20,20,20,20,20
370717,1,1,0,0,0,0,0,0,0,0,0,0
370718,1,1,0,0,0,0,0,0,0,0,0,0
370718,2,1,0,0,0,0,0,0,0,0,0,0
370718,3,1,0,0,0,0,0,0,0,0,0,0
370719,1,1,0,0,0,0,0,0,0,0,0,0
370719,2,1,0,0,0,0,0,0,0,0,0,0
370720,1,1,11,0,0,0,0,0,0,0,0,0
370721,1,1,0,0,0,0,0,0,0,0,0,0
370722,0,1,0,0,0,0,0,0,0,0,0,0
370722,1,1,0,0,0,0,0,0,0,0,0,0
370723,1,1,18,18,18,18,18,18,18,18,18,18
370724,1,1,19,19,19,19,19,19,19,19,19,19
370725,2,1,0,7,0,0,0,0,0,0,22,0
370726,1,1,0,0,0,0,0,0,0,0,0,0
370727,1,1,0,0,0,0,0,0,0,0,0,0
370728,1,1,0,0,0,0,0,0,0,0,0,0
370728,2,1,0,0,27,0,0,0,0,0,8,11
370729,1,1,0,0,0,0,0,0,0,0,0,0
370730,0,1,0,0,0,0,0,0,0,0,0,0
370730,0,2,0,0,0,0,0,0,0,0,28,0
370730,1,1,17,0,0,0,0,0,0,0,0,0
370731,1,1,0,0,0,0,0,10,0,0,0,0
370731,2,1,0,0,0,0,0,0,0,0,0,0
370732,1,1,0,0,0,0,0,0,0,0,0,0
370732,2,1,0,0,0,0,0,0,0,0,0,0
370733,1,1,0,0,0,0,0,19,0,0,0,0
370733,2,1,0,0,0,0,0,0,0,0,0,0
370734,1,1,0,0,0,0,0,0,0,0,0,0
370734,2,1,0,0,0,0,0,0,0,0,0,0
370735,1,1,0,0,0,0,0,0,0,0,0,0
370735,2,1,0,0,0,0,0,0,0,0,0,0
370736,1,1,0,0,0,0,0,0,0,0,0,0
370737,1,1,22,22,22,22,22,22,22,22,22,22
370739,1,1,26,26,26,26,26,26,26,26,26,26
370740,0,1,14,14,14,14,14,14,14,14,14,14
370740,1,1,0,0,0,0,0,0,0,0,0,0
370741,0,1,13,13,13,13,13,13,13,13,13,13
370741,1,1,0,0,0,0,0,5,20,0,0,0
370742,1,1,0,0,0,0,0,0,0,0,0,0
370743,1,1,21,21,21,21,21,21,21,21,21,21
370744,1,1,0,0,0,0,0,0,0,0,0,0
370744,2,1,0,0,0,0,0,0,0,0,0,0
370744,3,1,0,0,0,14,0,0,0,0,0,0
370745,1,1,0,0,0,0,0,0,0,0,0,0
370745,2,1,4,4,4,4,4,4,4,4,4,4
370746,1,1,0,0,0,0,0,0,0,0,0,0
370747,1,1,0,0,0,0,0,0,0,0,0,0
370748,0,1,22,22,22,22,22,22,22,22,22,22
370748,1,1,0,0,0,0,0,0,0,0,0,0
370749,0,1,0,0,0,0,0,0,0,0,0,0
370749,1,1,0,0,0,0,0,0,0,0,0,0
370750,0,1,0,10,0,0,0,0,0,0,0,0
370750,1,1,0,3,0,0,0,0,0,0,0,0
370751,0,1,5,5,5,5,5,5,5,5,5,5
370751,1,1,14,14,14,14,14,14,14,14,14,14
370752,1,1,0,0,0,0,0,0,0,0,0,0
370753,1,1,0,0,0,0,0,0,0,0,0,0
370753,2,1,0,0,0,0,0,0,0,0,0,0
370754,1,1,0,0,0,0,0,0,0,0,0,0
370754,2,1,0,0,0,0,0,0,0,0,0,0