ST_CASE,VEH_NO,PER_NO,P1,P2,P3,P4,P5,P6,P7,P8,P9,P10
370754,3,1,0,0,0,12,0,0,0,0,0,0
370754,4,1,0,0,0,0,0,0,0,0,0,0
370754,5,1,0,0,0,0,0,0,0,0,0,0
370755,1,1,0,0,0,0,0,0,0,0,0,0
370755,2,1,9,9,9,9,9,9,9,9,9,9
370756,1,1,0,0,0,0,0,0,0,0,0,0
370756,2,1,0,0,0,0,0,0,0,0,0,0
370757,1,1,0,0,0,0,0,0,0,0,0,0
370757,2,1,0,0,0,0,0,0,0,0,0,0
370758,1,1,16,16,16,16,16,16,16,16,16,16
370758,2,1,0,0,0,0,0,0,0,6,0,0
370759,0,1,37,37,37,37,37,37,37,37,37,37
370759,1,1,0,0,0,0,0,0,0,0,0,0
370760,1,1,22,22,22,22,22,22,22,22,22,22
370761,1,1,0,0,0,0,0,0,0,0,0,0
370761,2,1,0,0,0,0,0,0,0,0,0,0
370762,2,1,0,0,0,0,0,0,0,0,0,0
370763,1,1,23,23,23,23,23,23,23,23,23,23
370764,1,1,19,19,19,19,19,19,19,19,19,19
370765,1,1,23,23,23,23,23,23,23,23,23,23
370765,2,1,0,0,0,0,0,24,0,0,0,0
370765,3,1,0,0,0,0,0,0,0,0,0,0
370766,1,1,0,0,0,0,0,0,0,0,0,0
370767,1,1,0,21,0,0,0,0,0,0,0,0
370767,2,1,0,0,0,0,0,0,0,0,0,0
370768,1,1,0,0,0,0,0,3,0,0,0,0
370768,2,1,16,10,6,0,0,22,0,0,34,0
370769,0,1,0,0,0,0,0,0,0,0,0,0
370769,1,1,0,0,0,0,0,0,0,0,0,0
370770,1,1,0,0,0,0,0,0,0,0,0,0
370770,2,1,0,0,0,0,0,0,0,0,0,0
370771,1,1,5,0,23,0,0,8,7,0,26,20
370771,2,1,0,0,0,0,0,0,0,0,0,0
370771,3,1,4,13,22,10,0,11,6,10,15,10
370772,1,1,33,33,33,33,33,33,33,33,33,33
370773,1,1,24,24,24,24,24,24,24,24,24,24
370774,1,1,3,3,3,3,3,3,3,3,3,3
370775,1,1,0,0,0,0,0,0,0,0,0,0
370775,2,1,0,0,0,0,0,0,0,0,0,0
370776,1,1,0,0,0,0,0,0,0,0,0,0
370777,1,1,0,0,0,0,0,0,0,0,0,0
370777,2,1,0,0,0,0,0,0,0,0,0,0
370778,1,1,12,12,12,12,12,12,12,12,12,12
370779,1,1,0,0,0,0,0,0,0,0,0,0
370779,2,1,0,0,0,0,0,0,0,0,0,0
370780,1,1,0,0,0,0,0,0,0,0,0,0
370780,2,1,14,14,14,14,14,14,14,14,14,14
370781,1,1,0,0,0,0,0,0,0,0,0,0
370782,1,1,17,17,17,17,17,17,17,17,17,17
370783,1,1,16,16,16,16,16,16,16,16,16,16
370784,0,1,28,28,28,28,28,28,28,28,28,28
370784,1,1,9,0,17,17,0,10,10,0,0,0
370785,0,1,15,15,15,15,15,15,15,15,15,15
370785,1,1,0,9,0,0,12,0,0,0,0,0
370786,1,1,25,25,25,25,25,25,25,25,25,25
370787,1,1,0,0,0,0,0,0,0,0,0,0
370788,1,1,27,10,12,8,7,0,16,23,11,20
370789,1,1,0,0,0,0,0,0,0,0,0,0
370789,2,1,0,0,0,0,0,0,0,0,0,0
370790,1,1,0,0,0,0,0,0,0,0,0,0
370790,2,1,0,0,0,0,0,0,0,0,4,0
370790,4,1,0,0,0,0,0,0,0,0,0,0
370791,1,1,0,0,0,0,0,0,0,0,0,0
370791,2,1,0,12,0,0,0,0,0,0,0,0
370792,1,1,8,8,8,8,8,8,8,8,8,8
370793,0,1,0,0,0,0,0,0,0,0,0,13
370793,1,1,0,0,0,0,0,0,0,0,0,0
370794,0,1,0,0,0,0,0,0,0,0,0,0
370794,1,1,0,0,0,11,0,17,0,14,0,0
370795,0,1,34,34,34,34,34,34,34,34,34,34
370795,1,1,5,10,22,15,17,3,20,11,10,11
370796,1,1,0,0,0,0,0,0,0,0,0,0
370796,2,1,0,0,0,0,0,0,0,0,0,0
370797,1,1,25,25,25,25,25,25,25,25,25,25
370798,1,1,0,0,0,0,0,0,0,0,0,0
370799,1,1,0,0,0,0,0,0,0,0,0,0
370800,1,1,0,0,0,0,0,0,0,0,0,0
370800,2,1,0,0,0,0,0,0,0,0,0,0
370801,1,1,17,17,17,17,17,17,17,17,17,17
370801,2,1,0,0,0,0,0,0,0,0,0,0
370801,3,1,0,0,0,0,0,0,0,0,14,12
370802,1,1,32,32,32,32,32,32,32,32,32,32
370803,1,1,0,21,0,0,0,0,0,19,0,0
370803,2,1,10,10,10,10,10,10,10,10,10,10
370804,1,1,13,13,13,13,13,13,13,13,13,13
370805,2,1,0,0,0,0,0,0,0,0,0,0
370806,1,1,0,0,0,0,0,0,0,0,0,0
370807,1,1,0,0,0,0,0,0,0,0,0,0
370808,1,1,19,19,19,19,19,19,19,19,19,19
370809,1,1,0,0,0,0,0,0,0,0,0,0
370810,0,1,0,0,0,0,0,0,0,0,0,0
370810,1,1,0,0,0,0,0,0,0,0,0,0
370811,1,1,0,0,17,0,0,0,0,0,0,0
370811,2,1,0,0,0,0,0,0,0,0,0,0
370812,1,1,0,0,0,0,0,0,0,0,0,0
370813,0,1,0,0,0,0,0,0,0,0,0,0
370813,1,1,0,0,0,0,0,0,0,14,0,0
370813,2,1,0,0,0,0,0,0,0,0,0,0
370814,1,1,12,12,12,12,12,12,12,12,12,12
370815,0,1,0,0,26,0,0,0,0,0,0,0
370815,1,1,0,0,0,0,0,0,0,0,0,0
370816,1,1,0,0,0,0,0,0,0,0,0,0
370817,1,1,8,24,0,19,15,10,19,0,0,23
370817,2,1,0,0,0,0,0,0,0,0,0,0
370818,2,1,0,19,0,23,0,11,0,0,0,0
370819,1,1,0,0,0,0,0,0,0,0,0,0
370819,2,1,0,0,0,0,0,0,0,0,0,0
370820,1,1,2,2,2,2,2,2,2,2,2,2
370821,1,1,0,15,0,0,0,7,0,0,16,0
370821,2,1,12,12,12,12,12,12,12,12,12,12
370822,1,1,0,0,0,0,0,0,0,0,0,0
370822,2,1,0,0,0,0,0,0,0,0,0,0
370822,3,1,0,0,0,0,0,0,0,0,0,0
370823,0,1,0,0,0,0,0,0,0,0,0,0
370823,1,1,0,0,0,0,0,0,0,0,0,0
370824,1,1,0,0,0,0,0,0,0,0,0,0
370824,2,1,0,0,0,0,0,0,0,0,4,0
370825,1,1,0,0,0,0,0,0,0,0,0,0
370826,1,1,12,12,12,12,12,12,12,12,12,12
370827,0,1,10,10,10,10,10,10,10,10,10,10
370827,1,1,0,0,0,0,0,10,0,0,0,0
370828,1,1,0,0,0,0,0,0,0,0,0,0
370828,2,1,0,0,0,0,0,0,11,0,0,0
370829,1,1,0,0,0,0,0,0,0,0,0,0
370829,2,1,5,0,0,0,0,0,0,0,0,0
370830,1,1,0,0,0,0,0,0,0,0,0,0
370831,1,1,0,0,0,0,0,0,0,0,0,0
370831,2,1,0,0,0,0,0,0,0,0,0,0
370832,0,1,15,15,15,15,15,15,15,15,15,15
370832,1,1,0,0,0,0,11,0,9,0,0,7
370833,0,1,21,21,21,21,21,21,21,21,21,21
370833,1,1,0,0,0,16,0,0,0,0,0,0
370834,1,1,0,0,0,0,0,0,0,0,0,0
370834,2,1,0,0,0,0,0,0,0,0,0,0
370835,1,1,0,0,0,0,0,0,0,0,0,0
370836,1,1,14,14,14,14,14,14,14,14,14,14
370837,1,1,0,0,0,0,0,0,0,0,0,0
370838,1,1,0,0,0,0,0,0,0,0,0,0
370839,1,1,0,0,0,0,0,0,0,0,0,0
370840,1,1,0,0,0,35,0,18,0,9,8,0
370840,2,1,0,0,0,0,0,0,0,0,0,0
370841,1,1,0,0,0,0,0,0,0,0,0,0
370841,2,1,0,0,0,0,0,0,0,0,0,0
370842,0,1,0,0,0,0,0,0,0,0,0,0
370842,1,1,8,0,0,0,18,22,0,18,0,0
370843,0,1,4,4,4,4,4,4,4,4,4,4
370843,1,1,0,0,0,0,16,0,0,0,19,0
370844,1,1,0,0,0,0,10,0,0,0,0,0
370844,2,1,0,0,0,0,0,0,0,0,0,0
370845,1,1,0,0,0,0,0,0,0,0,0,0
370846,1,1,0,8,0,0,0,0,0,0,0,0
370846,2,1,0,0,0,0,0,0,0,0,0,0
370847,1,1,0,0,0,0,0,0,0,0,0,0
370848,0,1,23,0,0,0,0,0,0,16,12,0
370848,0,2,8,6,42,21,10,30,0,0,18,41
370848,1,1,0,0,11,0,0,0,0,0,0,0
370849,1,1,0,0,0,0,0,0,11,0,0,0
370850,1,1,0,0,0,0,0,0,0,0,0,7
370850,2,1,16,0,0,14,0,0,0,0,7,0
370851,1,1,0,0,0,0,0,0,0,0,0,0
370852,0,1,42,42,42,42,42,42,42,42,42,42
370852,1,1,0,0,0,0,0,0,0,0,0,0
370853,0,1,19,19,19,19,19,19,19,19,19,19
370853,1,1,32,12,0,0,0,3,0,0,0,0
370854,1,1,0,0,0,0,0,0,0,0,0,0
370855,1,1,5,9,29,16,22,27,16,18,15,9
370856,0,1,21,21,21,21,21,21,21,21,21,21
370856,1,1,16,16,16,16,16,16,16,16,16,16
370857,1,1,12,12,12,12,12,12,12,12,12,12
370857,2,1,0,0,0,0,0,0,0,0,0,0
370857,3,1,0,0,0,0,0,0,0,0,0,0
370858,1,1,0,0,0,0,0,0,0,0,0,0
370859,1,1,0,0,0,0,0,0,0,0,0,0
370859,2,1,0,0,0,0,0,0,0,0,0,0
370859,3,1,0,0,0,0,0,0,0,0,0,0
370860,1,1,0,0,0,0,0,0,0,0,0,0
370860,2,1,0,0,0,0,0,0,0,0,0,0
370861,1,1,0,0,0,0,0,0,0,0,0,0
370862,1,1,0,0,0,0,0,0,0,0,0,0
370862,2,1,0,0,0,0,0,0,0,0,0,0
370863,1,1,0,0,0,0,0,0,0,0,0,0
370863,2,1,0,0,0,0,0,0,0,0,0,0
370864,0,1,33,16,12,9,20,13,30,31,0,28
370864,1,1,0,0,0,0,0,0,0,0,0,0
370864,2,1,0,0,0,0,0,0,0,0,0,0
370865,1,1,27,27,27,27,27,27,27,27,27,27
370865,2,1,9,9,9,9,9,9,9,9,9,9
370866,1,1,0,0,0,0,0,0,0,0,0,0
370866,2,1,0,0,0,0,0,0,0,0,0,0
370867,1,1,10,10,10,10,10,10,10,10,10,10
370868,1,1,12,12,12,12,12,12,12,12,12,12
370869,1,1,0,0,0,0,0,0,0,0,0,0
370870,1,1,22,22,22,22,22,22,22,22,22,22
370871,1,1,0,0,0,0,0,0,0,0,0,0
370871,2,1,3,3,3,3,3,3,3,3,3,3
370872,1,1,0,0,0,0,0,0,0,0,0,0
370872,2,1,0,0,0,0,0,0,0,0,0,0
370873,1,1,0,0,0,0,0,0,0,0,0,0
370873,2,1,0,0,0,0,0,0,0,0,0,0
370874,0,1,2,2,2,2,2,2,2,2,2,2
370874,1,1,0,0,0,0,0,0,20,0,0,0
370875,1,1,0,0,0,0,0,0,0,0,0,0
370875,2,1,0,0,0,0,0,0,0,0,0,0
370876,1,1,0,0,0,0,0,0,0,0,0,0
370877,1,1,0,0,0,0,0,0,0,0,0,0
370877,2,1,0,0,0,0,0,0,0,0,0,0
370878,1,1,5,5,5,5,5,5,5,5,5,5
370879,1,1,9,9,9,9,9,9,9,9,9,9
370880,1,1,26,26,26,26,26,26,26,26,26,26
370880,2,1,0,0,0,0,0,0,0,0,0,0
370881,1,1,0,0,0,0,0,0,0,0,0,0
370881,2,1,0,0,0,0,0,0,0,0,0,0
370882,1,1,0,0,0,0,0,0,0,0,0,0
370883,1,1,9,22,11,12,12,18,15,9,26,16
370884,0,1,0,0,0,0,0,0,0,0,0,0
370884,1,1,0,0,0,0,0,0,0,0,0,0
370885,1,1,0,0,0,0,0,0,0,0,0,0
370885,2,1,0,0,0,0,0,0,0,0,0,0
370886,1,1,19,19,19,19,19,19,19,19,19,19
370887,1,1,0,0,0,0,0,13,19,0,0,18
370888,1,1,0,0,0,0,0,0,0,0,0,0
370889,1,1,0,0,0,0,16,0,0,0,18,2
370889,2,1,0,0,0,0,0,0,0,0,0,0
370890,0,1,24,24,24,24,24,24,24,24,24,24
370890,1,1,18,18,18,18,18,18,18,18,18,18
370891,1,1,0,0,0,0,0,0,0,0,0,0
370891,2,1,17,17,17,17,17,17,17,17,17,17
370892,1,1,0,0,19,0,0,0,0,0,0,0
370892,2,1,0,0,0,0,0,0,0,0,0,0
370893,1,1,0,0,0,0,0,0,0,0,0,0
370893,2,1,0,0,0,0,0,0,0,0,0,0
370894,1,1,0,0,0,0,0,0,0,0,0,0
370895,1,1,0,0,0,0,0,0,0,0,0,0
370895,2,1,0,0,0,0,0,0,0,0,0,0
370895,3,1,0,0,0,0,0,0,0,0,0,0
370896,1,1,0,0,0,0,8,0,0,0,15,0
370896,2,1,0,0,0,0,0,0,0,0,0,0
370897,1,1,20,20,20,20,20,20,20,20,20,20
370898,1,1,0,0,0,0,0,0,0,0,0,0
370899,1,1,0,0,0,0,0,0,0,0,0,0
370900,1,1,20,20,20,20,20,20,20,20,20,20
370900,2,1,0,0,0,0,0,0,0,0,0,0
370901,1,1,6,6,6,6,6,6,6,6,6,6
370902,1,1,0,0,0,0,0,0,0,0,0,0
370902,2,1,3,3,3,3,3,3,3,3,3,3
370903,1,1,0,0,0,0,0,0,0,0,0,0
370904,1,1,0,0,0,0,0,0,0,0,0,0
370904,2,1,0,0,0,0,0,0,0,0,0,0
370905,1,1,16,16,16,16,16,16,16,16,16,16
370906,1,1,0,0,0,0,0,0,0,0,0,0
370907,0,1,0,0,0,0,0,0,0,0,0,0
370907,1,1,0,0,0,0,0,0,0,9,0,18
370908,1,1,0,0,0,0,0,0,0,0,0,0
370908,2,1,0,15,0,0,0,0,0,0,0,0
370908,3,1,0,0,0,0,0,0,0,0,0,0
370909,1,1,0,0,0,0,0,0,0,0,0,0
370909,2,1,0,0,0,0,0,0,0,0,0,0
370910,1,1,20,20,20,20,20,20,20,20,20,20
370910,2,1,0,0,0,0,0,0,0,0,0,0
370911,1,1,0,0,0,0,0,0,0,0,0,0
370912,1,1,0,0,0,2,0,0,0,0,0,0
370913,1,1,14,14,14,14,14,14,14,14,14,14
370914,1,1,3,3,3,3,3,3,3,3,3,3
370915,1,1,0,0,0,0,0,0,0,0,0,0
370916,1,1,0,0,0,0,0,0,0,0,0,0
370916,2,1,0,0,0,0,0,0,0,0,0,0
370916,3,1,0,0,0,0,0,0,0,0,0,0
370917,1,1,0,0,0,0,0,0,0,0,0,0
370917,2,1,0,0,0,0,0,0,0,0,0,0
370918,1,1,6,6,6,6,6,6,6,6,6,6
370919,1,1,24,24,24,24,24,24,24,24,24,24
370920,1,1,21,21,21,21,21,21,21,21,21,21
370921,1,1,0,0,0,0,0,0,0,0,0,0
370922,1,1,0,0,0,0,0,0,0,0,0,0
370923,1,1,0,0,0,0,0,0,0,0,0,0
370923,2,1,12,0,0,18,0,0,0,0,0,0
370924,1,1,0,0,0,0,0,0,0,0,0,0
370925,1,1,0,0,0,0,0,0,0,0,0,0
370925,2,1,5,5,5,5,5,5,5,5,5,5
370926,1,1,0,0,0,0,0,0,0,0,0,0
370927,0,1,0,0,0,0,0,0,0,0,0,0
370927,0,2,0,0,0,0,0,0,0,0,0,0
370927,1,1,0,0,0,0,0,0,0,0,0,0
370928,1,1,0,0,0,0,0,0,0,0,0,0
370928,2,1,9,9,9,9,9,9,9,9,9,9
370929,1,1,0,0,0,0,0,0,0,0,0,0
370930,1,1,19,19,19,19,19,19,19,19,19,19
370930,2,1,0,0,0,0,0,0,0,0,0,0
370931,1,1,0,0,0,0,0,0,0,0,0,0
370932,1,1,0,0,0,0,0,0,0,0,0,0
370933,1,1,0,0,0,0,0,0,0,0,0,0
370934,1,1,0,0,0,0,0,0,0,0,0,0
370934,2,1,0,0,0,0,0,0,0,0,0,0
370934,3,1,0,0,0,0,0,0,0,0,0,0
370935,1,1,0,0,0,0,0,0,0,0,0,0
370935,2,1,0,0,0,0,0,0,0,0,0,0
370936,1,1,0,0,0,0,0,0,0,0,0,0
370937,1,1,0,0,0,0,0,0,0,0,0,0
370937,2,1,0,0,0,0,0,0,0,0,0,0
370937,3,1,0,0,0,0,0,0,0,0,0,0
370938,1,1,0,0,0,0,0,0,0,0,0,0
370939,1,1,0,0,0,0,0,0,0,0,0,0
370940,1,1,14,14,14,14,14,14,14,14,14,14
370941,1,1,26,26,26,26,26,26,26,26,26,26
370941,2,1,0,0,0,0,0,0,0,0,0,0
370942,1,1,0,0,0,0,0,0,0,6,0,0
370942,2,1,0,0,0,9,0,0,0,0,0,0
370943,1,1,27,27,27,27,27,27,27,27,27,27
370944,0,1,3,3,3,3,3,3,3,3,3,3
370944,1,1,11,11,11,11,11,11,11,11,11,11
370945,0,1,26,26,26,26,26,26,26,26,26,26
370945,1,1,0,0,0,0,0,0,0,0,0,0
370946,1,1,0,0,0,0,0,0,0,0,0,0
370946,2,1,0,0,0,0,0,0,0,0,0,0
370947,0,1,0,0,0,0,0,0,0,0,0,0
370947,1,1,0,0,0,0,0,0,0,0,0,0
370948,1,1,22,22,22,22,22,22,22,22,22,22
370949,1,1,21,21,21,21,21,21,21,21,21,21
370950,1,1,0,0,0,0,0,0,0,0,0,0
370951,0,1,0,7,0,0,20,0,8,3,20,0
370951,0,2,0,0,0,0,0,0,0,0,0,0
370951,0,3,20,0,0,0,0,0,16,0,0,4
370951,1,1,20,20,20,20,20,20,20,20,20,20
370952,1,1,0,0,0,0,0,0,0,0,0,0
370953,1,1,4,13,3,22,10,17,10,11,23,7
370954,1,1,0,0,0,0,0,0,0,0,0,0
370954,2,1,0,0,0,0,0,0,0,0,0,0
370955,1,1,22,22,22,22,22,22,22,22,22,22
370955,2,1,0,0,0,0,0,0,0,0,0,0
370956,1,1,0,0,0,0,0,0,0,0,0,0
370956,2,1,0,0,0,0,0,0,0,0,0,0
370957,1,1,0,0,0,0,0,0,0,0,0,0
370957,2,1,0,0,0,0,0,0,0,0,0,0
370958,1,1,0,0,0,0,0,0,0,0,0,0
370959,0,1,0,12,0,0,11,24,0,0,0,0
370959,1,1,18,0,0,0,0,0,0,0,0,0
370960,1,1,15,15,15,15,15,15,15,15,15,15
370961,1,1,0,0,0,0,0,0,0,0,0,0
370962,1,1,0,0,0,0,0,0,0,0,0,0
370962,2,1,0,0,0,0,0,0,0,0,0,0
370963,1,1,0,0,0,0,0,23,0,0,0,0
370964,1,1,19,19,19,19,19,19,19,19,19,19
370965,1,1,0,0,0,0,0,0,0,0,0,0
370965,2,1,0,0,0,0,0,0,0,0,0,0
370966,0,1,27,27,27,27,27,27,27,27,27,27
370966,1,1,0,0,0,11,0,0,0,14,0,0
370967,1,1,0,0,0,0,0,0,0,0,0,0
370967,2,1,0,0,0,0,0,0,0,0,0,0
370968,1,1,0,0,0,0,0,0,0,0,0,0
370968,2,1,0,0,0,0,0,0,0,0,0,0
370969,1,1,16,16,16,16,16,16,16,16,16,16
370969,2,1,0,0,0,0,0,0,19,0,0,0
370969,3,1,0,0,0,0,0,0,0,0,0,0
370970,1,1,25,25,25,25,25,25,25,25,25,25
370971,1,1,18,18,18,18,18,18,18,18,18,18
370972,0,1,0,0,0,0,0,0,0,0,0,0
370972,1,1,0,0,0,12,0,0,0,0,0,0
370973,1,1,20,20,20,20,20,20,20,20,20,20
370973,2,1,0,0,0,0,0,0,0,10,0,0
370974,1,1,17,17,17,17,17,17,17,17,17,17
370975,1,1,19,19,19,19,19,19,19,19,19,19
370976,1,1,0,0,0,0,0,0,0,0,0,0
370977,1,1,0,0,0,0,0,0,0,0,0,0
370977,2,1,0,0,0,0,0,0,0,0,0,0
370978,1,1,0,0,0,0,0,0,0,0,0,0
370978,2,1,0,0,0,0,0,0,0,0,0,0
370979,1,1,0,0,0,0,0,0,0,0,0,0
370981,1,1,0,0,0,0,0,0,0,0,0,0
370981,2,1,0,0,0,0,0,0,0,0,0,0
370982,0,1,0,0,0,0,0,0,0,0,0,0
370982,1,1,0,0,0,0,0,34,0,0,0,0
370983,1,1,6,6,6,6,6,6,6,6,6,6
370984,1,1,0,0,0,0,0,0,0,0,0,0
370984,2,1,0,0,0,0,0,0,0,0,0,20
370984,3,1,0,0,0,0,0,0,0,0,0,0
370984,4,1,0,0,0,0,0,0,0,0,0,0
370984,5,1,0,0,0,0,0,0,13,0,0,0
370984,6,1,0,0,0,0,0,0,0,0,0,0
370984,7,1,16,0,0,0,0,0,0,14,0,0
370984,8,1,0,8,0,0,0,0,7,0,0,0
370984,9,1,0,0,0,0,0,0,0,0,0,0
370985,1,1,0,0,0,0,0,0,0,0,0,0
370985,2,1,0,0,0,0,0,0,0,0,0,0
370986,0,1,0,0,0,0,0,0,0,6,0,17
370986,1,1,0,0,0,0,0,0,0,0,0,0
370987,1,1,0,0,0,0,0,0,0,0,0,0
370987,2,1,4,4,4,4,4,4,4,4,4,4
370988,1,1,23,23,23,23,23,23,23,23,23,23
370988,2,1,0,0,0,0,11,0,0,0,0,0
370989,1,1,0,0,0,0,0,5,0,0,0,0
370990,1,1,19,19,19,19,19,19,19,19,19,19
370991,1,1,0,0,0,0,0,0,0,0,0,0
370991,2,1,0,0,0,0,0,0,0,0,0,0
370992,0,1,0,0,0,0,0,0,0,0,0,0
370992,1,1,0,0,0,0,0,0,0,0,0,0
370993,1,1,0,0,0,0,0,0,0,0,0,0
370994,0,1,0,0,0,0,0,0,0,0,0,0
370994,1,1,0,0,0,0,0,0,0,0,0,0
370995,1,1,0,0,0,0,0,0,0,0,0,0
370995,2,1,0,0,0,0,0,0,0,0,0,0
370996,1,1,0,0,0,0,0,0,0,0,0,0
370996,2,1,0,0,0,0,0,0,0,0,0,0
370997,0,1,17,17,17,17,17,17,17,17,17,17
370997,1,1,0,0,0,0,0,0,0,0,0,0
370997,2,1,0,0,0,0,0,23,0,0,11,0
370997,3,1,0,0,0,0,0,0,0,0,0,0
370998,1,1,13,13,13,13,13,13,13,13,13,13
370999,1,1,0,0,0,0,0,0,0,0,0,0
370999,2,1,0,0,0,0,0,0,0,0,0,0
371000,0,1,0,0,0,0,0,0,0,0,0,0
371000,1,1,0,0,0,0,0,0,0,0,0,0
371001,1,1,0,0,0,0,0,0,0,0,0,0
371002,1,1,0,0,0,0,0,0,0,0,0,0
371003,1,1,0,0,0,0,0,0,0,0,0,0
371004,0,1,0,0,0,0,0,0,0,0,0,0
371004,1,1,0,0,0,0,0,0,0,0,0,0
371005,1,1,0,0,0,0,0,0,0,0,0,0
371006,1,1,29,29,29,29,29,29,29,29,29,29
371006,2,1,0,0,0,0,0,0,0,0,0,0
371007,1,1,0,0,0,0,0,0,0,0,0,0
371007,2,1,0,0,0,0,0,0,0,0,0,0
371008,0,1,18,18,18,18,18,18,18,18,18,18
371008,1,1,0,0,0,0,0,0,0,0,0,0
371009,1,1,0,0,0,0,0,0,0,0,0,0
371009,2,1,0,0,0,0,0,0,0,0,0,0
371010,0,1,0,0,0,0,0,0,0,0,0,0
371010,1,1,0,0,0,15,0,5,0,0,0,0
371010,2,1,0,0,0,0,0,0,0,0,0,0
371011,1,1,10,10,10,10,10,10,10,10,10,10
371012,1,1,0,0,0,0,0,0,0,0,0,0
371012,2,1,0,0,0,0,0,0,0,0,0,0
371013,1,1,0,0,0,0,0,0,0,0,0,0
371013,2,1,0,0,0,0,0,0,0,0,0,0
371014,1,1,0,0,0,0,0,0,0,0,0,0
371014,2,1,0,0,0,0,0,0,0,0,0,0
371015,1,1,27,27,27,27,27,27,27,27,27,27
371016,0,1,21,21,21,21,21,21,21,21,21,21
371016,1,1,0,6,0,0,0,33,0,0,0,41
371017,0,1,0,0,0,0,0,0,0,0,0,0
371017,1,1,0,0,0,0,0,0,0,0,0,0
371018,1,1,0,0,0,0,0,0,0,0,0,0
371019,1,1,0,0,0,0,0,0,0,0,0,0
371019,2,1,0,0,0,0,0,0,0,0,0,0
371020,1,1,0,0,0,0,0,0,0,0,0,0
371021,1,1,0,0,0,0,0,0,0,0,0,0
371022,1,1,0,10,0,0,0,0,0,0,0,0
371022,2,1,0,0,0,0,0,0,0,0,0,0
371023,1,1,0,0,0,0,0,0,0,0,0,0
371024,0,1,0,0,0,0,0,0,0,0,0,0
371024,1,1,0,0,0,0,0,0,0,0,0,0
371025,1,1,0,0,0,0,0,0,0,0,0,0
371025,2,1,0,0,0,0,0,0,0,0,0,0
371026,0,1,13,13,13,13,13,13,13,13,13,13
371026,1,1,0,0,0,0,0,0,0,0,13,0
371027,1,1,0,0,0,0,0,0,0,0,0,0
371027,2,1,0,0,0,0,0,0,0,0,0,0
371028,0,1,0,0,0,0,0,0,0,0,0,0
371028,1,1,0,0,0,9,0,0,0,0,0,0
371029,1,1,0,0,0,0,0,0,0,0,0,0
371029,2,1,0,0,0,0,0,0,0,0,9,0
371030,1,1,0,0,0,0,0,0,0,0,0,0
371030,2,1,0,0,0,0,0,0,0,0,0,0
371031,1,1,0,0,0,0,0,0,0,0,0,0
371032,1,1,0,0,0,0,0,0,0,0,0,0
371032,2,1,0,0,0,0,0,0,0,0,0,0
371033,1,1,0,0,0,0,0,0,0,0,0,0
371033,2,1,0,0,0,0,0,0,0,0,0,0
371034,1,1,0,0,0,0,0,0,0,0,0,0
371035,1,1,0,0,0,21,0,0,0,0,0,0
371035,2,1,0,0,0,0,0,0,0,0,0,0
371036,0,1,0,0,0,0,0,0,0,0,0,0
371036,1,1,0,0,0,0,0,0,0,0,0,0
371037,1,1,0,0,0,0,0,0,0,0,0,0
371038,0,1,15,15,15,15,15,15,15,15,15,15
371038,1,1,0,0,0,0,0,0,0,0,0,0
371039,1,1,0,0,0,11,0,0,0,0,0,0
371040,1,1,11,11,11,11,11,11,11,11,11,11
371041,0,1,0,0,0,0,0,0,0,0,0,0
371041,0,2,0,0,0,0,0,0,0,0,0,12
371041,1,1,0,0,0,0,0,0,0,0,0,0
371042,0,1,0,0,0,0,0,0,0,0,0,0
371042,1,1,0,0,0,0,0,0,0,0,0,0
371043,1,1,28,28,28,28,28,28,28,28,28,28
371043,2,1,15,18,18,0,12,11,21,30,17,12
371044,1,1,0,0,0,0,0,0,0,0,0,0
371044,2,1,0,0,0,0,0,0,0,0,0,0
371044,3,1,0,0,0,0,0,0,0,0,0,0
371045,1,1,0,0,0,0,0,0,0,0,0,0
371045,2,1,0,7,0,0,0,0,0,0,0,0
371046,1,1,13,13,13,13,13,13,13,13,13,13
371047,1,1,21,21,21,21,21,21,21,21,21,21
371048,0,1,0,0,0,0,0,0,0,19,0,27
371048,1,1,0,0,0,0,0,0,0,14,0,0
371049,0,1,0,0,0,0,0,0,0,0,0,0
371049,1,1,0,0,0,0,0,0,0,0,0,0
371050,1,1,0,0,0,0,0,0,0,0,0,0
371051,1,1,0,0,0,0,0,0,0,0,0,0
371051,2,1,2,2,2,2,2,2,2,2,2,2
371052,0,1,0,0,0,0,0,0,0,0,0,0
371052,1,1,0,0,0,0,0,0,0,0,0,0
371053,0,1,32,32,32,32,32,32,32,32,32,32
371053,1,1,0,0,0,7,0,0,0,0,0,0
371054,1,1,0,0,0,0,0,0,0,0,0,0
371054,2,1,0,0,10,0,0,0,0,0,0,0
371055,1,1,0,0,0,0,0,0,0,0,0,0
371055,2,1,0,0,0,0,0,0,0,0,0,0
371056,1,1,0,0,0,0,0,0,0,0,0,0
371056,2,1,0,0,0,0,0,0,0,0,0,0
371057,1,1,0,0,0,0,0,0,0,0,0,0
371057,2,1,0,0,0,0,0,0,0,0,0,0
371058,1,1,3,3,3,3,3,3,3,3,3,3
371058,2,1,3,3,3,3,3,3,3,3,3,3
371059,1,1,24,24,24,24,24,24,24,24,24,24