ST_CASE,VEH_NO,PER_NO,P1,P2,P3,P4,P5,P6,P7,P8,P9,P10
371060,1,1,0,0,0,0,0,0,0,0,0,0
371061,1,1,18,18,18,18,18,18,18,18,18,18
371062,0,1,18,18,18,18,18,18,18,18,18,18
371062,1,1,10,0,0,0,0,0,0,0,0,0
371063,1,1,28,28,28,28,28,28,28,28,28,28
371063,2,1,0,0,0,0,0,0,0,0,0,0
371063,3,1,0,0,0,0,0,0,2,0,0,0
371064,0,1,0,0,0,0,0,0,0,0,0,0
371064,1,1,12,0,0,0,13,0,0,10,0,0
371065,1,1,0,0,0,0,0,0,0,0,0,0
371065,2,1,0,0,0,0,0,0,0,0,0,0
371066,1,1,0,0,0,0,0,0,0,0,0,0
371067,1,1,15,15,15,15,15,15,15,15,15,15
371068,0,1,20,20,20,20,20,20,20,20,20,20
371068,1,1,0,0,16,29,0,0,0,23,0,0
371069,1,1,8,8,8,8,8,8,8,8,8,8
371070,1,1,0,0,0,0,0,0,0,0,0,0
371070,2,1,0,0,0,0,0,0,0,0,0,0
371071,1,1,25,25,25,25,25,25,25,25,25,25
371072,1,1,38,38,38,38,38,38,38,38,38,38
371073,1,1,0,0,0,0,0,0,0,0,0,0
371073,2,1,0,0,0,0,0,0,0,0,0,0
371073,3,1,0,0,0,0,0,0,0,0,0,19
371074,1,1,20,20,20,20,20,20,20,20,20,20
371075,1,1,18,18,18,18,18,18,18,18,18,18
371076,1,1,0,0,0,0,0,0,0,0,0,0
371077,0,1,15,15,15,15,15,15,15,15,15,15
371077,1,1,0,0,0,0,0,0,0,0,0,0
371078,1,1,0,0,0,0,0,0,0,0,0,0
371079,1,1,0,0,0,0,0,0,0,0,0,0
371080,1,1,32,32,32,32,32,32,32,32,32,32
371081,0,1,0,0,0,0,0,0,0,0,0,0
371081,1,1,31,0,0,0,0,0,0,0,0,0
371082,1,1,0,0,0,0,0,0,0,0,0,0
371082,2,1,0,0,0,0,0,0,0,0,0,0
371083,1,1,20,20,20,20,20,20,20,20,20,20
371083,2,1,0,0,0,0,0,0,0,0,0,0
371083,3,1,0,0,0,0,4,22,0,0,23,0
371084,1,1,0,0,0,0,0,0,0,0,0,0
371084,2,1,0,0,0,0,0,0,0,0,0,0
371085,1,1,21,21,21,21,21,21,21,21,21,21
371086,1,1,26,26,26,26,26,26,26,26,26,26
371087,1,1,12,12,12,12,12,12,12,12,12,12
371087,2,1,0,0,0,0,0,0,0,0,0,0
371088,1,1,0,0,0,0,0,0,0,0,0,0
371088,2,1,0,0,0,0,0,0,0,0,0,5
371089,1,1,0,0,0,0,0,0,0,0,0,0
371089,2,1,0,0,0,0,0,0,0,0,0,0
371090,1,1,0,0,0,0,0,0,0,0,0,0
371090,2,1,6,6,6,6,6,6,6,6,6,6
371091,1,1,19,19,19,19,19,19,19,19,19,19
371092,1,1,15,15,15,15,15,15,15,15,15,15
371093,1,1,0,0,0,0,0,0,0,0,0,0
371094,1,1,0,0,0,0,0,0,0,0,0,0
371095,1,1,0,0,0,0,0,0,0,0,0,0
371095,2,1,0,0,0,0,0,0,0,0,0,0
371096,1,1,0,0,0,0,0,0,0,0,0,0
371096,2,1,2,2,2,2,2,2,2,2,2,2
371097,1,1,0,0,0,0,0,0,0,0,0,0
371097,2,1,0,0,0,0,0,0,0,0,0,0
371098,1,1,0,0,0,0,0,0,0,0,0,0
371099,1,1,0,16,0,0,14,0,0,0,0,0
371099,2,1,0,0,0,0,0,0,0,0,0,0
371100,1,1,0,0,0,0,0,0,0,13,0,0
371100,2,1,0,0,0,0,0,0,0,0,0,0
371101,1,1,0,0,0,0,0,0,0,0,0,0
371101,2,1,0,0,0,0,0,0,0,0,0,0
371102,1,1,0,0,0,0,0,0,0,0,0,0
371103,1,1,0,0,0,0,0,0,0,0,0,0
371104,0,1,16,16,16,16,16,16,16,16,16,16
371104,1,1,0,0,0,0,0,0,0,0,0,0
371105,1,1,0,0,0,0,0,0,0,0,0,0
371106,1,1,0,0,0,0,0,0,0,0,0,0
371107,1,1,20,20,20,20,20,20,20,20,20,20
371108,1,1,0,0,0,0,0,0,0,0,0,0
371109,1,1,0,0,0,0,0,0,0,0,0,0
371109,2,1,0,0,0,0,0,0,0,0,0,0
371110,1,1,9,9,9,9,9,9,9,9,9,9
371111,1,1,0,0,0,0,0,0,0,0,0,0
371111,2,1,0,0,12,0,0,0,15,0,0,0
371112,1,1,0,0,0,0,0,0,0,0,0,0
371112,2,1,0,0,0,0,0,0,0,0,0,0
371113,0,1,0,0,0,0,0,0,0,0,0,0
371113,1,1,0,0,0,0,0,0,0,0,0,0
371114,1,1,0,0,0,0,0,0,0,0,0,0
371115,0,1,0,0,0,0,0,0,0,0,27,0
371115,1,1,0,0,0,0,0,0,0,0,0,0
371116,1,1,22,22,22,22,22,22,22,22,22,22
371117,1,1,0,0,0,0,0,24,0,0,0,0
371117,2,1,0,0,0,0,0,0,0,0,0,0
371118,1,1,0,0,0,0,0,0,0,0,0,0
371118,2,1,0,0,0,0,0,0,0,0,0,0
371119,0,1,0,0,0,0,0,0,0,0,0,0
371119,0,2,0,0,0,0,0,0,0,0,0,0
371119,1,1,0,0,0,0,0,0,0,0,0,0
371120,1,1,19,12,17,14,14,13,0,17,4,24
371121,0,1,27,27,27,27,27,27,27,27,27,27
371121,1,1,3,0,0,13,4,8,0,18,7,0
371122,0,1,0,0,0,0,0,0,0,0,0,0
371123,1,1,0,0,0,0,0,0,0,0,0,0
371123,2,1,0,0,0,0,0,0,0,0,0,0
371124,1,1,0,0,0,0,0,0,0,0,0,0
371124,2,1,0,0,0,0,0,0,0,0,0,0
371125,0,1,10,10,10,10,10,10,10,10,10,10
371125,1,1,0,0,0,0,12,12,0,27,0,0
371126,1,1,6,10,17,27,20,15,19,14,14,16
371127,1,1,0,0,0,0,0,0,0,0,0,0
371127,2,1,0,0,0,0,0,0,0,0,0,0
371128,0,1,0,0,0,0,0,0,0,0,0,0
371128,1,1,9,0,0,0,0,0,0,0,0,0
371129,1,1,0,0,0,0,0,0,0,0,0,0
371130,1,1,0,0,0,0,0,0,0,0,0,0
371130,2,1,0,0,0,0,0,0,0,0,0,0
371131,1,1,0,0,0,0,0,0,0,0,0,0
371132,1,1,0,0,0,0,0,0,0,0,0,0
371132,2,1,0,0,0,0,0,0,0,0,0,0
371133,1,1,8,8,8,8,8,8,8,8,8,8
371134,1,1,5,24,25,17,20,0,0,28,13,11
371135,1,1,22,22,22,22,22,22,22,22,22,22
371136,0,1,0,0,0,0,0,0,0,0,0,0
371136,1,1,0,0,0,0,0,0,0,0,0,0
371137,1,1,8,8,8,8,8,8,8,8,8,8
371138,0,1,0,0,0,0,0,0,0,0,0,0
371138,1,1,20,6,0,33,21,9,6,31,10,25
371139,1,1,0,0,0,0,0,0,0,0,0,13
371139,2,1,0,0,0,0,0,0,0,0,0,0
371140,1,1,0,0,0,0,0,0,0,0,0,0
371140,2,1,0,0,0,0,0,0,0,0,0,0
371141,0,1,19,19,19,19,19,19,19,19,19,19
371141,1,1,0,0,0,0,0,0,0,0,0,0
371142,1,1,0,0,0,0,0,0,0,0,0,0
371143,1,1,0,0,0,0,0,0,0,0,0,0
371143,2,1,0,0,0,0,0,0,0,0,0,0
371144,1,1,0,0,0,0,0,0,0,0,0,0
371145,1,1,0,0,28,0,0,0,0,0,8,0
371146,0,1,0,0,0,0,0,0,0,0,0,0
371146,1,1,0,0,0,0,0,0,0,0,0,0
371147,1,1,0,0,0,0,0,0,0,0,0,0
371147,2,1,0,0,0,0,0,0,0,0,0,0
371148,1,1,16,16,16,16,16,16,16,16,16,16
371148,2,1,0,0,0,0,0,0,0,0,0,0
371149,1,1,0,0,0,0,0,0,0,0,0,0
371150,1,1,27,27,27,27,27,27,27,27,27,27
371150,2,1,17,17,17,17,17,17,17,17,17,17
371151,1,1,7,7,7,7,7,7,7,7,7,7
371152,1,1,22,22,22,22,22,22,22,22,22,22
371153,1,1,0,0,0,0,0,0,0,0,0,0
371153,2,1,0,0,0,0,0,0,0,0,0,0
371153,3,1,0,0,0,0,0,0,0,0,0,0
371154,0,1,8,8,8,8,8,8,8,8,8,8
371154,1,1,0,0,0,0,0,0,0,0,0,0
371155,1,1,0,0,0,0,0,0,0,0,0,0
371156,1,1,0,0,0,0,0,0,0,0,0,0
371156,2,1,0,0,0,0,0,0,0,0,0,0
371157,1,3,0,0,0,11,10,10,27,4,8,22
371158,1,1,14,0,0,0,0,0,0,0,0,0
371158,2,1,0,0,0,0,0,0,0,0,0,0
371159,1,1,0,0,0,0,0,0,0,0,0,0
371159,2,1,0,0,0,0,0,0,0,0,0,0
371160,1,1,0,0,0,0,0,0,0,0,0,0
371161,1,1,23,23,23,23,23,23,23,23,23,23
371162,1,1,28,28,28,28,28,28,28,28,28,28
371163,1,1,0,0,0,0,0,0,0,0,0,0
371164,1,1,0,0,0,0,0,0,0,0,0,0
371164,2,1,0,0,0,0,0,0,0,0,0,0
371165,1,1,24,24,24,24,24,24,24,24,24,24
371166,1,1,0,0,0,0,0,0,0,0,0,0
371167,1,1,19,19,19,19,19,19,19,19,19,19
371168,1,1,0,0,0,0,0,0,0,0,0,0
371169,1,1,0,0,0,0,0,0,0,0,0,0
371169,2,1,0,0,0,0,0,0,0,0,0,0
371169,3,1,0,0,0,0,0,0,0,0,0,0
371170,1,1,0,0,0,0,0,0,0,0,0,0
371170,2,1,0,0,0,0,0,0,0,0,0,0
371170,3,1,0,0,0,0,0,0,0,0,0,0
371171,1,1,0,0,0,0,0,0,0,0,0,0
371172,0,1,17,17,17,17,17,17,17,17,17,17
371172,1,1,0,0,0,0,0,0,0,0,0,0
371173,1,1,0,0,0,0,0,0,0,0,0,0
371174,1,1,0,0,0,0,44,0,0,0,0,0
371174,2,1,0,0,0,0,0,0,0,0,0,0
371175,1,1,12,12,12,12,12,12,12,12,12,12
371176,1,1,0,0,0,0,0,0,0,0,19,0
371177,1,1,0,0,0,0,0,0,0,0,0,0
371177,2,1,0,0,0,0,0,0,0,0,0,0
371178,1,1,0,0,0,0,0,0,0,0,0,0
371178,2,1,5,0,10,0,0,0,0,0,0,0
371179,1,1,27,15,18,11,25,23,16,25,20,12
371180,0,1,2,2,2,2,2,2,2,2,2,2
371180,1,1,0,0,0,0,0,0,12,0,0,0
371181,1,1,0,0,0,0,9,0,0,0,18,0
371181,2,1,18,18,18,18,18,18,18,18,18,18
371182,0,1,37,0,0,0,0,0,0,0,0,0
371182,1,1,18,18,18,18,18,18,18,18,18,18
371183,1,1,22,10,0,21,0,20,0,0,0,0
371184,0,1,0,0,0,0,0,0,0,0,0,0
371184,1,1,0,0,0,0,0,0,0,0,0,0
371185,1,1,18,4,0,24,15,14,20,0,0,0
371186,1,1,0,0,0,0,0,0,0,0,0,0
371186,2,1,0,0,0,0,0,0,0,0,0,0
371187,1,1,0,0,0,0,4,0,0,0,0,0
371187,2,1,0,0,0,0,0,0,0,0,0,0
371187,3,1,0,0,0,0,0,0,0,0,0,0
371188,0,1,0,0,0,0,0,0,0,0,0,0
371188,1,1,0,0,0,19,0,0,0,0,0,0
371189,1,1,0,0,0,0,0,0,0,0,0,0
371189,2,1,0,0,0,0,0,0,0,0,0,0
371190,1,1,2,2,2,2,2,2,2,2,2,2
371191,0,1,0,0,0,0,0,0,0,0,0,0
371191,1,1,0,0,0,0,0,0,0,0,0,0
371192,0,1,26,26,26,26,26,26,26,26,26,26
371192,1,1,0,0,0,0,0,0,0,0,0,0
371193,1,1,0,0,0,0,0,0,0,0,0,0
371194,0,1,0,0,0,0,0,0,0,0,0,0
371194,1,1,0,0,0,0,0,0,0,0,0,0
371195,1,1,0,0,0,0,0,0,0,0,0,0
371195,2,1,0,0,0,0,0,0,0,0,0,0
371196,1,1,0,0,0,0,0,0,0,0,0,0
371196,2,1,0,0,0,0,0,0,0,0,0,0
371197,1,1,0,0,0,0,0,0,0,0,0,0
371197,2,1,0,0,0,0,0,0,0,0,0,0
371198,1,1,20,20,20,20,20,20,20,20,20,20
371199,1,1,0,0,0,0,0,0,0,0,0,0
371199,2,1,0,0,0,0,0,0,0,0,0,0
371200,1,1,0,0,0,0,0,0,0,0,0,0
371200,2,1,0,0,0,0,0,0,0,0,0,0
371201,0,1,14,14,14,14,14,14,14,14,14,14
371201,1,1,0,0,0,0,0,0,0,0,0,0
371202,1,1,0,0,0,0,0,0,0,0,0,0
371203,1,1,32,32,32,32,32,32,32,32,32,32
371203,2,1,0,3,0,4,0,0,0,0,0,0
371203,3,1,0,7,0,0,0,0,0,0,0,0
371204,0,1,0,0,0,0,0,0,0,0,0,0
371204,1,1,0,0,0,0,0,0,0,0,0,0
371204,2,1,0,0,0,0,0,0,0,0,0,0
371205,1,1,8,8,8,8,8,8,8,8,8,8
371206,1,1,0,0,0,0,0,0,0,0,0,0
371206,2,1,0,0,0,0,0,0,0,0,0,0
371206,3,1,0,0,0,0,0,0,0,0,0,0
371207,1,1,6,0,0,0,0,0,0,0,0,0
371207,2,1,0,0,0,0,0,0,0,0,0,0
371208,1,1,0,18,0,9,14,0,0,27,0,25
371209,1,1,0,0,0,0,0,0,0,0,0,0
371210,1,1,0,0,0,0,0,0,0,0,0,0
371210,2,1,0,0,0,0,0,0,0,0,0,0
371211,1,1,0,0,0,0,0,0,0,0,0,0
371211,2,1,0,0,0,0,0,0,0,0,0,0
371212,1,1,0,0,0,0,0,0,0,0,0,0
371212,2,1,0,0,0,0,0,0,0,0,0,0
371213,1,1,0,0,0,0,0,0,0,0,0,0
371213,2,1,0,0,0,0,0,0,0,0,0,0
371213,3,1,0,0,0,0,0,0,0,28,0,0
371213,4,1,0,0,0,0,0,0,0,0,0,0
371213,5,1,0,0,0,0,0,0,0,0,0,0
371214,1,1,0,0,0,0,0,0,0,0,0,0
371215,1,1,0,0,0,0,0,0,0,0,0,0
371216,1,1,0,0,0,0,0,0,0,0,0,0
371217,1,1,0,0,0,0,0,0,0,0,0,0
371217,2,1,0,0,0,0,0,0,0,0,0,0
371218,1,1,0,0,0,0,0,0,0,0,0,0
371218,2,1,0,0,0,0,0,0,0,0,0,0
371219,1,1,0,0,0,0,0,0,0,0,0,7
371220,0,1,5,5,5,5,5,5,5,5,5,5
371220,1,1,4,4,4,4,4,4,4,4,4,4
371221,1,1,0,0,0,0,0,0,0,0,0,0
371221,2,1,26,26,26,26,26,26,26,26,26,26
371222,0,1,0,0,0,0,0,0,0,0,0,0
371222,1,1,0,0,24,0,0,0,0,0,0,0
371223,1,1,18,18,18,18,18,18,18,18,18,18
371224,1,1,0,0,0,0,0,0,0,0,0,0
371224,2,1,0,0,0,0,0,0,0,0,0,0
380001,1,1,0,0,0,0,0,0,0,0,0,0
380002,1,1,13,9,0,16,9,0,0,0,0,19
380002,2,1,0,0,0,0,0,0,22,0,23,0
380003,1,1,0,0,0,0,0,0,0,0,0,0
380003,2,1,0,0,0,0,0,0,0,0,0,0
380004,1,1,0,0,0,0,0,0,0,0,0,0
380004,2,1,0,0,0,0,0,0,0,0,0,0
380005,1,1,0,0,0,0,0,0,0,0,0,0
380006,1,1,31,31,31,31,31,31,31,31,31,31
380007,1,1,0,0,0,0,0,0,0,0,0,0
380007,2,1,26,26,26,26,26,26,26,26,26,26
380008,1,1,0,0,0,0,0,0,0,0,0,0
380008,2,1,0,0,0,0,0,0,0,0,0,0
380009,1,1,20,20,20,20,20,20,20,20,20,20
380010,1,1,0,0,0,0,0,0,0,0,0,0
380011,1,1,26,26,26,26,26,26,26,26,26,26
380012,1,1,0,0,0,0,0,0,0,0,0,0
380013,1,1,0,0,0,0,0,0,0,0,0,0
380014,1,1,26,26,26,26,26,26,26,26,26,26
380014,2,1,0,0,0,0,0,0,0,0,0,0
380015,1,1,7,7,7,7,7,7,7,7,7,7
380016,1,1,21,21,21,21,21,21,21,21,21,21
380017,1,1,15,15,15,15,15,15,15,15,15,15
380018,1,1,0,0,0,0,0,0,0,0,0,0
380018,2,1,0,0,0,0,0,0,0,0,0,0
380019,1,1,0,0,0,0,0,0,0,0,0,0
380019,2,1,0,0,0,0,0,0,0,0,0,0
380020,1,1,0,0,0,0,0,0,0,0,0,0
380020,2,1,0,0,0,0,0,0,0,0,0,0
380021,1,1,19,19,19,19,19,19,19,19,19,19
380021,2,1,9,9,9,9,9,9,9,9,9,9
380022,1,1,23,23,23,23,23,23,23,23,23,23
380023,1,1,16,16,16,16,16,16,16,16,16,16
380024,1,1,16,16,16,16,16,16,16,16,16,16
380025,1,1,0,0,0,0,0,0,0,0,0,0
380026,1,1,0,0,0,0,0,0,0,0,23,0
380026,2,1,5,0,7,0,5,0,0,0,10,0
380026,3,1,14,0,12,0,6,17,0,0,0,0
380027,1,1,29,29,29,29,29,29,29,29,29,29
380028,1,1,0,0,0,0,0,0,0,0,0,0
380029,1,1,3,3,3,3,3,3,3,3,3,3
380030,1,1,20,20,20,20,20,20,20,20,20,20
380030,2,1,0,0,0,0,0,0,0,0,0,0
380031,1,1,23,23,23,23,23,23,23,23,23,23
380031,2,1,0,0,28,2,24,0,0,0,0,7
380031,3,1,0,0,0,0,0,0,0,0,0,0
380032,1,1,0,0,0,0,0,0,0,0,0,0
380032,2,1,0,0,0,0,0,0,0,0,0,0
380033,1,1,0,0,0,0,0,0,0,0,0,0
380034,1,1,0,0,0,0,0,0,0,0,0,0
380035,1,1,0,0,0,0,0,0,0,0,0,0
380036,0,1,0,0,0,0,0,0,0,0,0,0
380036,1,1,0,0,0,0,0,0,0,0,0,0
380037,1,1,14,14,14,14,14,14,14,14,14,14
380038,1,1,0,0,0,0,0,0,0,0,0,0
380038,2,1,14,14,14,14,14,14,14,14,14,14
380039,1,1,27,27,27,27,27,27,27,27,27,27
380039,2,1,0,0,0,0,0,0,0,0,0,0
380040,1,1,5,5,5,5,5,5,5,5,5,5
380041,1,1,0,0,0,0,0,0,0,0,0,0
380041,2,1,0,0,0,0,0,0,0,0,0,0
380042,1,1,8,8,8,8,8,8,8,8,8,8
380042,2,1,0,0,0,0,0,0,0,0,0,0
380043,1,1,0,0,0,0,0,0,0,0,0,0
380043,2,1,0,0,0,0,0,0,0,0,0,0
380044,0,1,24,24,24,24,24,24,24,24,24,24
380044,1,1,14,0,0,0,11,5,0,23,14,0
380044,2,1,0,0,0,0,8,7,5,2,10,0
380045,0,1,12,12,12,12,12,12,12,12,12,12
380045,1,1,0,0,0,0,0,0,0,0,0,0
380046,1,1,24,24,24,24,24,24,24,24,24,24
380046,2,1,0,0,0,0,0,0,0,0,0,0
380047,1,1,17,17,17,17,17,17,17,17,17,17
380048,1,1,0,22,31,12,15,0,12,11,11,18
380049,1,1,28,28,28,28,28,28,28,28,28,28
380050,1,1,28,28,28,28,28,28,28,28,28,28
380051,1,1,0,0,0,0,0,0,0,0,0,0
380051,2,1,0,0,0,0,0,0,0,0,0,0
380052,1,1,0,0,0,0,0,0,0,0,0,0
380052,2,1,0,0,0,0,0,0,0,0,0,0
380053,1,1,0,0,0,0,0,0,0,0,0,0
380053,2,1,22,22,22,22,22,22,22,22,22,22
380054,1,1,0,0,0,0,0,0,0,0,0,0
380054,2,1,0,0,0,0,0,0,0,0,0,0
380054,3,1,0,0,0,0,0,0,0,0,0,0
380054,4,1,0,0,0,0,0,0,0,0,16,0
380055,0,1,28,28,28,28,28,28,28,28,28,28
380055,1,1,0,0,0,17,0,0,0,0,0,0
380056,1,1,0,0,0,0,0,0,0,0,0,0
380057,1,1,21,21,21,21,21,21,21,21,21,21
380058,0,1,0,0,0,0,0,0,0,0,0,0
380058,1,1,0,0,0,0,0,0,0,0,0,0
380059,1,1,18,18,18,18,18,18,18,18,18,18
380060,1,1,0,0,0,0,0,0,0,0,0,0
380061,1,1,0,0,0,0,0,0,0,0,0,0
380062,1,1,0,0,0,0,0,0,0,0,0,0
380062,2,1,0,0,0,0,0,0,0,0,0,0
380063,1,1,0,0,0,0,0,0,0,0,0,0
380063,2,1,0,0,0,0,0,0,0,0,0,0
380064,1,1,0,0,0,0,0,0,0,0,0,0
380065,1,1,0,0,0,0,0,0,0,0,0,0
380065,2,1,0,0,0,0,0,0,0,0,0,0
380066,1,1,10,10,10,10,10,10,10,10,10,10
380067,1,1,17,17,17,17,17,17,17,17,17,17
380068,1,1,0,0,0,0,0,0,0,0,0,0
380069,1,1,18,18,18,18,18,18,18,18,18,18
380070,1,1,0,0,0,0,0,0,0,0,0,0
380071,1,1,24,24,24,24,24,24,24,24,24,24
380072,1,1,0,0,0,0,0,0,0,0,0,0
380072,2,1,0,0,0,0,0,0,0,0,0,0
380073,0,1,32,32,32,32,32,32,32,32,32,32
380073,1,1,0,0,0,0,0,0,0,0,0,0
380074,0,1,0,0,0,0,0,0,0,0,0,0
380074,1,1,0,0,0,0,0,0,0,0,0,0
380075,1,1,21,21,21,21,21,21,21,21,21,21
380076,1,1,6,6,6,6,6,6,6,6,6,6
380077,1,1,20,20,20,20,20,20,20,20,20,20
380078,1,1,0,0,0,0,0,0,0,0,0,0
380079,1,1,0,0,0,0,0,0,0,0,0,0
380079,2,1,0,0,0,0,0,0,0,0,0,0
380080,1,1,21,21,21,21,21,21,21,21,21,21
380081,1,1,23,23,23,23,23,23,23,23,23,23
380082,1,1,11,11,11,11,11,11,11,11,11,11
380083,1,1,24,24,24,24,24,24,24,24,24,24
380084,1,1,16,16,16,16,16,16,16,16,16,16
380085,1,1,31,31,31,31,31,31,31,31,31,31
380086,1,1,0,0,21,0,17,0,13,18,0,0
380087,1,1,0,0,0,0,0,0,0,0,0,0
380087,2,1,0,0,0,0,0,0,0,0,0,0
380088,0,1,30,30,30,30,30,30,30,30,30,30
380088,1,1,0,0,0,0,20,0,0,21,0,0
380089,1,1,0,0,0,0,0,0,0,0,0,0
380089,2,1,0,0,0,0,0,0,0,0,0,0
380090,1,1,0,0,0,0,0,0,0,0,0,0
380090,2,1,0,0,0,0,0,0,0,0,0,0
380091,0,1,0,0,0,0,0,0,0,0,0,0
380091,1,1,0,0,0,0,0,0,0,0,0,0
380091,2,1,0,0,0,0,0,0,0,0,0,0
380091,3,1,0,0,0,0,0,0,0,0,0,0
380091,4,1,0,0,0,0,0,0,0,0,0,0
380091,5,1,0,0,0,0,0,0,0,0,0,0
380091,6,1,0,0,0,0,0,0,0,0,0,0
380091,7,1,0,0,0,0,0,0,0,0,0,0
380091,8,1,0,0,0,0,0,0,0,0,0,0
380091,9,1,0,0,0,0,0,0,0,0,0,0
380091,10,1,0,0,0,0,0,0,0,0,0,0
380091,11,1,0,0,0,0,0,0,0,0,0,0
380091,12,1,0,0,0,0,0,0,0,0,0,0
380091,13,1,0,0,0,0,0,0,0,0,0,0
380091,14,1,0,0,0,0,0,0,0,0,0,0
380091,15,1,0,0,0,0,0,0,0,0,0,0
380092,1,1,0,0,0,0,0,0,0,0,0,0
380092,2,1,0,0,0,0,0,0,0,0,0,0
390001,1,1,0,0,0,0,0,0,0,0,0,0
390001,2,1,0,0,0,0,0,0,0,0,0,0
390002,0,1,0,0,0,0,0,0,0,0,0,0
390002,1,1,0,0,0,0,0,0,0,0,0,0
390003,0,1,0,0,0,0,0,0,0,0,0,0
390003,1,1,0,0,0,0,0,0,0,0,0,0
390003,2,1,0,0,0,0,0,0,0,0,0,0
390003,3,1,0,0,0,0,0,0,0,0,0,0
390003,4,1,0,3,0,11,0,0,0,0,0,0
390004,1,1,0,0,0,0,0,0,0,0,0,0
390005,1,1,9,9,9,9,9,9,9,9,9,9
390006,1,1,20,20,20,20,20,20,20,20,20,20
390007,1,1,10,10,10,10,10,10,10,10,10,10
390008,1,1,17,17,17,17,17,17,17,17,17,17
390009,1,1,0,0,0,0,0,0,0,0,0,0
390009,2,1,0,17,0,0,0,0,0,0,0,0
390009,3,1,0,0,0,0,0,0,0,0,0,0
390010,1,1,0,0,0,0,0,0,0,0,0,0
390010,2,1,0,0,0,0,0,0,0,0,0,0
390011,1,1,0,0,0,0,0,0,0,0,0,0
390011,2,1,0,0,0,0,0,0,0,0,0,0
390012,1,1,0,0,0,0,0,0,0,0,0,0
390013,1,1,0,0,0,0,0,0,0,0,0,0
390013,2,1,13,13,13,13,13,13,13,13,13,13
390014,1,1,22,22,22,22,22,22,22,22,22,22
390015,1,1,0,0,0,0,0,0,0,0,0,0
390016,1,1,0,0,0,0,0,0,0,0,0,0
390017,0,1,0,0,0,0,0,0,0,0,0,0
390017,0,2,0,0,0,0,0,0,26,0,0,0
390017,1,1,0,0,0,0,0,0,0,0,0,0
390017,2,1,0,0,0,0,0,0,0,0,0,0
390018,1,1,0,0,0,0,0,0,0,0,0,0
390019,1,1,0,0,0,0,0,0,0,0,0,0
390019,2,1,0,0,0,0,0,0,0,0,0,0
390020,1,1,0,0,0,0,0,0,0,0,0,0
390021,1,1,0,0,0,0,0,0,0,0,0,17
390021,2,1,0,0,0,0,0,0,0,0,0,0
390022,1,1,17,17,17,17,17,17,17,17,17,17
390023,1,1,6,6,6,6,6,6,6,6,6,6
390024,1,1,20,0,0,0,0,0,0,0,0,0
390024,2,1,0,0,0,0,0,0,0,0,0,0
390024,3,1,0,0,0,0,0,0,0,0,0,0
390026,1,1,0,0,0,0,0,0,0,0,0,0
390026,2,1,0,0,0,0,0,0,0,0,0,0
390027,1,1,0,0,0,0,0,0,0,0,0,0
390028,1,1,0,0,0,0,0,0,0,0,0,0
390028,2,1,0,0,0,0,0,0,0,0,0,0
390029,1,1,10,10,10,10,10,10,10,10,10,10
390030,1,1,0,0,0,0,0,0,0,0,0,0
390030,2,1,0,0,0,0,0,0,0,0,0,0
390031,1,1,25,25,25,25,25,25,25,25,25,25
390032,1,1,12,12,12,12,12,12,12,12,12,12
390033,1,1,0,0,0,0,0,0,0,0,0,0
390034,1,1,0,0,0,0,0,0,0,0,0,0
390034,2,1,0,0,0,0,0,0,0,0,0,0
390035,1,1,27,27,27,27,27,27,27,27,27,27
390036,1,1,0,0,0,0,0,0,0,0,0,0
390037,0,1,24,24,24,24,24,24,24,24,24,24
390037,1,1,0,0,0,0,0,0,0,0,0,0
390038,1,1,0,0,0,0,0,0,0,0,0,0
390038,2,1,0,0,0,0,0,0,0,0,0,0
390039,1,1,0,0,0,0,0,0,0,0,0,0
390039,2,1,0,0,0,0,0,0,0,0,0,0
390039,3,1,0,0,0,0,0,0,0,0,0,0
390040,1,1,0,0,0,0,0,0,0,0,0,0
390040,2,1,0,0,0,0,0,0,0,0,0,0
390041,1,1,0,0,0,0,0,0,0,0,0,0
390042,1,1,8,8,8,8,8,8,8,8,8,8
390043,1,1,0,0,0,0,0,0,0,0,0,0
390043,2,1,0,0,0,0,0,0,0,0,0,0
390044,1,1,0,0,0,0,0,0,0,0,0,0
390045,0,1,0,0,0,0,0,0,0,0,0,0
390045,1,1,0,0,0,0,0,0,0,0,0,0
390046,1,1,0,0,0,0,0,0,0,0,0,0
390047,1,1,0,0,0,0,0,0,0,0,0,0
390047,2,1,0,0,0,0,0,0,0,0,0,0
390048,1,1,0,0,23,0,0,0,8,0,0,0
390050,1,1,0,0,0,0,0,0,0,0,0,0
390050,2,1,22,22,22,22,22,22,22,22,22,22
390053,1,1,0,0,0,0,0,0,0,0,0,0
390053,2,1,0,0,0,0,0,0,0,0,0,0
390054,1,1,15,15,15,15,15,15,15,15,15,15
390055,0,1,0,0,0,0,0,0,0,0,0,0
390055,1,1,0,0,14,0,0,0,0,0,0,0
390056,1,1,23,23,23,23,23,23,23,23,23,23
390056,2,1,0,0,0,0,0,0,0,0,0,0
390057,1,1,0,0,0,0,0,0,0,0,0,0