ST_CASE,VEH_NO,PER_NO,P1,P2,P3,P4,P5,P6,P7,P8,P9,P10
390057,2,1,0,0,0,0,0,0,0,0,0,0
390058,1,1,0,0,0,0,0,0,0,0,0,0
390058,2,1,0,0,0,0,0,0,0,0,0,0
390059,1,1,0,0,0,0,0,0,0,0,0,0
390059,2,1,0,0,0,0,0,0,0,0,0,0
390060,1,1,0,0,0,0,0,0,0,0,0,0
390061,0,1,0,0,0,0,0,0,0,0,0,0
390061,1,1,0,0,0,0,0,0,0,0,0,0
390062,1,1,0,0,0,0,0,0,0,0,0,0
390063,1,1,0,0,0,0,0,0,0,0,0,0
390063,2,1,3,3,3,3,3,3,3,3,3,3
390064,1,1,0,0,0,0,0,0,24,0,0,0
390065,1,1,26,26,26,26,26,26,26,26,26,26
390066,1,1,0,0,0,0,0,0,0,0,0,0
390066,2,1,0,0,0,0,0,0,0,0,0,0
390067,1,1,0,0,0,0,0,0,0,0,0,0
390067,2,1,0,0,0,0,0,0,0,0,0,0
390068,1,1,0,0,0,0,0,0,0,0,0,0
390068,2,1,0,0,0,0,0,0,12,0,0,15
390069,1,1,11,11,11,11,11,11,11,11,11,11
390070,0,1,0,0,0,0,0,0,0,0,0,0
390070,1,1,0,0,0,0,0,0,0,0,0,0
390071,1,1,0,0,0,0,0,0,0,0,0,0
390072,1,1,0,0,0,0,0,0,0,0,0,0
390073,1,1,28,28,28,28,28,28,28,28,28,28
390074,1,1,14,14,14,14,14,14,14,14,14,14
390074,2,1,0,0,0,0,0,0,0,0,0,0
390075,1,1,0,0,0,0,0,0,0,0,0,0
390075,2,1,0,0,0,0,0,0,0,0,0,0
390076,1,1,0,0,0,13,0,0,0,0,10,0
390076,2,1,0,0,0,0,0,0,0,0,0,0
390077,1,1,0,0,0,0,0,0,0,0,0,0
390077,2,1,0,0,0,0,0,0,0,0,0,0
390078,1,1,0,0,0,0,0,0,0,0,0,0
390078,2,1,0,0,0,0,0,0,0,0,0,0
390079,1,1,0,0,0,0,0,0,0,0,0,0
390079,2,1,0,0,0,0,0,0,0,0,0,0
390080,1,1,0,0,0,0,0,0,0,0,0,0
390080,2,1,0,0,0,0,0,0,0,0,0,0
390081,1,1,0,0,0,0,0,0,0,0,0,0
390081,2,1,0,0,0,0,0,0,0,0,0,0
390082,0,1,15,15,15,15,15,15,15,15,15,15
390082,1,1,0,0,0,0,0,9,0,0,0,0
390083,1,1,13,13,13,13,13,13,13,13,13,13
390084,1,1,0,0,0,0,0,0,0,0,0,0
390084,2,1,0,0,0,0,0,0,0,0,0,0
390085,1,1,0,0,0,0,0,0,0,0,0,0
390085,2,1,0,0,0,0,0,0,0,0,0,0
390086,1,1,0,0,0,0,0,0,0,0,0,0
390086,2,1,0,0,0,0,0,0,0,0,0,0
390087,1,1,0,0,0,0,0,0,0,0,0,0
390087,2,1,17,17,17,17,17,17,17,17,17,17
390088,1,1,0,0,0,0,0,0,0,0,0,0
390088,2,1,0,0,0,0,0,0,0,0,0,0
390089,1,1,32,32,32,32,32,32,32,32,32,32
390090,1,1,16,16,16,16,16,16,16,16,16,16
390090,2,1,21,21,21,21,21,21,21,21,21,21
390091,0,1,0,0,0,0,0,0,0,0,0,0
390091,1,1,0,0,0,0,0,0,0,0,0,0
390092,1,1,10,10,10,10,10,10,10,10,10,10
390093,1,1,0,0,0,0,0,0,0,0,0,0
390093,2,1,0,0,0,0,0,0,0,0,0,0
390094,1,1,25,25,25,25,25,25,25,25,25,25
390095,1,1,0,0,0,0,0,0,0,0,0,0
390095,2,1,0,0,0,0,0,0,0,0,0,0
390096,0,1,0,0,0,0,0,0,0,0,0,0
390096,1,1,0,0,0,0,0,0,0,0,0,0
390097,1,1,0,0,0,0,0,0,0,0,0,0
390098,1,1,14,14,14,14,14,14,14,14,14,14
390098,2,1,0,0,0,7,0,0,0,0,0,0
390098,3,1,0,0,0,0,0,0,0,0,0,0
390099,1,1,15,15,15,15,15,15,15,15,15,15
390100,1,1,23,23,23,23,23,23,23,23,23,23
390100,2,1,0,0,0,0,0,0,0,0,0,0
390101,1,1,4,4,4,4,4,4,4,4,4,4
390102,1,1,10,10,10,10,10,10,10,10,10,10
390103,1,1,14,14,14,14,14,14,14,14,14,14
390104,1,1,17,17,17,17,17,17,17,17,17,17
390105,1,1,0,0,0,0,0,0,0,0,0,0
390106,1,1,0,0,0,0,0,0,0,0,0,0
390107,1,1,0,0,0,0,0,0,0,0,0,0
390107,2,1,0,0,0,0,0,0,0,22,0,0
390107,3,1,0,0,0,0,0,0,0,0,0,0
390109,1,1,0,0,0,0,0,0,0,0,0,0
390109,2,1,0,0,0,0,0,0,0,0,0,0
390109,3,1,0,0,0,0,0,0,0,0,0,20
390109,4,1,0,0,0,0,0,0,0,0,0,0
390110,1,1,0,0,0,0,0,0,0,0,0,0
390110,2,1,0,0,0,0,0,0,0,0,0,0
390110,3,1,0,29,0,0,0,0,0,0,0,0
390111,1,1,0,0,0,0,0,27,0,0,0,0
390111,2,1,0,0,0,0,0,0,0,0,0,0
390112,1,1,0,0,0,0,0,0,0,0,0,0
390113,1,1,0,0,0,0,0,0,0,0,0,0
390113,2,1,0,0,0,0,0,0,0,0,0,0
390114,1,1,0,0,0,0,0,0,0,0,0,0
390114,2,1,0,0,0,0,0,0,0,0,0,0
390116,1,1,0,0,0,0,0,0,0,0,0,0
390116,2,1,0,0,0,0,0,0,0,0,0,0
390116,3,1,0,7,0,0,0,0,0,0,0,0
390116,4,1,0,0,0,0,0,0,0,0,0,0
390116,5,1,0,0,0,0,0,0,0,0,0,0
390117,1,1,0,0,0,0,0,0,0,0,0,16
390117,2,1,0,0,0,0,0,0,0,0,0,0
390118,1,1,0,0,0,0,0,0,0,0,0,0
390118,2,1,0,0,0,0,0,0,0,0,0,0
390119,1,1,0,0,0,0,0,0,0,0,0,0
390119,2,1,0,0,0,0,0,0,0,0,0,0
390120,1,1,21,21,21,21,21,21,21,21,21,21
390121,1,1,0,0,0,0,0,0,0,0,0,0
390121,2,1,22,22,22,22,22,22,22,22,22,22
390122,1,1,0,0,0,0,0,0,0,0,0,0
390122,2,1,0,0,0,0,0,0,0,0,0,0
390123,1,1,28,28,28,28,28,28,28,28,28,28
390124,1,1,24,24,24,24,24,24,24,24,24,24
390125,1,1,0,0,0,0,0,0,0,0,0,0
390125,2,1,0,0,0,0,0,0,0,0,0,0
390126,1,1,20,20,20,20,20,20,20,20,20,20
390129,1,1,0,0,0,0,0,0,0,0,0,0
390129,2,1,0,0,0,0,0,0,0,0,0,0
390130,0,1,0,0,0,0,0,0,0,0,0,0
390130,1,1,14,15,17,16,11,15,18,6,25,23
390131,1,1,21,21,21,21,21,21,21,21,21,21
390132,1,1,9,9,9,9,9,9,9,9,9,9
390132,2,1,0,0,0,0,0,0,0,0,0,0
390133,1,1,0,0,0,0,0,0,0,0,0,0
390133,2,1,0,0,0,0,0,0,0,0,0,0
390134,1,1,0,0,0,0,0,0,0,0,0,0
390134,2,1,0,7,0,0,0,0,0,0,0,0
390135,1,1,0,0,0,0,0,0,0,0,0,0
390135,2,1,0,0,0,0,0,0,0,0,0,0
390135,3,1,0,0,0,0,0,0,0,0,0,0
390137,1,1,11,11,11,11,11,11,11,11,11,11
390138,1,1,0,0,0,0,0,0,0,0,0,0
390138,2,1,0,0,0,0,0,0,0,0,0,0
390139,1,1,0,0,0,0,0,0,0,0,0,0
390139,2,1,0,0,0,0,0,0,0,0,0,0
390140,1,1,0,0,0,0,0,0,0,0,0,0
390140,2,1,0,0,0,0,0,0,0,0,0,0
390141,2,1,12,0,0,0,0,0,0,0,0,0
390142,1,1,0,0,0,0,0,0,0,0,0,0
390142,2,1,0,0,0,0,0,0,0,0,0,0
390143,1,1,0,0,0,0,0,0,0,0,0,0
390143,2,1,0,0,0,0,0,0,0,0,0,0
390144,1,1,20,20,20,20,20,20,20,20,20,20
390145,1,1,0,0,0,0,0,0,0,0,0,0
390146,1,1,20,20,20,20,20,20,20,20,20,20
390146,2,1,0,0,0,15,0,0,0,0,0,0
390147,1,1,0,0,0,0,0,0,0,0,0,0
390147,2,1,13,13,13,13,13,13,13,13,13,13
390148,1,1,16,16,16,16,16,16,16,16,16,16
390149,1,1,19,19,19,19,19,19,19,19,19,19
390150,1,1,7,7,7,7,7,7,7,7,7,7
390151,0,1,0,0,0,0,0,0,0,0,0,0
390151,1,1,0,0,0,0,0,0,0,0,0,0
390153,1,1,0,0,0,0,0,0,0,0,0,0
390153,2,1,0,0,0,0,0,0,0,0,0,0
390153,3,1,0,0,0,0,0,0,0,0,0,0
390153,4,1,0,0,0,0,0,0,0,0,0,0
390153,5,1,0,0,0,0,0,0,0,0,0,0
390153,6,1,0,0,0,0,0,0,0,0,0,0
390153,7,1,0,0,0,0,0,0,0,0,0,0
390154,1,1,17,17,17,17,17,17,17,17,17,17
390155,1,1,15,15,15,15,15,15,15,15,15,15
390155,2,1,0,0,0,0,0,0,0,0,0,0
390156,2,1,0,0,0,0,0,0,0,0,0,0
390159,1,1,27,27,27,27,27,27,27,27,27,27
390159,2,1,0,0,0,16,0,0,30,15,8,23
390160,1,1,18,0,0,0,0,0,0,0,16,0
390161,1,1,12,20,0,11,25,12,11,6,27,20
390162,1,1,20,20,20,20,20,20,20,20,20,20
390163,1,1,9,9,9,9,9,9,9,9,9,9
390164,1,1,0,0,0,0,0,0,0,0,0,0
390164,2,1,0,0,0,0,0,0,0,0,0,0
390165,1,1,0,0,0,0,0,0,0,0,0,0
390165,2,1,0,0,0,0,0,0,0,0,0,0
390166,1,1,0,0,0,0,0,0,0,0,0,0
390167,1,1,15,15,15,15,15,15,15,15,15,15
390168,1,1,0,0,0,0,0,0,0,0,0,0
390169,1,1,17,17,17,17,17,17,17,17,17,17
390170,0,1,14,14,14,14,14,14,14,14,14,14
390170,1,1,0,0,0,0,0,0,0,0,0,0
390170,2,1,16,2,0,0,0,0,0,0,0,0
390170,3,1,0,0,0,0,0,0,0,0,0,0
390171,1,1,0,0,0,0,0,0,0,0,0,0
390172,1,1,0,0,0,0,0,0,0,0,0,0
390172,2,1,0,0,0,0,0,0,0,0,0,0
390173,1,1,0,0,0,0,0,0,0,0,0,0
390173,2,1,39,39,39,39,39,39,39,39,39,39
390174,1,1,21,21,21,21,21,21,21,21,21,21
390176,1,1,0,0,0,0,0,0,0,0,0,0
390176,2,1,0,0,0,0,0,0,0,0,0,0
390177,1,1,20,20,20,20,20,20,20,20,20,20
390178,1,1,0,0,0,0,0,0,0,0,0,0
390178,2,1,0,0,0,0,0,0,0,0,0,0
390179,1,1,0,0,0,0,0,0,0,0,0,0
390179,2,1,0,0,0,0,0,0,0,0,0,0
390180,1,1,24,24,24,24,24,24,24,24,24,24
390181,0,1,0,0,0,0,0,0,0,0,0,0
390181,1,1,0,0,0,0,0,0,0,0,0,0
390182,1,1,0,0,0,0,0,0,0,0,0,0
390183,1,1,0,0,0,0,0,0,0,0,0,0
390184,1,1,0,0,0,0,0,0,0,0,0,0
390184,2,1,0,0,0,0,0,0,0,0,0,0
390185,1,1,0,0,0,0,0,0,0,0,0,0
390185,2,1,1,1,1,1,1,1,1,1,1,1
390186,1,1,0,0,0,0,0,0,0,0,0,0
390186,2,1,0,0,0,0,0,0,16,0,0,0
390187,1,1,24,24,24,24,24,24,24,24,24,24
390188,0,1,0,0,0,0,0,0,0,0,0,0
390188,1,1,0,0,0,0,0,0,0,0,0,0
390189,1,1,14,14,14,14,14,14,14,14,14,14
390190,0,1,0,0,0,0,0,0,0,0,0,0
390190,1,1,0,0,0,0,0,0,0,0,0,0
390191,0,1,0,0,0,0,18,0,0,0,0,0
390191,0,2,20,25,11,27,10,0,28,3,16,33
390191,1,1,11,13,0,0,0,0,0,0,5,0
390192,1,1,5,5,5,5,5,5,5,5,5,5
390193,1,1,24,24,24,24,24,24,24,24,24,24
390193,2,1,0,12,0,0,0,0,0,10,0,0
390193,3,1,0,0,0,0,0,0,0,0,0,0
390194,1,1,0,0,0,0,0,0,0,0,0,0
390194,2,1,0,0,0,0,0,0,0,0,0,0
390194,3,1,0,0,0,12,0,0,23,0,0,0
390195,1,1,18,18,18,18,18,18,18,18,18,18
390195,2,1,0,0,0,0,0,0,0,0,0,0
390195,3,1,0,0,0,0,0,0,0,0,0,0
390196,0,1,0,0,0,0,0,0,0,0,0,0
390196,1,1,0,0,0,0,0,0,0,0,0,0
390198,1,1,36,36,36,36,36,36,36,36,36,36
390199,1,1,0,0,0,0,0,0,0,0,0,0
390200,1,1,0,0,0,0,0,0,0,0,0,0
390200,2,1,0,0,11,19,0,0,0,0,21,0
390201,1,1,26,26,26,26,26,26,26,26,26,26
390202,1,1,27,27,27,27,27,27,27,27,27,27
390204,1,1,15,15,15,15,15,15,15,15,15,15
390205,1,1,2,2,2,2,2,2,2,2,2,2
390206,1,1,4,4,4,4,4,4,4,4,4,4
390207,1,1,0,0,0,0,0,0,0,0,0,0
390207,2,1,0,0,0,0,0,0,0,0,0,0
390208,1,1,0,0,0,0,0,0,0,0,0,0
390208,2,1,0,0,0,0,0,0,0,0,0,0
390209,1,1,14,14,14,14,14,14,14,14,14,14
390209,2,1,0,0,0,0,0,0,0,0,0,0
390210,0,1,0,0,0,0,0,0,0,0,0,0
390210,1,1,0,0,0,0,0,0,0,0,0,0
390211,0,1,15,15,15,15,15,15,15,15,15,15
390211,1,1,13,12,21,16,11,7,16,27,23,24
390212,1,1,0,0,0,0,0,0,0,0,0,0
390212,2,1,0,0,0,0,0,0,0,0,0,0
390212,3,1,0,0,0,0,0,0,0,0,0,0
390212,4,1,0,0,0,0,0,0,0,0,0,0
390213,1,1,20,11,28,19,17,23,15,30,22,26
390214,1,1,12,12,12,12,12,12,12,12,12,12
390215,1,1,0,0,0,0,0,0,0,0,0,0
390215,2,1,0,0,0,0,0,0,0,0,0,0
390216,1,1,0,0,0,0,0,0,0,0,0,0
390216,2,1,0,0,0,0,0,0,0,0,0,0
390217,1,1,0,0,0,0,0,0,0,0,0,0
390217,2,1,0,0,0,0,0,0,0,0,0,0
390219,1,1,12,12,12,12,12,12,12,12,12,12
390221,1,1,0,0,0,0,0,0,0,0,0,0
390221,2,1,0,0,0,0,0,0,0,0,0,0
390222,1,1,0,0,0,0,0,0,0,0,0,0
390225,1,1,0,0,0,0,0,0,0,0,0,0
390225,2,1,0,0,0,0,0,0,0,0,0,0
390225,3,1,0,0,0,0,0,0,0,0,0,0
390226,1,1,0,0,0,0,0,0,0,0,0,0
390226,2,1,0,0,0,0,0,0,0,0,0,0
390227,1,1,0,0,0,0,18,0,0,0,0,0
390227,2,1,0,0,0,0,0,0,0,0,0,0
390227,3,1,10,10,10,10,10,10,10,10,10,10
390228,1,1,18,18,18,18,18,18,18,18,18,18
390229,1,1,0,0,0,0,0,0,0,0,0,0
390231,1,1,14,14,14,14,14,14,14,14,14,14
390231,2,1,0,0,0,0,0,0,0,0,0,0
390232,1,1,4,4,4,4,4,4,4,4,4,4
390232,2,1,0,0,0,0,0,0,0,0,0,0
390233,1,1,14,14,14,14,14,14,14,14,14,14
390235,1,1,0,0,0,0,0,7,0,0,0,0
390235,2,1,16,16,16,16,16,16,16,16,16,16
390236,1,1,3,3,3,3,3,3,3,3,3,3
390236,2,1,0,0,0,0,0,0,0,0,0,0
390237,0,1,14,14,14,14,14,14,14,14,14,14
390237,1,1,0,0,0,0,0,0,0,0,0,0
390238,1,1,19,19,19,19,19,19,19,19,19,19
390239,1,1,19,19,19,19,19,19,19,19,19,19
390240,1,1,0,0,0,0,0,0,0,0,0,0
390240,2,1,3,3,3,3,3,3,3,3,3,3
390242,1,1,17,17,17,17,17,17,17,17,17,17
390243,0,1,26,0,0,20,0,10,29,0,36,0
390243,1,1,0,0,0,0,18,0,0,0,0,13
390244,1,1,0,0,0,0,0,0,0,0,0,0
390246,0,1,11,11,11,11,11,11,11,11,11,11
390246,1,1,3,3,3,3,3,3,3,3,3,3
390247,1,1,12,12,12,12,12,12,12,12,12,12
390248,0,1,20,20,20,20,20,20,20,20,20,20
390248,1,1,17,17,17,17,17,17,17,17,17,17
390249,0,1,0,0,0,0,0,0,0,0,0,0
390249,1,1,0,0,0,0,0,0,0,0,0,0
390250,1,1,22,22,22,22,22,22,22,22,22,22
390251,1,1,0,0,0,0,0,0,0,0,0,0
390252,1,1,0,0,0,0,0,0,0,0,0,0
390252,2,1,0,0,0,0,0,0,0,0,0,0
390253,1,1,23,23,23,23,23,23,23,23,23,23
390254,1,1,10,10,10,10,10,10,10,10,10,10
390255,1,1,27,27,27,27,27,27,27,27,27,27
390256,1,1,0,0,0,0,0,0,0,0,0,0
390256,2,1,0,0,0,0,0,0,0,0,0,0
390257,1,1,0,0,0,0,0,0,0,0,0,0
390257,2,1,0,0,0,0,0,0,0,0,0,0
390258,0,1,0,0,0,0,0,0,0,0,0,0
390258,1,1,0,0,0,0,0,0,0,0,0,0
390259,1,1,24,24,24,24,24,24,24,24,24,24
390260,1,1,0,0,0,0,0,0,0,0,0,0
390261,1,1,0,0,0,0,0,0,0,0,0,0
390261,2,1,0,0,0,17,0,0,0,0,0,0
390261,3,1,0,0,0,0,0,0,0,6,0,0
390262,1,1,0,0,0,0,0,0,0,0,0,0
390263,1,1,13,13,13,13,13,13,13,13,13,13
390264,1,1,14,14,14,14,14,14,14,14,14,14
390265,1,1,0,0,0,0,0,0,0,0,0,0
390265,2,1,0,0,0,0,0,0,0,0,0,0
390266,1,1,12,12,12,12,12,12,12,12,12,12
390268,1,1,8,8,8,8,8,8,8,8,8,8
390269,1,1,28,28,28,28,28,28,28,28,28,28
390270,1,1,20,20,20,20,20,20,20,20,20,20
390271,1,1,19,19,19,19,19,19,19,19,19,19
390272,1,1,0,0,0,0,0,0,0,0,0,0
390272,2,1,0,0,0,0,0,0,0,0,0,0
390273,1,1,0,0,0,0,0,0,0,0,0,0
390274,1,1,0,0,0,0,0,0,0,0,0,0
390275,1,1,0,0,0,0,0,0,0,0,0,0
390275,2,1,0,0,0,0,0,0,0,0,0,0
390276,1,1,17,17,17,17,17,17,17,17,17,17
390277,1,1,0,8,0,0,0,3,0,0,0,0
390278,1,1,0,0,0,0,0,0,0,0,0,0
390278,2,1,0,0,0,0,0,0,0,0,0,0
390279,1,1,0,0,0,0,0,0,0,0,0,0
390279,2,1,0,0,0,0,0,11,0,0,0,0
390280,1,1,0,0,0,0,0,0,0,0,0,0
390280,2,1,0,0,0,0,0,0,0,0,0,0
390280,3,1,0,0,0,0,0,0,0,0,0,0
390281,0,1,0,0,0,0,0,0,0,0,0,0
390281,1,1,0,0,0,0,0,0,0,0,0,0
390282,1,1,17,17,17,17,17,17,17,17,17,17
390283,1,1,0,0,0,0,0,0,0,0,0,0
390283,2,1,0,0,0,0,0,0,0,0,0,0
390284,1,1,0,0,0,0,0,0,0,0,0,0
390284,2,1,0,0,0,0,0,0,0,0,0,0
390285,1,1,1,1,1,1,1,1,1,1,1,1
390286,1,1,11,11,11,11,11,11,11,11,11,11
390287,1,1,0,0,0,0,19,0,0,0,0,0
390288,0,1,0,0,0,0,0,0,0,0,0,0
390288,1,1,0,0,0,0,0,0,0,0,0,0
390289,1,1,0,0,0,0,0,0,0,0,0,0
390290,1,1,0,0,0,0,0,0,0,0,0,0
390291,1,1,0,0,0,0,0,0,0,0,0,0
390291,2,1,24,24,24,24,24,24,24,24,24,24
390292,1,1,18,18,18,18,18,18,18,18,18,18
390293,1,1,0,0,0,0,0,0,0,0,0,0
390294,1,1,0,0,0,0,0,0,0,0,0,0
390295,1,1,0,0,0,0,0,0,0,0,0,0
390295,2,1,0,0,0,0,0,0,0,0,0,0
390296,1,1,0,8,0,0,0,0,0,0,0,0
390296,2,1,0,0,0,0,0,0,0,0,0,0
390297,1,1,0,0,0,0,0,0,0,0,0,0
390298,1,1,0,0,0,0,0,0,0,0,0,0
390299,1,1,0,0,0,0,0,0,0,0,0,0
390299,2,1,0,0,0,0,0,0,0,0,0,0
390299,3,1,0,0,0,0,0,0,0,0,0,0
390300,1,1,0,0,0,0,0,0,0,0,0,0
390301,1,1,30,30,30,30,30,30,30,30,30,30
390301,2,1,0,0,0,0,0,0,0,0,0,0
390302,1,1,0,0,0,0,0,0,0,0,0,0
390304,1,1,0,0,0,0,0,0,0,0,0,0
390304,2,1,0,0,0,0,0,0,0,0,0,0
390305,1,1,16,16,16,16,16,16,16,16,16,16
390306,1,1,0,0,0,0,0,0,0,0,0,0
390306,2,1,0,0,0,0,0,0,0,0,0,0
390306,3,1,0,0,0,0,0,0,0,0,0,0
390307,1,1,0,0,0,0,0,0,0,0,0,0
390307,2,1,0,0,0,0,0,0,0,0,0,0
390308,1,1,0,0,0,0,0,0,0,0,0,0
390309,1,1,4,4,4,4,4,4,4,4,4,4
390310,0,1,22,22,22,22,22,22,22,22,22,22
390310,1,1,0,0,4,0,0,0,0,0,0,0
390311,1,1,17,17,17,17,17,17,17,17,17,17
390311,2,1,0,0,0,0,0,0,0,0,0,0
390312,1,1,13,13,13,13,13,13,13,13,13,13
390313,1,1,24,24,24,24,24,24,24,24,24,24
390314,1,1,0,21,0,0,0,0,7,0,0,0
390314,2,1,0,0,0,0,0,0,0,0,0,0
390315,1,1,0,0,0,0,0,0,0,0,0,0
390315,2,1,0,0,0,0,0,0,0,0,0,0
390315,3,1,0,0,0,0,0,0,0,0,0,0
390315,4,1,0,0,0,0,0,0,0,0,0,0
390315,5,1,0,0,0,0,0,0,0,0,0,0
390316,1,1,0,0,0,0,0,0,0,0,0,0
390317,1,1,21,21,21,21,21,21,21,21,21,21
390317,2,1,0,6,0,0,0,0,0,0,0,0
390318,1,1,0,0,0,0,0,0,0,0,0,0
390318,2,1,0,0,0,0,0,0,0,0,0,0
390319,1,1,0,0,0,0,0,0,0,0,0,0
390319,2,1,0,0,0,0,0,9,0,0,0,0
390320,1,1,0,0,0,0,0,0,0,0,0,0
390320,2,1,0,0,0,0,0,0,0,0,0,0
390321,1,1,0,0,0,0,0,0,0,0,0,0
390321,2,1,0,0,0,0,0,0,0,0,0,0
390322,1,1,24,24,24,24,24,24,24,24,24,24
390323,1,1,0,0,0,0,0,0,0,0,0,0
390323,2,1,0,0,0,0,0,0,0,0,0,0
390324,1,1,0,0,0,0,0,0,0,0,0,0
390324,2,1,0,0,0,0,0,0,0,0,0,0
390325,1,1,7,7,7,7,7,7,7,7,7,7
390325,2,1,0,0,0,0,0,0,0,0,0,0
390326,1,1,0,13,0,0,0,0,0,0,0,0
390326,2,1,0,0,0,0,0,0,0,0,0,0
390327,1,1,0,0,0,0,0,0,0,0,0,0
390327,2,1,0,0,0,0,0,0,0,0,0,0
390328,1,1,0,0,0,0,0,7,0,0,0,0
390328,2,1,0,0,0,0,0,0,0,0,0,0
390329,1,1,0,0,0,0,0,0,0,0,0,0
390329,2,1,0,0,0,0,0,0,0,0,0,0
390330,1,1,21,21,21,21,21,21,21,21,21,21
390331,1,1,0,0,0,0,0,0,0,0,0,0
390332,1,1,38,38,38,38,38,38,38,38,38,38
390333,1,1,25,25,25,25,25,25,25,25,25,25
390333,2,1,14,14,14,14,14,14,14,14,14,14
390334,1,1,16,16,16,16,16,16,16,16,16,16
390335,1,1,6,6,6,6,6,6,6,6,6,6
390336,1,1,0,0,0,0,0,0,0,0,0,0
390336,2,1,0,0,0,0,0,0,0,0,0,0
390337,1,1,0,0,22,0,0,0,0,0,0,0
390337,2,1,0,0,0,0,0,0,0,0,0,0
390338,1,1,0,0,0,0,0,0,0,0,0,0
390339,1,1,0,0,0,0,0,0,0,0,0,0
390339,2,1,0,0,0,0,0,0,0,0,0,0
390340,1,1,0,61,0,0,0,0,0,0,0,0
390340,2,1,22,22,22,22,22,22,22,22,22,22
390341,0,1,0,0,0,0,0,0,0,0,0,0
390341,1,1,0,0,0,5,9,0,6,7,0,7
390342,1,1,0,0,0,0,0,0,0,0,0,0
390342,2,1,0,0,0,0,0,0,0,0,0,0
390343,1,1,0,0,0,0,0,0,0,0,0,0
390343,2,1,0,0,0,0,0,0,0,0,0,0
390344,1,1,15,15,15,15,15,15,15,15,15,15
390345,1,1,4,4,4,4,4,4,4,4,4,4
390346,1,1,0,0,0,0,0,0,0,0,0,0
390347,1,1,0,0,0,0,0,0,0,0,0,0
390348,1,1,26,26,26,26,26,26,26,26,26,26
390349,1,1,23,23,23,23,23,23,23,23,23,23
390350,1,1,0,0,0,0,0,0,0,0,0,0
390350,2,1,27,27,27,27,27,27,27,27,27,27
390351,1,1,0,0,0,0,0,0,0,0,0,0
390351,2,1,0,0,0,0,0,0,0,0,0,0
390353,1,1,0,0,0,0,0,0,0,0,0,0
390354,1,1,0,0,0,0,0,0,0,0,0,0
390354,2,1,0,0,0,0,0,0,0,0,0,0
390355,1,1,0,0,0,0,0,0,0,23,0,0
390355,2,1,0,0,0,0,0,0,0,0,0,0
390356,1,1,11,11,11,11,11,11,11,11,11,11
390358,0,1,23,23,23,23,23,23,23,23,23,23
390358,1,1,0,0,0,0,0,0,0,0,0,0
390359,1,1,0,0,0,0,0,0,0,0,0,0
390359,2,1,0,0,0,0,0,0,0,0,0,0
390360,1,1,0,0,0,0,0,0,0,0,0,0
390361,1,1,0,0,0,0,0,0,0,0,0,0
390361,2,1,0,0,0,0,0,0,0,0,0,0
390361,3,1,0,0,0,0,0,0,0,0,0,0
390362,1,1,0,0,0,0,0,0,0,0,0,0
390362,2,1,8,8,8,8,8,8,8,8,8,8
390363,1,1,0,0,0,0,0,0,0,0,0,0
390364,1,1,0,24,0,0,0,0,0,0,0,0
390364,2,1,0,0,0,0,0,0,0,15,0,0
390365,1,1,15,15,15,15,15,15,15,15,15,15
390365,2,1,0,0,0,0,0,0,0,0,0,0
390366,0,1,0,0,0,0,0,0,0,0,0,0
390366,1,1,0,7,0,0,0,0,0,0,0,0
390367,1,1,13,13,13,13,13,13,13,13,13,13
390368,1,1,0,0,0,0,0,0,0,0,0,0
390369,1,1,0,0,0,0,0,0,0,0,0,7
390369,2,1,16,0,0,0,0,0,0,0,0,0
390370,1,1,20,20,20,20,20,20,20,20,20,20
390371,1,1,0,0,0,0,0,0,0,0,0,0
390371,2,1,0,0,0,0,0,0,0,0,0,0
390372,0,1,0,0,0,0,0,0,0,0,0,0
390372,1,1,0,26,0,0,0,0,0,0,0,0
390373,1,1,24,24,24,24,24,24,24,24,24,24
390373,2,1,0,0,0,0,0,0,0,0,0,0
390374,0,1,0,0,0,0,0,0,0,0,0,0
390374,1,1,0,0,0,0,0,0,0,0,0,0
390375,1,1,21,21,21,21,21,21,21,21,21,21
390375,2,1,0,0,0,0,0,8,17,0,0,0
390375,3,1,0,0,0,0,0,0,0,0,0,9
390376,1,1,0,0,0,0,0,0,0,0,0,0
390376,2,1,0,0,0,7,0,0,5,0,0,0
390376,3,1,0,0,0,0,0,0,0,0,0,0
390377,1,1,0,0,0,0,0,0,0,0,0,0
390377,2,1,0,0,0,0,0,0,0,0,0,0
390378,1,1,0,0,0,0,0,0,0,0,0,0
390378,2,1,0,0,0,0,0,0,0,0,0,0
390379,1,1,0,0,0,0,0,0,0,0,0,0
390379,2,1,0,0,0,0,0,0,0,0,0,0
390381,1,1,0,0,0,0,0,0,0,0,0,0
390382,1,1,8,8,8,8,8,8,8,8,8,8
390382,2,1,0,0,0,0,0,0,0,0,0,0
390383,1,1,10,10,10,10,10,10,10,10,10,10