ST_CASE,VEH_NO,PER_NO,P1,P2,P3,P4,P5,P6,P7,P8,P9,P10
390384,1,1,0,0,0,0,0,0,0,0,0,0
390384,2,1,0,0,0,0,0,0,0,0,8,0
390384,3,1,0,0,0,0,0,0,0,0,0,0
390385,2,1,0,0,0,0,0,0,0,0,0,0
390386,0,1,0,0,0,0,0,0,0,0,0,0
390386,1,1,0,0,0,13,0,15,0,0,14,0
390387,1,1,18,18,18,18,18,18,18,18,18,18
390388,1,1,0,0,0,0,0,0,0,0,0,0
390389,1,1,12,12,12,12,12,12,12,12,12,12
390389,2,1,0,0,0,0,0,0,0,0,0,0
390390,1,1,0,0,0,0,0,8,0,0,0,0
390390,2,1,0,0,0,0,0,0,0,0,0,0
390391,1,1,27,27,27,27,27,27,27,27,27,27
390392,1,1,0,0,0,0,0,0,0,0,0,0
390392,2,1,0,0,0,0,0,0,0,0,0,0
390392,3,1,0,0,0,0,0,0,0,0,0,0
390393,1,1,0,0,0,0,0,0,0,0,0,0
390393,2,1,0,0,0,0,0,0,0,0,0,0
390394,1,1,15,15,15,15,15,15,15,15,15,15
390396,1,1,0,0,0,0,0,0,0,0,0,0
390397,1,1,0,0,0,0,0,0,0,0,0,0
390398,1,1,17,17,17,17,17,17,17,17,17,17
390400,1,1,0,0,0,0,0,0,0,0,0,0
390400,2,1,0,0,0,0,0,0,0,0,0,0
390401,0,1,0,0,0,0,0,0,0,0,0,0
390401,0,2,0,0,0,0,0,0,2,10,0,0
390401,1,1,4,0,0,0,0,0,0,0,0,0
390402,1,1,0,0,0,0,0,0,0,0,0,12
390402,2,1,0,0,0,0,0,0,0,0,0,0
390403,1,1,10,10,10,10,10,10,10,10,10,10
390404,1,1,16,16,16,16,16,16,16,16,16,16
390404,2,1,12,12,12,12,12,12,12,12,12,12
390405,1,1,0,0,0,0,0,0,0,0,0,0
390405,2,1,0,0,0,0,0,0,0,0,0,0
390406,1,1,0,0,0,0,0,0,0,0,0,0
390406,2,1,0,0,0,0,0,0,0,0,0,0
390407,1,1,17,17,17,17,17,17,17,17,17,17
390408,1,1,8,8,8,8,8,8,8,8,8,8
390409,1,1,0,0,0,0,0,0,0,0,0,0
390409,2,1,0,0,0,0,0,0,0,0,0,0
390410,1,1,0,0,0,0,0,0,0,0,0,0
390411,1,1,0,0,0,0,0,0,0,0,0,0
390412,1,1,0,0,0,0,0,0,0,0,0,0
390413,1,1,0,0,0,0,0,0,0,0,0,0
390414,1,1,16,16,16,16,16,16,16,16,16,16
390415,1,1,0,0,0,0,0,0,0,0,0,0
390416,1,1,0,0,0,0,0,0,0,0,0,0
390416,2,1,0,0,0,0,0,0,0,0,0,0
390417,1,1,0,0,0,0,0,0,0,0,0,0
390418,1,1,7,7,7,7,7,7,7,7,7,7
390419,1,1,2,2,2,2,2,2,2,2,2,2
390420,1,1,7,7,7,7,7,7,7,7,7,7
390421,1,1,0,0,0,0,0,0,0,0,0,0
390422,1,1,0,0,0,0,0,0,0,0,0,12
390423,1,1,0,0,0,0,0,0,0,0,0,0
390423,2,1,0,0,0,0,0,0,0,0,0,0
390424,1,1,0,0,0,0,0,0,0,0,0,0
390424,2,1,0,0,0,0,0,0,0,0,0,0
390426,1,1,0,0,0,0,0,0,0,0,0,0
390426,2,1,0,0,0,0,0,0,0,0,0,0
390427,1,1,0,0,0,0,0,0,0,0,0,0
390427,2,1,1,1,1,1,1,1,1,1,1,1
390428,1,1,28,28,28,28,28,28,28,28,28,28
390428,2,1,0,0,0,0,0,0,0,0,0,0
390429,1,1,16,16,16,16,16,16,16,16,16,16
390430,1,1,0,0,0,0,0,0,0,0,0,0
390430,2,1,0,0,0,0,0,0,0,0,0,0
390431,1,1,0,0,0,0,0,0,0,0,0,0
390432,1,1,0,0,0,0,0,0,0,0,0,0
390432,2,1,0,0,0,0,0,0,0,0,0,0
390433,1,1,0,11,0,0,0,0,0,0,0,0
390434,1,1,0,0,0,0,0,0,0,0,0,0
390434,2,1,0,0,0,0,0,0,0,0,0,0
390435,1,1,15,15,15,15,15,15,15,15,15,15
390436,1,1,0,0,0,0,0,0,0,0,0,0
390436,2,1,0,0,0,0,0,0,0,0,0,0
390437,1,1,12,12,12,12,12,12,12,12,12,12
390438,1,1,0,0,0,0,0,0,0,0,0,0
390438,2,1,0,0,0,0,0,0,0,0,0,0
390439,1,1,0,0,0,0,0,0,0,0,0,0
390439,2,1,0,0,0,0,0,0,0,0,0,0
390440,1,1,0,0,0,0,0,0,0,0,0,0
390440,2,1,0,0,0,0,0,0,0,0,0,0
390441,1,1,0,0,0,0,0,0,0,0,0,0
390442,1,1,0,0,0,0,0,0,0,0,0,0
390443,1,1,0,0,0,0,0,0,0,0,0,0
390443,2,1,26,0,0,0,0,0,0,0,0,0
390444,1,1,0,0,0,0,0,0,0,19,0,0
390444,2,1,0,0,0,0,0,0,0,0,0,0
390445,1,1,29,29,29,29,29,29,29,29,29,29
390446,1,1,18,18,18,18,18,18,18,18,18,18
390447,1,1,0,0,0,0,0,0,0,0,0,0
390448,1,1,0,0,0,0,0,0,0,0,0,0
390449,0,1,21,21,21,21,21,21,21,21,21,21
390449,1,1,0,0,0,0,0,0,0,0,0,0
390450,1,1,12,12,12,12,12,12,12,12,12,12
390451,1,1,16,16,16,16,16,16,16,16,16,16
390452,1,1,0,0,0,0,0,0,0,0,0,0
390453,1,1,12,12,12,12,12,12,12,12,12,12
390454,1,1,26,26,26,26,26,26,26,26,26,26
390455,1,1,23,23,23,23,23,23,23,23,23,23
390456,1,1,0,0,0,0,0,0,0,0,0,0
390456,2,1,0,0,0,0,0,0,0,0,0,0
390457,1,1,0,0,23,0,0,0,0,0,0,0
390458,1,1,0,0,0,0,0,0,0,0,0,0
390459,0,1,0,0,0,0,0,0,0,0,0,0
390459,1,1,0,0,0,0,0,0,0,0,0,0
390460,1,1,0,0,0,0,0,0,0,0,0,0
390461,1,1,18,18,18,18,18,18,18,18,18,18
390462,1,1,0,0,0,0,0,0,0,0,0,0
390462,2,1,0,0,0,0,0,0,0,0,0,16
390462,3,1,0,0,0,0,0,0,0,0,0,0
390463,1,1,0,0,0,0,0,0,0,0,0,0
390464,1,1,0,0,0,0,0,0,0,0,0,0
390464,2,1,0,0,0,0,0,0,0,0,0,0
390465,1,1,0,0,0,0,0,0,0,0,0,0
390465,2,1,0,0,0,0,0,0,0,0,0,0
390466,1,1,17,17,17,17,17,17,17,17,17,17
390467,1,1,18,18,18,18,18,18,18,18,18,18
390467,2,1,7,7,7,7,7,7,7,7,7,7
390468,1,1,0,0,0,0,0,0,0,0,0,0
390468,2,1,0,0,0,0,0,0,0,0,0,0
390469,0,1,28,28,28,28,28,28,28,28,28,28
390469,1,1,30,0,0,9,8,19,18,16,5,0
390470,1,1,0,0,0,0,0,0,0,0,0,0
390470,2,1,0,0,0,0,0,0,0,0,0,0
390471,1,1,0,0,0,0,0,0,0,0,22,0
390471,2,1,0,0,0,0,0,0,0,0,0,0
390472,0,1,0,0,0,0,0,0,0,0,0,0
390472,1,1,13,13,13,13,13,13,13,13,13,13
390473,1,1,0,0,0,0,0,0,0,0,0,0
390473,2,1,0,0,0,0,0,0,0,0,0,0
390474,1,1,0,0,0,0,0,0,0,0,0,0
390474,2,1,0,0,0,0,0,0,0,0,0,0
390475,1,1,0,0,0,0,0,0,0,0,0,0
390476,1,1,19,19,19,19,19,19,19,19,19,19
390476,2,1,0,0,0,0,5,0,0,0,0,0
390477,0,1,0,0,0,0,0,0,0,0,0,0
390477,1,1,0,0,0,0,0,0,0,0,0,0
390478,1,1,0,0,0,0,0,0,0,0,0,0
390478,2,1,0,0,0,0,0,0,0,0,0,0
390479,1,1,29,29,29,29,29,29,29,29,29,29
390480,0,1,0,0,0,0,0,0,0,0,0,0
390480,1,1,8,0,0,0,0,4,0,0,0,0
390481,0,1,0,0,0,0,0,0,0,0,0,0
390481,1,1,0,0,0,0,4,0,0,0,0,0
390482,1,1,2,2,2,2,2,2,2,2,2,2
390482,2,1,0,0,0,0,0,0,0,0,0,0
390483,1,1,7,7,7,7,7,7,7,7,7,7
390483,2,1,2,2,2,2,2,2,2,2,2,2
390484,1,1,0,0,0,0,0,0,0,0,0,0
390485,1,1,21,21,21,21,21,21,21,21,21,21
390486,1,1,0,0,0,0,0,0,0,0,0,0
390487,1,1,0,0,0,0,0,0,0,0,0,0
390487,2,1,0,0,0,0,0,0,0,0,0,0
390488,1,1,0,0,0,0,0,0,0,0,0,0
390488,2,1,0,0,0,0,0,29,0,0,0,27
390489,1,1,0,0,0,0,0,0,0,0,0,0
390490,1,1,16,16,16,16,16,16,16,16,16,16
390491,1,1,0,0,0,0,0,0,0,0,0,0
390491,2,1,0,0,0,0,0,0,0,0,0,0
390492,1,1,0,0,0,0,0,0,0,0,0,0
390493,1,1,0,0,0,0,0,0,0,0,10,0
390493,2,1,0,0,0,0,0,0,0,0,0,0
390494,1,1,0,0,0,0,0,0,0,0,0,0
390496,1,1,0,0,0,0,0,0,0,0,0,0
390497,1,1,0,0,0,0,0,0,0,0,0,0
390498,0,1,0,0,0,0,0,0,0,0,0,0
390498,0,2,0,0,0,0,0,0,0,0,0,0
390498,1,1,0,0,0,0,0,0,0,0,0,0
390499,1,1,0,0,0,0,0,0,0,0,0,0
390499,2,1,0,0,0,0,0,0,0,0,0,0
390500,1,1,0,0,0,0,0,0,0,0,0,0
390500,2,1,17,17,17,17,17,17,17,17,17,17
390501,1,1,0,0,0,0,0,0,0,0,0,0
390502,1,1,0,0,0,0,0,0,0,0,0,0
390502,2,1,0,0,0,0,0,0,0,0,0,0
390503,1,1,4,4,4,4,4,4,4,4,4,4
390504,1,1,30,30,30,30,30,30,30,30,30,30
390505,1,1,0,0,0,0,0,0,0,0,0,0
390505,2,1,0,0,0,0,0,0,0,0,0,0
390506,1,1,24,24,24,24,24,24,24,24,24,24
390507,1,1,48,48,48,48,48,48,48,48,48,48
390507,2,1,0,0,0,0,0,0,0,0,0,0
390508,1,1,0,0,0,0,0,0,0,0,0,0
390508,2,1,1,1,1,1,1,1,1,1,1,1
390509,1,1,0,0,0,0,0,0,0,0,0,0
390509,2,1,0,0,0,0,0,0,0,0,0,0
390511,1,1,0,0,0,0,0,0,0,0,0,0
390511,2,1,0,0,0,0,0,0,0,0,0,0
390512,1,1,24,24,24,24,24,24,24,24,24,24
390514,1,1,0,0,0,0,0,0,0,0,0,0
390515,0,1,0,0,18,27,0,0,0,0,21,44
390515,1,1,0,0,0,0,0,0,0,0,0,0
390516,0,1,3,3,3,3,3,3,3,3,3,3
390516,1,1,17,17,17,17,17,17,17,17,17,17
390517,1,1,0,0,0,0,0,0,0,0,0,0
390518,1,1,0,0,0,0,11,0,0,27,0,0
390518,2,1,23,23,23,23,23,23,23,23,23,23
390519,1,1,0,0,0,0,0,0,0,0,0,0
390519,2,1,0,0,0,0,0,0,0,0,0,0
390520,1,1,0,0,0,0,0,0,0,0,0,0
390520,2,1,0,0,0,0,0,0,0,0,0,0
390521,1,1,0,0,0,0,0,0,0,0,0,0
390521,2,1,0,0,0,0,0,0,0,0,0,12
390522,1,1,17,25,16,0,29,15,18,3,23,7
390522,2,1,0,0,0,0,11,0,15,8,0,0
390523,1,1,0,0,0,0,0,0,0,0,0,0
390524,1,1,0,0,0,0,0,0,0,0,0,0
390524,2,1,0,0,0,0,0,0,0,0,0,0
390524,3,1,0,10,0,0,0,0,0,0,0,0
390525,1,1,0,0,0,0,0,0,0,0,0,0
390525,2,1,0,0,0,0,0,0,0,0,0,0
390526,0,1,6,0,0,14,19,0,0,0,0,0
390526,1,1,14,0,0,0,6,24,0,10,0,0
390527,0,1,20,20,20,20,20,20,20,20,20,20
390527,1,1,0,0,0,0,0,0,0,0,0,0
390528,1,1,0,0,0,0,0,0,0,0,0,0
390529,1,1,0,0,0,0,0,0,0,0,0,0
390529,2,1,0,0,0,0,0,0,0,0,0,0
390530,1,1,0,0,0,0,0,0,0,0,0,0
390530,2,1,0,0,0,0,0,0,0,0,0,0
390531,1,1,0,0,0,0,0,0,0,0,0,0
390531,2,1,0,0,0,0,0,0,0,0,0,0
390532,1,1,0,0,0,0,0,0,0,0,0,0
390532,2,1,0,0,0,0,0,0,0,0,0,0
390533,0,1,0,0,0,0,0,0,0,0,0,0
390533,1,1,0,0,0,0,0,0,0,0,0,0
390534,1,1,0,0,0,0,0,0,0,0,0,0
390535,1,1,0,0,0,0,0,0,0,0,0,0
390535,2,1,0,0,0,0,0,0,0,0,0,0
390536,1,1,0,0,0,0,0,0,0,0,0,0
390537,0,1,0,0,0,0,0,0,0,0,0,0
390537,1,1,0,0,0,0,0,0,0,0,0,0
390538,0,1,0,0,0,0,0,0,0,0,0,0
390538,1,1,0,0,0,0,0,0,0,0,0,0
390539,1,1,0,0,0,0,0,14,0,0,0,0
390539,2,1,18,18,18,18,18,18,18,18,18,18
390540,1,1,27,27,27,27,27,27,27,27,27,27
390540,2,1,0,0,0,17,0,0,0,0,0,0
390541,1,1,0,0,0,0,0,0,0,0,0,0
390542,1,1,0,0,0,0,0,0,0,0,0,0
390542,2,1,0,0,0,0,0,0,0,0,0,0
390543,1,1,0,0,0,0,0,0,0,0,0,0
390543,2,1,0,0,0,0,0,0,0,0,0,0
390544,1,1,0,0,0,0,0,0,0,0,0,0
390544,2,1,0,0,0,0,0,0,0,0,0,0
390545,1,1,16,16,16,16,16,16,16,16,16,16
390546,1,1,0,0,0,0,0,0,0,0,0,0
390547,1,1,0,0,0,0,0,0,0,0,0,0
390547,2,1,0,0,0,0,0,0,0,0,0,0
390548,1,1,10,10,10,10,10,10,10,10,10,10
390549,1,1,19,19,19,19,19,19,19,19,19,19
390549,2,1,0,0,0,0,0,0,0,0,0,0
390550,1,1,0,0,0,0,0,0,0,0,0,0
390550,2,1,0,0,0,0,0,0,0,0,0,0
390551,1,1,0,0,0,0,0,0,0,0,0,0
390551,2,1,11,0,12,7,11,0,0,13,15,0
390552,1,1,0,0,0,0,0,0,0,0,0,0
390552,2,1,3,3,3,3,3,3,3,3,3,3
390553,1,1,0,0,0,0,0,0,0,0,0,0
390554,1,1,28,28,28,28,28,28,28,28,28,28
390555,1,1,0,0,0,0,0,0,0,0,0,0
390556,1,1,19,19,19,19,19,19,19,19,19,19
390557,1,1,0,0,0,0,0,0,0,0,0,0
390557,2,1,0,0,0,0,0,0,0,0,0,0
390558,0,1,0,0,0,0,0,0,0,7,0,0
390558,0,2,1,1,1,1,1,1,1,1,1,1
390558,4,1,0,21,14,0,8,13,0,24,9,15
390559,1,1,22,22,22,22,22,22,22,22,22,22
390560,1,1,0,0,0,0,0,0,0,0,0,0
390560,2,1,0,0,0,0,0,0,0,0,0,0
390561,1,1,0,0,0,0,0,0,0,0,0,0
390561,2,1,0,0,0,0,0,0,12,0,0,0
390562,1,1,7,7,7,7,7,7,7,7,7,7
390563,1,1,1,1,1,1,1,1,1,1,1,1
390564,1,1,0,0,0,0,0,0,0,0,0,0
390565,1,1,9,9,9,9,9,9,9,9,9,9
390566,1,1,0,0,0,7,0,0,0,22,0,0
390566,2,1,0,0,0,0,0,0,0,0,0,0
390566,3,1,0,0,0,0,0,0,17,0,0,0
390567,1,1,0,0,0,0,0,0,0,0,0,0
390568,1,1,0,0,0,0,0,0,0,0,0,0
390569,1,1,0,0,0,0,0,0,0,0,0,0
390570,1,1,2,2,2,2,2,2,2,2,2,2
390571,1,1,0,0,0,0,0,0,0,0,0,0
390571,2,1,0,0,0,0,0,0,0,0,0,0
390572,1,1,0,0,0,0,0,0,0,0,0,0
390572,2,1,0,0,0,0,0,0,0,0,0,0
390573,1,1,0,0,0,0,0,0,0,0,0,0
390573,2,1,0,0,0,0,0,0,0,0,0,0
390574,1,1,15,15,15,15,15,15,15,15,15,15
390574,2,1,0,0,15,0,0,0,0,0,0,0
390575,1,1,22,22,22,22,22,22,22,22,22,22
390576,1,1,14,0,28,15,22,0,12,17,18,15
390577,1,1,23,23,23,23,23,23,23,23,23,23
390578,1,1,21,21,21,21,21,21,21,21,21,21
390578,2,1,0,0,0,0,0,0,0,0,0,0
390579,1,1,18,0,0,13,18,9,9,9,0,3
390580,0,1,0,0,0,0,0,0,0,0,0,0
390580,1,1,0,0,0,0,0,0,0,0,0,0
390581,1,1,27,27,27,27,27,27,27,27,27,27
390582,1,1,0,0,0,0,0,0,0,0,0,0
390582,2,1,0,0,0,0,0,0,0,0,0,0
390583,1,1,13,13,13,13,13,13,13,13,13,13
390583,2,1,11,0,0,0,0,0,0,0,0,0
390584,1,1,0,0,0,0,0,0,0,0,0,0
390584,2,1,8,8,8,8,8,8,8,8,8,8
390585,1,1,17,17,17,17,17,17,17,17,17,17
390586,1,1,0,0,0,0,0,0,0,0,0,0
390586,2,1,0,0,0,0,0,0,0,0,0,0
390587,1,1,11,11,11,11,11,11,11,11,11,11
390588,1,1,19,19,19,19,19,19,19,19,19,19
390588,2,1,0,0,0,0,0,0,0,0,0,0
390589,1,1,15,15,15,15,15,15,15,15,15,15
390590,1,1,0,0,0,0,0,0,0,0,0,0
390591,0,1,0,0,0,0,0,0,0,0,0,0
390591,1,1,17,17,17,17,17,17,17,17,17,17
390592,0,1,32,32,32,32,32,32,32,32,32,32
390592,1,1,16,16,16,16,16,16,16,16,16,16
390592,2,1,0,0,0,0,0,0,0,0,0,0
390592,3,1,0,17,26,0,0,0,0,0,0,0
390592,4,1,0,0,0,0,0,3,0,0,17,0
390593,1,1,0,0,0,0,0,0,0,0,0,0
390593,2,1,0,0,0,0,0,0,0,0,0,0
390594,1,1,0,27,0,0,37,0,0,0,15,9
390594,2,1,0,0,0,0,0,0,0,0,0,0
390594,3,1,0,0,0,0,0,0,0,0,0,0
390594,4,1,0,0,0,0,0,0,0,0,0,0
390595,1,1,22,22,22,22,22,22,22,22,22,22
390596,1,1,0,0,0,0,0,0,0,0,0,0
390596,2,1,0,0,0,0,0,0,0,0,0,0
390597,1,1,0,0,0,0,0,0,0,0,0,0
390598,1,1,0,0,0,0,0,0,0,0,0,0
390598,2,1,0,0,0,0,0,0,0,0,0,0
390598,3,1,0,0,0,5,0,0,0,0,0,0
390599,1,1,0,0,0,0,0,0,0,0,0,0
390600,1,1,0,0,0,0,0,0,0,0,0,0
390601,1,1,0,0,0,0,0,0,0,0,0,0
390601,2,1,0,0,0,0,0,0,0,0,0,9
390602,1,1,0,0,0,0,0,0,0,0,0,0
390602,2,1,0,0,0,0,0,0,0,0,0,0
390602,3,1,0,0,0,0,0,0,0,0,0,0
390603,1,1,6,6,6,6,6,6,6,6,6,6
390604,1,1,0,0,0,0,0,0,0,0,0,0
390605,1,1,18,12,2,11,3,3,12,15,17,25
390605,2,1,0,0,0,0,0,0,0,0,0,0
390606,1,1,0,12,0,0,0,0,0,0,0,0
390606,2,1,0,0,0,0,0,0,0,0,0,0
390607,0,1,32,32,32,32,32,32,32,32,32,32
390607,1,1,0,0,0,0,0,0,0,0,0,0
390608,1,1,0,0,0,0,0,0,0,0,0,0
390608,2,1,0,0,0,0,0,0,0,0,0,0
390609,1,1,0,0,0,0,0,0,0,0,0,0
390610,1,1,0,0,0,0,0,0,0,0,0,0
390611,1,1,0,0,0,0,0,5,0,0,0,0
390611,2,1,26,26,26,26,26,26,26,26,26,26
390612,1,1,0,0,0,0,0,0,0,0,0,0
390613,1,1,0,0,0,0,0,0,0,0,0,0
390613,2,1,0,0,0,0,0,0,0,0,0,0
390614,1,1,0,0,0,0,0,0,0,0,0,0
390614,2,1,0,0,0,0,0,0,0,0,0,0
390616,1,1,19,19,19,19,19,19,19,19,19,19
390618,0,1,0,0,0,0,0,0,0,0,0,0
390618,1,1,0,0,0,0,0,0,0,0,0,0
390619,1,1,0,21,23,6,17,22,42,25,4,21
390620,1,1,14,14,14,14,14,14,14,14,14,14
390620,2,1,0,0,0,0,0,0,0,0,0,0
390621,1,1,0,0,0,0,0,0,0,0,0,0
390622,1,1,24,24,24,24,24,24,24,24,24,24
390623,1,1,23,23,23,23,23,23,23,23,23,23
390623,2,1,0,0,0,0,0,0,0,0,0,0
390623,3,1,0,0,0,0,0,0,0,0,0,0
390624,1,1,0,0,0,0,0,0,0,0,0,0
390624,2,1,20,0,0,0,0,0,0,0,0,0
390625,0,1,0,0,0,0,0,0,0,0,0,0
390625,1,1,0,0,0,9,0,0,0,0,0,0
390626,1,1,2,2,2,2,2,2,2,2,2,2
390627,1,1,0,0,0,0,0,0,0,0,0,0
390628,1,1,0,0,0,0,0,0,0,0,0,0
390629,1,1,0,0,0,0,0,0,0,0,0,0
390629,2,1,0,0,0,0,0,0,9,0,0,0
390630,1,1,0,0,0,0,0,0,0,0,0,0
390630,2,1,0,0,0,0,0,0,0,0,0,0
390631,1,1,0,0,0,0,0,0,0,0,0,0
390631,2,1,0,0,0,0,0,0,0,0,0,0
390632,1,1,0,0,0,0,0,0,0,0,0,0
390633,1,1,0,0,0,0,0,0,0,0,0,0
390633,2,1,0,0,0,0,0,0,0,13,0,0
390633,3,1,0,0,0,0,0,0,0,0,0,0
390634,1,1,3,3,3,3,3,3,3,3,3,3
390635,1,1,0,0,0,0,0,0,0,0,0,0
390636,0,1,0,0,0,0,0,0,0,0,0,0
390636,1,1,0,0,0,0,0,0,0,0,0,0
390637,1,1,0,0,0,0,0,0,0,0,0,0
390638,0,1,0,0,0,0,0,0,0,0,0,0
390638,1,1,0,0,0,0,0,0,0,0,0,0
390639,0,1,0,0,0,0,0,0,0,0,0,0
390639,1,1,0,0,0,0,0,0,0,0,0,0
390641,1,1,0,0,0,0,0,0,0,0,0,0
390641,2,1,0,0,0,0,0,0,0,0,0,0
390641,3,1,0,0,0,0,0,0,0,0,0,0
390642,1,1,0,0,0,0,0,0,0,0,0,0
390642,2,1,0,0,0,0,0,0,0,0,0,0
390643,0,1,0,0,0,0,0,0,0,0,0,0
390643,1,1,0,0,0,0,0,0,0,0,0,0
390644,1,1,0,0,0,0,0,0,0,0,0,0
390644,2,1,0,0,0,0,0,0,0,0,0,0
390645,1,1,0,0,0,0,0,0,0,0,0,0
390645,2,1,0,0,0,0,0,0,0,0,0,0
390646,1,1,36,17,8,8,11,9,22,0,19,10
390646,2,1,0,0,0,0,0,0,0,0,0,0
390647,1,1,17,17,17,17,17,17,17,17,17,17
390647,2,1,0,0,0,0,0,0,0,0,0,0
390648,1,1,0,0,0,0,0,0,0,0,0,0
390648,2,1,0,0,0,0,0,0,0,0,0,0
390649,1,1,17,17,17,17,17,17,17,17,17,17
390650,1,1,0,0,0,0,0,0,0,0,0,0
390651,1,1,20,20,20,20,20,20,20,20,20,20
390652,1,1,14,14,14,14,14,14,14,14,14,14
390653,1,1,0,0,0,0,0,0,0,0,0,0
390654,1,1,0,0,0,0,0,0,0,0,0,0
390654,2,1,10,10,10,10,10,10,10,10,10,10
390655,1,1,0,0,0,0,0,0,0,0,0,0
390656,1,1,0,0,0,0,0,0,0,0,0,0
390656,2,1,0,0,0,0,0,0,0,0,0,0
390657,1,1,19,19,19,19,19,19,19,19,19,19
390658,1,1,0,0,0,0,0,0,0,0,0,0
390659,1,1,32,32,32,32,32,32,32,32,32,32
390660,1,1,0,0,0,0,0,0,0,0,0,0
390660,2,1,0,0,0,0,0,0,0,0,0,0
390661,1,1,0,0,0,0,0,0,0,0,0,0
390661,2,1,19,19,19,19,19,19,19,19,19,19
390662,1,1,0,0,0,0,0,0,0,0,0,0
390662,2,1,0,0,0,0,0,0,0,0,0,0
390662,3,1,0,0,0,0,0,0,0,0,0,0
390663,1,1,17,17,17,17,17,17,17,17,17,17
390664,1,1,0,0,0,0,0,0,0,0,0,0
390665,1,1,8,8,8,8,8,8,8,8,8,8
390665,2,1,0,0,0,0,0,17,0,22,0,0
390666,1,1,20,20,20,20,20,20,20,20,20,20
390667,0,1,28,28,28,28,28,28,28,28,28,28
390667,1,1,0,0,0,0,0,0,0,0,0,0
390668,1,1,0,0,6,0,7,11,0,0,0,0
390669,1,1,0,0,0,0,0,0,0,0,0,0
390669,2,1,0,0,0,0,0,0,0,0,0,0
390669,3,1,0,0,0,0,0,0,0,0,0,0
390670,0,1,28,28,28,28,28,28,28,28,28,28
390670,1,1,0,0,0,0,0,0,0,0,0,0
390671,1,1,33,33,33,33,33,33,33,33,33,33
390672,1,1,0,0,0,0,0,0,0,0,0,0
390673,0,1,0,0,0,0,0,0,0,0,0,0
390673,1,1,0,0,0,0,0,0,0,0,0,0
390674,0,1,0,0,0,0,0,0,0,0,0,0
390674,1,1,0,0,0,0,0,0,0,7,0,0
390675,1,1,0,0,0,0,0,0,0,0,0,0
390677,1,1,31,31,31,31,31,31,31,31,31,31
390678,1,1,0,0,0,0,0,0,0,0,0,0
390678,2,1,0,0,0,0,0,0,0,0,0,0
390678,3,1,0,0,0,0,0,0,0,0,0,0
390679,0,1,34,34,34,34,34,34,34,34,34,34
390679,1,1,0,0,0,0,0,0,0,0,0,0
390680,1,1,0,0,0,0,0,0,0,0,0,0
390680,2,1,0,0,0,0,0,0,0,0,0,0
390681,1,1,0,0,0,0,0,0,0,0,0,0
390681,2,1,0,0,0,0,0,0,0,0,0,0
390682,0,1,0,0,0,0,0,0,0,0,0,0
390682,1,1,0,0,0,0,0,0,0,0,0,0
390683,1,1,0,0,0,0,0,0,0,0,0,10
390683,2,1,0,0,0,0,0,0,0,0,0,0
390684,1,1,18,18,18,18,18,18,18,18,18,18
390685,1,1,9,9,9,9,9,9,9,9,9,9
390685,2,1,0,0,0,0,0,0,0,0,0,0
390686,1,1,8,8,8,8,8,8,8,8,8,8
390687,1,1,0,0,0,0,0,0,0,0,0,0
390687,2,1,0,0,0,0,0,0,0,0,0,0
390688,1,1,0,0,0,0,0,0,0,0,0,0
390689,1,1,0,0,0,0,0,0,0,0,0,0
390689,2,1,0,0,0,0,0,0,0,0,0,0
390689,3,1,0,0,0,0,0,0,0,0,0,0
390689,4,1,0,0,0,0,0,0,0,0,0,0
390689,5,1,0,0,0,0,0,0,0,0,0,0
390689,6,1,0,0,0,0,0,0,0,0,0,0
390689,7,1,0,0,0,0,0,0,0,0,0,0
390689,8,1,0,0,0,0,0,0,0,0,0,0
390690,0,1,0,0,0,0,0,0,0,0,0,0
390690,1,1,0,0,0,0,0,0,0,0,0,0
390691,1,1,0,0,0,0,0,0,0,0,0,0
390691,2,1,0,0,0,0,0,0,0,0,0,0
390692,0,1,26,26,26,26,26,26,26,26,26,26
390692,1,1,0,8,15,0,9,0,0,0,0,0
390693,1,1,0,0,0,0,0,0,0,0,0,0
390693,2,1,0,0,0,0,0,0,0,0,0,0
390694,1,1,0,0,0,0,0,0,0,0,0,0
390694,2,1,1,1,1,1,1,1,1,1,1,1
390695,1,1,19,19,19,19,19,19,19,19,19,19
390696,1,1,0,0,0,0,0,0,0,0,0,0
390696,2,1,0,0,0,0,0,0,0,0,0,0
390697,1,1,0,0,0,0,0,0,0,0,0,0
390698,1,1,0,0,0,0,0,0,0,0,0,0
390698,2,1,0,0,0,0,0,0,0,0,0,0
390699,1,1,0,0,0,0,0,0,0,0,0,0
390699,2,1,0,0,0,0,0,0,0,0,0,0
390700,1,1,0,0,0,0,0,0,0,0,0,0
390700,2,1,0,0,0,0,0,0,0,9,0,0
390701,1,1,0,0,0,0,0,0,0,0,0,0
390701,2,1,0,0,0,0,0,14,0,0,0,16
390702,1,1,14,14,14,14,14,14,14,14,14,14
390703,1,1,20,20,20,20,20,20,20,20,20,20
390704,1,1,26,26,26,26,26,26,26,26,26,26
390705,1,1,7,7,7,7,7,7,7,7,7,7
390706,1,1,0,0,0,0,0,0,0,0,0,0
390707,1,1,0,0,0,0,0,0,0,0,0,0
390707,2,1,0,0,0,0,0,0,0,0,0,0