ST_CASE,VEH_NO,PER_NO,P1,P2,P3,P4,P5,P6,P7,P8,P9,P10
390708,1,1,6,6,6,6,6,6,6,6,6,6
390709,1,1,0,0,0,0,0,0,0,0,0,0
390710,1,1,21,21,21,21,21,21,21,21,21,21
390710,2,1,0,0,0,0,0,0,0,0,0,0
390711,1,1,23,0,0,0,0,0,0,0,0,0
390711,2,1,0,0,0,0,0,0,0,0,0,0
390712,1,1,0,0,0,0,0,0,46,0,0,0
390712,2,1,0,0,0,0,0,0,0,0,0,0
390713,1,1,0,0,0,0,0,0,0,0,0,0
390714,1,1,0,0,0,0,0,0,0,0,0,0
390715,1,1,4,4,4,4,4,4,4,4,4,4
390716,1,1,2,2,2,2,2,2,2,2,2,2
390716,2,1,0,0,0,0,0,0,0,0,0,0
390716,3,1,0,0,0,0,0,0,0,0,0,0
390717,1,1,0,0,0,0,0,0,0,0,0,0
390717,2,1,0,0,0,0,0,0,0,0,0,0
390718,0,1,15,15,15,15,15,15,15,15,15,15
390718,1,1,6,0,0,27,6,10,0,5,14,0
390719,1,1,0,0,0,0,0,0,0,0,0,0
390719,2,1,0,0,0,0,0,0,0,0,0,0
390720,1,1,0,0,0,0,12,0,0,0,0,0
390721,1,1,0,0,0,0,0,0,0,0,0,0
390721,2,1,21,21,21,21,21,21,21,21,21,21
390722,1,1,18,18,18,18,18,18,18,18,18,18
390723,1,1,0,25,0,2,0,0,0,15,0,0
390723,2,1,0,0,2,4,0,0,0,18,15,0
390724,1,1,0,0,0,0,0,0,0,0,0,0
390724,2,1,0,0,0,0,0,0,0,0,0,0
390724,3,1,0,0,0,0,0,0,0,0,0,0
390725,1,1,0,0,0,0,0,0,0,0,0,0
390726,1,1,0,0,0,0,0,0,0,0,0,0
390726,2,1,22,22,22,22,22,22,22,22,22,22
390727,1,1,3,0,0,0,0,0,0,0,9,0
390728,1,1,9,9,9,9,9,9,9,9,9,9
390729,0,1,0,0,0,0,0,0,0,0,0,0
390729,1,1,0,0,0,0,0,0,0,0,0,0
390730,1,1,0,0,0,0,0,0,0,0,0,0
390730,2,1,0,0,0,0,0,0,0,0,0,0
390731,1,1,0,0,0,0,0,0,0,0,0,0
390731,2,1,0,0,0,0,0,0,0,0,0,0
390732,1,1,19,19,19,19,19,19,19,19,19,19
390732,2,1,0,0,0,0,0,33,0,0,0,0
390733,1,1,15,15,15,15,15,15,15,15,15,15
390734,1,1,0,0,0,0,0,0,0,0,0,0
390734,2,1,0,0,0,10,0,0,0,0,0,0
390735,1,1,0,0,0,0,0,0,0,0,0,0
390735,2,1,0,0,0,0,0,0,0,0,0,0
390736,1,1,0,0,0,0,0,0,0,0,0,0
390736,2,1,0,0,0,0,0,0,0,0,0,0
390736,3,1,0,0,0,0,0,0,0,0,0,0
390737,0,1,0,0,0,0,0,0,0,0,0,0
390737,1,1,0,0,0,0,0,0,0,0,0,0
390738,1,1,0,0,0,0,0,0,0,0,0,0
390738,2,1,0,0,0,0,0,0,0,0,0,0
390739,1,1,23,23,23,23,23,23,23,23,23,23
390740,1,1,0,0,0,0,0,0,0,0,0,0
390741,1,1,0,0,0,0,0,0,0,0,0,0
390742,1,1,0,0,0,0,0,0,0,0,0,0
390742,2,1,0,0,0,0,0,0,0,0,0,0
390743,1,1,20,20,20,20,20,20,20,20,20,20
390744,1,1,12,12,12,12,12,12,12,12,12,12
390745,1,1,17,17,17,17,17,17,17,17,17,17
390747,1,1,0,0,0,0,0,0,0,0,0,0
390747,2,1,0,0,0,0,0,0,0,0,0,0
390748,1,1,25,25,25,25,25,25,25,25,25,25
390749,1,1,1,1,1,1,1,1,1,1,1,1
390750,1,1,0,0,0,0,0,0,0,0,0,0
390751,1,1,0,0,0,0,0,0,0,0,0,0
390752,1,1,0,0,0,0,0,0,0,0,0,0
390753,1,1,7,7,7,7,7,7,7,7,7,7
390753,2,1,13,13,13,13,13,13,13,13,13,13
390754,1,1,27,27,27,27,27,27,27,27,27,27
390755,1,1,26,0,0,0,0,0,0,0,0,0
390755,2,1,0,0,0,0,0,0,0,0,0,27
390756,1,1,28,28,28,28,28,28,28,28,28,28
390757,1,1,0,0,0,0,0,0,0,0,0,0
390758,1,1,0,0,0,0,0,0,0,0,0,0
390759,1,1,0,0,0,0,0,0,0,0,0,0
390759,2,1,0,0,0,0,0,0,0,0,0,0
390760,1,1,17,17,17,17,17,17,17,17,17,17
390761,1,1,0,0,0,0,0,0,0,0,0,0
390762,1,1,0,0,0,0,0,0,0,0,0,0
390762,2,1,0,0,0,0,0,0,0,0,0,0
390763,1,1,0,0,0,0,0,0,0,0,0,0
390764,1,1,11,0,4,3,13,0,9,0,0,0
390765,1,1,0,0,0,0,0,0,0,0,0,0
390765,2,1,0,0,0,0,0,0,0,0,0,0
390766,1,1,18,18,18,18,18,18,18,18,18,18
390767,0,1,0,0,0,0,0,0,0,0,0,0
390767,1,1,0,0,0,0,0,0,0,0,0,0
390768,1,1,0,0,0,0,0,0,0,0,0,0
390769,1,1,19,19,19,19,19,19,19,19,19,19
390770,1,1,0,0,0,0,0,0,0,0,0,0
390770,2,1,0,0,0,0,0,0,0,0,0,0
390771,0,1,0,0,0,0,0,0,0,0,0,0
390771,1,1,0,0,0,0,0,0,0,0,0,0
390772,1,1,40,40,40,40,40,40,40,40,40,40
390772,2,1,0,0,0,0,0,0,0,0,0,0
390773,0,1,0,0,0,0,0,0,0,0,0,0
390773,1,1,22,0,0,9,23,8,20,14,0,0
390774,1,1,24,24,24,24,24,24,24,24,24,24
390775,1,1,20,20,20,20,20,20,20,20,20,20
390776,1,1,10,10,10,10,10,10,10,10,10,10
390777,1,1,0,0,0,0,0,0,0,0,0,0
390777,2,1,0,0,0,0,0,0,0,0,0,0
390778,1,1,0,0,0,0,0,0,0,0,0,0
390779,1,1,0,0,0,0,0,0,0,0,0,0
390780,1,1,0,0,0,0,0,0,0,0,0,0
390780,2,1,24,18,0,22,0,5,8,18,10,22
390781,1,1,0,0,0,0,0,0,0,0,0,0
390781,2,1,0,0,0,0,0,0,0,0,0,0
390782,1,1,0,0,0,0,0,0,0,0,0,0
390783,1,1,0,0,0,0,0,0,0,0,0,0
390783,2,1,0,0,0,0,0,0,0,0,0,0
390784,0,1,0,0,0,0,0,0,0,0,0,0
390784,1,1,0,0,0,0,0,0,0,0,0,0
390785,1,1,0,0,0,0,0,0,0,0,0,0
390786,1,1,0,0,0,0,0,0,0,0,0,0
390787,1,1,0,0,0,0,0,0,0,0,0,0
390787,2,1,0,0,0,0,0,0,0,0,0,0
390788,1,1,10,10,10,10,10,10,10,10,10,10
390789,1,1,0,0,0,0,0,0,0,0,0,0
390790,1,1,0,0,0,0,0,0,0,0,0,0
390790,2,1,19,19,19,19,19,19,19,19,19,19
390791,1,1,24,24,24,24,24,24,24,24,24,24
390792,1,1,16,0,0,15,0,0,0,0,17,0
390793,1,1,0,0,0,0,0,0,0,0,0,0
390794,1,1,0,0,0,0,0,0,0,0,0,0
390794,2,1,0,0,0,0,0,0,0,0,0,0
390795,1,1,14,14,14,14,14,14,14,14,14,14
390796,1,1,13,13,13,13,13,13,13,13,13,13
390796,2,1,16,16,13,10,9,15,17,20,21,26
390797,1,1,0,0,0,0,0,0,0,0,0,0
390797,2,1,0,0,0,0,0,0,0,0,0,0
390798,1,1,0,0,0,0,0,0,0,0,0,0
390798,2,1,0,0,0,0,0,0,0,0,0,0
390799,1,1,0,0,0,0,0,0,0,0,0,0
390799,2,1,0,0,0,0,0,0,0,0,0,0
390800,1,1,0,0,0,0,0,0,0,0,0,0
390800,2,1,0,0,0,0,0,0,0,0,0,0
390801,1,1,7,7,7,7,7,7,7,7,7,7
390802,1,1,16,16,16,16,16,16,16,16,16,16
390803,0,1,48,33,0,25,21,23,32,37,23,40
390803,1,1,0,0,16,8,0,21,0,0,0,14
390804,1,1,0,0,0,0,0,0,0,0,0,0
390804,2,1,0,0,0,0,0,0,0,0,0,0
390805,1,1,0,0,0,0,0,0,0,0,0,0
390806,1,1,19,19,19,19,19,19,19,19,19,19
390807,1,1,0,0,0,0,0,0,0,0,0,0
390808,1,1,24,24,24,24,24,24,24,24,24,24
390809,1,1,0,0,0,0,0,0,0,0,0,0
390809,2,1,0,0,0,0,0,0,0,0,0,0
390809,3,1,0,0,0,0,0,0,0,0,0,0
390810,1,1,26,26,26,26,26,26,26,26,26,26
390811,0,1,0,0,0,0,0,0,0,0,0,0
390811,0,2,0,0,0,0,0,0,0,0,0,11
390811,1,1,0,0,0,0,0,0,0,0,0,0
390812,1,1,0,0,0,0,0,0,0,0,0,0
390812,2,1,0,0,0,0,0,0,0,0,0,0
390813,1,1,0,0,0,0,0,0,0,0,0,0
390813,2,1,0,0,0,0,0,0,0,0,0,0
390814,1,1,0,0,0,0,0,0,0,0,0,0
390814,2,1,0,0,0,0,0,0,0,0,0,0
390815,1,1,0,0,0,0,0,0,0,0,0,0
390815,2,1,0,0,0,0,0,0,0,0,0,0
390816,1,1,0,0,0,0,0,0,0,0,0,0
390816,2,1,0,0,0,0,0,0,0,0,0,0
390817,1,1,28,28,28,28,28,28,28,28,28,28
390818,1,1,11,11,11,11,11,11,11,11,11,11
390819,1,1,4,4,4,4,4,4,4,4,4,4
390820,1,1,6,6,6,6,6,6,6,6,6,6
390820,2,1,0,23,0,0,13,0,0,0,0,0
390821,1,1,2,2,2,2,2,2,2,2,2,2
390822,1,1,8,8,8,8,8,8,8,8,8,8
390823,0,1,0,0,0,0,0,0,0,0,0,0
390823,1,1,0,0,0,0,0,24,0,0,8,0
390824,0,1,0,0,0,0,0,0,0,0,0,0
390824,1,1,0,0,0,0,0,0,0,0,0,0
390825,1,1,34,34,34,34,34,34,34,34,34,34
390826,1,1,19,19,19,19,19,19,19,19,19,19
390828,1,1,0,0,0,0,0,0,0,0,0,0
390828,2,1,0,0,0,0,0,0,0,0,0,0
390829,1,1,17,17,17,17,17,17,17,17,17,17
390829,2,1,0,0,0,0,0,0,0,0,0,0
390830,1,1,0,0,0,0,0,0,0,0,0,0
390831,1,1,0,0,0,0,0,0,0,0,0,0
390831,2,1,0,0,0,0,0,0,0,0,0,0
390832,1,1,22,22,22,22,22,22,22,22,22,22
390833,1,1,0,0,0,0,0,0,0,0,0,0
390834,1,1,37,37,37,37,37,37,37,37,37,37
390835,1,1,0,0,0,0,0,0,0,0,0,0
390836,0,1,0,0,0,0,0,0,0,0,0,0
390836,1,1,0,0,0,0,0,0,0,0,0,0
390838,1,1,0,0,0,0,0,0,0,0,0,0
390838,2,1,0,0,0,0,0,0,0,0,0,0
390839,0,1,0,0,0,0,0,0,0,0,0,0
390839,1,1,0,0,0,0,0,0,0,0,0,0
390840,1,1,0,0,0,0,0,0,0,0,0,0
390841,1,1,0,0,0,0,0,0,0,0,0,0
390842,1,1,0,0,0,0,0,0,0,0,0,0
390842,2,1,0,0,0,0,0,0,0,0,0,0
390843,0,1,22,22,22,22,22,22,22,22,22,22
390843,1,1,0,0,0,0,8,0,0,0,0,0
390844,1,1,18,18,18,18,18,18,18,18,18,18
390845,1,1,0,0,0,0,0,0,0,0,0,0
390846,1,1,0,0,0,0,0,0,0,0,0,0
390847,1,1,0,0,0,0,0,0,0,0,0,0
390847,2,1,0,0,0,0,0,0,0,0,0,0
390848,1,1,0,0,0,7,0,11,0,0,0,21
390849,1,1,15,9,18,13,4,14,15,9,11,18
390850,1,1,0,0,0,0,0,0,0,0,0,0
390850,2,1,0,0,0,0,0,0,0,0,0,0
390851,1,1,19,19,19,19,19,19,19,19,19,19
390852,1,1,32,32,32,32,32,32,32,32,32,32
390853,1,1,19,0,27,0,16,0,0,21,0,0
390854,1,1,12,12,12,12,12,12,12,12,12,12
390854,2,1,30,30,30,30,30,30,30,30,30,30
390855,1,1,0,0,0,0,0,0,0,0,0,0
390856,1,1,0,0,0,0,0,0,0,0,0,0
390856,2,1,0,0,0,0,0,0,0,0,0,0
390857,1,2,24,25,0,7,0,0,0,0,5,0
390858,1,1,0,0,0,0,0,0,0,0,0,0
390859,0,1,0,0,0,0,0,0,0,0,0,0
390859,1,1,0,0,0,0,0,0,0,0,0,0
390860,1,1,0,0,0,0,0,0,0,0,0,0
390861,1,1,0,0,0,0,0,0,0,0,0,0
390861,2,1,0,0,0,0,0,0,0,0,0,0
390862,1,1,11,12,8,10,0,0,6,14,27,0
390862,2,1,0,0,0,0,0,0,0,0,0,0
390864,0,1,0,0,0,0,0,0,0,0,0,0
390864,1,1,0,0,0,0,0,0,0,0,0,0
390864,2,1,0,0,0,0,0,0,43,0,0,0
390865,1,1,0,0,0,0,0,0,0,0,0,0
390865,2,1,0,12,0,0,0,0,0,0,0,0
390866,1,1,0,0,0,0,0,0,0,0,0,0
390866,2,1,0,0,0,0,0,0,0,0,0,0
390866,3,1,0,0,0,0,0,0,0,0,0,0
390867,1,1,0,0,0,0,0,0,10,0,0,0
390867,2,1,0,0,0,0,0,0,0,0,0,0
390868,1,1,0,0,0,0,0,0,0,0,0,0
390868,2,1,0,0,0,0,0,0,0,0,0,0
390868,3,1,0,0,0,0,0,0,0,0,0,0
390869,1,1,0,0,0,0,0,0,0,0,0,0
390869,2,1,0,0,0,0,0,0,0,0,0,0
390870,1,1,0,0,0,0,0,0,0,0,0,0
390871,1,1,19,19,19,19,19,19,19,19,19,19
390872,1,1,0,0,4,0,0,0,0,0,0,7
390873,1,1,0,0,0,0,0,0,0,0,0,0
390874,1,1,0,0,0,0,0,0,0,0,0,0
390874,2,1,0,0,0,0,0,0,0,0,0,0
390875,1,1,0,0,0,0,0,0,0,0,0,0
390875,2,1,0,0,0,0,0,0,0,0,0,0
390875,3,1,0,0,0,0,0,0,0,0,0,0
390875,4,1,0,0,0,0,0,0,0,0,0,0
390876,1,1,0,0,0,0,0,0,0,0,0,0
390877,1,1,12,12,12,12,12,12,12,12,12,12
390878,0,1,0,0,0,0,0,0,0,0,0,0
390878,0,2,0,0,0,0,0,0,0,0,0,0
390878,1,1,0,0,0,0,0,0,0,0,0,0
390879,1,1,0,0,0,0,0,0,0,0,0,12
390879,2,1,0,0,0,0,0,0,0,0,0,0
390880,1,1,0,0,0,0,0,0,0,0,0,0
390881,1,1,0,0,0,0,0,0,0,0,0,0
390881,2,1,0,0,0,0,0,0,0,0,0,0
390882,1,1,0,0,0,15,0,0,0,0,0,0
390883,1,1,0,0,0,0,0,0,0,0,0,0
390883,2,1,0,0,0,0,0,0,0,0,0,0
390883,3,1,0,0,0,0,0,0,0,0,0,0
390884,1,1,0,0,0,0,0,0,0,0,0,0
390884,2,1,0,0,0,0,0,0,0,0,0,0
390885,1,1,0,0,0,0,0,0,0,0,0,0
390885,2,1,0,0,0,0,0,0,0,0,0,0
390886,1,1,13,13,13,13,13,13,13,13,13,13
390887,1,1,1,1,1,1,1,1,1,1,1,1
390887,2,1,0,0,0,0,0,0,0,0,0,0
390888,1,1,0,0,0,0,0,0,0,0,0,0
390888,2,1,0,0,6,0,0,0,0,0,0,0
390888,3,1,0,0,0,0,0,0,0,0,0,0
390889,1,1,0,0,0,0,0,0,0,0,0,0
390889,2,1,0,0,0,0,0,0,0,0,0,0
390891,1,1,19,19,19,19,19,19,19,19,19,19
390892,1,1,6,6,6,6,6,6,6,6,6,6
390893,1,1,0,0,0,0,0,0,0,0,0,0
390894,1,1,0,0,0,0,0,0,0,0,0,0
390894,2,1,0,0,0,0,0,0,0,0,0,0
390894,3,1,0,0,0,0,0,0,0,0,0,0
390895,1,1,0,0,9,0,0,4,0,14,11,0
390896,1,1,0,0,0,0,0,0,0,0,0,0
390896,2,1,0,0,0,0,0,0,13,0,0,0
390898,1,1,34,34,34,34,34,34,34,34,34,34
390899,1,1,0,0,0,0,0,0,0,0,0,0
390900,1,1,4,4,4,4,4,4,4,4,4,4
390901,1,1,0,0,0,0,0,0,0,0,0,0
390902,1,1,0,0,0,4,0,0,0,0,0,0
390902,2,1,0,0,0,0,0,0,0,0,0,0
390902,3,1,0,0,0,0,0,0,0,0,0,0
390902,4,1,0,0,0,0,0,0,0,0,0,0
390903,1,1,0,0,0,0,0,0,0,0,0,0
390903,2,1,0,0,0,0,0,0,0,0,0,0
390904,1,1,0,0,0,0,0,0,0,0,0,0
390905,1,1,29,29,29,29,29,29,29,29,29,29
390906,1,1,0,0,0,0,0,0,0,0,0,0
390906,2,1,0,0,0,0,0,0,0,0,0,0
390907,1,1,0,0,0,0,0,0,0,0,0,0
390907,2,1,0,0,0,0,0,0,0,0,0,0
390908,1,1,0,0,0,0,0,0,16,0,0,0
390908,2,1,0,0,0,0,0,0,0,0,0,0
390909,0,1,0,0,0,0,0,0,0,0,0,0
390909,1,1,0,0,0,0,0,0,0,0,0,0
390910,0,1,0,0,0,0,0,0,0,0,0,0
390910,1,1,0,0,0,0,0,0,0,0,0,0
390911,1,1,0,0,0,0,0,0,0,0,0,0
390912,1,1,0,0,0,0,0,0,0,10,0,0
390912,2,1,0,0,0,0,0,0,0,0,0,0
390912,3,1,0,0,0,0,28,0,0,0,0,0
390913,1,1,0,0,0,0,0,0,0,0,0,0
390913,2,1,0,0,0,0,0,0,0,0,0,0
390914,1,1,0,0,0,0,0,0,0,0,0,0
390914,2,1,0,0,0,0,0,0,0,0,0,0
390915,1,1,0,0,26,0,0,0,0,0,0,0
390915,2,1,0,0,0,0,0,0,0,0,0,0
390916,1,1,25,25,25,25,25,25,25,25,25,25
390917,1,2,0,0,0,0,0,0,0,9,0,0
390918,1,1,0,0,0,0,0,0,0,0,0,0
390918,2,1,0,0,0,0,6,18,2,0,0,11
390919,1,1,26,26,26,26,26,26,26,26,26,26
390920,1,1,0,0,0,0,0,0,0,0,0,0
390920,2,1,0,0,0,0,0,0,0,0,0,0
390920,3,1,0,0,0,0,0,0,0,0,0,0
390921,1,1,0,0,0,0,0,0,0,0,0,0
390921,2,1,0,0,0,0,0,0,0,0,0,0
390922,1,1,0,0,0,0,0,0,0,0,0,0
390922,2,1,0,0,0,0,0,0,0,0,0,0
390923,1,1,0,0,0,0,0,0,0,0,0,0
390923,2,1,0,0,0,0,0,0,0,0,0,0
390924,1,1,23,23,23,23,23,23,23,23,23,23
390924,2,1,0,0,0,0,0,0,0,0,0,0
390925,1,1,0,0,0,0,0,0,0,0,0,0
390925,2,1,1,1,1,1,1,1,1,1,1,1
390926,1,1,0,0,0,0,0,0,0,0,0,0
390926,2,1,0,0,0,0,0,0,0,0,0,0
390927,1,1,0,0,0,0,0,0,0,0,0,0
390927,2,1,0,0,0,0,0,0,0,0,0,0
390928,1,1,15,15,15,15,15,15,15,15,15,15
390929,1,1,0,0,0,0,0,0,0,0,0,0
390930,1,1,18,18,18,18,18,18,18,18,18,18
390931,1,1,0,0,0,0,0,0,0,0,0,0
390931,2,1,0,0,0,0,0,0,0,0,0,0
390932,1,1,42,42,42,42,42,42,42,42,42,42
390933,0,1,0,0,0,0,0,0,0,0,0,0
390933,1,1,0,0,0,0,0,0,0,0,0,0
390934,1,1,0,0,0,0,0,0,0,0,0,0
390934,2,1,20,18,9,23,27,5,11,20,35,46
390935,1,1,17,17,17,17,17,17,17,17,17,17
390936,1,1,0,0,12,0,0,0,0,0,0,0
390936,2,1,23,23,23,23,23,23,23,23,23,23
390937,1,1,0,0,0,0,0,0,0,0,0,0
390937,2,1,0,0,0,0,0,0,0,0,0,0
390938,1,1,0,0,0,0,0,0,13,0,0,0
390938,2,1,0,0,0,9,26,0,0,0,22,8
390939,1,1,27,27,27,27,27,27,27,27,27,27
390939,2,1,0,0,0,0,0,0,0,0,0,0
390940,1,1,0,0,0,0,0,0,0,0,0,0
390941,1,1,0,0,0,0,0,0,0,0,0,0
390941,2,1,0,0,0,0,0,0,0,0,0,0
390942,1,1,0,0,0,0,0,0,0,0,0,0
390942,2,1,0,0,0,0,0,0,0,0,0,0
390943,1,1,0,0,0,0,0,0,0,0,0,0
390944,1,1,23,23,23,23,23,23,23,23,23,23
390945,1,1,0,13,0,0,0,0,0,0,0,0
390945,2,1,0,0,0,0,0,0,0,0,0,0
390945,3,1,0,0,0,0,0,0,0,0,0,0
390946,1,1,0,0,0,0,0,0,0,0,0,0
390946,2,1,0,0,0,0,0,0,0,0,0,0
390946,3,1,0,0,0,0,0,0,0,0,0,0
390947,1,1,0,0,0,0,0,0,0,0,0,0
390947,2,1,0,0,0,0,0,0,0,0,0,0
390948,1,1,0,0,0,0,0,0,0,0,0,0
390948,2,1,0,0,0,0,0,0,0,0,0,0
390949,1,1,18,18,18,18,18,18,18,18,18,18
390950,1,1,29,5,11,16,8,6,25,7,13,25
390951,1,1,20,20,20,20,20,20,20,20,20,20
390952,1,1,0,0,0,0,0,0,0,0,0,0
390952,2,1,0,0,0,0,0,0,0,0,0,0
390953,1,1,17,17,17,17,17,17,17,17,17,17
390954,1,1,0,0,0,0,0,0,0,0,0,0
390954,2,1,0,0,0,0,0,0,0,0,0,0
390955,1,1,0,0,0,43,0,0,0,0,0,0
390956,1,1,21,21,21,21,21,21,21,21,21,21
390957,1,1,0,0,0,0,0,0,0,0,7,0
390958,1,1,0,0,0,0,0,0,0,0,0,0
390958,2,1,0,0,15,0,0,0,0,0,0,0
390959,0,1,26,26,26,26,26,26,26,26,26,26
390959,1,1,0,0,0,0,0,0,0,0,0,0
390959,2,1,0,0,0,0,0,0,0,0,0,0
390960,0,1,0,0,0,0,0,0,0,0,0,0
390960,1,1,0,0,0,0,0,0,6,0,0,0
390961,1,1,0,0,0,0,0,0,0,0,0,0
390962,1,1,22,13,20,3,16,20,22,19,23,27
390963,1,1,0,0,0,0,0,0,0,0,0,0
390964,1,1,0,0,0,0,0,0,0,0,0,0
390964,2,1,0,0,0,0,0,0,0,0,0,0
390965,1,1,9,9,9,9,9,9,9,9,9,9
390966,1,1,0,0,0,0,0,0,0,0,0,0
390967,1,1,0,0,0,0,0,0,0,0,0,0
390968,1,1,0,0,0,0,0,0,0,0,0,0
390968,2,1,0,0,0,0,0,0,0,0,0,0
390969,1,1,0,0,0,0,0,0,0,0,0,0
390969,2,1,9,9,9,9,9,9,9,9,9,9
390970,1,1,0,0,0,0,0,0,0,0,0,0
390970,2,1,0,0,0,0,0,0,0,0,0,0
390971,1,1,0,0,0,0,0,0,0,0,0,0
390972,1,1,8,8,8,8,8,8,8,8,8,8
390972,2,1,0,0,0,0,0,0,0,0,0,0
390973,1,1,0,0,0,0,0,0,0,0,0,0
390974,1,1,0,0,0,0,0,0,0,0,0,0
390974,2,1,0,0,0,0,0,0,0,0,0,0
390976,0,1,13,13,13,13,13,13,13,13,13,13
390976,1,1,0,0,0,0,0,0,0,0,0,0
390977,1,1,0,0,0,0,0,0,0,0,0,0
390977,2,1,0,0,0,0,0,0,0,0,0,0
390978,1,1,23,23,23,23,23,23,23,23,23,23
390979,1,1,0,0,0,0,0,0,0,0,0,0
390979,2,1,0,0,0,0,0,0,0,0,0,0
390980,0,1,29,29,29,29,29,29,29,29,29,29
390980,1,1,0,0,0,0,18,0,0,0,0,0
390980,2,1,20,0,0,0,20,0,0,0,0,0
390981,1,1,0,0,0,0,0,0,0,0,0,0
390981,2,1,0,0,0,2,14,0,0,0,0,0
390981,3,1,0,0,0,0,0,0,0,0,0,0
390982,1,1,0,0,0,0,0,0,0,0,0,0
390982,2,1,0,0,0,0,0,0,0,0,0,0
390983,1,1,0,0,0,0,0,0,0,0,0,0
390984,1,1,0,0,0,0,0,0,0,0,0,0
390984,2,1,0,0,0,0,0,0,0,0,0,0
390985,1,1,1,1,1,1,1,1,1,1,1,1
390986,1,1,41,13,30,17,28,38,3,5,24,20
390987,1,1,0,0,0,0,0,0,0,0,0,0
390987,2,1,0,0,0,0,0,0,0,0,0,0
390987,3,1,0,22,0,0,0,0,0,0,0,0
390987,4,1,0,0,0,0,0,0,0,0,0,0
390988,1,1,23,23,23,23,23,23,23,23,23,23
390988,2,1,0,0,0,0,0,5,0,0,0,0
390991,1,1,0,0,0,0,0,0,0,0,0,0
390991,2,1,0,0,0,0,0,0,0,0,0,0
390992,1,1,0,0,0,0,0,0,0,0,0,0
390993,1,1,0,0,0,0,0,0,0,0,0,0
390993,2,1,0,0,0,0,0,0,0,0,0,0
390994,0,1,28,28,28,28,28,28,28,28,28,28
390994,1,1,6,15,0,0,25,0,0,6,8,29
390995,1,1,0,0,0,0,0,0,0,0,0,0
390995,2,1,5,5,5,5,5,5,5,5,5,5
390996,1,1,0,0,0,0,0,0,0,0,0,0
390997,1,1,0,0,0,0,0,0,0,0,0,0
390998,0,1,24,24,24,24,24,24,24,24,24,24
390998,1,1,11,11,11,11,11,11,11,11,11,11
390999,1,1,0,0,0,0,0,0,0,0,0,0
390999,2,1,0,0,0,0,0,0,0,0,0,0
391000,0,1,0,0,0,0,0,0,0,0,0,0
391000,1,1,0,0,0,0,0,0,0,0,0,0
391001,1,1,22,22,22,22,22,22,22,22,22,22
391002,1,1,1,1,1,1,1,1,1,1,1,1
391003,1,1,25,25,25,25,25,25,25,25,25,25
391004,1,1,0,0,0,0,0,22,0,0,0,0
391004,2,1,0,0,0,0,0,0,0,0,0,0
391005,1,1,0,0,0,0,0,0,0,0,0,0
391006,1,1,0,0,0,21,0,0,0,0,0,0
391006,2,1,0,0,0,0,0,0,0,4,0,0
391007,0,1,0,0,0,0,0,0,0,0,0,0
391007,1,1,0,0,0,0,0,0,0,0,0,0
391007,2,1,0,0,0,0,0,0,0,0,0,0
391008,0,1,25,25,25,25,25,25,25,25,25,25
391008,1,1,0,0,0,0,0,0,0,0,0,0
391009,1,1,0,0,0,0,0,0,0,0,0,0
391010,0,1,35,35,35,35,35,35,35,35,35,35
391010,1,1,0,22,0,0,0,0,0,0,0,0
391011,1,1,0,0,0,0,0,0,0,0,0,0
391011,2,1,0,0,0,8,0,0,0,0,0,0
391012,0,1,37,37,37,37,37,37,37,37,37,37
391012,1,1,0,0,4,0,10,0,0,0,0,0
391013,1,1,6,6,6,6,6,6,6,6,6,6
391014,1,1,0,0,0,0,0,0,0,0,0,0
391015,1,1,0,0,0,0,0,0,0,0,0,0
391015,2,1,5,5,5,5,5,5,5,5,5,5
391016,0,1,0,0,0,0,0,0,0,0,0,0
391016,1,1,0,0,0,0,0,0,0,0,0,0
391017,0,1,0,0,0,0,0,0,0,0,0,0
391017,1,1,0,0,0,0,0,0,0,0,0,0
391018,1,1,18,18,18,18,18,18,18,18,18,18
391018,2,1,0,0,0,0,0,0,0,0,0,0
391019,1,1,22,36,29,10,21,11,12,7,17,11
391019,2,1,22,10,21,29,17,6,26,13,18,18
391020,1,1,0,0,0,0,0,0,0,0,0,0
391020,2,1,0,0,0,0,0,0,0,0,0,0
391021,0,1,0,0,0,0,0,0,0,0,0,0
391021,1,1,0,10,0,0,0,10,0,0,0,0
391022,1,1,0,0,0,0,0,0,0,0,0,0
391022,2,1,0,0,0,0,0,0,0,0,0,0
391023,1,1,0,0,0,0,0,0,0,0,0,0
391023,2,1,0,0,0,0,0,0,0,0,0,0
391024,1,1,0,0,0,0,0,0,0,0,0,0
391025,0,1,0,0,0,0,0,0,0,0,0,0
391025,1,1,0,0,0,0,0,0,0,0,0,0
391026,0,1,0,0,0,0,0,0,0,0,0,0
391026,2,1,0,0,0,0,0,0,0,0,0,0
391027,0,1,15,15,15,15,15,15,15,15,15,15
391027,1,1,28,27,0,22,0,7,8,14,17,0
391028,0,1,21,21,21,21,21,21,21,21,21,21
391028,1,1,0,0,0,0,0,20,0,0,2,15
391029,1,1,6,6,6,6,6,6,6,6,6,6
391030,1,1,0,0,0,0,0,0,0,0,0,0
391030,2,1,0,0,0,0,0,0,0,0,0,0
391031,0,1,0,0,0,0,0,0,0,0,0,0
391031,1,1,0,0,0,0,0,0,0,0,0,0
400001,1,1,24,24,24,24,24,24,24,24,24,24