ST_CASE,VEH_NO,PER_NO,P1,P2,P3,P4,P5,P6,P7,P8,P9,P10
400002,1,1,11,11,11,11,11,11,11,11,11,11
400003,1,1,0,0,0,0,0,0,0,0,0,16
400004,1,1,13,13,13,13,13,13,13,13,13,13
400005,0,1,0,0,0,0,0,0,0,0,0,0
400005,1,1,0,0,0,0,0,0,0,0,0,0
400006,0,1,0,0,0,0,0,0,0,0,0,0
400006,1,1,0,0,0,0,0,0,0,0,0,0
400006,2,1,0,0,0,0,0,0,0,0,0,0
400007,1,1,0,0,0,0,0,0,0,0,0,0
400009,1,1,0,0,0,0,0,0,0,0,0,0
400010,1,1,11,11,11,11,11,11,11,11,11,11
400011,1,1,0,0,0,0,0,0,0,0,0,0
400011,2,1,0,0,0,0,0,0,0,0,0,0
400012,1,1,0,0,0,0,0,0,0,0,0,0
400013,1,1,0,0,0,0,0,0,0,0,0,0
400014,1,1,0,0,0,0,0,0,0,0,0,0
400014,2,1,0,0,0,0,0,0,0,0,0,0
400015,1,1,11,11,11,11,11,11,11,11,11,11
400016,1,1,20,20,20,20,20,20,20,20,20,20
400017,1,1,26,26,26,26,26,26,26,26,26,26
400018,1,1,18,18,18,18,18,18,18,18,18,18
400019,1,1,0,0,0,0,0,0,0,0,0,0
400019,2,1,0,0,0,0,0,0,0,0,0,0
400020,1,1,0,0,0,0,0,0,0,0,0,0
400020,2,1,0,0,0,0,0,0,0,0,0,0
400021,1,1,3,3,3,3,3,3,3,3,3,3
400021,2,1,0,0,0,0,0,0,0,0,0,0
400022,1,1,0,0,0,0,0,0,0,0,0,0
400022,2,1,0,0,0,0,0,0,0,0,0,0
400023,1,1,16,16,16,16,16,16,16,16,16,16
400024,1,1,24,24,24,24,24,24,24,24,24,24
400025,1,1,0,0,0,0,0,0,0,0,0,0
400025,2,1,0,0,0,0,0,0,0,0,0,0
400026,1,1,0,0,0,0,0,0,0,0,3,0
400027,1,1,13,13,13,13,13,13,13,13,13,13
400028,1,1,0,0,0,0,0,0,0,0,0,0
400028,2,1,0,0,0,0,0,0,0,0,0,0
400029,1,1,24,24,24,24,24,24,24,24,24,24
400030,1,1,0,0,0,0,0,0,0,0,0,0
400031,1,1,7,7,7,7,7,7,7,7,7,7
400032,0,1,27,27,27,27,27,27,27,27,27,27
400032,1,1,0,0,0,0,0,0,0,0,0,0
400033,1,1,25,25,25,25,25,25,25,25,25,25
400033,2,1,0,0,0,0,0,0,0,0,0,0
400034,1,1,0,0,0,0,0,0,0,0,0,0
400034,2,1,0,0,0,0,0,0,0,0,0,0
400034,3,1,0,0,0,0,0,0,0,0,0,0
400035,1,1,0,0,0,0,0,0,0,0,0,0
400035,2,1,0,0,0,0,0,0,0,0,0,0
400036,1,1,0,0,0,0,0,0,0,0,0,0
400037,1,1,33,33,33,33,33,33,33,33,33,33
400037,2,1,0,0,0,0,0,0,0,0,0,0
400038,1,1,0,0,0,0,0,0,0,0,0,0
400039,1,1,0,0,0,0,0,0,0,0,0,0
400039,2,1,23,0,12,0,0,0,0,0,0,0
400040,1,1,0,0,0,0,0,0,0,0,0,0
400040,2,1,0,0,0,0,0,0,0,0,0,0
400041,1,1,25,25,25,25,25,25,25,25,25,25
400042,1,1,24,24,24,24,24,24,24,24,24,24
400043,0,1,0,0,0,0,0,0,0,0,0,0
400043,1,1,0,0,0,0,0,0,0,0,0,0
400044,0,1,29,29,29,29,29,29,29,29,29,29
400044,1,1,0,0,0,16,0,0,0,4,0,0
400045,1,1,0,0,0,0,0,0,0,0,0,0
400045,2,1,0,0,0,0,0,0,0,0,0,0
400046,0,1,0,0,0,0,0,0,0,0,0,0
400046,1,1,0,0,0,0,0,0,0,0,0,0
400047,0,1,25,25,25,25,25,25,25,25,25,25
400047,1,1,0,0,0,0,0,0,0,0,0,0
400048,1,1,0,0,0,0,0,0,0,0,0,0
400048,2,1,0,0,0,0,0,0,0,0,0,0
400049,1,1,0,0,0,0,0,0,0,0,0,0
400049,2,1,0,0,0,0,0,0,0,0,0,0
400050,1,1,0,0,0,0,0,0,0,0,0,0
400051,1,1,0,0,0,0,0,0,0,0,0,0
400052,1,1,18,18,18,18,18,18,18,18,18,18
400053,1,1,0,0,0,0,0,0,0,0,0,0
400053,2,1,0,0,0,0,11,0,0,0,0,0
400054,1,1,0,0,0,0,0,0,0,0,0,0
400054,2,1,0,0,0,0,0,0,0,0,0,0
400055,1,1,33,33,33,33,33,33,33,33,33,33
400056,1,1,33,33,33,33,33,33,33,33,33,33
400056,2,1,0,0,0,0,0,0,0,0,0,0
400057,0,1,24,24,24,24,24,24,24,24,24,24
400057,1,1,0,0,0,0,0,0,0,0,0,0
400058,1,1,0,0,0,0,0,0,0,0,0,0
400059,1,1,0,0,0,0,0,0,0,0,0,0
400060,1,1,0,0,0,0,0,0,0,0,0,0
400060,2,1,0,0,0,0,0,0,0,0,0,0
400061,1,1,0,0,0,0,0,0,0,0,0,0
400062,1,1,0,0,0,0,0,0,0,0,0,0
400062,2,1,0,12,0,0,0,0,0,0,0,0
400063,1,1,17,17,17,17,17,17,17,17,17,17
400064,1,1,0,0,0,0,0,0,0,0,0,0
400064,2,1,0,0,0,9,0,0,0,21,0,0
400065,1,1,0,0,0,0,0,0,0,0,0,0
400066,1,1,0,0,0,0,0,0,0,0,0,0
400067,1,1,25,25,25,25,25,25,25,25,25,25
400068,0,1,29,29,29,29,29,29,29,29,29,29
400068,1,1,0,0,0,0,0,0,0,0,0,0
400069,1,1,12,12,12,12,12,12,12,12,12,12
400069,2,1,0,0,0,0,0,0,0,0,0,0
400070,1,1,0,0,0,0,0,0,0,0,0,0
400070,2,1,0,0,0,0,0,0,0,0,0,0
400071,1,1,0,0,0,0,0,0,0,0,0,0
400072,1,1,0,0,0,0,0,0,0,0,0,0
400072,2,1,0,0,0,0,0,0,0,0,0,0
400072,3,1,0,0,0,0,0,0,0,0,0,0
400073,1,1,33,33,33,33,33,33,33,33,33,33
400074,1,1,0,0,0,0,0,0,0,0,0,0
400075,1,1,0,0,0,0,0,0,0,0,0,0
400075,2,1,0,0,0,0,0,0,0,0,0,0
400076,1,1,0,0,0,0,0,0,0,0,0,0
400077,0,1,8,8,8,8,8,8,8,8,8,8
400077,1,1,0,0,0,0,0,0,0,0,0,0
400078,0,1,0,0,0,0,0,0,0,0,0,0
400078,1,1,0,0,0,0,0,0,0,0,0,0
400079,1,1,0,30,0,0,0,17,0,0,0,13
400079,2,1,0,0,0,0,0,0,0,0,0,0
400080,1,1,17,17,17,17,17,17,17,17,17,17
400081,1,1,0,0,0,0,0,0,0,0,0,0
400081,2,1,0,0,0,0,0,0,0,0,0,0
400082,1,1,0,0,0,0,0,0,0,0,0,0
400082,2,1,0,0,0,0,0,0,0,0,0,0
400083,1,1,0,0,0,0,0,0,0,0,0,0
400083,2,1,0,0,0,0,0,0,0,0,0,0
400084,1,1,0,0,0,0,0,0,0,0,0,0
400085,1,1,0,0,0,0,0,0,0,0,0,0
400086,1,1,28,28,28,28,28,28,28,28,28,28
400087,1,1,22,22,22,22,22,22,22,22,22,22
400088,1,1,0,0,0,0,0,0,0,0,0,0
400089,1,1,0,0,0,0,0,0,0,0,0,0
400089,2,1,0,0,0,0,0,0,0,0,0,0
400090,1,1,0,0,0,0,0,0,0,0,0,0
400091,1,1,12,12,12,12,12,12,12,12,12,12
400091,2,1,0,0,0,0,0,0,0,0,0,0
400092,1,1,0,0,0,0,0,0,0,0,0,0
400092,2,1,0,0,0,0,0,0,0,0,0,0
400093,1,1,0,0,0,0,0,0,0,0,0,0
400093,2,1,0,0,0,0,0,0,0,0,0,0
400093,3,1,0,0,0,0,0,0,0,0,0,0
400093,4,1,0,0,0,0,0,0,0,0,0,0
400094,1,1,0,0,0,0,0,0,0,0,0,0
400094,2,1,0,0,0,0,0,0,0,0,0,0
400096,1,1,0,0,0,0,0,0,0,0,0,0
400097,1,1,18,18,18,18,18,18,18,18,18,18
400098,1,1,18,18,18,18,18,18,18,18,18,18
400099,1,1,0,0,0,0,0,0,0,0,0,0
400099,2,1,0,0,0,0,0,0,0,0,0,0
400100,0,1,35,35,35,35,35,35,35,35,35,35
400100,1,1,0,0,0,0,0,0,0,0,0,0
400101,1,1,0,0,0,0,0,0,0,0,0,0
400101,2,1,0,0,0,0,0,0,0,0,0,0
400102,1,1,0,0,0,0,0,0,0,0,0,0
400103,1,1,0,0,0,0,0,0,0,0,0,0
400103,2,1,0,0,0,0,0,0,0,0,0,0
400104,1,1,0,0,0,0,0,0,0,0,0,0
400105,1,1,0,0,0,0,0,0,0,0,0,0
400105,2,1,0,0,0,0,0,0,0,0,0,0
400105,3,1,0,0,0,0,0,0,0,0,0,0
400106,1,1,13,13,13,13,13,13,13,13,13,13
400106,2,1,19,19,19,19,19,19,19,19,19,19
400107,1,1,0,0,0,0,0,0,0,0,0,0
400107,2,1,0,0,0,0,0,0,0,0,0,0
400108,1,1,0,0,0,0,0,0,0,0,0,0
400108,2,1,0,0,0,0,0,0,19,0,0,0
400109,1,1,0,0,0,0,0,0,0,0,0,0
400110,1,1,0,0,0,0,0,0,0,10,0,0
400110,2,1,0,0,0,0,0,0,0,0,0,0
400111,1,1,0,0,0,0,0,0,0,0,0,0
400111,2,1,0,0,0,0,0,0,0,0,0,0
400112,1,1,0,0,0,0,0,0,0,0,0,0
400112,2,1,0,0,0,0,0,0,0,0,0,0
400112,3,1,0,0,0,0,0,0,10,0,0,0
400112,4,1,0,0,0,0,0,0,0,0,0,0
400113,1,1,0,0,0,0,0,0,0,0,0,0
400113,2,1,0,0,0,0,0,0,0,0,0,0
400113,3,1,0,0,0,0,0,0,0,0,0,0
400114,1,1,6,6,6,6,6,6,6,6,6,6
400115,1,1,0,0,0,0,0,0,0,0,0,8
400115,2,1,0,0,0,0,0,0,0,0,0,0
400116,0,1,0,0,0,0,0,0,0,0,0,0
400116,1,1,9,9,9,9,9,9,9,9,9,9
400117,1,1,19,19,19,19,19,19,19,19,19,19
400118,1,1,23,23,23,23,23,23,23,23,23,23
400119,1,1,0,8,26,13,10,19,14,7,18,8
400120,1,1,16,16,16,16,16,16,16,16,16,16
400121,1,1,0,0,0,0,0,0,0,0,0,0
400121,2,1,0,0,0,0,0,0,0,0,0,0
400122,1,1,0,0,0,0,0,0,0,0,0,0
400123,1,1,12,12,12,12,12,12,12,12,12,12
400124,1,1,0,0,0,0,0,0,0,0,0,0
400125,1,1,5,5,5,5,5,5,5,5,5,5
400126,1,1,24,24,24,24,24,24,24,24,24,24
400126,2,1,10,10,10,10,10,10,10,10,10,10
400127,1,1,21,21,21,21,21,21,21,21,21,21
400128,1,1,15,15,15,15,15,15,15,15,15,15
400129,1,1,20,20,20,20,20,20,20,20,20,20
400130,1,1,18,18,18,18,18,18,18,18,18,18
400130,2,1,0,0,0,0,0,0,0,0,0,0
400131,1,1,0,0,0,0,0,0,0,0,0,0
400131,2,1,0,0,0,0,0,0,0,0,0,0
400131,3,1,0,6,0,0,0,0,0,0,0,16
400132,1,1,0,0,0,0,0,0,0,0,0,0
400132,2,1,0,0,0,0,0,0,0,0,0,0
400133,1,1,0,0,0,0,0,0,0,0,0,0
400133,2,1,0,0,0,0,0,0,0,0,0,0
400134,1,1,16,16,16,16,16,16,16,16,16,16
400135,0,1,5,5,5,5,5,5,5,5,5,5
400135,1,1,0,0,0,0,0,0,0,0,0,0
400136,0,1,0,0,0,0,0,0,0,0,0,0
400136,1,1,0,0,0,0,0,0,0,0,0,0
400137,1,1,14,14,14,14,14,14,14,14,14,14
400138,1,1,16,16,16,16,16,16,16,16,16,16
400139,1,1,0,0,0,0,0,0,0,0,0,0
400140,1,1,0,0,0,0,0,0,0,0,0,0
400141,1,1,0,0,0,0,0,0,0,0,0,0
400141,2,1,0,0,0,0,0,0,0,0,0,0
400142,1,1,3,3,3,3,3,3,3,3,3,3
400143,1,1,21,21,21,21,21,21,21,21,21,21
400144,1,1,16,16,16,16,16,16,16,16,16,16
400145,1,1,24,24,24,24,24,24,24,24,24,24
400146,1,1,12,18,18,28,24,26,38,3,14,19
400147,1,1,18,18,18,18,18,18,18,18,18,18
400148,1,1,0,0,0,0,0,0,0,0,0,0
400148,2,1,0,0,0,0,0,0,0,0,0,0
400149,1,1,4,4,4,4,4,4,4,4,4,4
400150,1,1,0,0,0,0,0,0,0,0,3,0
400150,2,1,0,0,0,0,0,0,0,0,0,0
400151,0,1,13,13,13,13,13,13,13,13,13,13
400151,1,1,27,0,0,11,9,0,10,19,0,0
400152,0,1,0,0,0,0,0,0,0,0,0,0
400152,1,1,0,0,0,0,0,0,13,0,0,0
400153,1,1,0,0,0,0,0,0,0,0,0,0
400154,1,1,0,0,0,0,0,0,0,0,0,0
400155,1,1,17,17,17,17,17,17,17,17,17,17
400156,1,1,0,0,0,0,0,0,0,0,0,0
400157,0,1,0,0,0,0,0,0,0,0,0,0
400157,1,1,0,0,0,0,0,0,0,0,0,0
400157,2,1,0,0,0,2,0,9,0,0,0,0
400158,1,1,20,20,20,20,20,20,20,20,20,20
400159,1,1,0,0,0,0,0,0,0,0,0,0
400160,1,1,0,0,0,0,0,0,0,0,0,0
400161,1,1,0,0,0,10,19,0,8,5,0,8
400161,2,1,5,5,5,5,5,5,5,5,5,5
400162,1,1,22,22,22,22,22,22,22,22,22,22
400162,2,1,5,16,0,7,14,0,0,11,0,15
400162,3,1,0,15,0,0,0,13,16,0,0,0
400162,4,1,7,0,18,10,28,0,38,0,0,12
400163,1,1,0,0,0,0,0,0,0,0,0,0
400164,1,1,0,0,0,0,0,0,0,0,0,0
400165,1,1,0,0,0,0,0,0,0,0,0,0
400165,2,1,0,0,0,0,0,0,0,0,0,0
400166,1,1,14,14,14,14,14,14,14,14,14,14
400166,2,1,0,0,0,0,0,0,0,0,0,0
400166,3,1,0,0,0,0,0,0,0,0,0,0
400167,1,1,0,0,0,0,0,0,0,0,0,0
400167,2,1,0,0,0,0,15,20,0,0,0,0
400168,1,1,0,0,0,0,0,0,0,0,0,0
400168,2,1,0,0,0,0,0,0,0,0,0,0
400169,1,1,45,45,45,45,45,45,45,45,45,45
400170,1,1,0,0,0,0,0,0,0,0,0,0
400170,2,1,0,2,6,16,18,13,0,0,0,0
400171,1,1,0,0,0,0,0,0,0,0,0,0
400171,2,1,0,0,0,0,0,0,0,0,0,0
400172,1,1,0,0,0,0,0,0,0,0,0,0
400172,2,1,0,0,0,0,0,0,0,0,0,0
400172,3,1,0,0,0,0,0,0,0,0,0,0
400173,1,1,0,0,0,0,0,0,0,0,0,0
400173,2,1,0,0,0,0,0,0,0,0,0,0
400174,1,1,0,0,0,0,0,0,0,0,0,0
400175,1,1,0,0,0,0,0,0,0,0,0,0
400175,2,1,8,8,8,8,8,8,8,8,8,8
400176,1,1,0,0,0,0,0,0,0,0,0,0
400176,2,1,0,0,0,0,0,0,0,0,0,0
400177,1,1,0,0,0,0,0,0,0,0,0,0
400178,1,1,22,0,0,0,0,0,0,0,0,0
400178,2,1,0,0,0,0,0,0,0,0,0,0
400179,1,1,0,0,0,0,0,0,0,0,0,0
400180,1,1,0,0,0,0,0,0,0,0,0,0
400180,2,1,0,0,0,0,0,0,0,0,0,0
400181,1,1,22,22,22,22,22,22,22,22,22,22
400182,1,1,31,31,31,31,31,31,31,31,31,31
400183,0,1,0,0,0,0,0,0,0,0,0,0
400183,1,1,0,0,0,0,0,0,0,0,0,0
400184,0,1,0,0,0,0,0,0,14,0,0,0
400184,0,2,0,0,0,0,0,0,0,0,0,0
400184,1,1,0,0,0,0,0,0,0,0,0,0
400185,1,1,0,0,0,0,0,0,0,0,0,0
400185,2,1,0,0,0,0,0,0,0,0,5,5
400186,1,1,9,9,9,9,9,9,9,9,9,9
400187,1,1,0,0,0,0,0,0,0,0,0,0
400188,1,1,0,0,0,0,0,0,0,0,0,0
400189,1,1,0,0,0,0,0,0,0,0,0,0
400189,2,1,0,0,0,0,0,0,0,0,0,0
400190,1,1,0,21,0,0,0,0,0,0,0,0
400191,1,1,25,25,25,25,25,25,25,25,25,25
400192,1,1,13,13,13,13,13,13,13,13,13,13
400193,1,1,15,15,15,15,15,15,15,15,15,15
400194,1,1,27,27,27,27,27,27,27,27,27,27
400194,2,1,0,0,0,0,0,0,0,0,0,0
400195,1,1,0,0,0,0,0,0,0,0,0,0
400195,2,1,0,0,0,0,0,0,0,0,0,0
400196,1,1,14,14,14,14,14,14,14,14,14,14
400196,2,1,0,0,0,0,0,0,0,5,0,0
400197,1,1,0,0,0,0,8,0,10,0,0,23
400198,0,1,0,0,0,0,0,0,0,0,0,0
400198,1,1,0,0,0,0,0,0,0,0,0,0
400199,1,1,12,12,12,12,12,12,12,12,12,12
400200,1,1,0,0,0,0,0,0,0,0,0,0
400201,1,1,0,0,0,0,0,0,0,0,0,0
400202,1,1,0,0,0,0,0,0,0,0,0,0
400203,1,1,0,0,0,0,0,0,0,0,0,0
400204,1,1,0,0,0,0,0,0,0,0,0,0
400205,1,1,19,19,19,19,19,19,19,19,19,19
400206,1,1,27,27,27,27,27,27,27,27,27,27
400207,1,1,0,0,0,0,0,0,0,0,0,0
400208,1,1,0,0,0,0,0,0,0,0,0,0
400208,2,1,0,0,0,0,0,0,0,0,0,0
400209,1,1,23,23,23,23,23,23,23,23,23,23
400210,1,1,0,0,0,0,0,0,0,0,0,0
400210,2,1,0,0,0,0,0,0,0,0,0,0
400211,1,1,0,0,0,0,0,0,0,0,0,0
400211,2,1,0,0,0,0,0,0,0,0,0,0
400212,1,1,0,0,0,0,0,0,0,0,0,0
400212,2,1,2,2,2,2,2,2,2,2,2,2
400213,1,1,0,0,0,0,0,0,0,0,0,0
400214,1,1,0,0,0,0,0,0,0,0,0,0
400214,2,1,0,0,0,0,0,0,0,0,0,0
400215,0,1,0,0,0,0,0,0,0,0,0,0
400215,0,2,0,0,0,0,0,13,0,0,0,0
400215,1,1,0,0,0,0,0,0,0,0,0,0
400216,1,1,0,0,0,0,0,0,0,0,0,0
400216,2,1,0,0,0,0,0,0,0,0,0,0
400217,1,1,24,24,24,24,24,24,24,24,24,24
400217,2,1,0,0,0,0,0,0,0,0,0,0
400218,1,1,27,27,27,27,27,27,27,27,27,27
400219,1,1,23,23,23,23,23,23,23,23,23,23
400220,0,1,0,0,0,0,0,0,0,0,0,0
400220,1,1,0,0,0,0,0,0,0,0,0,0
400220,2,1,0,0,0,0,0,0,0,0,0,0
400221,1,1,0,0,0,0,0,0,0,0,0,0
400221,2,1,19,19,19,19,19,19,19,19,19,19
400222,1,1,0,0,0,0,0,0,0,0,0,0
400222,2,1,0,0,0,0,0,0,0,0,0,0
400223,1,1,0,0,0,0,0,0,0,0,0,0
400223,2,1,0,0,0,0,0,0,0,0,0,0
400224,1,1,0,0,0,0,0,0,0,0,0,0
400225,1,1,8,8,8,8,8,8,8,8,8,8
400226,1,1,0,0,0,0,0,0,0,0,0,0
400227,0,1,0,0,0,0,0,0,0,0,0,0
400227,1,1,0,0,0,0,0,0,0,0,0,0
400228,1,1,22,22,22,22,22,22,22,22,22,22
400229,1,1,16,16,16,16,16,16,16,16,16,16
400230,1,1,0,0,0,0,0,0,0,0,0,0
400231,1,1,0,0,0,0,0,0,0,0,0,0
400232,1,1,0,0,0,0,0,0,0,0,0,0
400232,2,1,0,0,0,0,0,0,0,0,0,0
400233,1,1,24,24,24,24,24,24,24,24,24,24
400234,1,1,8,8,8,8,8,8,8,8,8,8
400235,1,1,23,23,23,23,23,23,23,23,23,23
400236,1,1,0,0,0,0,0,0,0,0,0,0
400236,2,1,0,0,0,0,0,0,0,0,0,0
400237,1,1,26,26,26,26,26,26,26,26,26,26
400238,1,1,0,0,0,0,0,0,0,0,0,0
400238,2,1,0,0,0,0,0,0,0,0,0,0
400239,1,1,0,0,0,0,0,0,0,0,0,0
400239,2,1,0,0,0,0,0,0,0,0,0,0
400239,3,1,0,0,0,0,0,0,0,0,0,0
400240,1,1,0,0,0,0,0,0,0,0,0,0
400241,1,1,0,0,0,0,0,0,0,0,0,0
400241,2,1,0,0,0,0,0,0,0,0,0,0
400242,1,1,0,0,0,0,0,0,0,0,0,0
400242,2,1,0,0,0,0,0,0,0,0,0,0
400243,0,1,14,14,14,14,14,14,14,14,14,14
400243,1,1,0,0,0,0,0,0,0,0,0,0
400244,1,1,0,0,0,0,0,0,0,0,0,0
400245,1,1,7,7,7,7,7,7,7,7,7,7
400246,1,1,0,0,0,0,0,0,0,0,0,0
400247,1,1,12,12,12,12,12,12,12,12,12,12
400247,2,1,0,0,0,0,0,0,0,0,18,0
400248,1,1,0,0,19,16,0,11,0,0,15,0
400248,2,1,13,13,13,13,13,13,13,13,13,13
400249,1,1,0,0,0,0,0,0,0,0,0,0
400250,1,1,0,0,0,0,0,0,0,0,0,0
400250,2,1,0,0,0,0,0,0,0,0,0,0
400251,1,1,25,25,25,25,25,25,25,25,25,25
400252,1,1,0,0,0,0,0,0,0,0,0,0
400252,2,1,0,0,0,0,0,0,0,0,0,0
400253,1,1,0,0,0,0,0,0,0,0,0,0
400253,2,1,0,0,0,0,0,0,0,0,0,0
400254,1,1,32,32,32,32,32,32,32,32,32,32
400255,1,1,29,29,29,29,29,29,29,29,29,29
400256,1,1,0,0,0,0,0,0,0,0,0,0
400256,2,1,0,0,0,20,0,0,0,0,0,0
400257,1,1,0,0,0,0,0,0,0,0,0,0
400258,0,1,25,25,25,25,25,25,25,25,25,25
400258,1,1,0,0,0,0,0,0,0,0,13,0
400259,1,1,0,0,0,0,0,0,0,0,0,0
400260,1,1,23,23,23,23,23,23,23,23,23,23
400261,1,1,0,0,0,0,0,0,0,0,0,0
400261,2,1,0,0,0,0,0,0,0,0,0,0
400261,3,1,0,0,0,0,0,0,0,0,0,0
400262,0,1,17,17,17,17,17,17,17,17,17,17
400262,1,1,0,0,0,0,0,0,0,9,7,0
400262,2,1,15,0,17,37,0,15,2,0,13,0
400263,0,1,25,0,0,18,27,0,0,16,0,0
400263,0,2,0,0,0,0,0,0,0,0,0,0
400263,1,1,8,8,8,8,8,8,8,8,8,8
400264,1,1,0,0,0,0,0,0,0,0,0,0
400265,1,1,0,0,0,0,0,0,0,0,0,0
400266,1,1,0,0,0,0,0,0,0,0,0,0
400267,0,1,0,0,0,0,0,0,0,0,0,0
400267,1,1,0,0,0,0,11,0,0,0,0,0
400268,0,1,24,24,24,24,24,24,24,24,24,24
400268,1,1,0,0,0,0,0,0,0,0,0,0
400269,1,1,0,0,0,0,0,0,0,0,0,0
400269,2,1,0,0,0,0,0,0,0,0,0,0
400270,1,1,23,23,23,23,23,23,23,23,23,23
400271,1,1,0,0,0,0,0,0,0,0,0,0
400271,2,1,0,0,0,0,0,12,0,0,0,0
400272,1,1,0,0,0,0,0,0,0,0,0,0
400272,2,1,0,0,0,0,0,0,0,0,0,0
400273,1,1,0,0,0,0,0,0,19,0,31,0
400274,1,1,22,22,22,22,22,22,22,22,22,22
400274,2,1,0,0,0,0,0,0,0,0,0,0
400274,3,1,0,0,0,0,0,0,0,0,0,0
400275,1,1,0,0,0,0,0,0,0,0,0,0
400276,1,1,0,0,0,0,0,0,0,0,0,0
400276,2,1,0,0,0,0,0,0,0,0,0,0
400277,1,1,0,0,0,0,0,0,0,0,0,0
400278,1,1,0,0,0,0,0,0,0,0,0,0
400278,2,1,0,0,0,0,0,0,0,0,0,0
400279,1,1,14,14,14,14,14,14,14,14,14,14
400280,1,1,0,0,0,0,0,0,0,0,0,0
400281,1,1,0,0,0,20,0,0,0,17,7,0
400282,1,1,0,0,0,0,0,0,0,0,0,0
400283,1,1,0,0,0,0,0,0,0,0,0,0
400284,1,1,0,0,0,0,0,0,0,0,0,0
400284,2,1,0,0,0,0,0,0,0,0,0,0
400285,1,1,23,23,23,23,23,23,23,23,23,23
400286,0,1,0,0,0,0,0,0,0,0,0,0
400286,1,1,0,0,0,0,0,0,0,0,0,0
400287,1,1,29,22,17,35,13,14,41,20,43,35
400288,1,1,0,0,0,0,0,0,0,0,0,0
400289,1,1,0,0,0,0,0,0,0,0,0,0
400290,1,1,13,13,13,13,13,13,13,13,13,13
400291,1,1,14,14,14,14,14,14,14,14,14,14
400292,1,1,0,0,0,0,0,0,0,0,0,0
400293,1,1,0,0,0,0,0,0,0,0,0,0
400293,2,1,0,0,0,0,0,0,0,0,0,0
400294,1,1,0,0,0,0,0,0,0,0,0,0
400295,1,1,15,15,15,15,15,15,15,15,15,15
400296,1,1,0,0,0,0,0,0,0,0,0,0
400296,2,1,0,0,0,0,0,0,0,0,0,0
400297,1,1,0,0,0,0,0,0,0,0,0,0
400297,2,1,0,0,0,0,0,0,0,0,0,0
400298,1,1,24,24,24,24,24,24,24,24,24,24
400299,1,1,0,0,0,0,0,0,0,0,0,0
400300,1,1,0,0,0,0,0,0,0,0,0,0
400300,2,1,0,0,0,0,0,0,0,0,0,0
400301,1,1,0,0,0,0,0,0,0,0,0,0
400301,2,1,0,0,0,0,0,0,0,0,0,0
400302,1,1,24,24,24,24,24,24,24,24,24,24
400303,1,1,0,0,0,0,0,0,0,0,0,0
400304,1,1,0,0,0,0,0,0,0,0,0,0
400304,2,1,0,0,0,0,0,0,0,0,0,0
400305,1,1,0,0,0,0,0,0,0,0,0,0
400306,1,1,29,29,29,29,29,29,29,29,29,29
400307,1,1,0,0,0,0,0,0,0,0,0,0
400307,2,1,0,0,0,58,0,0,3,0,0,6
400308,1,1,0,0,0,0,0,0,0,0,0,0
400309,1,1,27,27,27,27,27,27,27,27,27,27
400309,2,1,0,0,0,0,7,0,0,0,0,0
400310,1,1,0,0,0,0,0,0,0,0,0,0
400311,1,1,0,0,0,0,0,0,0,0,0,0
400311,2,1,0,0,0,0,0,0,0,0,0,0
400311,3,1,0,0,0,0,0,0,0,0,0,0
400312,1,1,18,18,18,18,18,18,18,18,18,18
400313,1,1,0,0,0,0,0,0,0,0,0,0
400314,1,1,20,20,20,20,20,20,20,20,20,20
400315,1,1,19,17,0,0,12,21,0,19,11,0
400316,1,1,31,31,31,31,31,31,31,31,31,31
400317,1,1,0,0,0,0,0,0,0,0,0,0
400317,2,1,0,0,0,0,0,0,0,0,0,0
400318,1,1,0,0,0,0,0,0,0,0,0,0
400319,1,1,0,0,0,0,0,0,0,0,0,0
400320,1,1,24,24,24,24,24,24,24,24,24,24
400321,0,1,0,0,0,0,0,0,0,0,0,0
400321,1,1,0,0,0,19,0,20,0,0,0,0
400322,1,1,0,0,0,0,0,0,0,0,0,0
400322,2,1,0,0,0,8,0,19,0,12,0,0
400323,1,1,0,0,0,0,0,0,0,0,0,0
400323,2,1,0,0,0,0,0,0,0,0,0,0
400324,1,1,0,0,0,0,0,0,0,0,0,0
400325,1,1,0,0,0,0,0,0,0,0,0,0
400326,1,1,0,0,0,0,0,0,0,0,0,0
400326,2,1,0,0,0,0,0,0,0,0,0,0
400327,1,1,0,0,0,0,0,0,0,0,0,0
400327,2,1,3,3,3,3,3,3,3,3,3,3
400328,1,1,11,11,11,11,11,11,11,11,11,11
400329,1,1,0,0,0,0,0,0,0,0,0,0
400330,1,1,30,30,30,30,30,30,30,30,30,30
400331,0,1,0,0,0,0,0,0,0,0,0,0
400331,1,1,0,0,0,12,0,0,0,0,0,0
400332,1,1,0,0,0,0,0,0,0,0,0,0
400332,2,1,0,0,0,0,0,0,0,0,0,0
400333,1,1,0,0,0,0,0,0,0,0,0,0
400333,2,1,0,0,0,0,0,0,0,0,0,0