ST_CASE,VEH_NO,PER_NO,P1,P2,P3,P4,P5,P6,P7,P8,P9,P10
400334,1,1,0,0,13,0,0,0,0,0,0,0
400334,2,1,0,0,0,0,0,0,0,0,0,0
400335,1,1,12,12,12,12,12,12,12,12,12,12
400336,1,1,0,0,0,0,0,0,0,0,0,0
400336,2,1,0,0,0,0,0,0,0,0,0,0
400337,1,1,0,0,0,0,0,0,0,0,0,0
400337,2,1,0,0,0,0,0,0,0,0,0,0
400338,1,1,9,12,15,19,17,13,13,19,0,0
400339,0,1,0,0,0,0,0,0,0,0,0,0
400339,1,1,0,0,0,0,0,0,0,0,0,0
400340,1,1,0,0,0,0,0,0,0,0,0,0
400341,1,1,0,0,0,0,0,0,0,0,0,0
400342,1,1,0,0,0,0,0,0,0,0,0,0
400342,2,1,0,0,0,0,0,0,0,0,0,0
400343,1,1,0,0,0,0,0,0,0,0,0,0
400343,2,1,0,0,0,0,0,0,0,0,0,0
400343,3,1,0,0,0,0,0,0,0,0,0,0
400345,0,1,0,0,0,0,0,0,0,0,0,0
400345,1,1,0,0,0,0,0,0,0,0,0,0
400346,1,1,38,38,38,38,38,38,38,38,38,38
400347,1,1,0,0,0,0,0,0,0,0,0,0
400348,1,1,9,9,9,9,9,9,9,9,9,9
400349,1,1,0,0,0,0,0,0,0,0,0,0
400350,0,1,0,0,0,0,0,0,0,0,0,0
400350,1,1,0,0,0,0,0,0,0,0,0,0
400351,1,1,0,0,0,0,0,0,0,0,0,0
400352,1,1,0,0,0,0,0,0,0,0,0,0
400352,2,1,0,0,0,0,0,0,0,0,0,0
400353,1,1,0,0,0,0,0,0,0,0,0,0
400354,1,1,0,0,0,0,0,0,0,0,0,0
400354,2,1,0,0,0,0,0,0,0,0,0,0
400355,0,1,0,0,0,0,0,0,0,0,0,0
400355,1,1,0,0,0,0,0,0,0,0,0,0
400356,1,1,15,15,15,15,15,15,15,15,15,15
400357,1,1,0,0,0,0,0,0,0,0,0,0
400357,2,1,2,2,2,2,2,2,2,2,2,2
400358,1,1,18,18,18,18,18,18,18,18,18,18
400359,1,1,0,0,0,0,0,0,0,0,0,0
400360,1,1,0,0,0,0,0,0,0,0,0,0
400361,1,1,0,0,0,0,0,0,0,0,0,0
400362,1,1,0,0,0,0,0,0,0,0,0,0
400363,1,1,29,29,29,29,29,29,29,29,29,29
400364,1,1,0,0,0,0,0,0,0,0,0,0
400365,1,1,0,0,0,0,0,0,0,0,0,0
400366,1,1,16,16,16,16,16,16,16,16,16,16
400367,1,1,0,0,0,0,0,0,0,0,0,0
400367,2,1,0,0,12,0,0,0,0,0,0,0
400368,1,1,0,0,0,0,0,0,0,0,0,0
400369,1,1,0,0,0,0,0,0,0,0,0,0
400370,1,1,0,0,0,0,0,0,0,0,0,0
400370,2,1,0,0,0,0,0,0,0,0,0,0
400371,1,1,27,27,27,27,27,27,27,27,27,27
400372,1,1,0,38,19,0,17,0,13,0,19,0
400373,1,1,0,0,0,0,0,0,0,0,0,0
400373,2,1,0,0,0,0,0,0,0,0,0,0
400374,1,1,30,30,30,30,30,30,30,30,30,30
400374,2,1,0,0,0,0,0,0,0,0,0,0
400375,1,1,0,0,0,0,0,0,0,0,0,0
400375,2,1,0,0,0,0,0,0,0,0,0,0
400376,1,1,0,0,0,0,0,0,0,0,0,0
400377,1,1,0,0,0,0,0,0,0,0,0,0
400377,2,1,0,0,0,0,0,0,0,0,0,0
400378,1,1,0,0,0,0,0,0,0,0,0,0
400378,2,1,0,0,0,0,0,0,0,0,0,0
400378,3,1,0,0,0,0,0,0,0,0,0,0
400379,1,1,0,0,0,0,0,0,0,0,0,0
400379,2,1,0,0,0,0,0,0,0,0,0,0
400380,1,1,0,0,0,0,0,0,0,0,0,0
400380,2,1,0,0,0,0,0,0,0,0,0,0
400381,0,1,0,0,0,0,0,0,0,0,0,0
400381,1,1,22,22,22,22,22,22,22,22,22,22
400382,1,1,0,0,0,0,0,0,0,0,0,0
400382,2,1,0,0,0,0,0,0,0,0,0,0
400382,3,1,0,0,0,0,0,0,0,0,0,0
400384,1,1,21,21,21,21,21,21,21,21,21,21
400385,1,1,0,0,0,0,0,0,0,0,0,0
400385,2,1,0,0,0,0,0,0,0,0,0,0
400386,1,1,0,0,0,0,0,0,0,0,0,0
400387,0,1,0,0,0,0,0,0,0,0,0,0
400387,1,1,0,0,0,0,0,0,0,0,0,0
400388,1,1,0,0,0,0,0,0,0,0,0,0
400388,2,1,0,0,0,0,0,0,0,0,0,0
400389,1,1,0,0,0,0,0,0,0,0,0,0
400389,2,1,0,0,0,0,0,0,0,0,0,0
400390,1,1,11,11,11,11,11,11,11,11,11,11
400391,1,1,20,20,20,20,20,20,20,20,20,20
400391,2,1,0,0,0,0,0,0,0,0,0,0
400392,1,1,25,25,25,25,25,25,25,25,25,25
400393,1,1,0,0,0,0,0,0,0,0,0,0
400393,2,1,0,0,0,0,0,0,0,0,0,0
400394,1,1,13,13,13,13,13,13,13,13,13,13
400394,2,1,0,0,0,0,0,0,0,0,0,0
400395,1,1,34,34,34,34,34,34,34,34,34,34
400396,1,1,26,26,26,26,26,26,26,26,26,26
400397,1,1,2,2,2,2,2,2,2,2,2,2
400398,1,1,0,4,6,0,0,0,0,0,0,0
400399,1,1,4,4,4,4,4,4,4,4,4,4
400400,1,1,0,0,0,0,0,0,0,0,0,0
400401,1,1,0,0,0,0,0,0,0,0,0,0
400402,0,1,0,0,0,0,0,0,0,0,0,0
400402,1,1,0,0,0,0,0,0,0,0,0,0
400403,0,1,0,0,0,0,0,0,0,0,0,0
400403,1,1,0,0,0,0,0,0,0,0,0,0
400404,1,1,0,0,0,0,0,0,0,0,0,0
400404,2,1,0,0,0,0,0,0,0,0,0,0
400405,1,1,0,0,0,0,0,0,0,0,0,0
400405,2,1,0,0,0,0,0,0,0,0,0,0
400406,1,1,0,0,0,0,0,0,0,0,0,0
400406,2,1,0,0,0,0,0,0,0,0,0,0
400407,1,1,16,18,11,27,19,13,10,0,10,15
400407,2,1,15,15,15,15,15,15,15,15,15,15
400408,1,1,6,0,0,15,0,0,15,21,0,8
400409,1,1,0,0,0,0,0,0,0,0,0,0
400410,1,1,0,0,0,0,0,0,0,0,0,0
400410,2,1,0,0,0,0,0,0,0,0,0,0
400411,1,1,0,0,0,0,0,0,0,0,0,0
400411,2,1,11,11,11,11,11,11,11,11,11,11
400412,1,1,0,0,0,0,0,0,0,0,0,0
400412,2,1,0,0,0,0,0,0,0,0,0,0
400413,1,1,0,0,0,0,0,0,0,0,0,0
400413,2,1,0,0,0,0,0,0,0,0,0,0
400414,1,1,26,26,26,26,26,26,26,26,26,26
400414,2,1,0,0,0,0,15,0,0,0,0,0
400415,1,1,0,0,0,0,0,0,0,0,0,0
400415,2,1,2,2,2,2,2,2,2,2,2,2
400415,3,1,8,8,8,8,8,8,8,8,8,8
400416,0,1,0,0,0,0,0,0,0,0,0,0
400416,1,1,0,0,0,0,7,14,0,0,0,0
400417,1,1,7,0,0,0,0,0,0,0,6,0
400417,2,1,20,20,20,20,20,20,20,20,20,20
400418,1,1,0,0,0,0,0,0,0,0,0,0
400419,1,1,0,0,0,0,0,0,0,0,0,0
400419,2,1,0,0,0,0,0,0,0,0,0,0
400420,1,1,0,0,0,0,0,0,0,0,0,0
400420,2,1,0,0,0,0,0,0,0,0,0,0
400421,1,1,13,13,13,13,13,13,13,13,13,13
400421,2,1,0,0,0,0,0,0,0,0,0,0
400422,1,1,0,0,0,0,0,0,0,0,0,0
400422,2,1,0,0,0,0,0,0,0,0,0,0
400423,1,1,0,0,0,0,0,0,0,0,0,0
400423,2,1,0,0,0,0,0,0,0,0,0,0
400424,1,1,0,0,0,0,0,0,0,0,0,0
400424,2,1,0,0,0,0,0,0,0,0,0,0
400425,1,1,0,0,0,0,0,0,0,0,0,0
400426,0,1,21,21,21,21,21,21,21,21,21,21
400426,1,1,17,17,17,17,17,17,17,17,17,17
400427,1,1,0,0,0,0,0,0,0,0,0,0
400427,2,1,3,3,3,3,3,3,3,3,3,3
400428,1,1,21,21,21,21,21,21,21,21,21,21
400429,0,1,20,20,20,20,20,20,20,20,20,20
400429,1,1,0,0,0,0,0,0,0,0,0,0
400430,1,1,0,0,0,0,0,0,0,0,0,0
400430,2,1,0,0,0,0,0,0,0,0,0,0
400431,1,1,0,0,0,0,0,0,0,0,0,0
400432,1,1,0,0,0,0,0,0,0,0,0,0
400433,0,1,0,0,0,0,0,0,0,0,0,0
400433,1,1,0,0,0,0,0,0,0,0,0,0
400434,1,1,0,0,0,0,0,0,0,0,0,0
400435,1,1,0,0,0,0,0,0,0,0,0,0
400436,1,1,19,19,19,19,19,19,19,19,19,19
400437,1,1,0,0,0,0,0,0,0,0,0,0
400437,2,1,0,0,0,0,0,0,0,0,13,0
400438,1,1,0,0,0,0,0,0,0,0,0,0
400438,2,1,0,0,0,0,0,0,0,0,0,0
400438,3,1,0,0,0,0,0,0,0,0,0,0
400439,1,1,11,11,11,11,11,11,11,11,11,11
400440,1,1,35,35,35,35,35,35,35,35,35,35
400440,2,1,0,0,0,0,7,0,0,0,0,0
400440,3,1,21,0,20,18,4,4,10,10,9,0
400441,1,1,16,16,16,16,16,16,16,16,16,16
400442,1,1,13,13,13,13,13,13,13,13,13,13
400443,1,1,0,0,0,0,0,0,0,0,0,0
400444,0,1,11,0,6,0,0,0,2,0,0,0
400444,2,1,15,15,15,15,15,15,15,15,15,15
400445,0,1,0,0,0,0,0,0,0,0,0,0
400445,1,1,0,0,0,0,0,0,0,0,0,0
400446,1,1,21,21,21,21,21,21,21,21,21,21
400447,1,1,27,27,27,27,27,27,27,27,27,27
400448,1,1,0,0,0,0,0,0,0,0,0,0
400449,1,1,0,0,0,0,0,0,8,0,12,0
400450,0,1,0,0,0,0,0,0,0,0,0,0
400450,1,1,0,0,0,0,0,0,0,0,0,0
400451,1,1,0,0,0,0,0,0,0,0,0,0
400451,2,1,30,30,30,30,30,30,30,30,30,30
400452,1,1,0,0,0,0,0,0,0,0,0,5
400453,1,1,8,8,8,8,8,8,8,8,8,8
400454,1,1,19,19,19,19,19,19,19,19,19,19
400455,1,1,0,0,0,0,0,0,0,0,0,0
400455,2,1,0,0,0,0,0,0,0,0,0,0
400456,1,1,0,0,0,0,0,0,0,0,0,0
400457,1,1,0,0,0,0,0,0,0,0,0,0
400457,2,1,0,0,0,0,0,0,0,0,0,0
400458,1,1,25,25,25,25,25,25,25,25,25,25
400459,1,1,0,0,0,0,0,0,0,0,0,0
400460,1,1,0,0,0,0,0,0,0,0,0,0
400461,1,1,7,7,7,7,7,7,7,7,7,7
400463,1,1,0,0,0,0,0,0,0,0,0,0
400464,1,1,35,35,35,35,35,35,35,35,35,35
400465,1,1,0,0,0,0,0,0,0,0,0,0
400466,1,1,16,16,16,16,16,16,16,16,16,16
400467,0,1,38,38,38,38,38,38,38,38,38,38
400467,1,1,0,0,0,0,0,0,0,0,0,0
400468,1,1,0,0,0,0,0,0,0,0,0,0
400469,0,1,5,5,5,5,5,5,5,5,5,5
400469,2,1,0,0,0,0,0,0,0,0,0,0
400470,1,1,0,0,0,0,0,0,0,0,0,0
400471,1,1,16,16,16,16,16,16,16,16,16,16
400472,1,1,0,0,0,0,0,0,0,0,0,0
400472,2,1,0,0,0,0,0,0,0,0,0,0
400473,1,1,0,0,0,0,0,0,0,0,0,0
400473,2,1,24,24,24,24,24,24,24,24,24,24
400474,1,1,0,0,0,0,0,0,0,0,0,0
400474,2,1,12,12,12,12,12,12,12,12,12,12
400475,1,1,0,0,0,0,0,0,0,0,0,0
400476,1,1,19,19,19,19,19,19,19,19,19,19
400477,1,1,0,0,0,0,0,0,0,0,0,0
400477,2,1,17,17,17,17,17,17,17,17,17,17
400478,1,1,0,0,0,0,0,0,0,0,0,0
400478,2,1,0,0,0,0,0,0,0,0,0,0
400478,3,1,0,0,0,0,0,0,0,0,0,0
400479,1,1,0,0,0,0,0,0,0,0,0,0
400480,1,1,0,0,0,0,0,0,0,0,0,0
400481,0,1,0,0,0,0,0,0,0,0,0,0
400481,1,1,0,0,0,0,0,0,0,0,0,0
400482,1,1,0,0,0,0,0,0,0,0,0,0
400482,2,1,0,0,0,0,0,0,0,0,0,0
400483,1,1,12,0,0,0,0,0,0,0,0,0
400484,1,1,0,0,0,0,0,0,0,0,0,0
400484,2,1,0,0,0,0,0,0,0,0,0,0
400485,1,1,0,0,0,0,0,0,0,0,0,0
400485,2,1,11,11,11,11,11,11,11,11,11,11
400486,1,1,0,0,0,0,0,0,0,0,0,0
400487,1,1,4,4,4,4,4,4,4,4,4,4
400488,0,1,0,0,0,0,0,0,0,0,0,0
400488,1,1,0,0,0,0,0,0,0,0,0,0
400489,1,1,0,0,0,0,0,0,0,0,0,0
400490,0,1,0,0,0,0,0,0,0,0,0,0
400490,2,1,0,0,0,0,0,0,0,0,0,0
400491,1,1,0,0,0,0,0,0,0,0,0,0
400491,2,1,0,0,0,0,0,0,0,0,8,0
400492,1,1,0,0,0,0,0,0,0,0,0,0
400493,1,1,0,0,0,0,0,0,0,0,0,0
400493,2,1,0,0,0,0,0,0,0,0,0,0
400494,0,1,10,10,10,10,10,10,10,10,10,10
400494,1,1,0,0,0,0,0,0,0,0,0,0
400495,1,1,0,0,0,0,0,0,0,0,0,0
400496,1,1,24,24,24,24,24,24,24,24,24,24
400496,2,1,3,3,3,3,3,3,3,3,3,3
400497,1,1,0,0,0,0,0,0,0,0,0,0
400498,1,1,0,0,0,0,0,0,0,0,0,0
400499,1,1,0,0,0,0,0,0,0,0,0,0
400499,2,1,0,0,0,0,0,0,0,0,0,0
400500,1,1,31,31,31,31,31,31,31,31,31,31
400501,1,1,0,0,0,0,0,0,0,0,0,0
400502,1,1,0,0,0,0,0,0,0,0,0,0
400502,2,1,0,0,0,0,8,0,0,0,0,0
400503,1,1,18,18,18,18,18,18,18,18,18,18
400503,2,1,0,0,0,0,0,0,0,0,0,0
400504,1,1,18,18,18,18,18,18,18,18,18,18
400505,1,1,8,16,17,14,0,0,0,0,12,0
400506,0,1,0,0,0,0,0,0,0,0,0,0
400506,1,1,2,2,2,2,2,2,2,2,2,2
400507,1,1,2,2,2,2,2,2,2,2,2,2
400507,2,1,0,0,0,0,0,0,0,0,0,0
400507,3,1,0,0,0,0,0,0,0,0,0,0
400508,1,1,0,0,0,0,0,0,0,0,0,0
400508,2,1,0,0,0,0,0,0,0,0,0,0
400509,1,1,22,22,22,22,22,22,22,22,22,22
400510,1,1,25,25,25,25,25,25,25,25,25,25
400510,2,1,0,0,0,0,0,0,0,0,0,0
400511,0,1,0,0,0,0,0,0,0,0,0,0
400511,1,1,0,0,0,0,0,0,0,0,0,0
400512,0,1,18,18,18,18,18,18,18,18,18,18
400512,1,1,0,0,0,0,0,0,0,0,0,0
400513,0,1,0,0,0,0,0,0,0,0,0,0
400513,1,1,0,0,0,0,0,0,0,0,0,0
400513,2,1,0,0,13,0,0,0,0,0,0,24
400514,1,1,17,17,17,17,17,17,17,17,17,17
400515,1,1,0,0,0,0,0,0,0,0,0,0
400516,1,1,16,16,16,16,16,16,16,16,16,16
400517,1,1,23,23,23,23,23,23,23,23,23,23
400517,2,1,0,0,0,18,0,0,0,0,0,0
400518,1,1,28,28,28,28,28,28,28,28,28,28
400519,1,1,12,12,12,12,12,12,12,12,12,12
400519,2,1,0,0,0,0,0,0,0,0,0,0
400520,1,1,23,23,23,23,23,23,23,23,23,23
400521,1,1,0,0,0,0,0,0,0,0,0,0
400522,0,1,0,0,0,0,0,0,0,0,0,0
400522,0,2,0,0,0,0,0,0,0,0,0,0
400522,1,1,0,0,0,0,0,0,0,0,0,0
400523,1,1,25,25,25,25,25,25,25,25,25,25
400524,1,1,0,0,0,0,0,0,0,0,0,0
400525,1,1,0,0,0,0,0,0,0,0,0,0
400525,2,1,0,0,0,0,0,0,0,0,0,0
400526,1,1,21,21,21,21,21,21,21,21,21,21
400527,1,1,7,7,7,7,7,7,7,7,7,7
400528,1,1,25,25,25,25,25,25,25,25,25,25
400529,1,1,21,21,21,21,21,21,21,21,21,21
400529,2,1,0,0,0,0,0,0,0,0,0,0
400529,3,1,0,0,0,0,0,0,0,0,0,0
400530,1,1,19,19,19,19,19,19,19,19,19,19
400530,2,1,25,0,0,7,0,0,0,0,16,0
400531,1,1,22,22,22,22,22,22,22,22,22,22
400532,1,1,28,28,28,28,28,28,28,28,28,28
400533,1,1,0,0,0,0,0,0,0,0,0,0
400533,2,1,0,0,0,0,0,0,0,0,0,0
400534,1,1,0,0,0,0,0,0,0,0,0,0
400534,2,1,0,0,0,0,0,0,0,0,0,0
400535,1,1,0,0,0,0,0,0,0,0,0,0
400536,1,1,0,0,0,0,0,0,0,0,0,0
400537,1,1,0,0,0,0,0,0,0,0,0,0
400537,2,1,0,0,0,0,0,0,0,0,0,0
400537,3,1,0,0,0,0,0,0,0,0,0,0
400538,1,1,13,13,13,13,13,13,13,13,13,13
400539,0,1,0,0,0,0,0,0,0,0,0,0
400539,1,1,0,0,0,0,0,0,0,0,0,0
400540,1,1,0,0,0,0,0,0,0,0,0,0
400541,0,1,0,0,0,0,0,0,0,0,0,0
400541,1,1,0,0,0,0,0,0,0,0,0,0
400542,0,1,22,22,22,22,22,22,22,22,22,22
400542,1,1,0,0,0,0,10,0,0,0,0,0
400543,1,1,0,0,0,0,0,0,0,0,0,0
400544,1,1,0,0,0,0,0,0,0,0,0,0
400544,2,1,0,0,0,0,0,0,0,0,0,0
400546,1,1,0,0,0,0,0,0,0,0,0,0
400547,1,1,0,0,0,0,0,0,0,0,0,0
400547,2,1,0,0,0,0,0,0,0,0,0,0
400548,1,1,19,19,19,19,19,19,19,19,19,19
400549,0,1,0,0,0,0,0,0,0,0,0,0
400549,0,2,0,0,0,0,0,0,0,0,0,0
400549,1,1,0,0,16,0,0,0,0,0,0,0
400549,2,1,0,0,0,0,0,0,0,0,0,0
400549,3,1,0,0,0,0,0,0,0,0,0,0
400550,1,1,0,0,0,0,0,0,0,0,0,0
400550,2,1,0,0,0,0,0,0,0,0,0,0
400551,0,1,0,0,0,0,0,0,0,0,0,0
400551,1,1,0,0,0,0,0,0,0,0,0,0
400552,1,1,12,12,12,12,12,12,12,12,12,12
400552,2,1,0,0,35,30,14,18,17,8,0,13
400553,1,1,0,0,0,0,0,0,0,0,0,0
400553,2,1,0,0,0,0,0,0,0,0,0,0
400554,1,1,13,13,13,13,13,13,13,13,13,13
400554,2,1,0,0,0,0,0,0,0,0,0,0
400555,0,1,19,19,19,19,19,19,19,19,19,19
400555,1,1,0,0,0,0,0,0,0,0,0,0
400556,1,1,0,0,0,0,0,0,0,0,0,0
400556,2,1,0,0,0,0,0,0,0,0,0,0
400557,1,1,0,0,0,0,0,0,0,0,0,0
400558,1,1,0,0,0,0,0,0,17,0,0,0
400559,1,1,3,3,3,3,3,3,3,3,3,3
400560,1,1,0,0,0,0,0,0,0,0,0,0
400561,1,1,0,0,0,0,0,0,0,0,0,0
400561,2,1,0,0,0,0,0,0,0,0,0,0
400562,1,1,0,0,0,0,0,0,0,0,0,0
400563,1,1,19,19,19,19,19,19,19,19,19,19
400564,1,1,15,15,15,15,15,15,15,15,15,15
400565,1,1,17,17,17,17,17,17,17,17,17,17
400566,1,1,0,0,0,0,0,0,0,0,0,0
400567,1,1,23,23,23,23,23,23,23,23,23,23
400567,2,1,0,0,30,0,0,0,0,0,0,0
400567,3,1,0,0,0,0,0,0,0,0,0,0
400568,1,1,0,0,0,0,0,0,0,0,0,0
400568,2,1,0,0,0,0,0,0,0,0,0,0
400569,1,1,0,0,0,0,0,0,0,0,0,0
400569,2,1,0,0,0,0,0,0,0,0,0,0
400570,1,1,29,29,29,29,29,29,29,29,29,29
400571,1,1,0,0,0,0,0,0,0,0,0,0
400571,2,1,0,0,0,0,0,0,0,0,0,0
400572,1,1,0,0,0,0,0,0,0,0,0,0
400572,2,1,0,0,0,0,0,0,0,0,0,0
400573,0,1,0,0,0,0,0,0,0,0,0,0
400573,1,1,0,0,0,0,0,0,0,0,0,0
400574,1,1,19,19,19,19,19,19,19,19,19,19
400574,2,1,0,0,0,0,0,0,0,0,0,0
400575,1,1,0,0,0,0,0,0,0,0,0,0
400575,2,1,0,0,0,0,0,0,0,0,0,0
400576,1,1,0,0,0,0,0,0,0,0,0,0
400576,2,1,0,0,0,0,0,0,0,0,0,0
400577,1,1,25,25,25,25,25,25,25,25,25,25
400577,2,1,0,0,0,0,0,0,0,0,0,0
400578,1,1,0,0,0,0,0,0,0,0,0,0
400578,2,1,0,0,22,0,0,0,0,0,0,0
400579,1,1,25,25,25,25,25,25,25,25,25,25
400579,2,1,0,0,0,0,0,0,0,0,0,0
400580,1,1,14,14,14,14,14,14,14,14,14,14
400580,2,1,0,0,0,26,0,0,0,0,0,0
400580,3,1,0,0,0,0,0,10,0,0,0,0
400581,1,1,7,7,7,7,7,7,7,7,7,7
400581,2,1,0,0,0,0,0,10,0,0,0,0
400582,0,1,0,0,0,0,0,0,0,0,0,0
400582,1,1,0,16,0,0,0,0,0,0,0,0
400583,1,1,0,0,0,0,0,0,0,0,0,0
400583,2,1,0,0,0,0,0,0,0,0,0,0
400584,1,1,9,9,9,9,9,9,9,9,9,9
400584,2,1,0,0,0,0,0,0,0,0,0,0
400585,0,1,0,0,0,0,0,0,0,0,0,0
400585,1,1,0,0,16,3,11,27,4,16,0,0
400586,1,1,0,0,0,0,0,0,0,0,0,0
400586,2,1,0,0,0,0,0,0,0,0,0,0
400587,0,1,0,0,0,0,0,0,0,0,0,0
400587,0,2,0,0,0,0,0,0,0,0,0,0
400587,1,1,0,0,0,0,0,0,0,0,0,0
400588,1,1,0,0,0,0,0,0,0,0,0,0
400588,2,1,0,0,0,0,0,0,0,0,0,0
400588,3,1,0,0,0,0,0,0,0,0,0,0
400589,1,1,23,23,23,23,23,23,23,23,23,23
400589,2,1,0,0,0,0,0,0,0,0,0,0
400590,0,1,0,0,0,0,0,0,0,0,0,0
400590,1,1,0,0,0,0,0,0,0,0,0,0
400591,1,1,0,0,0,0,0,0,0,0,0,0
400591,2,1,0,0,0,0,0,0,0,0,0,0
400592,0,1,27,27,27,27,27,27,27,27,27,27
400592,1,1,10,10,10,10,10,10,10,10,10,10
400593,1,1,0,0,0,0,0,0,0,0,0,0
400594,1,1,0,0,0,0,0,0,0,0,0,0
400595,1,1,0,0,0,0,0,0,0,0,0,0
400595,2,1,0,0,0,0,0,0,0,0,0,0
400596,1,1,24,24,24,24,24,24,24,24,24,24
400596,2,1,0,0,0,0,0,0,0,0,0,0
400597,0,1,0,0,0,0,0,0,0,0,0,0
400597,1,1,0,0,0,0,0,0,0,6,0,0
400598,1,1,0,0,0,0,0,0,0,0,0,0
400598,2,1,0,0,0,0,0,0,0,0,0,0
400599,1,1,0,0,0,0,0,0,0,0,0,0
400599,2,1,0,0,12,0,0,0,0,0,4,0
400600,1,1,0,0,0,0,0,0,0,0,0,0
400601,1,1,18,28,13,11,13,10,25,14,14,15
400601,2,1,0,22,0,0,0,0,0,11,0,0
400602,1,1,0,0,0,0,0,0,0,0,0,0
400603,1,1,23,23,23,23,23,23,23,23,23,23
400603,2,1,0,8,18,0,13,0,16,11,0,22
400603,3,1,0,0,0,0,0,0,0,0,0,0
400603,4,1,0,0,0,22,0,0,0,15,0,0
400605,1,1,11,11,11,11,11,11,11,11,11,11
400606,1,1,32,32,32,32,32,32,32,32,32,32
400607,1,1,0,0,0,0,0,0,0,0,0,0
400608,1,1,0,0,0,0,0,0,0,0,0,0
400608,2,1,0,0,0,0,0,0,0,0,0,0
400609,1,1,0,0,0,0,0,0,0,0,0,0
400610,0,1,0,0,0,0,0,0,0,0,0,0
400610,1,1,0,0,0,0,0,0,0,0,0,0
400611,1,1,0,0,0,0,0,0,0,0,0,0
400611,2,1,0,0,4,0,0,0,0,0,0,0
400612,0,1,0,0,0,0,0,0,0,0,0,0
400612,1,1,0,0,0,0,0,0,0,0,0,0
400613,1,1,0,0,14,0,0,0,0,10,0,17
400614,1,1,36,36,36,36,36,36,36,36,36,36
400614,2,1,0,0,0,0,0,0,0,0,0,0
400615,1,1,0,0,0,0,0,0,0,0,0,0
400615,2,1,0,0,0,0,0,0,0,0,0,0
400616,1,1,0,0,0,0,0,0,0,0,0,0
400616,2,1,0,0,0,0,0,0,0,0,0,0
400617,1,1,0,0,0,0,0,0,0,0,0,0
400617,2,1,0,0,0,0,0,0,0,0,0,0
400618,1,1,0,0,0,0,0,0,22,0,0,0
400618,2,1,0,0,0,0,0,0,0,0,0,0
400619,1,1,0,0,0,0,10,0,0,0,0,0
400620,1,1,0,9,10,0,0,0,0,0,0,0
400620,2,1,0,0,0,0,0,0,0,0,0,0
400621,1,1,0,0,0,0,0,0,0,0,0,0
400622,0,1,41,41,41,41,41,41,41,41,41,41
400622,1,1,0,0,0,0,0,0,0,0,0,0
400623,1,1,0,0,0,0,0,0,0,0,0,0
400623,2,1,0,0,0,0,0,0,0,0,0,0
410001,0,1,18,18,18,18,18,18,18,18,18,18
410001,1,1,0,0,0,0,0,15,0,18,0,0
410002,1,1,0,0,0,0,0,0,0,0,0,0
410003,0,1,9,9,9,9,9,9,9,9,9,9
410003,1,1,0,0,0,0,0,0,0,0,0,0
410004,0,1,0,10,0,0,0,0,0,0,0,0
410004,0,2,0,0,0,0,0,0,0,16,0,0
410004,0,3,0,0,0,0,0,0,0,17,0,0
410004,1,1,0,0,0,0,0,0,0,0,0,0
410005,0,1,23,23,23,23,23,23,23,23,23,23
410005,1,1,0,0,0,0,0,0,0,0,0,0
410006,1,1,0,0,0,0,0,0,0,0,0,0
410006,2,1,0,0,0,0,0,0,0,0,0,0
410007,0,1,0,0,0,0,0,0,0,0,0,0
410007,1,1,0,0,0,0,0,0,0,0,0,0
410008,1,1,20,20,20,20,20,20,20,20,20,20
410009,1,1,0,0,0,0,0,0,0,0,0,0
410009,2,1,0,0,0,0,0,0,0,0,0,0
410010,0,1,0,0,0,0,0,0,0,0,0,0
410010,1,1,0,0,0,0,0,0,0,0,0,0
410011,1,1,0,0,0,0,0,0,0,0,0,0
410011,2,1,0,0,0,0,0,0,0,0,0,0
410012,0,1,0,0,0,0,0,0,0,0,0,0
410012,1,1,0,0,0,0,0,0,0,0,0,0
410013,0,1,2,2,2,2,2,2,2,2,2,2
410013,1,1,0,0,0,0,0,0,0,0,0,0
410014,1,1,0,0,0,0,0,0,0,0,0,0
410014,2,1,0,0,0,0,0,0,0,0,0,0
410015,0,1,0,0,0,0,0,0,0,0,0,0
410015,0,2,0,44,0,0,0,10,0,0,0,0
410015,1,1,0,0,0,0,0,0,0,0,0,0
410016,1,1,0,0,0,0,0,0,0,0,0,0
410017,0,1,28,16,26,0,0,0,0,0,0,0
410017,1,1,0,0,0,0,0,0,0,0,0,0
410018,0,1,0,0,0,0,0,0,0,0,0,0
410018,1,1,0,0,0,0,0,0,0,0,0,0
410019,0,1,0,0,0,0,0,0,0,0,0,0
410019,1,1,0,0,0,0,0,0,0,0,0,0
410020,0,1,0,0,0,0,0,0,0,0,0,0
410020,1,1,0,0,0,0,0,0,0,0,0,0
410020,2,1,0,0,0,0,0,0,0,0,13,0
410021,1,1,0,0,0,0,0,0,0,0,0,0
410021,2,1,0,0,0,0,0,0,0,0,0,0
410022,1,1,0,0,0,0,0,0,0,0,0,0
410022,2,1,0,0,0,0,0,0,0,0,0,0
410024,1,1,0,0,0,0,0,0,0,0,0,0
410024,2,1,0,0,0,0,0,0,0,0,0,0
410025,1,1,0,0,0,0,0,0,0,0,0,0
410026,1,1,0,0,0,0,3,0,0,0,0,8