ST_CASE,VEH_NO,PER_NO,P1,P2,P3,P4,P5,P6,P7,P8,P9,P10
410027,1,1,0,0,0,0,0,0,0,0,0,0
410027,2,1,0,0,0,0,0,0,0,0,0,0
410028,1,1,0,0,0,0,23,10,11,0,27,22
410029,1,1,2,2,2,2,2,2,2,2,2,2
410030,1,1,0,0,0,0,0,0,0,0,0,0
410030,2,1,0,0,0,0,0,0,0,0,0,0
410031,0,1,29,29,29,29,29,29,29,29,29,29
410031,1,1,0,0,0,0,0,0,0,0,0,0
410032,1,1,12,12,12,12,12,12,12,12,12,12
410033,1,1,0,8,0,0,0,0,0,0,0,0
410033,2,1,0,0,0,0,0,0,0,0,0,0
410034,1,1,0,0,0,0,0,0,0,0,0,0
410035,1,1,0,0,0,0,0,0,0,0,0,0
410036,1,1,15,15,15,15,15,15,15,15,15,15
410037,0,1,23,23,23,23,23,23,23,23,23,23
410037,1,1,0,0,0,0,0,0,0,0,0,0
410037,2,1,2,7,0,27,0,12,0,0,10,0
410037,3,1,8,0,9,13,0,16,16,0,0,24
410037,4,1,0,16,15,0,0,11,0,0,0,0
410037,5,1,0,0,0,22,0,19,13,0,9,0
410038,0,1,0,0,0,0,0,0,0,0,0,0
410038,1,1,0,0,0,0,0,0,0,0,0,0
410039,1,1,0,0,0,0,0,0,0,0,0,0
410039,2,1,0,0,0,0,0,0,0,0,0,0
410040,1,1,18,18,18,18,18,18,18,18,18,18
410041,1,1,0,0,0,0,0,0,0,0,0,0
410042,1,1,14,14,14,14,14,14,14,14,14,14
410042,2,1,0,0,9,0,28,10,0,0,0,0
410042,3,1,0,0,0,0,0,0,0,0,0,0
410043,1,1,27,27,27,27,27,27,27,27,27,27
410044,1,1,0,0,0,0,0,0,0,0,0,0
410045,1,1,0,0,0,0,0,0,0,0,0,0
410046,0,1,30,30,30,30,30,30,30,30,30,30
410047,1,1,0,0,0,0,0,0,0,0,0,0
410047,2,1,0,0,0,0,0,0,0,0,0,0
410048,1,1,0,0,0,0,0,0,0,0,0,0
410049,1,1,17,17,17,17,17,17,17,17,17,17
410050,1,1,0,0,0,0,0,0,0,0,0,0
410051,0,1,6,6,6,6,6,6,6,6,6,6
410051,1,1,0,0,0,0,0,0,0,0,0,0
410052,1,1,0,30,0,14,0,0,0,0,0,0
410053,1,1,18,18,18,18,18,18,18,18,18,18
410054,0,1,0,0,0,0,0,0,0,0,0,0
410054,1,1,0,0,0,0,0,0,0,0,0,0
410055,0,1,30,30,30,30,30,30,30,30,30,30
410055,1,1,0,0,0,0,0,0,0,0,0,0
410056,1,1,0,0,0,0,0,0,0,0,0,0
410056,2,1,0,0,0,0,0,0,0,0,0,0
410057,1,1,0,0,0,0,0,0,0,0,0,0
410058,1,1,32,32,32,32,32,32,32,32,32,32
410059,1,1,13,13,13,13,13,13,13,13,13,13
410060,1,1,0,0,0,0,0,0,0,0,0,0
410060,2,1,0,0,0,0,0,0,0,0,0,0
410061,1,1,0,0,0,0,0,0,0,0,0,0
410062,0,1,0,0,0,0,0,0,0,0,0,0
410062,1,1,17,17,17,17,17,17,17,17,17,17
410063,1,1,0,0,0,0,0,0,0,0,0,0
410064,1,1,0,0,0,0,0,0,0,0,0,0
410064,2,1,0,0,0,0,0,0,0,0,0,0
410065,1,1,10,0,13,0,0,10,0,0,11,10
410066,1,1,11,11,11,11,11,11,11,11,11,11
410067,0,1,2,2,2,2,2,2,2,2,2,2
410067,0,2,1,1,1,1,1,1,1,1,1,1
410067,0,3,23,0,0,6,21,0,0,10,0,8
410067,0,4,34,0,23,18,0,0,0,0,13,0
410067,0,5,21,0,0,32,0,0,14,0,0,30
410067,1,1,0,0,0,0,0,0,0,0,0,0
410068,0,1,0,0,0,0,0,0,0,0,0,0
410068,1,1,0,0,0,0,0,0,0,0,0,0
410069,1,1,0,0,0,0,0,0,0,0,0,0
410070,0,1,0,0,0,0,0,0,0,0,0,0
410070,1,1,0,0,0,0,0,0,0,0,0,0
410071,1,1,0,0,0,0,0,0,0,0,0,0
410072,1,1,16,16,16,16,16,16,16,16,16,16
410073,1,1,23,23,23,23,23,23,23,23,23,23
410074,1,1,0,0,0,0,0,0,0,0,0,0
410075,1,1,0,0,0,0,0,0,0,0,0,0
410075,2,1,0,0,0,0,0,0,0,0,0,0
410075,3,1,0,0,5,0,0,0,0,0,0,16
410076,1,1,0,0,0,0,0,0,0,0,0,0
410076,2,1,0,0,0,0,0,0,0,0,0,0
410077,1,1,0,0,0,0,0,0,0,0,0,0
410077,2,1,0,0,0,0,0,0,0,0,0,0
410078,1,1,0,0,0,0,0,0,0,0,0,0
410079,1,1,10,10,10,10,10,10,10,10,10,10
410080,0,1,17,17,17,17,17,17,17,17,17,17
410080,1,1,11,0,18,0,13,0,0,15,0,0
410081,1,1,0,0,0,0,0,0,0,0,0,0
410082,0,1,4,4,4,4,4,4,4,4,4,4
410083,1,1,0,0,0,0,0,0,0,0,0,0
410084,1,1,0,0,0,0,0,0,0,0,0,0
410086,0,1,0,0,0,0,0,0,0,0,0,0
410086,1,1,18,18,18,18,18,18,18,18,18,18
410087,1,1,0,0,0,0,0,0,0,0,0,0
410087,2,1,0,0,0,0,0,0,0,0,0,0
410088,1,1,23,23,23,23,23,23,23,23,23,23
410089,1,1,0,0,0,0,0,0,0,0,0,0
410090,1,1,0,0,0,0,0,0,0,0,0,0
410090,2,1,0,0,0,0,0,0,0,0,0,0
410091,1,1,0,0,0,0,0,0,0,0,0,0
410091,2,1,0,0,0,0,0,0,0,0,0,0
410092,1,1,0,0,0,0,0,0,0,0,0,0
410093,0,1,22,12,27,0,17,0,45,10,8,21
410093,1,1,0,0,0,0,0,0,0,0,0,0
410094,1,1,4,4,4,4,4,4,4,4,4,4
410095,1,1,19,19,19,19,19,19,19,19,19,19
410095,2,1,0,0,0,0,0,0,0,0,0,0
410096,0,1,34,34,34,34,34,34,34,34,34,34
410096,1,1,0,0,0,0,0,0,0,0,0,0
410097,1,1,2,2,2,2,2,2,2,2,2,2
410098,1,1,0,0,0,0,0,0,24,0,0,0
410098,2,1,0,0,0,0,0,0,0,0,0,0
410098,3,1,0,0,0,0,0,0,0,0,0,0
410100,1,1,0,0,0,0,0,0,3,0,0,0
410101,1,1,0,0,0,0,0,0,0,0,0,0
410101,2,1,0,0,0,0,0,29,0,0,0,0
410102,1,1,0,0,0,0,0,0,0,0,0,0
410104,0,1,18,18,18,18,18,18,18,18,18,18
410104,1,1,11,0,0,5,0,19,0,0,0,0
410105,1,1,0,0,0,0,0,0,0,0,0,0
410105,2,1,0,0,0,0,0,0,0,0,0,0
410106,1,1,17,17,17,17,17,17,17,17,17,17
410107,1,1,3,3,3,3,3,3,3,3,3,3
410107,2,1,0,0,0,0,0,0,0,0,0,0
410108,1,1,0,0,0,0,0,0,0,0,0,0
410109,1,1,0,0,0,0,0,0,0,0,0,0
410110,1,1,0,0,0,0,0,0,0,0,0,0
410111,1,1,0,0,0,0,0,0,0,0,0,0
410111,2,1,0,0,0,0,0,0,0,0,0,0
410111,3,1,0,0,0,0,0,0,0,0,0,0
410112,1,1,0,0,0,0,0,0,0,0,0,0
410112,2,1,0,0,0,0,0,0,0,0,0,0
410113,1,1,0,0,0,0,0,0,0,0,0,0
410114,1,1,0,0,0,0,0,0,0,0,0,0
410114,2,1,0,0,0,0,0,0,0,0,0,0
410115,0,1,23,23,23,23,23,23,23,23,23,23
410115,1,1,0,0,0,0,0,0,0,0,0,0
410116,0,1,10,10,10,10,10,10,10,10,10,10
410116,1,1,0,0,0,0,0,0,0,0,0,0
410117,1,1,13,10,11,14,13,8,30,12,19,7
410118,1,1,19,19,19,19,19,19,19,19,19,19
410119,1,1,0,0,0,0,0,0,0,2,0,0
410120,1,1,6,6,6,6,6,6,6,6,6,6
410121,1,1,0,0,0,0,0,0,0,0,0,0
410121,2,1,0,0,0,0,0,0,0,0,0,0
410122,1,1,6,6,6,6,6,6,6,6,6,6
410123,1,1,0,0,0,0,0,0,0,0,0,0
410123,2,1,0,0,0,0,0,0,0,0,0,0
410124,1,1,0,0,0,0,0,0,0,0,0,0
410124,2,1,0,0,0,0,0,0,0,0,0,0
410125,1,1,6,6,6,6,6,6,6,6,6,6
410126,1,1,20,20,20,20,20,20,20,20,20,20
410126,2,1,0,0,0,0,0,0,0,0,0,0
410127,1,1,17,17,17,17,17,17,17,17,17,17
410128,1,1,0,0,10,0,0,0,0,0,0,0
410129,1,1,0,0,0,0,0,0,0,0,0,0
410130,1,1,0,0,0,0,0,0,0,0,0,0
410131,1,1,0,0,0,0,0,0,0,0,0,0
410131,2,1,1,1,1,1,1,1,1,1,1,1
410132,1,1,20,20,20,20,20,20,20,20,20,20
410132,2,1,0,0,0,0,0,0,0,0,0,0
410133,1,1,0,0,0,0,0,0,0,0,0,0
410133,2,1,13,0,0,30,10,0,0,0,0,0
410134,1,1,0,0,0,0,0,0,0,0,0,0
410135,1,1,0,34,0,0,26,0,0,0,0,0
410136,1,1,0,0,0,0,0,0,0,0,0,0
410138,1,1,0,0,0,0,0,0,0,0,0,0
410138,2,1,0,0,0,0,0,0,0,0,0,0
410139,1,1,36,36,36,36,36,36,36,36,36,36
410139,2,1,0,4,0,0,0,0,0,0,0,0
410139,3,1,0,0,0,0,0,0,0,0,0,0
410140,1,1,0,0,0,0,0,0,0,0,0,0
410141,0,1,22,22,22,22,22,22,22,22,22,22
410141,1,1,0,0,0,0,0,0,0,0,0,0
410142,1,1,0,0,0,0,0,0,0,0,0,0
410142,2,1,0,0,0,0,0,0,0,0,0,0
410143,1,1,0,0,16,0,0,0,0,0,0,0
410144,1,1,0,0,0,0,0,0,0,0,0,0
410144,2,1,0,0,0,0,0,0,0,0,0,0
410145,1,1,0,0,0,0,0,0,0,0,0,0
410146,0,1,0,0,0,0,0,0,0,0,0,0
410146,1,1,0,0,0,0,0,0,0,0,0,0
410147,1,1,0,0,0,0,0,0,0,0,0,0
410147,2,1,0,0,0,0,0,0,0,0,0,0
410148,0,1,0,0,0,0,0,0,0,0,0,0
410148,1,1,0,0,0,0,0,0,0,0,0,0
410149,1,1,0,0,0,0,0,0,0,0,0,0
410150,1,1,0,0,0,0,0,0,0,0,0,0
410150,2,1,0,0,0,0,0,0,0,0,0,0
410151,1,1,30,30,30,30,30,30,30,30,30,30
410152,0,1,0,3,0,0,0,0,0,17,0,0
410152,1,1,11,0,0,0,0,12,0,0,0,0
410153,1,1,1,1,1,1,1,1,1,1,1,1
410154,1,1,0,0,0,0,0,0,0,0,0,0
410154,2,1,0,0,0,0,0,0,0,0,0,0
410155,1,1,0,0,0,0,0,0,0,0,0,0
410156,1,1,0,0,0,0,0,0,0,0,0,0
410157,0,1,0,0,0,0,0,0,0,0,0,0
410157,0,2,0,0,0,0,0,0,0,0,0,0
410157,1,1,0,0,0,0,0,0,0,0,0,0
410158,1,1,0,0,0,0,0,0,0,0,0,0
410159,1,1,13,13,13,13,13,13,13,13,13,13
410159,2,1,0,0,0,0,0,0,0,0,0,0
410160,1,1,23,23,23,23,23,23,23,23,23,23
410161,1,1,0,0,0,0,0,0,0,0,0,0
410162,0,1,0,0,0,0,0,0,0,0,0,0
410162,1,1,0,0,0,0,0,0,0,0,0,0
410163,0,1,26,26,26,26,26,26,26,26,26,26
410163,1,1,17,0,0,12,17,16,7,7,14,0
410164,1,1,0,0,0,0,0,0,0,0,0,0
410164,2,1,0,0,0,0,0,0,0,0,0,0
410165,1,1,17,17,17,17,17,17,17,17,17,17
410166,1,1,0,0,0,0,0,0,0,0,0,0
410167,1,1,0,0,0,0,0,0,0,0,0,0
410167,2,1,0,0,0,0,0,24,0,0,0,0
410167,3,1,0,0,0,0,0,0,13,0,0,9
410168,1,1,16,16,16,16,16,16,16,16,16,16
410169,1,1,0,0,0,0,0,0,0,0,0,0
410170,1,1,2,2,2,2,2,2,2,2,2,2
410171,1,1,0,0,0,0,0,0,0,0,0,0
410172,0,1,0,0,0,0,0,0,0,0,0,0
410172,1,1,0,7,0,12,0,0,4,0,0,0
410173,1,1,0,0,0,0,0,0,0,0,0,0
410173,2,1,0,0,0,0,0,0,0,0,0,0
410173,3,1,0,0,0,0,0,0,0,0,0,0
410174,1,1,0,0,0,0,0,0,0,0,0,0
410174,2,1,0,0,0,0,0,0,0,0,0,0
410175,1,1,0,0,0,0,0,0,0,0,0,0
410176,1,1,0,0,0,0,0,0,0,0,0,0
410177,1,1,0,0,0,0,0,0,0,0,0,0
410177,2,1,5,0,0,0,0,3,0,2,0,0
410178,1,1,0,0,0,0,0,0,0,0,0,0
410179,0,1,0,0,0,0,0,0,0,0,0,0
410179,1,1,0,0,0,0,0,0,0,0,0,0
410180,0,1,0,0,0,0,0,0,0,0,0,0
410180,1,1,0,0,0,0,0,0,0,0,0,0
410181,1,1,14,14,14,14,14,14,14,14,14,14
410182,1,1,0,0,0,0,0,0,0,0,0,0
410183,1,1,0,0,0,0,0,0,0,0,0,0
410183,2,1,0,0,0,0,0,0,0,0,0,0
410184,1,1,0,0,0,0,0,0,0,0,0,0
410184,2,1,0,0,0,0,0,0,0,0,0,0
410185,1,1,0,0,0,0,0,0,0,0,0,0
410186,1,1,13,13,13,13,13,13,13,13,13,13
410187,1,1,0,0,0,0,0,0,0,0,0,0
410187,2,1,28,0,0,0,0,0,0,0,16,0
410188,1,1,0,0,0,0,0,0,0,0,0,0
410188,2,1,0,0,0,0,0,0,0,0,0,0
410189,1,1,0,0,0,0,0,0,0,0,0,0
410190,0,1,0,0,0,0,0,0,0,0,0,0
410190,1,1,0,0,0,0,0,0,0,0,0,0
410191,1,1,0,0,0,0,0,0,0,0,0,0
410191,2,1,0,0,0,0,0,0,0,0,0,0
410192,1,1,0,0,0,0,0,0,0,0,0,0
410192,2,1,0,0,0,0,0,0,0,0,0,0
410193,1,1,0,0,0,0,0,0,0,0,0,0
410193,2,1,0,0,0,0,0,0,0,0,0,0
410194,1,1,13,13,13,13,13,13,13,13,13,13
410195,1,1,30,30,30,30,30,30,30,30,30,30
410195,2,1,0,0,0,0,0,0,0,0,0,0
410196,0,1,24,24,24,24,24,24,24,24,24,24
410196,1,1,0,0,0,0,0,0,0,0,0,0
410198,1,1,0,0,0,0,0,0,32,22,0,0
410199,1,1,0,0,0,10,0,17,18,0,0,0
410199,2,1,0,0,0,16,0,0,0,0,0,0
410200,1,1,0,0,0,0,0,0,0,0,0,0
410200,2,1,0,0,0,0,0,0,0,0,0,0
410201,1,1,0,0,0,0,0,0,0,0,0,0
410201,2,1,0,0,0,0,0,0,0,0,0,0
410202,1,1,0,0,0,0,0,0,0,0,0,0
410202,2,1,0,0,0,0,0,0,0,0,0,0
410203,0,1,0,0,0,0,0,0,0,0,0,0
410203,1,1,0,0,0,0,0,0,0,0,0,0
410204,1,1,0,0,0,0,0,0,0,0,0,0
410204,2,1,0,0,0,0,0,0,0,0,0,0
410205,1,1,26,26,26,26,26,26,26,26,26,26
410206,1,1,0,0,0,0,0,0,0,0,0,0
410206,2,1,0,0,0,0,0,0,0,0,0,0
410207,1,1,0,0,0,0,0,0,0,0,0,0
410207,2,1,0,0,0,0,0,0,0,0,0,0
410208,1,1,0,0,0,0,0,0,0,0,0,0
410208,2,1,0,0,0,0,0,0,0,0,0,0
410209,1,1,15,15,15,15,15,15,15,15,15,15
410210,1,1,23,23,23,23,23,23,23,23,23,23
410211,1,1,0,0,0,0,0,0,0,0,0,0
410211,2,1,0,0,0,0,0,0,0,0,0,0
410211,3,1,0,0,0,0,0,0,0,0,0,0
410212,0,1,0,0,0,0,0,0,0,0,0,0
410212,0,2,0,0,0,0,0,0,0,0,0,0
410212,0,3,0,0,0,0,0,0,0,0,0,0
410212,1,1,0,0,0,0,0,0,0,0,0,0
410212,2,1,0,0,0,0,0,0,21,0,0,0
410213,1,1,6,7,0,0,0,0,0,0,0,0
410214,0,1,6,6,6,6,6,6,6,6,6,6
410214,1,1,0,0,0,0,0,0,0,0,0,0
410215,1,1,0,0,0,0,0,0,0,0,0,0
410215,2,1,0,0,0,0,0,0,0,0,0,0
410216,1,1,0,0,0,0,0,0,0,0,0,0
410217,1,1,4,4,4,4,4,4,4,4,4,4
410217,2,1,0,0,0,0,0,0,0,0,0,0
410218,1,1,18,18,18,18,18,18,18,18,18,18
410219,1,1,0,0,0,0,0,0,0,0,0,0
410219,2,1,0,0,0,0,0,0,0,19,0,0
410220,1,1,0,0,0,0,0,0,0,0,0,0
410220,2,1,0,0,0,0,0,0,0,0,0,0
410221,1,1,8,6,16,17,21,24,16,22,6,16
410221,2,1,0,0,0,0,0,0,0,0,0,0
410222,1,1,24,24,18,0,17,0,30,29,0,0
410223,1,1,0,0,0,0,0,0,0,0,0,0
410223,2,1,0,0,0,0,0,0,0,0,0,0
410224,1,1,24,24,24,24,24,24,24,24,24,24
410225,1,1,13,13,13,13,13,13,13,13,13,13
410226,0,1,8,8,8,8,8,8,8,8,8,8
410226,1,1,0,0,0,0,0,0,0,0,0,0
410226,2,1,0,0,0,0,0,0,0,0,0,0
410226,3,1,0,0,0,0,0,0,0,0,0,0
410226,4,1,0,0,0,0,0,0,0,0,0,0
410226,5,1,0,0,0,0,0,0,0,6,0,27
410227,1,1,5,5,5,5,5,5,5,5,5,5
410228,1,1,63,63,63,63,63,63,63,63,63,63
410229,1,1,10,0,31,0,14,0,10,0,0,0
410229,2,1,0,0,0,0,0,0,0,0,0,0
410229,3,1,0,0,0,11,0,0,0,0,0,0
410230,1,1,23,23,23,23,23,23,23,23,23,23
410231,1,1,0,0,0,0,0,0,0,0,0,0
410232,1,1,0,0,0,0,0,0,0,0,0,0
410232,2,1,0,0,0,0,0,0,0,0,0,0
410233,1,1,0,0,0,0,0,0,0,0,0,0
410235,1,1,0,0,0,0,0,0,0,0,0,0
410235,2,1,0,0,0,0,0,0,0,0,0,0
410236,1,1,0,0,0,0,0,0,0,0,0,0
410237,1,1,0,0,0,0,0,0,0,0,0,0
410237,2,1,0,0,0,0,0,0,0,0,0,0
410238,1,1,31,0,0,0,0,0,0,0,0,0
410238,2,1,0,0,0,0,0,0,0,0,0,0
410238,3,1,0,0,0,0,0,0,0,0,0,0
410239,0,1,15,9,0,0,0,19,0,0,31,23
410239,1,1,0,0,0,20,0,19,0,0,0,0
410239,2,1,0,0,0,0,0,0,0,0,0,0
410241,1,1,0,0,0,0,0,0,0,0,0,0
410241,2,1,5,5,5,5,5,5,5,5,5,5
410243,1,1,0,0,0,0,0,0,0,0,0,0
410243,2,1,0,0,0,0,0,0,0,0,0,0
410244,0,1,0,0,0,0,0,0,0,0,0,0
410244,0,2,0,0,8,0,0,0,0,0,0,0
410244,1,1,0,0,0,0,0,0,0,0,0,0
410245,1,1,0,0,0,0,0,0,0,0,0,0
410245,2,1,0,0,0,0,0,0,0,0,0,0
410246,0,1,3,3,3,3,3,3,3,3,3,3
410246,0,2,0,0,0,0,0,0,0,7,11,0
410246,0,3,0,0,0,0,0,0,0,0,0,0
410246,1,1,15,15,15,15,15,15,15,15,15,15
410247,1,1,8,8,8,8,8,8,8,8,8,8
410248,0,1,0,0,0,0,0,0,0,0,0,0
410248,1,1,0,0,0,0,0,0,0,0,0,0
410249,0,1,35,35,35,35,35,35,35,35,35,35
410249,1,1,0,0,0,0,0,0,0,0,0,0
410250,0,1,23,23,23,23,23,23,23,23,23,23
410250,1,1,0,0,0,0,0,0,0,0,0,0
410251,1,1,0,0,0,0,0,0,0,0,0,0
410252,0,1,0,0,0,0,0,0,0,0,0,0
410252,1,1,0,0,0,0,0,0,0,0,0,0
410253,1,1,0,0,0,0,0,0,0,0,0,0
410253,2,1,0,0,0,0,0,0,0,0,0,0
410254,0,1,21,21,21,21,21,21,21,21,21,21
410254,1,1,7,7,7,7,7,7,7,7,7,7
410255,0,1,0,0,0,0,0,0,0,0,0,0
410255,0,2,0,0,0,0,0,0,0,0,0,0
410255,0,3,0,0,0,0,0,0,0,0,0,0
410255,1,1,0,0,0,0,0,0,0,0,0,0
410256,1,1,0,0,0,0,0,0,0,0,0,0
410257,0,1,0,0,0,0,0,0,0,0,0,0
410257,1,1,0,0,0,0,0,0,0,0,0,0
410258,0,1,0,0,0,0,0,0,0,0,0,0
410258,1,1,0,0,0,0,0,31,0,0,0,0
410258,2,1,0,0,0,0,0,0,0,0,0,0
410259,1,1,0,0,0,0,0,0,0,0,0,0
410259,2,1,0,0,0,0,0,0,0,0,0,0
410260,1,1,0,0,0,0,0,0,0,0,0,0
410260,2,1,0,0,0,0,0,0,0,0,0,0
410261,1,1,3,3,3,3,3,3,3,3,3,3
410261,2,1,0,0,0,0,0,0,0,0,0,0
410261,3,1,0,0,0,0,0,0,0,0,0,0
410262,1,1,0,0,0,0,0,0,0,0,0,0
410262,2,1,0,0,0,0,0,0,0,0,0,0
410263,1,1,0,0,0,0,0,0,0,0,0,0
410264,1,1,20,20,20,20,20,20,20,20,20,20
410264,2,1,0,0,0,0,0,0,0,0,0,0
410265,1,1,0,0,0,0,0,0,0,0,0,0
410266,0,1,42,42,42,42,42,42,42,42,42,42
410266,1,1,0,0,0,0,0,0,0,0,0,0
410267,1,1,0,0,0,0,0,0,0,0,0,0
410267,2,1,0,0,0,0,0,0,0,0,0,0
410268,1,1,0,0,0,0,0,0,0,0,0,0
410269,1,1,21,21,21,21,21,21,21,21,21,21
410270,1,1,0,0,0,0,0,0,0,0,0,0
410270,2,1,0,0,11,0,0,0,0,0,0,0
410271,1,1,0,0,0,0,0,0,0,25,0,0
410272,1,1,12,12,12,12,12,12,12,12,12,12
410273,1,1,0,0,0,0,0,0,0,0,0,0
410274,1,1,0,0,0,0,0,0,0,0,0,0
410275,1,1,0,0,0,0,0,0,0,0,0,0
410275,2,1,0,0,0,0,0,0,0,0,0,0
410276,1,1,0,0,0,0,0,0,0,0,0,0
410276,2,1,0,0,0,0,0,0,0,0,0,0
410277,0,1,0,0,0,0,0,0,0,0,0,0
410277,1,1,0,0,0,0,0,0,0,0,0,0
410278,1,1,20,20,20,20,20,20,20,20,20,20
410279,1,1,0,0,0,0,0,0,0,0,0,0
410279,2,1,0,0,0,0,0,0,0,0,0,0
410280,1,1,0,0,0,0,0,0,0,0,0,0
410281,0,1,0,0,0,0,0,0,0,0,0,0
410281,1,1,15,15,15,15,15,15,15,15,15,15
410282,1,1,17,17,17,17,17,17,17,17,17,17
410282,2,1,0,0,0,0,0,0,0,0,0,0
410283,1,1,0,0,0,0,0,0,0,0,0,0
410284,1,1,0,0,0,0,0,0,0,0,0,0
410284,2,1,0,0,0,0,0,0,0,0,0,0
410285,0,1,0,0,0,0,0,0,0,0,0,0
410285,1,1,0,0,0,0,0,9,0,0,0,0
410286,1,1,0,0,0,0,0,0,0,0,0,0
410286,2,1,18,0,0,0,0,0,0,0,0,0
410287,1,1,0,0,0,0,0,0,0,0,0,0
410288,1,1,0,0,0,0,0,0,0,0,0,0
410288,2,1,0,0,0,0,0,0,0,0,0,0
410289,0,1,25,25,25,25,25,25,25,25,25,25
410289,1,1,0,0,0,0,0,0,0,0,0,0
410290,1,1,13,16,13,10,0,15,0,8,0,0
410290,2,1,0,0,0,0,0,13,0,0,0,0
410291,0,1,24,24,24,24,24,24,24,24,24,24
410291,1,1,0,0,0,0,0,0,0,0,0,0
410294,0,1,0,0,0,0,0,0,0,0,0,0
410294,1,1,0,0,0,0,0,0,0,0,0,0
410295,1,1,18,18,18,18,18,18,18,18,18,18
410296,1,1,7,7,7,7,7,7,7,7,7,7
410297,1,1,0,24,0,6,0,11,0,0,8,0
410297,2,1,0,0,0,0,0,0,0,0,0,0
410297,3,1,0,0,0,0,0,0,0,0,0,0
410298,1,1,0,0,0,0,0,0,0,0,0,0
410298,2,1,0,0,0,0,0,0,0,0,0,0
410299,1,1,13,13,13,13,13,13,13,13,13,13
410300,0,1,0,0,0,0,0,0,0,0,0,0
410300,1,1,0,0,0,13,0,0,0,0,0,0
410300,2,1,0,0,0,0,0,0,0,0,0,0
410301,1,1,4,0,0,18,10,9,0,0,0,27
410302,1,1,0,0,0,0,0,0,0,0,0,0
410302,2,1,0,0,0,0,0,0,0,0,0,0
410303,1,1,0,0,0,0,0,0,0,0,0,0
410303,2,1,0,0,0,0,0,0,0,0,0,0
420001,1,1,28,28,28,28,28,28,28,28,28,28
420002,1,1,0,0,0,0,0,0,0,0,0,0
420003,0,1,20,20,20,20,20,20,20,20,20,20
420003,1,1,0,0,0,0,0,0,0,0,0,0
420004,1,1,15,15,15,15,15,15,15,15,15,15
420004,2,1,0,0,0,0,0,0,0,0,0,0
420005,1,1,29,29,29,29,29,29,29,29,29,29
420005,2,1,0,25,0,0,0,0,13,7,17,0
420006,1,1,7,7,7,7,7,7,7,7,7,7
420007,1,1,0,0,0,0,0,0,0,0,0,0
420008,1,1,0,0,0,0,0,0,0,0,0,0
420008,2,1,0,0,0,0,0,0,0,0,0,0
420008,3,1,0,0,5,0,0,8,0,0,0,0
420008,4,1,0,0,0,0,0,0,0,0,0,0
420009,1,1,0,0,0,0,0,0,0,0,0,0
420010,1,1,13,13,13,13,13,13,13,13,13,13
420011,1,1,0,0,0,0,0,0,0,0,0,0
420012,1,1,0,0,0,0,0,0,0,0,0,0
420013,1,1,0,0,0,0,0,0,0,0,0,0
420013,2,1,0,0,0,0,0,0,0,0,0,0
420014,1,1,0,0,0,0,0,0,0,0,0,0
420015,1,1,0,0,0,0,0,0,0,0,0,0
420015,2,1,0,0,0,0,0,0,0,0,0,0
420016,1,1,0,0,0,0,0,0,0,0,0,0
420016,2,1,0,0,0,0,0,0,0,0,0,0
420017,1,1,27,27,27,27,27,27,27,27,27,27
420017,2,1,0,5,0,0,0,0,0,12,0,0
420017,3,1,0,0,0,0,0,0,0,0,0,0
420018,1,1,0,0,0,0,0,0,0,0,0,0
420018,2,1,0,0,0,0,0,0,0,0,0,0
420019,1,1,21,21,21,21,21,21,21,21,21,21
420020,1,1,0,0,0,0,0,0,0,0,0,0
420021,1,1,0,0,0,0,0,0,0,0,0,0
420021,2,1,0,0,0,0,0,0,0,0,0,0
420021,3,1,0,0,0,0,0,0,0,0,0,0
420022,1,1,23,23,23,23,23,23,23,23,23,23
420022,2,1,0,0,0,0,0,0,0,0,0,0
420023,1,1,0,0,0,0,0,0,0,0,0,0
420023,2,1,0,0,0,0,0,0,0,0,0,0
420024,1,1,32,32,32,32,32,32,32,32,32,32
420025,1,1,16,16,16,16,16,16,16,16,16,16
420026,1,1,0,0,0,0,0,0,0,0,0,0
420027,1,1,0,0,0,0,0,0,0,0,0,0
420028,1,1,29,29,29,29,29,29,29,29,29,29
420029,1,1,0,0,0,0,0,0,0,0,0,0
420029,2,1,0,0,0,0,0,0,0,0,0,0
420030,1,1,11,21,9,29,18,20,27,41,26,18
420031,1,1,0,0,0,0,0,0,0,0,0,0
420032,1,1,0,0,0,0,0,0,0,0,0,16
420032,2,1,0,0,0,0,0,0,0,0,0,0
420033,1,1,31,31,31,31,31,31,31,31,31,31
420033,2,1,0,0,0,0,0,0,0,0,0,0
420034,1,1,0,0,0,0,0,0,0,0,0,0
420034,2,1,0,0,0,0,0,0,0,0,0,0
420035,0,1,0,0,0,0,0,0,0,0,0,0
420035,1,1,0,0,0,0,0,0,0,0,0,0
420036,1,1,0,0,0,0,0,0,0,0,0,0
420036,2,1,0,0,0,0,0,0,0,0,0,0
420037,1,1,0,0,0,0,0,0,0,0,0,0
420038,1,1,0,0,0,0,0,0,0,0,0,0
420039,1,1,0,0,0,0,0,0,0,0,0,0
420040,1,1,14,14,14,14,14,14,14,14,14,14
420041,1,1,17,17,17,17,17,17,17,17,17,17
420041,2,1,12,0,0,0,22,17,0,0,0,0
420042,1,1,9,9,9,9,9,9,9,9,9,9
420043,1,1,0,0,0,0,0,0,0,0,0,0