ST_CASE,VEH_NO,PER_NO,P1,P2,P3,P4,P5,P6,P7,P8,P9,P10
420043,2,1,0,0,0,0,0,0,0,0,0,0
420044,1,1,0,0,0,0,0,0,0,0,0,0
420044,2,1,0,0,0,0,0,0,0,0,0,0
420045,1,1,3,3,3,3,3,3,3,3,3,3
420045,2,1,0,0,0,0,0,0,0,0,0,0
420046,1,1,5,5,5,5,5,5,5,5,5,5
420046,2,1,0,0,0,0,0,0,0,0,0,0
420047,1,1,0,0,0,0,0,0,4,0,0,0
420047,2,1,0,0,0,0,0,0,0,0,0,0
420048,1,1,0,0,0,0,0,0,0,0,0,0
420049,1,1,18,18,18,18,18,18,18,18,18,18
420050,1,1,0,0,0,0,0,0,0,0,0,0
420051,1,1,22,22,22,22,22,22,22,22,22,22
420052,1,1,0,0,0,0,0,0,0,0,0,0
420052,2,1,19,19,19,19,19,19,19,19,19,19
420052,3,1,0,0,0,0,0,0,28,25,0,0
420053,1,1,0,0,0,0,0,0,0,0,0,0
420054,1,1,24,24,24,24,24,24,24,24,24,24
420055,1,1,0,0,0,0,0,0,0,0,0,0
420056,1,1,0,0,0,0,0,0,0,0,0,0
420056,2,1,0,0,0,0,0,0,7,0,0,0
420057,1,1,0,0,0,0,0,0,0,0,0,0
420057,2,1,0,0,0,0,0,0,0,0,0,0
420058,1,1,0,0,0,0,0,0,0,0,0,0
420058,2,1,0,0,0,0,0,0,0,0,0,0
420059,1,1,0,0,0,0,0,0,0,0,0,0
420059,2,1,0,0,0,0,0,0,0,0,0,0
420060,1,1,22,22,22,22,22,22,22,22,22,22
420061,1,1,12,12,12,12,12,12,12,12,12,12
420062,1,1,0,0,0,0,0,0,0,0,0,0
420063,0,1,0,0,0,0,0,0,0,0,0,0
420063,0,2,0,0,0,0,0,0,0,0,0,0
420063,1,1,0,0,0,0,0,0,0,0,0,21
420064,1,1,0,0,0,0,0,0,0,0,0,0
420065,1,1,0,0,0,0,0,0,0,0,0,0
420066,0,1,12,13,5,12,18,22,0,21,0,9
420066,1,1,0,0,0,0,0,0,0,0,0,0
420067,0,1,0,0,0,0,0,0,0,0,0,0
420067,1,1,0,0,0,0,0,0,0,0,0,0
420068,1,1,0,0,0,0,0,0,0,0,0,0
420069,1,1,0,0,0,0,0,0,0,0,0,0
420070,0,1,19,32,26,17,37,8,33,24,26,14
420070,1,1,0,0,0,0,0,0,0,0,0,0
420071,0,1,0,0,0,0,0,0,0,0,0,0
420071,1,1,0,0,0,0,0,0,0,0,0,0
420072,1,1,16,16,16,16,16,16,16,16,16,16
420072,2,1,0,0,0,0,0,0,0,6,0,0
420073,1,1,19,19,19,19,19,19,19,19,19,19
420073,2,1,0,17,0,0,7,0,0,0,0,0
420074,0,1,0,9,31,0,0,0,0,31,0,38
420074,1,1,0,0,0,0,0,0,0,0,11,0
420075,1,1,0,0,0,0,0,0,0,0,0,0
420076,0,1,0,0,0,0,0,0,0,0,0,0
420076,1,1,0,0,0,0,0,0,0,0,0,0
420077,1,1,0,0,0,0,0,0,0,12,0,0
420077,2,1,0,0,0,0,0,0,0,0,0,0
420078,1,1,45,45,45,45,45,45,45,45,45,45
420079,1,1,0,0,0,0,0,0,0,0,0,0
420079,2,1,25,25,25,25,25,25,25,25,25,25
420080,0,1,0,21,0,0,0,14,0,13,0,0
420080,1,1,0,0,0,0,0,0,0,12,0,0
420081,1,1,0,0,0,0,0,0,0,0,0,0
420082,1,1,38,38,38,38,38,38,38,38,38,38
420083,1,1,0,0,0,0,0,0,0,0,0,0
420083,2,1,0,0,0,0,0,0,0,0,0,0
420084,0,1,0,0,0,0,0,0,0,0,0,0
420084,1,1,0,0,0,0,0,0,0,0,0,0
420085,1,1,18,18,18,18,18,18,18,18,18,18
420085,2,1,0,0,0,0,0,0,0,0,0,0
420086,0,1,0,0,0,0,0,0,0,0,0,0
420086,1,1,0,0,0,0,0,0,0,0,0,0
420087,1,1,0,0,0,0,0,0,0,0,0,0
420088,1,1,0,0,0,0,0,0,0,0,0,0
420088,2,1,0,0,0,0,0,0,0,0,0,0
420089,1,1,8,18,0,0,0,20,0,18,27,10
420090,1,1,0,0,0,0,0,0,0,0,0,0
420090,2,1,0,0,0,0,0,0,0,0,13,0
420091,0,1,0,0,0,0,0,0,0,0,0,0
420091,1,1,0,0,0,0,0,0,0,0,0,0
420092,1,1,0,0,0,0,0,0,0,0,0,0
420092,2,1,0,0,0,0,0,0,0,0,0,0
420092,3,1,0,0,0,0,0,0,0,0,0,0
420093,1,1,0,0,0,0,0,0,0,0,0,0
420094,1,1,0,0,0,0,0,0,0,0,0,0
420094,2,1,0,0,0,0,0,0,0,0,0,0
420095,1,1,0,0,0,0,0,0,0,0,0,0
420096,1,1,0,0,0,0,0,0,0,0,0,0
420097,1,1,0,0,0,0,0,0,0,0,0,0
420097,2,1,0,0,0,0,0,0,0,0,0,0
420098,1,1,29,29,29,29,29,29,29,29,29,29
420099,1,1,0,0,0,0,0,0,0,0,0,0
420100,0,1,0,0,0,0,0,0,0,0,0,0
420100,1,1,0,0,0,0,0,0,0,0,0,0
420100,2,1,0,0,0,0,0,0,0,0,0,0
420100,3,1,0,0,0,0,0,0,0,0,0,0
420100,4,1,0,0,0,0,0,0,0,0,0,0
420101,1,1,0,0,0,0,23,0,0,0,0,0
420101,2,1,0,0,0,0,0,0,0,0,0,0
420101,3,1,0,0,0,0,0,0,0,0,0,0
420102,0,1,19,10,18,21,0,12,0,5,17,0
420102,0,2,21,13,20,0,11,0,0,0,14,8
420102,0,3,13,39,0,13,23,0,32,0,0,10
420102,1,1,20,23,9,12,17,18,9,19,6,8
420102,2,1,0,11,0,0,0,0,0,0,0,0
420103,1,1,0,0,0,0,0,0,9,0,0,0
420104,1,1,16,16,16,16,16,16,16,16,16,16
420105,0,1,0,0,0,0,0,0,0,0,0,0
420105,1,1,0,0,0,0,0,0,0,0,0,0
420106,0,1,0,0,0,0,0,0,0,0,0,0
420106,1,1,5,6,13,14,7,0,11,11,9,0
420107,1,1,6,6,6,6,6,6,6,6,6,6
420107,2,1,9,0,0,0,0,0,0,0,0,23
420108,1,1,33,33,33,33,33,33,33,33,33,33
420108,2,1,0,0,0,0,0,0,0,0,0,0
420109,1,1,0,0,0,0,0,0,0,0,0,0
420109,2,1,0,0,0,0,0,0,0,0,0,0
420109,3,1,0,0,0,0,0,0,0,0,0,0
420110,1,1,0,0,0,0,0,0,0,0,0,0
420110,2,1,0,0,0,0,0,0,0,0,0,0
420111,0,1,0,0,0,0,0,0,0,0,0,0
420111,1,1,0,0,0,0,0,0,0,0,0,0
420111,2,1,0,0,0,0,0,0,0,0,0,0
420111,3,1,0,0,0,0,0,0,0,0,0,0
420111,4,1,0,0,0,0,0,0,0,0,0,0
420111,5,1,0,0,0,0,0,0,0,0,0,0
420112,0,1,17,17,17,17,17,17,17,17,17,17
420112,1,1,0,0,0,0,0,0,0,0,0,0
420113,1,1,0,0,0,0,0,0,0,0,0,0
420114,1,1,0,0,0,0,0,0,0,0,0,0
420114,2,1,0,0,0,0,0,0,0,0,0,0
420114,3,1,0,0,0,0,0,0,0,0,0,0
420115,1,1,0,0,0,0,0,0,0,0,0,0
420116,1,1,0,0,0,0,0,0,0,0,0,0
420116,2,1,0,0,0,0,0,0,0,0,0,0
420116,3,1,0,0,0,0,0,0,0,0,0,0
420116,4,1,0,0,0,0,0,0,0,0,0,0
420117,1,1,21,21,21,21,21,21,21,21,21,21
420118,1,1,0,0,0,0,0,0,0,0,0,0
420119,0,1,0,0,0,0,26,0,0,0,16,0
420119,1,1,0,0,0,0,0,0,0,0,0,0
420120,1,1,8,8,8,8,8,8,8,8,8,8
420121,0,1,0,0,0,0,0,0,0,0,0,0
420121,1,1,0,0,0,0,0,0,0,0,0,0
420122,0,1,3,3,3,3,3,3,3,3,3,3
420122,1,1,0,0,0,0,0,0,0,0,0,0
420123,0,1,0,0,0,0,0,0,0,0,0,0
420123,1,1,0,0,0,0,0,0,0,0,0,0
420123,3,1,0,0,0,0,0,0,0,0,0,0
420123,4,1,0,0,0,0,0,0,0,0,0,0
420124,1,1,0,0,0,0,0,0,0,0,0,0
420124,2,1,0,0,0,0,0,0,0,0,0,0
420125,1,1,0,0,0,0,16,0,0,0,0,0
420125,2,1,0,0,0,0,0,0,0,0,0,0
420126,1,1,0,0,0,0,0,0,0,0,0,0
420126,2,1,0,0,0,0,0,0,0,0,0,0
420127,1,1,16,16,16,16,16,16,16,16,16,16
420127,2,1,0,0,0,0,0,7,0,0,0,0
420128,1,1,0,0,0,0,0,0,0,0,0,0
420128,2,1,0,0,0,0,0,0,0,0,0,0
420129,1,1,0,0,0,0,0,0,0,0,0,0
420129,2,1,0,0,0,0,0,0,0,0,0,0
420130,1,1,0,0,0,0,0,0,0,0,0,0
420130,2,1,0,0,0,0,0,0,0,0,0,0
420131,1,1,25,25,25,25,25,25,25,25,25,25
420131,2,1,0,0,0,0,0,8,0,0,0,0
420132,1,1,17,10,16,20,12,6,32,18,12,13
420132,2,1,0,0,0,0,0,0,0,0,0,0
420133,1,1,0,0,0,0,0,0,0,0,0,0
420133,2,1,0,0,0,0,0,0,0,0,0,0
420134,1,1,0,0,0,0,0,0,0,0,0,0
420134,2,1,0,19,0,0,8,0,0,0,9,0
420135,1,1,15,15,15,15,15,15,15,15,15,15
420135,2,1,0,0,0,0,0,0,0,0,0,0
420136,1,1,0,0,0,0,0,0,16,0,0,0
420136,2,1,0,0,0,0,0,0,0,0,0,0
420137,1,1,0,0,0,0,0,0,0,0,0,0
420137,2,1,0,0,0,0,0,0,0,0,0,0
420138,1,1,0,15,0,0,0,0,0,0,0,0
420138,2,1,0,0,0,0,0,0,0,0,0,0
420139,1,1,0,0,0,0,0,0,0,0,0,0
420139,2,1,0,0,0,0,0,0,0,0,0,0
420140,0,1,0,0,0,0,0,0,0,0,0,0
420140,1,1,0,18,0,0,22,0,0,10,15,16
420140,2,1,0,0,0,0,0,0,0,0,0,0
420141,1,1,1,1,1,1,1,1,1,1,1,1
420142,0,1,0,0,0,0,0,0,0,0,0,0
420142,1,1,0,0,0,0,0,0,0,0,0,0
420143,1,1,0,0,0,0,0,0,0,0,0,0
420144,1,1,0,0,0,0,0,6,0,0,0,0
420144,2,1,0,0,0,0,0,0,0,0,0,0
420145,1,1,16,16,16,16,16,16,16,16,16,16
420146,1,1,17,17,17,17,17,17,17,17,17,17
420146,2,1,0,0,0,0,0,0,0,0,0,0
420147,1,1,0,0,0,0,0,0,0,0,0,0
420148,0,1,0,0,0,0,0,0,0,0,0,0
420148,1,1,0,0,0,0,0,0,0,0,0,0
420149,1,1,0,0,0,0,0,0,0,0,0,0
420150,1,1,71,71,71,71,71,71,71,71,71,71
420151,0,1,36,36,36,36,36,36,36,36,36,36
420151,1,1,17,0,0,0,0,0,17,25,0,18
420152,1,1,0,0,0,0,0,0,0,0,0,0
420152,2,1,0,0,0,0,0,0,0,0,0,0
420153,1,1,0,0,0,0,0,0,0,0,0,0
420154,1,1,17,17,17,17,17,17,17,17,17,17
420154,2,1,0,0,0,0,0,0,0,0,0,0
420155,0,1,0,0,0,0,0,0,0,0,0,0
420155,1,1,0,0,0,0,0,0,0,0,0,0
420156,1,1,34,34,34,34,34,34,34,34,34,34
420157,1,1,25,25,25,25,25,25,25,25,25,25
420158,1,1,0,0,0,0,0,0,0,0,0,0
420159,1,1,0,0,0,0,0,0,0,0,0,0
420160,0,1,30,30,30,30,30,30,30,30,30,30
420160,1,1,0,0,0,0,0,0,0,0,0,0
420161,1,1,0,0,0,0,0,0,0,0,0,0
420162,1,1,0,0,0,0,0,0,8,0,0,0
420163,1,1,0,0,0,0,0,0,0,0,0,0
420164,1,1,9,9,9,9,9,9,9,9,9,9
420165,1,1,0,0,0,0,0,0,0,0,0,0
420166,1,1,0,0,0,0,0,0,0,0,0,0
420167,0,1,0,0,0,0,0,0,0,0,0,0
420167,1,1,0,0,0,0,0,0,0,0,0,0
420168,1,1,0,0,0,0,0,0,0,0,0,0
420168,2,1,0,0,0,0,0,0,0,12,0,0
420168,3,1,0,0,0,0,0,0,0,0,0,0
420169,1,1,29,29,29,29,29,29,29,29,29,29
420170,0,1,0,0,0,0,0,0,0,0,0,0
420170,1,1,11,0,0,0,0,0,0,0,0,0
420171,1,1,0,0,0,0,0,0,0,0,0,0
420172,0,1,0,20,0,0,0,0,0,0,0,0
420172,1,1,0,0,0,0,0,0,0,0,0,0
420173,1,1,0,0,0,0,0,0,0,0,0,0
420174,1,1,0,0,0,0,0,0,0,0,0,0
420174,2,1,0,0,0,0,0,0,0,0,0,0
420174,3,1,0,0,0,0,0,0,0,0,0,0
420175,1,1,30,30,30,30,30,30,30,30,30,30
420176,0,1,23,0,0,0,0,21,22,0,14,0
420176,1,1,0,11,0,0,0,24,0,0,0,0
420177,0,1,0,0,0,0,0,0,0,0,0,0
420177,1,1,0,29,0,0,0,0,0,0,0,0
420178,0,1,24,24,24,24,24,24,24,24,24,24
420178,1,1,0,0,0,22,0,10,0,0,0,13
420179,1,1,0,0,0,0,0,0,0,0,0,0
420179,2,1,0,0,0,0,0,0,0,0,0,0
420180,1,1,12,0,0,0,0,0,0,0,0,0
420180,2,1,0,0,0,0,0,0,0,0,0,0
420181,1,1,0,0,0,0,0,0,0,0,0,0
420182,0,1,5,5,5,5,5,5,5,5,5,5
420182,1,1,0,0,0,0,0,0,0,0,0,0
420183,1,1,0,0,0,0,0,0,0,0,0,0
420183,2,1,0,0,0,0,0,0,0,0,0,0
420184,1,1,10,10,10,10,10,10,10,10,10,10
420185,1,1,18,18,18,18,18,18,18,18,18,18
420186,1,1,0,0,0,0,0,0,0,0,0,0
420186,2,1,0,0,0,0,0,0,0,0,0,0
420187,0,1,0,0,0,0,0,0,0,0,0,0
420187,0,2,0,10,0,11,0,8,0,0,21,0
420187,1,1,5,5,5,5,5,5,5,5,5,5
420188,0,1,14,21,44,20,38,30,13,31,23,16
420188,1,1,0,0,0,0,0,0,0,0,0,0
420189,1,1,13,0,0,0,0,0,7,0,26,15
420190,1,1,0,0,0,0,0,0,0,0,0,0
420191,1,1,0,0,0,0,0,0,0,0,0,0
420191,2,1,4,4,4,4,4,4,4,4,4,4
420192,1,1,0,0,0,0,0,0,0,0,0,0
420192,2,1,0,0,0,0,0,0,0,0,0,0
420193,1,1,0,0,0,0,0,0,0,0,0,0
420194,1,1,5,5,5,5,5,5,5,5,5,5
420194,2,1,0,0,0,0,0,0,0,0,0,0
420195,1,1,0,0,0,0,0,0,0,0,0,0
420196,1,1,23,0,5,0,0,20,0,0,0,17
420196,2,1,0,0,0,0,0,0,0,0,0,0
420197,1,1,0,0,0,0,0,0,0,0,0,0
420197,2,1,0,0,0,0,0,0,0,0,0,0
420198,1,1,0,0,0,0,0,0,0,0,0,0
420199,1,1,14,14,14,14,14,14,14,14,14,14
420199,2,1,0,0,0,0,0,0,0,0,0,0
420200,1,1,0,0,0,0,0,0,0,0,0,0
420200,2,1,0,0,0,0,0,0,0,0,0,0
420201,1,1,0,0,0,0,0,0,0,0,0,16
420201,2,1,0,0,0,0,0,0,0,0,0,0
420202,1,1,0,0,0,0,17,0,0,0,0,0
420202,2,1,0,0,0,0,0,0,0,0,0,0
420203,1,1,24,24,24,24,24,24,24,24,24,24
420204,1,1,0,0,0,0,0,0,0,0,0,0
420205,1,1,0,0,0,0,0,0,0,0,0,0
420206,1,1,29,29,29,29,29,29,29,29,29,29
420207,1,1,25,25,25,25,25,25,25,25,25,25
420208,1,1,0,0,0,0,0,0,0,0,0,0
420209,1,1,0,0,0,0,0,0,0,0,0,0
420209,2,1,0,0,0,0,0,0,0,0,0,0
420209,3,1,0,0,0,0,0,0,0,0,0,0
420210,0,1,0,0,0,0,0,0,0,0,0,0
420210,1,1,0,0,0,0,0,0,0,0,0,0
420211,1,1,9,9,9,9,9,9,9,9,9,9
420212,1,1,0,0,0,0,0,0,0,0,0,0
420213,1,1,25,25,25,25,25,25,25,25,25,25
420214,1,1,21,21,21,21,21,21,21,21,21,21
420215,0,1,24,24,24,24,24,24,24,24,24,24
420216,1,1,26,26,26,26,26,26,26,26,26,26
420217,1,1,22,22,22,22,22,22,22,22,22,22
420218,1,1,0,0,0,0,0,0,0,0,0,0
420219,1,1,0,0,0,0,0,0,0,0,0,0
420220,1,1,0,0,0,0,0,0,0,0,0,0
420220,2,1,0,0,0,0,0,0,0,0,0,0
420221,1,1,0,0,0,0,0,0,0,0,0,0
420221,2,1,0,0,0,0,0,0,0,0,0,0
420222,1,1,0,0,0,0,0,0,0,0,0,0
420223,1,1,0,0,0,0,0,0,0,0,0,0
420224,0,1,0,0,0,0,0,0,0,0,0,0
420224,1,1,0,0,0,0,0,0,0,0,28,0
420225,1,1,0,0,0,0,0,0,0,21,0,0
420225,2,1,0,8,0,0,0,13,0,0,2,0
420226,1,1,0,0,0,0,0,0,0,0,0,0
420226,2,1,0,0,0,23,0,27,0,0,7,0
420226,3,1,0,0,0,0,0,0,0,0,0,0
420227,1,1,0,0,0,0,0,0,0,0,0,0
420228,1,1,0,0,0,0,0,0,0,0,0,0
420229,0,1,0,0,0,0,0,0,0,0,0,0
420229,1,1,0,0,0,0,0,0,0,0,0,0
420230,1,1,0,0,0,0,0,0,0,0,0,0
420230,2,1,0,0,0,0,0,0,0,0,0,0
420230,3,1,6,0,0,0,0,0,0,0,0,0
420230,4,1,0,0,0,0,0,0,0,0,0,0
420231,1,1,0,0,0,14,0,0,0,0,0,0
420231,2,1,0,10,0,4,0,0,0,0,0,0
420231,3,1,0,0,0,0,0,0,0,0,0,0
420232,1,1,0,0,0,0,0,0,0,0,0,0
420232,2,1,0,0,0,0,0,0,0,0,0,0
420233,1,1,0,0,0,0,0,0,0,0,0,0
420234,0,1,1,1,1,1,1,1,1,1,1,1
420234,1,1,0,0,15,9,0,0,14,0,28,0
420234,2,1,0,0,0,0,0,0,0,0,0,0
420234,3,1,0,0,0,0,0,0,0,0,0,0
420235,1,1,13,13,13,13,13,13,13,13,13,13
420236,1,1,0,0,0,0,0,0,0,0,0,0
420237,1,1,0,0,0,0,0,0,0,0,0,0
420238,1,1,0,0,0,22,0,0,0,0,0,0
420239,1,1,0,0,0,0,0,7,0,0,0,0
420240,1,1,30,30,30,30,30,30,30,30,30,30
420240,2,1,0,0,0,0,0,0,0,0,0,0
420241,1,1,28,28,28,28,28,28,28,28,28,28
420242,1,1,21,21,21,21,21,21,21,21,21,21
420242,2,1,0,0,0,0,0,0,0,4,0,0
420243,1,1,0,4,0,0,0,0,0,0,0,0
420243,2,1,0,0,0,0,0,0,0,0,0,0
420244,1,1,21,21,21,21,21,21,21,21,21,21
420245,1,1,0,0,0,0,0,0,0,0,0,0
420245,2,1,19,19,19,19,19,19,19,19,19,19
420246,1,1,0,0,0,0,0,0,0,0,0,0
420247,1,1,13,13,13,13,13,13,13,13,13,13
420248,1,1,0,0,0,0,0,0,0,0,0,0
420249,1,1,19,19,19,19,19,19,19,19,19,19
420250,1,1,21,21,21,21,21,21,21,21,21,21
420251,1,1,0,0,0,0,0,0,0,0,0,0
420252,1,1,0,0,0,0,0,0,0,0,0,0
420253,1,1,0,0,0,0,0,0,0,0,0,0
420254,1,1,24,24,24,24,24,24,24,24,24,24
420255,1,1,0,0,0,0,0,0,0,0,0,0
420256,1,1,0,0,0,0,0,0,0,0,0,0
420257,1,1,0,0,12,10,11,0,0,0,0,0
420258,0,1,0,0,0,0,0,0,0,0,0,0
420258,1,1,0,0,0,0,0,0,0,0,0,0
420259,1,1,0,0,0,0,0,0,0,0,0,0
420260,0,1,0,0,0,0,0,0,0,0,0,0
420260,1,1,19,17,26,0,0,0,3,25,0,0
420261,1,1,0,0,9,0,0,0,0,0,0,0
420262,1,1,0,0,0,0,0,0,0,0,0,0
420263,1,1,37,0,17,25,22,24,23,25,61,17
420264,0,1,16,16,16,16,16,16,16,16,16,16
420264,1,1,0,0,0,0,0,0,0,0,0,0
420264,2,1,0,0,0,0,0,8,15,0,0,0
420265,1,1,21,21,21,21,21,21,21,21,21,21
420266,0,1,0,0,0,0,0,0,0,0,0,0
420266,1,1,0,0,0,0,0,0,0,0,0,0
420267,0,1,0,0,0,0,0,0,0,0,0,0
420267,1,1,0,0,0,0,0,0,0,0,0,0
420268,0,1,0,0,0,0,0,0,0,0,0,0
420268,1,1,0,0,0,0,0,0,0,0,0,16
420269,0,1,9,9,9,9,9,9,9,9,9,9
420269,1,1,7,3,10,28,25,16,20,10,24,18
420270,0,1,0,0,0,0,0,0,0,0,0,0
420270,1,1,0,0,0,0,0,0,0,0,0,0
420271,0,1,0,0,0,0,0,0,0,0,0,0
420271,1,1,0,0,0,24,0,0,0,0,0,0
420272,1,1,0,0,0,0,0,0,0,0,0,0
420272,2,1,17,5,0,0,0,0,0,0,0,0
420273,0,1,25,14,20,33,30,14,35,20,9,29
420273,1,1,0,0,0,0,0,0,0,0,0,0
420274,1,1,0,0,0,0,0,0,0,0,0,0
420274,2,1,0,0,0,0,0,0,0,0,0,0
420275,0,1,0,0,0,0,0,0,0,0,0,0
420275,1,1,0,0,0,0,0,0,0,0,0,0
420276,1,1,0,0,0,0,0,0,0,0,0,0
420276,2,1,0,0,0,0,0,0,0,0,0,0
420277,1,1,0,0,0,0,0,0,0,0,0,0
420278,1,1,0,0,0,0,0,0,0,0,0,0
420278,2,1,0,0,0,0,0,0,0,0,0,0
420279,1,1,0,0,0,0,0,0,0,0,0,0
420279,2,1,0,0,0,0,0,0,0,0,0,0
420280,1,1,0,0,0,0,0,0,0,0,0,0
420280,2,1,0,0,0,0,0,0,0,0,0,0
420281,1,1,0,0,0,0,0,0,0,0,0,0
420282,1,1,0,0,0,0,0,0,0,0,0,0
420282,2,1,0,0,0,0,0,0,0,0,0,0
420283,1,1,0,0,0,0,0,0,0,0,0,0
420284,1,1,10,0,0,0,0,0,0,0,0,0
420285,1,1,0,0,0,0,0,0,0,0,0,0
420285,2,1,0,0,0,0,0,0,0,0,0,0
420286,1,1,0,0,0,0,0,0,0,0,0,0
420287,1,1,30,30,30,30,30,30,30,30,30,30
420288,1,1,23,23,23,23,23,23,23,23,23,23
420289,1,1,31,31,31,31,31,31,31,31,31,31
420290,1,1,20,20,20,20,20,20,20,20,20,20
420291,1,1,11,0,0,5,0,0,0,0,0,0
420292,0,1,9,9,9,9,9,9,9,9,9,9
420292,1,1,18,0,15,0,10,9,0,21,12,0
420293,1,1,0,0,0,0,0,0,0,0,0,0
420294,1,1,0,0,0,0,0,0,0,0,0,0
420294,2,1,0,0,16,0,0,0,0,0,0,0
420295,1,1,0,0,0,0,0,0,0,0,0,0
420295,2,1,0,0,0,0,0,0,0,0,0,0
420296,1,1,0,0,0,0,0,0,0,0,0,0
420296,2,1,0,0,0,0,0,0,0,0,0,0
420297,1,1,0,0,0,0,0,0,0,0,0,0
420297,2,1,0,0,0,0,0,0,0,0,0,0
420298,1,1,0,0,0,0,0,0,0,0,22,0
420299,1,1,0,0,0,0,0,0,0,0,0,0
420299,2,1,0,0,0,0,0,0,0,0,0,0
420300,1,1,0,0,0,0,0,0,0,0,0,0
420300,2,1,0,0,0,0,0,0,0,0,0,20
420301,1,1,25,25,25,25,25,25,25,25,25,25
420301,2,1,0,0,0,0,0,0,0,0,0,16
420302,1,1,0,0,0,0,0,0,0,0,0,0
420302,2,1,0,0,0,0,0,0,0,0,0,0
420303,1,1,0,0,0,0,0,0,0,0,0,0
420304,1,1,0,0,0,0,0,0,0,0,0,0
420304,2,1,0,0,0,0,0,0,0,0,0,13
420305,1,1,20,14,16,32,10,15,14,11,22,18
420305,2,1,0,16,0,14,0,2,0,4,9,10
420306,1,1,0,0,0,0,0,0,0,0,0,0
420306,2,1,0,0,0,0,0,0,0,0,0,0
420307,1,1,13,13,13,13,13,13,13,13,13,13
420308,1,1,33,33,33,33,33,33,33,33,33,33
420310,1,1,0,0,0,0,0,0,0,0,0,0
420310,2,1,0,0,0,0,0,0,0,0,0,0
420311,1,1,0,0,0,0,0,0,0,0,0,0
420312,1,1,0,0,0,0,0,0,0,0,0,0
420313,1,1,14,14,14,14,14,14,14,14,14,14
420314,1,1,0,18,11,5,5,23,3,10,0,14
420315,1,1,16,16,16,16,16,16,16,16,16,16
420316,1,1,0,0,0,0,0,0,0,0,0,0
420317,1,1,0,0,0,0,0,0,0,0,0,0
420318,1,1,0,0,0,0,0,0,0,0,0,0
420319,0,1,0,0,0,0,0,0,0,0,0,0
420319,1,1,0,0,0,0,0,0,0,0,0,0
420320,1,1,0,0,0,0,0,0,0,0,0,0
420321,1,1,0,0,0,0,0,0,0,0,0,0
420322,1,1,40,40,40,40,40,40,40,40,40,40
420323,0,1,0,0,0,0,0,0,0,0,0,0
420323,1,1,0,0,0,0,0,0,0,0,0,0
420324,1,1,0,0,0,0,0,0,0,0,0,0
420325,1,1,0,0,0,0,0,0,0,0,0,0
420326,1,1,22,22,22,22,22,22,22,22,22,22
420327,1,1,0,0,0,0,0,0,0,0,0,0
420328,0,1,10,26,18,36,15,20,14,41,33,20
420328,1,1,5,5,5,5,5,5,5,5,5,5
420329,1,1,0,0,0,0,0,0,0,0,0,0
420329,2,1,0,0,0,0,0,0,0,0,0,0
420330,0,1,0,0,0,0,0,0,0,0,0,0
420331,1,1,0,0,0,14,0,0,0,19,0,12
420331,2,1,0,0,4,0,0,0,0,0,0,0
420332,1,1,0,0,0,0,0,0,0,0,0,0
420332,2,1,0,0,0,0,0,0,0,0,0,0
420333,1,1,0,0,0,0,0,0,0,0,0,0
420333,2,1,0,0,0,0,0,0,0,0,0,0
420334,1,1,0,0,0,0,0,0,0,0,0,0
420334,2,1,0,0,0,0,0,0,0,0,0,0
420335,1,1,58,58,58,58,58,58,58,58,58,58
420336,1,1,0,0,0,0,0,0,0,0,0,0
420337,1,1,0,0,0,0,0,0,0,0,0,0
420337,2,1,0,0,0,0,0,0,0,0,0,0
420338,1,1,0,0,0,0,0,0,0,0,0,0
420338,2,1,0,0,0,0,0,0,0,0,0,0
420339,1,1,9,0,13,7,8,0,0,0,0,17
420340,1,1,0,0,0,0,0,0,0,0,20,0
420341,0,1,0,0,0,0,0,0,0,2,0,3
420341,1,1,0,0,0,0,0,0,0,0,0,0
420342,1,1,15,0,0,0,0,42,22,0,0,0
420342,2,1,0,0,0,0,0,0,0,12,0,0
420342,3,1,0,0,0,0,0,0,0,0,0,0
420343,1,1,0,0,0,0,0,0,0,0,0,0
420344,1,1,0,0,0,0,0,0,0,0,0,0
420345,0,1,0,0,0,0,0,0,0,0,0,0
420345,1,1,0,0,0,0,0,0,0,0,0,0
420346,1,1,5,5,5,5,5,5,5,5,5,5
420347,1,1,0,0,0,0,0,0,0,0,0,0
420348,1,1,0,0,0,0,0,0,0,0,0,0
420349,1,1,24,24,24,24,24,24,24,24,24,24
420350,1,1,14,14,14,14,14,14,14,14,14,14
420351,1,1,18,18,18,18,18,18,18,18,18,18
420352,1,1,0,0,0,0,0,0,0,0,0,0
420353,0,1,0,0,0,0,14,9,0,0,10,0
420353,1,1,11,0,0,0,0,0,0,0,0,0
420354,1,1,0,0,0,0,0,0,0,0,0,0
420354,2,1,0,0,0,0,0,0,0,0,0,0
420354,3,1,0,0,0,0,0,0,0,0,0,0
420354,4,1,0,0,0,0,0,0,0,0,0,0
420354,5,1,0,0,0,0,0,0,0,0,0,0
420355,1,1,0,0,0,0,0,0,0,0,0,0
420356,1,1,0,0,0,0,0,0,0,15,0,10
420356,2,1,0,0,0,0,0,0,0,0,0,0
420356,3,1,0,0,0,0,0,0,0,0,0,0
420356,4,1,0,0,0,0,0,0,0,0,0,0
420356,5,1,0,0,0,0,0,0,0,0,0,0
420356,6,1,0,0,0,0,0,0,0,16,0,0
420356,7,1,0,0,3,0,17,0,0,0,0,0
420357,1,1,0,0,0,0,0,0,0,0,0,0