ST_CASE,VEH_NO,PER_NO,P1,P2,P3,P4,P5,P6,P7,P8,P9,P10
420358,0,1,0,0,0,0,0,0,0,0,0,0
420358,1,1,0,0,0,0,0,0,0,13,0,0
420359,0,1,0,0,0,0,0,0,0,0,0,0
420359,1,1,0,0,0,0,0,0,0,0,0,0
420360,1,1,0,0,0,0,0,0,0,0,0,0
420360,2,1,5,5,5,5,5,5,5,5,5,5
420360,3,1,0,9,0,0,8,17,10,9,0,5
420360,4,1,13,13,13,13,13,13,13,13,13,13
420360,5,1,0,0,0,0,0,0,0,0,0,0
420361,1,1,28,0,0,20,39,30,0,12,11,14
420362,1,1,4,4,4,4,4,4,4,4,4,4
420363,1,1,0,0,0,0,0,0,0,0,0,0
420364,0,1,0,0,0,0,0,0,0,0,0,0
420364,1,1,0,0,0,0,0,0,0,0,0,0
420365,1,1,0,0,0,0,0,0,0,0,0,0
420366,1,1,20,20,20,20,20,20,20,20,20,20
420367,1,1,15,15,15,15,15,15,15,15,15,15
420368,0,1,0,0,0,0,0,0,0,0,0,0
420368,1,1,0,0,0,0,3,0,0,5,0,0
420369,0,1,0,10,0,0,13,0,0,0,0,0
420369,1,1,0,0,0,0,0,0,0,0,0,0
420370,1,1,0,0,0,0,0,0,0,0,0,0
420371,0,1,0,0,0,0,0,0,0,0,0,0
420371,0,2,31,11,10,9,23,44,36,4,18,19
420371,1,1,0,0,0,0,0,0,0,0,0,0
420372,1,1,0,0,0,0,0,0,0,0,0,0
420373,1,1,0,0,0,0,0,0,0,0,0,0
420374,1,1,2,2,2,2,2,2,2,2,2,2
420375,1,1,0,0,0,0,0,0,0,0,0,0
420375,2,1,0,0,0,0,0,0,0,0,0,0
420375,3,1,0,0,0,0,0,0,0,0,0,0
420376,1,1,11,11,11,11,11,11,11,11,11,11
420377,0,1,0,0,0,0,0,0,0,0,0,0
420377,1,1,0,0,0,0,0,0,0,0,0,0
420378,1,1,5,5,5,5,5,5,5,5,5,5
420379,1,1,18,18,18,18,18,18,18,18,18,18
420380,1,1,16,16,16,16,16,16,16,16,16,16
420381,1,1,0,0,0,0,0,0,0,0,0,0
420382,1,1,0,0,0,0,0,0,0,0,0,14
420383,1,1,25,25,25,25,25,25,25,25,25,25
420384,1,1,32,32,32,32,32,32,32,32,32,32
420384,2,1,0,0,0,0,0,0,0,0,0,0
420384,3,1,0,0,0,0,0,0,0,0,0,0
420385,1,1,1,1,1,1,1,1,1,1,1,1
420386,1,1,26,26,26,26,26,26,26,26,26,26
420387,1,1,0,0,0,0,0,0,0,0,0,0
420387,2,1,0,0,0,0,0,0,0,0,0,0
420387,3,1,0,0,0,0,0,0,0,0,0,0
420388,1,1,0,0,0,0,0,0,0,0,0,0
420388,2,1,25,6,0,0,0,18,14,0,22,0
420388,3,1,0,0,0,0,0,0,0,0,0,0
420389,1,1,0,0,0,0,0,0,7,15,8,0
420389,2,1,0,0,0,0,0,0,0,0,0,0
420389,3,1,0,0,0,3,0,0,0,0,0,0
420390,0,1,0,0,0,0,0,0,0,0,0,0
420390,1,1,0,0,0,0,0,0,0,0,0,0
420391,0,1,6,0,0,0,0,0,0,0,0,0
420391,1,1,0,0,0,0,0,0,0,0,0,0
420392,0,1,0,0,0,0,0,0,0,0,0,0
420392,1,1,0,0,0,0,0,0,0,0,0,0
420393,1,1,0,0,0,0,0,0,0,0,0,0
420394,1,1,0,0,0,0,0,0,0,0,0,0
420394,2,1,0,0,0,0,0,0,0,0,0,0
420395,1,1,20,20,20,20,20,20,20,20,20,20
420396,1,1,2,2,2,2,2,2,2,2,2,2
420397,1,1,0,0,0,0,0,0,0,0,0,0
420398,1,1,0,0,0,0,0,0,0,0,0,0
420399,1,1,0,0,0,0,0,0,0,0,0,0
420400,1,1,26,26,26,26,26,26,26,26,26,26
420401,1,1,46,46,46,46,46,46,46,46,46,46
420401,2,1,0,0,0,0,0,0,0,0,0,0
420402,1,1,0,0,0,0,0,0,0,0,0,0
420402,2,1,0,0,0,0,0,0,0,0,0,0
420403,1,1,0,0,0,0,0,0,0,0,0,0
420403,2,1,0,0,0,0,0,0,0,0,0,0
420404,1,1,18,18,18,18,18,18,18,18,18,18
420404,2,1,0,0,0,0,0,0,0,0,0,0
420405,1,1,0,0,0,0,0,0,0,0,0,0
420406,1,1,29,29,29,29,29,29,29,29,29,29
420407,1,1,33,33,33,33,33,33,33,33,33,33
420408,1,1,26,26,26,26,26,26,26,26,26,26
420409,1,1,0,0,0,0,0,0,0,0,0,0
420410,1,1,0,0,0,0,0,0,0,0,0,0
420411,1,1,0,0,0,0,0,0,0,0,0,0
420411,2,1,0,0,0,0,0,0,0,0,0,0
420412,1,1,11,11,11,11,11,11,11,11,11,11
420412,2,1,0,0,0,0,0,0,0,0,0,0
420413,1,1,0,0,0,0,0,0,0,0,0,0
420413,2,1,0,0,0,0,0,0,0,0,0,0
420414,1,1,0,0,0,0,0,0,0,0,0,0
420414,2,1,13,13,13,13,13,13,13,13,13,13
420415,1,1,0,0,0,0,0,0,0,0,0,0
420416,1,1,16,16,16,16,16,16,16,16,16,16
420417,1,1,0,0,0,0,0,0,0,0,0,0
420417,2,1,0,0,0,0,0,0,0,0,0,0
420418,1,1,0,0,0,0,0,0,0,0,0,0
420419,0,1,0,0,0,0,0,0,0,0,0,0
420419,1,1,0,0,0,0,0,0,0,0,0,0
420419,2,1,0,0,0,0,0,0,0,0,0,0
420420,1,1,4,4,4,4,4,4,4,4,4,4
420421,1,1,23,23,23,23,23,23,23,23,23,23
420421,2,1,0,0,0,0,0,0,0,0,0,0
420422,1,1,15,15,15,15,15,15,15,15,15,15
420423,1,1,0,0,0,2,0,0,28,0,0,21
420424,1,1,14,14,14,14,14,14,14,14,14,14
420425,1,1,0,0,0,0,0,0,0,0,0,0
420426,1,1,0,0,0,0,0,0,0,0,0,0
420426,2,1,0,0,0,0,0,0,0,0,0,0
420427,1,1,0,0,0,0,0,0,0,0,0,0
420428,1,1,0,0,0,0,0,0,0,0,0,0
420429,1,1,0,0,0,0,0,0,0,0,0,0
420429,2,1,0,0,0,0,0,0,0,0,0,0
420430,1,1,0,0,0,0,0,0,0,0,0,0
420431,1,1,0,0,0,0,0,0,0,0,0,0
420432,0,1,0,0,0,0,0,0,0,0,0,0
420432,1,1,0,0,0,22,0,0,0,0,0,0
420433,1,1,57,57,57,57,57,57,57,57,57,57
420434,1,1,0,0,0,0,0,0,0,0,0,0
420434,2,1,0,0,0,0,0,0,0,0,0,0
420435,1,1,18,18,18,18,18,18,18,18,18,18
420436,0,1,0,0,0,0,0,0,0,0,0,0
420436,1,1,0,0,0,0,0,0,0,0,0,0
420437,1,1,13,13,13,13,13,13,13,13,13,13
420437,2,1,25,0,0,0,0,0,21,0,0,0
420438,1,1,19,19,19,19,19,19,19,19,19,19
420439,0,1,0,0,0,0,0,0,0,0,0,0
420439,1,1,0,0,0,0,0,0,0,0,0,0
420440,0,1,0,0,0,0,0,0,0,0,0,0
420440,1,1,0,0,0,0,0,0,0,0,0,0
420441,1,1,0,0,0,0,0,0,0,0,0,0
420441,2,1,0,0,0,0,0,0,0,0,0,0
420442,1,1,0,0,0,0,0,0,0,0,0,0
420442,2,1,0,0,0,0,0,0,0,0,0,0
420443,1,1,24,24,24,24,24,24,24,24,24,24
420443,2,1,7,7,7,7,7,7,7,7,7,7
420444,1,1,0,0,0,0,0,0,0,0,0,0
420444,2,1,0,0,0,0,0,0,0,0,0,0
420445,1,1,0,0,0,0,0,0,0,0,0,0
420445,2,1,0,0,0,0,0,0,0,0,0,0
420446,1,1,0,0,0,0,0,0,0,0,0,0
420446,2,1,0,0,0,0,0,0,0,0,0,0
420447,0,1,0,0,0,0,0,0,0,0,0,0
420447,1,1,0,0,0,0,0,0,0,0,0,0
420448,1,1,0,0,0,0,0,0,0,0,0,0
420448,2,1,0,0,0,0,0,0,0,0,0,0
420449,1,1,0,0,0,0,0,0,0,0,0,0
420449,2,1,0,0,0,0,0,0,0,0,0,0
420450,1,1,0,0,0,0,0,0,0,0,0,0
420450,2,1,0,0,0,0,0,0,0,0,0,0
420451,1,1,4,23,0,14,0,0,6,8,32,0
420452,1,1,0,0,0,0,0,0,0,0,0,0
420453,1,1,30,30,30,30,30,30,30,30,30,30
420454,1,1,20,20,20,20,20,20,20,20,20,20
420455,1,1,17,17,17,17,17,17,17,17,17,17
420456,0,1,0,0,0,0,0,0,0,0,0,0
420457,1,1,16,16,16,16,16,16,16,16,16,16
420458,1,1,0,0,0,0,0,0,0,0,0,0
420458,2,1,0,0,0,0,0,0,0,0,0,0
420459,1,1,17,17,17,17,17,17,17,17,17,17
420460,1,1,15,15,15,15,15,15,15,15,15,15
420461,0,1,21,6,14,16,25,9,23,14,7,31
420461,1,1,23,19,20,12,15,12,11,19,20,20
420462,1,1,19,19,19,19,19,19,19,19,19,19
420463,1,1,25,25,25,25,25,25,25,25,25,25
420464,1,1,21,21,21,21,21,21,21,21,21,21
420465,1,1,23,23,23,23,23,23,23,23,23,23
420466,1,1,42,42,42,42,42,42,42,42,42,42
420467,1,1,33,33,33,33,33,33,33,33,33,33
420468,0,1,0,0,0,0,0,0,0,0,0,0
420468,1,1,0,0,0,0,0,0,0,0,0,0
420469,1,1,29,29,29,29,29,29,29,29,29,29
420469,2,1,0,0,0,0,0,0,0,0,0,0
420470,0,1,0,0,0,0,0,0,0,0,0,0
420470,1,1,0,0,0,0,0,0,0,0,0,0
420471,1,1,0,0,0,0,0,0,0,0,0,0
420471,2,1,0,0,0,0,13,0,0,0,0,0
420472,1,1,20,20,20,20,20,20,20,20,20,20
420472,2,1,0,0,0,0,0,0,0,0,0,0
420473,1,1,0,0,0,0,0,0,0,0,0,0
420473,2,1,0,0,0,0,0,0,0,0,0,0
420474,1,1,0,0,0,0,0,0,0,0,0,0
420474,2,1,0,0,0,0,0,0,0,0,0,0
420475,1,1,0,0,0,0,0,0,0,0,0,0
420475,2,1,0,8,0,0,0,0,0,0,0,0
420476,1,1,6,6,6,6,6,6,6,6,6,6
420476,2,1,0,0,0,0,0,0,0,0,0,0
420477,1,1,0,0,0,0,0,0,0,0,0,0
420478,1,1,28,28,28,28,28,28,28,28,28,28
420479,1,1,0,0,0,0,0,0,0,0,0,0
420479,2,1,0,0,0,0,0,0,0,0,0,0
420480,1,1,11,10,0,0,0,0,0,0,0,10
420481,1,1,1,1,1,1,1,1,1,1,1,1
420482,0,1,0,0,0,0,0,0,0,0,8,0
420482,1,1,0,0,0,0,0,0,0,0,0,0
420483,1,1,11,11,11,11,11,11,11,11,11,11
420484,1,1,22,22,22,22,22,22,22,22,22,22
420485,1,1,39,39,39,39,39,39,39,39,39,39
420486,1,1,47,47,47,47,47,47,47,47,47,47
420487,1,1,0,0,0,0,0,0,0,0,0,0
420488,0,1,0,0,0,0,0,15,0,0,0,0
420488,1,1,0,0,0,0,0,0,0,0,0,0
420489,1,1,0,0,0,0,0,0,0,0,0,0
420489,2,1,0,0,0,0,0,0,0,0,0,0
420490,1,1,28,28,28,28,28,28,28,28,28,28
420491,1,1,12,12,12,12,12,12,12,12,12,12
420492,1,1,25,25,25,25,25,25,25,25,25,25
420493,1,1,0,0,0,0,0,0,0,0,0,0
420494,1,1,1,1,1,1,1,1,1,1,1,1
420494,2,1,0,0,0,0,0,0,0,0,0,0
420495,1,1,23,23,23,23,23,23,23,23,23,23
420495,2,1,0,0,0,0,0,0,0,0,0,0
420496,1,1,18,18,18,18,18,18,18,18,18,18
420497,1,1,27,27,27,27,27,27,27,27,27,27
420498,1,1,0,0,0,0,0,0,0,0,0,0
420499,1,1,10,10,10,10,10,10,10,10,10,10
420500,1,1,0,0,0,22,0,0,0,0,0,0
420501,1,1,23,23,23,23,23,23,23,23,23,23
420502,0,1,0,0,0,0,0,0,0,0,0,0
420502,0,2,0,0,0,0,0,0,0,0,0,0
420502,0,3,0,0,0,0,0,0,0,0,0,0
420502,1,1,0,0,0,0,0,0,0,0,0,0
420503,1,1,0,0,0,0,0,0,0,0,0,0
420504,1,1,16,16,16,16,16,16,16,16,16,16
420505,1,1,0,0,0,0,0,0,0,0,0,0
420506,0,1,0,0,0,0,0,0,0,0,0,0
420506,1,1,0,0,0,0,0,0,0,0,0,0
420507,1,1,0,0,0,0,0,0,0,0,0,0
420508,1,1,0,0,0,0,0,0,0,0,0,0
420509,0,1,0,0,0,0,0,0,0,0,0,0
420509,1,1,0,0,0,0,0,0,0,0,0,0
420510,0,1,0,0,0,0,0,0,0,0,0,0
420510,1,1,0,0,0,0,0,0,0,0,0,0
420511,1,1,0,0,0,0,0,0,0,0,0,0
420512,1,1,0,0,0,0,0,0,0,0,0,0
420513,1,1,15,15,15,15,15,15,15,15,15,15
420514,1,1,11,11,11,11,11,11,11,11,11,11
420515,0,1,0,0,0,0,0,0,8,0,0,29
420515,1,1,0,0,0,0,0,0,0,0,0,0
420516,1,1,0,0,0,0,0,0,0,0,0,0
420516,2,1,0,0,0,0,0,0,0,0,0,0
420517,1,1,0,19,0,0,0,0,0,0,0,0
420517,2,1,0,0,0,0,0,0,0,0,0,0
420518,1,1,0,0,0,0,0,0,0,0,0,0
420518,2,1,0,0,0,0,0,0,0,0,0,0
420519,1,1,0,0,0,0,0,0,37,0,10,0
420519,2,1,0,0,0,0,0,0,0,0,0,0
420520,1,1,30,30,30,30,30,30,30,30,30,30
420521,0,1,0,0,0,0,0,0,0,0,0,0
420521,1,1,0,0,0,0,0,0,0,0,0,0
420522,0,1,0,0,0,0,0,0,0,0,0,0
420522,1,1,1,1,1,1,1,1,1,1,1,1
420523,1,1,0,0,0,0,0,0,0,0,0,0
420524,1,1,6,6,6,6,6,6,6,6,6,6
420525,0,1,0,0,0,0,0,0,0,0,0,0
420525,1,1,0,0,0,0,0,0,0,0,0,0
420526,1,1,7,7,7,7,7,7,7,7,7,7
420527,1,1,0,0,0,0,0,0,0,0,0,0
420528,1,1,10,10,10,10,10,10,10,10,10,10
420529,1,1,0,0,0,0,0,0,0,0,0,0
420529,2,1,0,0,0,0,0,0,0,0,0,0
420530,0,1,0,0,0,0,0,0,0,0,0,0
420530,1,1,0,0,0,0,0,0,0,0,0,0
420531,0,1,0,0,0,0,0,0,0,0,0,0
420531,1,1,22,16,5,19,25,13,20,25,31,14
420532,0,1,19,19,19,19,19,19,19,19,19,19
420532,1,1,0,0,0,0,0,0,0,0,0,0
420533,0,1,0,0,0,0,0,0,0,0,0,0
420533,1,1,25,12,18,15,23,25,13,11,30,23
420534,1,1,0,0,14,0,0,14,0,20,0,0
420534,2,1,0,0,0,0,0,0,0,0,0,0
420535,1,1,0,0,0,0,0,0,0,0,0,0
420535,2,1,7,0,0,0,0,0,0,0,0,0
420536,1,1,17,17,17,17,17,17,17,17,17,17
420537,1,1,14,31,19,13,4,0,10,0,7,0
420537,2,1,0,0,0,0,0,0,0,0,0,0
420538,1,1,28,28,28,28,28,28,28,28,28,28
420539,1,1,0,0,0,0,0,0,0,0,0,0
420540,1,1,1,1,1,1,1,1,1,1,1,1
420540,2,1,0,0,0,0,0,0,0,0,0,0
420541,0,1,0,0,0,0,0,0,0,0,0,0
420541,1,1,0,0,0,0,0,0,0,0,0,0
420542,1,1,22,22,22,22,22,22,22,22,22,22
420542,2,1,0,0,0,0,0,0,0,0,0,0
420543,1,1,26,26,26,26,26,26,26,26,26,26
420544,1,1,19,19,19,19,19,19,19,19,19,19
420545,1,1,21,21,21,21,21,21,21,21,21,21
420546,1,1,0,0,0,0,0,0,0,0,0,0
420547,1,1,0,0,0,0,0,0,0,0,0,0
420547,2,1,0,0,0,0,20,0,0,0,0,0
420547,3,1,0,0,0,0,0,0,0,0,0,0
420548,1,1,0,0,0,0,0,0,0,0,0,0
420549,1,1,6,6,6,6,6,6,6,6,6,6
420550,1,1,13,13,13,13,13,13,13,13,13,13
420551,1,1,13,13,13,13,13,13,13,13,13,13
420552,1,1,7,7,7,7,7,7,7,7,7,7
420553,1,1,0,0,0,0,0,0,0,0,0,0
420554,1,1,9,9,9,9,9,9,9,9,9,9
420555,1,1,21,21,21,21,21,21,21,21,21,21
420556,1,1,0,0,0,0,0,0,0,0,0,0
420556,2,1,0,0,0,0,0,0,0,0,0,0
420556,3,1,0,0,0,0,0,0,0,0,0,0
420557,1,1,1,1,1,1,1,1,1,1,1,1
420558,1,1,0,0,0,0,0,0,0,0,0,0
420558,2,1,0,0,5,0,0,0,0,0,0,0
420558,3,1,0,0,0,0,0,0,0,0,0,0
420559,1,1,0,0,0,0,0,0,0,0,0,0
420560,1,1,0,0,0,0,0,0,0,0,0,0
420561,1,1,0,0,0,0,0,0,0,0,0,0
420562,1,1,0,0,0,0,0,0,0,0,0,0
420562,2,1,0,0,0,0,0,0,0,0,0,0
420562,3,1,0,0,0,0,0,0,0,0,0,0
420562,4,1,0,0,0,0,0,0,0,0,0,0
420562,5,1,0,0,0,21,9,19,9,21,0,0
420563,1,1,0,0,0,0,0,0,0,0,0,0
420565,1,1,0,0,0,0,0,0,0,0,0,0
420565,2,1,0,0,0,0,0,0,0,0,0,0
420565,3,1,0,0,0,0,0,0,0,0,0,0
420565,4,1,0,0,0,0,0,0,0,0,0,0
420565,5,1,0,0,0,0,0,0,0,0,0,0
420565,6,1,0,0,22,0,0,0,0,0,0,0
420566,1,1,0,0,0,0,0,0,0,0,0,0
420567,1,1,16,16,16,16,16,16,16,16,16,16
420568,1,1,17,17,17,17,17,17,17,17,17,17
420569,1,1,18,18,18,18,18,18,18,18,18,18
420570,1,1,0,0,0,0,0,0,0,0,0,0
420571,1,1,27,27,27,27,27,27,27,27,27,27
420572,1,1,24,24,24,24,24,24,24,24,24,24
420573,1,1,0,0,0,0,0,0,0,0,0,0
420574,1,1,26,26,26,26,26,26,26,26,26,26
420575,1,1,0,0,0,0,0,0,0,0,0,0
420575,2,1,0,0,0,0,0,0,0,0,0,0
420576,1,1,17,17,17,17,17,17,17,17,17,17
420577,1,1,0,0,0,0,0,0,0,0,0,0
420577,2,1,0,0,0,0,0,0,0,0,0,0
420578,1,1,0,0,0,0,0,0,0,0,0,0
420579,1,1,17,17,17,17,17,17,17,17,17,17
420580,1,1,0,0,0,0,0,0,8,0,0,0
420581,1,1,0,0,0,0,0,0,0,0,0,0
420582,1,1,0,0,0,0,0,0,0,0,0,0
420583,1,1,20,20,20,20,20,20,20,20,20,20
420583,2,1,0,0,0,0,0,0,0,0,0,0
420584,1,1,27,27,27,27,27,27,27,27,27,27
420584,2,1,0,0,0,0,0,0,0,0,0,0
420585,1,1,0,0,0,0,0,0,0,0,0,0
420585,2,1,0,0,0,0,0,0,0,0,0,0
420586,1,1,0,0,0,0,0,0,0,0,0,0
420586,2,1,0,0,0,0,0,0,0,0,0,0
420587,1,1,11,11,11,11,11,11,11,11,11,11
420588,1,1,28,28,28,28,28,28,28,28,28,28
420588,2,1,0,0,8,0,0,0,0,0,0,0
420589,1,1,30,30,30,30,30,30,30,30,30,30
420590,1,1,0,0,0,0,0,0,0,0,0,0
420590,2,1,0,4,0,0,0,0,0,0,0,0
420591,1,1,18,18,18,18,18,18,18,18,18,18
420592,1,1,1,1,1,1,1,1,1,1,1,1
420592,2,1,0,0,0,0,0,0,0,0,0,0
420593,1,1,0,0,0,0,0,0,0,0,0,12
420594,1,1,27,27,27,27,27,27,27,27,27,27
420595,1,1,0,0,0,0,0,0,0,0,0,0
420595,2,1,0,0,0,0,0,0,0,0,0,27
420596,1,1,0,0,0,0,0,0,0,0,0,0
420596,2,1,0,0,0,0,0,0,0,0,0,0
420597,1,1,0,0,0,8,0,0,0,0,0,0
420597,2,1,0,0,0,0,0,0,0,0,0,0
420598,1,1,26,26,26,26,26,26,26,26,26,26
420599,1,1,31,31,31,31,31,31,31,31,31,31
420600,1,1,8,8,8,8,8,8,8,8,8,8
420601,1,1,0,0,0,0,0,0,0,0,0,24
420602,1,1,0,0,0,0,0,0,0,0,0,0
420602,2,1,0,0,0,0,0,0,4,0,0,0
420603,1,1,0,0,0,0,0,0,0,0,0,0
420603,2,1,0,0,0,0,0,0,0,0,0,0
420604,1,1,0,0,0,0,0,0,0,0,0,0
420604,2,1,0,0,0,0,0,0,0,0,0,0
420605,1,1,0,0,0,0,15,0,19,27,22,0
420606,1,1,0,0,0,0,0,0,0,0,0,0
420606,2,1,0,0,0,0,0,0,0,0,0,0
420607,1,1,0,0,0,0,0,0,0,0,0,0
420607,2,1,0,0,0,0,0,0,0,0,0,0
420608,1,1,0,0,0,0,0,0,0,0,0,0
420608,2,1,3,3,3,3,3,3,3,3,3,3
420608,3,1,5,5,5,5,5,5,5,5,5,5
420608,4,1,2,2,2,2,2,2,2,2,2,2
420609,1,1,0,0,0,0,0,0,0,0,0,0
420610,1,1,24,24,24,24,24,24,24,24,24,24
420611,1,1,1,1,1,1,1,1,1,1,1,1
420612,1,1,0,0,0,0,0,0,0,0,0,0
420613,1,1,0,0,0,0,0,0,0,0,0,0
420614,1,1,14,14,14,14,14,14,14,14,14,14
420615,1,1,0,0,0,0,0,0,0,0,17,15
420615,2,1,0,0,0,0,0,0,0,0,0,0
420616,1,1,22,22,22,22,22,22,22,22,22,22
420617,1,1,0,0,0,0,3,0,0,4,0,0
420617,2,1,0,4,0,0,0,0,0,0,0,0
420617,3,1,0,0,0,0,0,0,0,0,0,14
420618,1,1,0,0,0,0,0,0,0,0,0,0
420618,2,1,0,0,0,0,0,0,0,0,0,0
420618,3,1,0,0,0,0,0,0,0,0,0,0
420619,1,1,20,25,23,9,0,0,15,0,0,15
420620,1,1,0,0,0,0,0,0,0,0,0,0
420621,1,1,20,20,20,20,20,20,20,20,20,20
420622,1,1,0,0,0,0,0,0,0,0,0,0
420622,2,1,0,0,0,0,0,0,0,0,0,0
420623,1,1,0,0,0,0,0,0,0,0,0,0
420624,1,1,0,0,0,0,0,0,0,0,0,0
420624,2,1,0,0,0,0,0,0,0,0,0,0
420625,1,1,20,20,20,20,20,20,20,20,20,20
420625,2,1,0,0,0,0,0,0,0,0,0,0
420626,0,1,0,0,0,0,0,0,0,0,0,0
420626,1,1,15,0,11,21,8,17,23,17,22,20
420627,1,1,12,12,12,12,12,12,12,12,12,12
420627,2,1,0,0,0,0,0,0,0,0,14,0
420628,1,1,0,0,0,0,0,0,0,0,0,0
420628,2,1,0,0,0,0,0,0,0,0,0,0
420629,1,1,0,0,0,0,0,0,0,0,0,0
420629,2,1,0,0,0,0,0,0,0,0,0,0
420630,1,1,0,0,0,0,0,0,0,0,0,0
420631,1,1,0,0,0,0,0,0,0,0,0,0
420631,2,1,0,0,0,0,0,0,0,0,0,0
420632,1,1,0,0,0,0,0,0,0,0,0,0
420632,2,1,0,0,0,0,0,0,0,0,0,0
420633,1,1,0,0,0,0,0,0,0,0,0,0
420633,2,1,0,0,0,0,0,0,0,0,0,0
420634,1,1,4,4,4,4,4,4,4,4,4,4
420634,2,1,0,0,0,0,0,0,0,0,0,0
420635,1,1,15,15,15,15,15,15,15,15,15,15
420635,2,1,0,0,0,0,0,0,0,0,0,0
420636,1,1,0,0,0,0,0,0,0,0,0,0
420637,1,1,0,0,0,0,0,0,0,0,0,0
420637,2,1,0,0,0,0,0,0,0,0,0,0
420638,1,1,0,0,0,0,0,0,0,0,0,0
420638,2,1,7,7,7,7,7,7,7,7,7,7
420639,1,1,0,0,0,0,0,0,0,0,0,0
420640,1,1,0,0,0,0,0,0,0,0,0,0
420641,1,1,18,18,18,18,18,18,18,18,18,18
420642,1,1,17,17,17,17,17,17,17,17,17,17
420643,1,1,17,17,17,17,17,17,17,17,17,17
420644,1,1,0,0,0,0,0,0,0,0,0,0
420645,1,1,5,7,9,19,0,3,2,8,16,2
420646,1,1,0,0,0,0,0,0,0,0,0,0
420647,1,1,21,21,21,21,21,21,21,21,21,21
420648,1,1,17,17,17,17,17,17,17,17,17,17
420648,2,1,0,0,0,0,0,0,0,6,0,0
420649,1,1,0,0,0,0,0,0,0,0,0,0
420650,1,1,0,0,0,0,0,0,0,0,0,0
420651,1,1,0,0,0,0,0,0,0,0,0,0
420651,2,1,0,0,0,0,0,0,0,0,0,0
420652,1,1,0,0,0,0,0,0,0,0,0,0
420653,1,1,17,17,17,17,17,17,17,17,17,17
420654,0,1,0,0,0,0,0,0,0,0,0,0
420654,1,1,0,0,0,11,0,15,0,0,0,0
420655,0,1,40,0,0,0,0,23,0,0,0,0
420655,0,2,0,13,0,0,0,0,0,0,0,0
420655,1,1,25,25,25,25,25,25,25,25,25,25
420656,1,1,0,0,0,0,0,0,0,0,0,0
420656,2,1,0,0,0,0,0,0,0,0,0,0
420657,1,1,0,0,0,0,0,0,0,0,0,0
420657,2,1,0,0,0,0,20,0,0,0,0,0
420658,1,1,0,0,0,0,0,0,0,0,0,0
420658,2,1,0,0,0,0,0,0,0,0,0,0
420659,1,1,18,18,18,18,18,18,18,18,18,18
420660,1,1,0,0,0,0,0,0,0,0,0,0
420661,1,1,21,0,18,0,0,0,0,0,11,24
420662,1,1,20,20,20,20,20,20,20,20,20,20
420663,1,1,31,31,31,31,31,31,31,31,31,31
420664,1,1,14,14,14,14,14,14,14,14,14,14
420665,0,1,0,0,0,0,0,0,0,0,0,0
420665,1,1,0,0,0,0,0,0,0,0,0,0
420666,1,1,18,18,18,18,18,18,18,18,18,18
420667,0,1,0,0,0,0,0,0,0,0,0,0
420667,1,1,0,0,0,0,0,0,0,0,0,0
420668,1,1,21,21,21,21,21,21,21,21,21,21
420669,1,1,8,8,8,8,8,8,8,8,8,8
420670,0,1,0,0,0,0,0,0,0,0,0,0
420670,1,1,15,15,15,15,15,15,15,15,15,15
420671,0,1,0,0,0,0,0,0,0,0,0,0
420671,1,1,0,0,0,0,0,0,0,0,0,0
420672,1,1,0,0,0,0,0,0,0,0,0,0
420672,2,1,0,5,0,0,0,0,0,0,0,20
420673,1,1,0,0,0,0,0,0,0,0,0,0
420673,2,1,6,6,6,6,6,6,6,6,6,6
420674,1,1,15,15,15,15,15,15,15,15,15,15
420674,2,1,0,0,0,0,0,0,0,0,0,0
420675,1,1,0,0,0,0,0,0,0,0,0,0
420675,2,1,0,0,0,0,0,0,0,0,0,14
420676,1,1,0,0,0,0,0,0,0,0,0,21
420676,2,1,0,0,0,0,0,0,0,0,0,0
420677,1,1,0,0,0,0,0,0,0,0,0,0
420678,1,1,0,0,0,0,0,0,0,0,0,0
420678,2,1,14,14,14,14,14,14,14,14,14,14
420679,1,1,0,0,0,0,0,0,0,0,0,0
420679,2,1,0,0,0,0,0,0,0,0,0,0
420680,1,1,0,0,0,0,0,0,0,0,0,0
420680,2,1,0,0,0,0,0,0,0,0,0,0
420681,1,1,0,0,0,0,0,9,0,0,0,0
420681,2,1,0,0,0,0,0,0,0,0,0,0
420682,1,1,0,0,0,0,0,0,0,0,0,5
420682,2,1,0,0,0,0,0,0,0,0,0,0
420684,1,1,0,0,0,0,0,0,0,0,0,0
420684,2,1,0,0,0,0,2,0,0,0,0,0
420685,1,1,0,0,0,0,0,0,0,0,0,0
420685,2,1,0,0,0,0,0,0,0,0,0,0
420686,1,1,12,0,0,0,0,0,0,0,0,0
420687,1,1,0,0,0,0,0,0,0,0,0,0
420687,2,1,0,0,0,0,0,0,0,0,0,0
420688,1,1,0,0,0,0,0,0,0,0,0,0