ST_CASE,VEH_NO,PER_NO,P1,P2,P3,P4,P5,P6,P7,P8,P9,P10
420688,2,1,0,0,0,0,0,0,0,0,0,0
420689,1,1,20,20,20,20,20,20,20,20,20,20
420690,1,1,0,0,0,0,0,0,0,0,0,0
420690,2,1,0,0,0,0,0,0,0,0,0,0
420691,1,1,0,0,0,0,0,0,0,0,0,0
420691,2,1,0,0,0,0,0,0,0,0,0,21
420692,1,1,20,20,20,20,20,20,20,20,20,20
420692,2,1,0,0,0,0,0,0,0,0,0,0
420693,0,1,0,0,0,0,0,0,0,0,0,0
420693,1,1,0,0,0,0,0,0,0,0,0,0
420694,1,1,0,0,0,0,0,0,0,0,0,0
420695,1,1,22,22,22,22,22,22,22,22,22,22
420696,0,1,10,10,10,10,10,10,10,10,10,10
420696,1,1,0,0,0,0,0,0,0,0,0,0
420697,1,1,0,0,0,0,0,0,0,0,0,0
420697,2,1,0,0,0,0,0,0,0,0,0,0
420697,3,1,0,0,0,0,0,0,0,0,0,0
420697,4,1,0,0,0,0,10,0,0,0,0,0
420697,5,1,0,0,0,0,0,0,0,0,0,0
420698,0,1,0,0,0,0,0,0,0,0,0,0
420698,1,1,0,0,0,0,0,0,0,0,0,0
420699,1,1,0,0,0,0,0,0,0,0,0,0
420700,1,1,27,27,27,27,27,27,27,27,27,27
420701,1,1,12,12,12,12,12,12,12,12,12,12
420702,1,1,0,0,0,0,0,0,0,0,0,0
420703,1,1,0,22,0,0,0,0,0,11,11,0
420703,2,1,0,0,0,0,0,0,0,0,0,0
420704,1,1,1,1,1,1,1,1,1,1,1,1
420704,2,1,0,0,0,0,0,0,0,0,0,0
420704,3,1,0,0,0,0,0,0,16,0,0,0
420705,1,1,0,0,0,0,0,0,0,0,0,0
420705,2,1,0,0,0,0,0,0,0,0,0,0
420705,3,1,0,0,0,0,0,0,0,0,0,0
420706,1,1,0,0,0,6,0,0,13,8,0,13
420707,1,1,19,19,19,19,19,19,19,19,19,19
420708,1,1,0,0,0,0,0,0,0,0,0,0
420708,2,1,0,0,0,0,0,0,0,0,0,0
420708,3,1,0,14,0,0,0,4,0,0,19,0
420709,1,1,0,0,0,0,0,0,0,0,0,0
420710,1,1,14,14,14,14,14,14,14,14,14,14
420711,1,1,0,0,0,0,0,0,0,0,0,0
420711,2,1,0,0,0,0,0,0,0,0,0,0
420711,3,1,0,0,0,0,0,0,0,0,0,0
420712,1,1,0,0,0,0,0,0,0,0,0,0
420712,2,1,0,0,0,0,0,0,0,0,0,0
420712,3,1,0,0,0,0,0,0,0,0,0,0
420713,1,1,0,0,12,0,0,0,0,0,0,0
420713,2,1,0,0,0,0,0,0,0,0,0,0
420713,3,1,0,0,0,0,0,0,0,0,0,0
420714,1,1,0,0,0,0,0,0,0,0,0,0
420714,2,1,0,0,0,0,0,0,0,0,0,0
420714,3,1,0,5,0,0,0,0,0,0,0,0
420715,1,1,20,20,20,20,20,20,20,20,20,20
420715,2,1,0,0,0,0,0,0,0,0,0,0
420715,3,1,0,0,0,0,0,0,0,0,0,0
420715,4,1,0,0,0,0,0,0,0,0,0,0
420716,1,1,0,23,0,0,0,0,0,0,0,0
420716,2,1,0,0,0,0,0,0,0,0,0,0
420716,3,1,0,0,0,0,0,0,0,0,0,0
420716,4,1,0,0,0,0,0,0,0,0,0,0
420717,1,1,8,0,0,0,0,0,0,0,0,0
420717,2,1,0,0,0,0,0,0,0,0,0,0
420718,1,1,0,0,0,0,0,0,0,0,0,0
420719,0,1,25,25,25,25,25,25,25,25,25,25
420719,1,1,0,0,0,0,0,20,0,0,0,0
420720,1,1,0,0,0,0,0,0,0,0,0,0
420721,1,1,0,0,0,0,0,0,0,0,0,0
420722,1,1,28,28,28,28,28,28,28,28,28,28
420723,1,1,10,10,10,10,10,10,10,10,10,10
420724,1,1,21,21,21,21,21,21,21,21,21,21
420725,0,1,22,21,0,0,0,20,0,0,0,0
420725,1,1,0,0,0,0,0,0,0,0,0,0
420726,1,1,8,8,8,8,8,8,8,8,8,8
420727,1,1,0,0,0,0,0,0,0,0,4,12
420728,1,1,3,3,3,3,3,3,3,3,3,3
420729,1,1,22,22,22,22,22,22,22,22,22,22
420730,0,1,14,14,14,14,14,14,14,14,14,14
420730,1,1,3,3,3,3,3,3,3,3,3,3
420731,1,1,14,14,14,14,14,14,14,14,14,14
420732,1,1,0,0,0,0,0,0,0,0,0,0
420733,1,1,0,0,0,0,0,0,0,0,0,0
420733,2,1,5,5,5,5,5,5,5,5,5,5
420734,1,1,12,12,12,12,12,12,12,12,12,12
420734,2,1,0,0,0,0,0,0,0,0,0,0
420735,1,1,0,0,0,0,0,0,0,0,0,0
420736,1,1,0,0,0,0,0,0,0,0,0,0
420736,2,1,0,0,0,0,0,0,0,0,0,0
420736,3,1,0,0,0,0,0,0,0,0,0,0
420737,1,1,27,27,27,27,27,27,27,27,27,27
420737,2,1,0,0,0,0,0,0,0,0,0,0
420738,1,1,0,0,0,0,0,0,0,0,0,0
420739,1,1,0,0,0,0,0,0,0,0,0,0
420739,2,1,0,0,0,0,0,0,0,0,0,0
420740,1,1,0,0,0,0,0,0,0,0,0,0
420740,2,1,0,0,0,0,0,0,0,0,0,0
420740,3,1,0,0,0,0,0,0,0,0,0,0
420741,1,1,0,0,0,0,0,0,0,0,0,0
420741,2,1,0,0,15,0,0,22,0,0,0,0
420742,1,1,0,0,0,0,0,0,0,0,0,0
420743,1,1,19,19,19,19,19,19,19,19,19,19
420744,1,1,2,2,2,2,2,2,2,2,2,2
420744,2,1,0,0,0,0,0,0,0,0,0,0
420745,1,1,0,0,0,0,0,0,0,0,0,0
420745,2,1,0,0,0,0,0,0,0,0,0,0
420746,1,1,0,0,0,0,0,0,0,0,0,0
420746,2,1,0,0,0,0,0,0,0,0,0,0
420747,1,1,0,0,0,0,0,0,0,0,0,0
420747,2,1,0,0,0,0,0,0,0,0,0,0
420748,1,1,14,14,14,14,14,14,14,14,14,14
420748,2,1,0,0,0,0,0,0,0,0,0,0
420749,1,1,0,0,0,0,0,0,0,0,0,0
420749,2,1,0,0,0,0,0,0,0,0,0,0
420750,1,1,18,18,18,18,18,18,18,18,18,18
420750,2,1,0,0,0,0,0,0,0,0,0,0
420751,1,1,0,0,0,0,0,0,0,0,0,0
420751,2,1,0,0,0,0,0,0,0,0,0,0
420752,1,1,0,0,0,0,0,0,0,0,0,0
420752,2,1,20,0,0,33,0,0,0,0,0,0
420753,1,1,20,20,20,20,20,20,20,20,20,20
420753,2,2,0,0,0,0,0,28,0,0,0,0
420754,1,1,13,13,13,13,13,13,13,13,13,13
420754,2,1,0,0,0,0,0,0,0,0,0,0
420755,1,1,0,0,0,0,0,0,0,0,0,0
420755,2,1,0,0,0,0,0,18,0,0,0,0
420756,1,1,0,0,0,0,0,0,0,0,0,0
420756,2,1,0,0,0,0,0,0,0,0,0,0
420757,1,1,0,0,0,0,0,0,0,0,0,0
420757,2,1,0,0,0,0,0,0,0,0,0,0
420758,1,1,20,20,20,20,20,20,20,20,20,20
420758,2,1,0,10,0,0,0,0,0,0,3,0
420759,1,1,0,0,0,0,0,0,0,0,0,0
420760,1,1,14,14,14,14,14,14,14,14,14,14
420761,1,1,0,0,0,0,0,0,0,0,0,0
420761,2,1,0,0,0,0,0,0,0,0,0,0
420762,1,1,36,36,36,36,36,36,36,36,36,36
420763,1,1,14,29,3,17,20,27,24,28,16,4
420764,1,1,0,0,0,0,0,0,0,0,0,0
420764,2,1,0,0,0,0,0,0,0,0,0,0
420765,1,1,18,18,18,18,18,18,18,18,18,18
420766,1,1,0,0,0,0,0,0,0,0,0,0
420766,2,1,0,0,0,0,0,0,0,0,0,0
420767,1,1,22,22,22,22,22,22,22,22,22,22
420768,1,1,0,0,0,0,0,0,0,0,0,0
420769,1,1,0,0,0,0,0,0,0,0,0,0
420769,2,1,17,17,17,17,17,17,17,17,17,17
420770,1,1,0,0,0,0,0,0,0,0,0,0
420770,2,1,0,0,0,0,0,0,0,0,0,0
420771,1,1,0,0,0,0,0,0,0,0,0,0
420771,2,1,0,0,0,0,0,0,0,0,0,0
420772,1,1,0,0,0,0,0,0,0,0,0,0
420773,1,1,18,18,18,18,18,18,18,18,18,18
420773,2,1,0,0,0,0,0,0,0,0,0,0
420773,3,1,0,0,0,0,0,0,0,0,0,0
420774,1,1,0,0,0,0,0,0,0,0,0,0
420774,2,1,0,0,0,0,0,0,0,0,0,0
420775,1,1,0,0,0,0,0,0,0,0,0,0
420775,2,1,0,0,0,0,0,0,0,0,0,0
420776,1,1,0,0,0,0,0,0,0,0,0,0
420776,2,1,0,0,0,0,0,0,0,0,0,0
420776,3,1,0,0,0,0,0,0,0,0,0,0
420777,1,1,0,0,0,0,0,0,0,0,0,0
420777,2,1,0,0,0,0,0,0,0,0,0,15
420778,1,1,0,0,0,0,0,0,0,0,0,0
420778,2,1,0,0,0,0,0,0,0,0,0,0
420779,1,1,0,0,0,0,0,0,0,0,0,0
420779,2,1,0,0,0,0,0,0,0,0,0,0
420779,3,1,0,0,0,0,0,0,0,0,0,0
420780,1,1,0,0,0,0,0,0,0,0,0,0
420780,2,1,0,0,0,0,0,0,0,0,0,0
420781,1,1,0,0,0,0,0,0,0,0,0,0
420781,2,1,0,0,0,0,0,0,0,0,0,0
420781,3,1,0,0,0,0,0,0,0,0,0,0
420782,1,1,0,0,0,0,8,0,0,0,4,0
420782,2,1,0,0,0,0,0,0,0,0,0,0
420782,3,1,9,12,6,22,10,0,0,0,0,0
420783,1,1,19,19,19,19,19,19,19,19,19,19
420784,1,1,0,0,0,0,0,0,0,0,0,0
420784,2,1,0,0,0,0,0,0,0,0,0,0
420785,1,1,0,0,0,0,0,2,10,0,10,0
420785,2,1,0,0,0,0,0,0,0,0,0,0
420785,3,1,0,0,0,0,4,0,0,0,0,0
420786,1,1,0,0,0,0,0,0,0,0,0,0
420787,1,1,22,22,22,22,22,22,22,22,22,22
420788,1,1,0,0,0,0,0,0,0,0,0,0
420789,1,1,0,0,0,0,0,0,0,0,0,0
420789,2,1,0,0,0,0,6,0,0,0,0,14
420789,3,1,0,0,0,0,0,0,0,0,0,0
420790,1,1,24,24,24,24,24,24,24,24,24,24
420791,1,1,0,0,0,0,0,0,0,0,0,0
420791,2,1,0,0,0,0,0,0,0,0,0,0
420792,1,1,15,15,15,15,15,15,15,15,15,15
420792,2,1,0,0,0,0,0,0,0,0,0,0
420793,1,1,0,0,0,0,0,0,0,0,0,0
420794,1,1,0,0,0,0,0,0,0,0,0,0
420794,2,1,0,0,0,18,0,0,0,0,0,0
420795,1,1,20,20,20,20,20,20,20,20,20,20
420796,1,1,0,0,0,0,0,10,0,0,0,0
420796,2,1,0,0,0,0,0,0,0,0,0,0
420797,1,1,0,0,0,0,0,0,0,0,0,0
420798,1,1,0,0,0,0,0,0,0,0,0,0
420799,1,1,0,0,0,0,0,0,0,0,0,0
420799,2,1,0,0,0,0,0,0,0,0,0,0
420800,1,1,37,37,37,37,37,37,37,37,37,37
420801,1,1,0,0,0,0,0,0,0,0,0,0
420801,2,1,0,0,0,0,0,0,0,0,0,0
420802,1,1,0,0,0,0,0,0,0,0,0,0
420803,1,1,0,0,0,0,0,0,0,0,0,0
420803,2,1,0,0,0,0,0,0,0,0,0,0
420804,1,1,0,0,0,0,0,0,0,0,0,0
420804,2,1,0,0,0,0,0,0,0,0,0,0
420804,3,1,0,0,0,0,0,0,0,0,0,0
420805,1,1,13,13,13,13,13,13,13,13,13,13
420806,1,1,0,0,0,0,0,0,0,0,0,0
420807,1,1,0,0,0,0,0,0,0,0,0,0
420807,2,1,0,29,0,0,0,0,0,0,0,0
420807,3,1,0,0,0,0,0,0,0,0,0,0
420808,1,1,17,17,17,17,17,17,17,17,17,17
420809,1,1,0,0,0,0,0,0,0,0,0,0
420809,2,1,0,0,0,0,0,0,0,0,0,0
420810,0,1,0,8,41,0,36,24,0,0,0,0
420810,1,1,0,0,0,0,0,0,0,0,0,0
420811,1,1,0,0,0,0,0,0,0,0,0,0
420812,1,1,0,0,0,0,0,0,0,0,0,0
420812,2,1,0,0,0,0,0,0,0,0,6,0
420813,1,1,0,0,0,0,0,0,0,0,0,0
420813,2,1,0,0,0,0,0,0,0,0,0,0
420813,3,1,0,0,0,0,0,0,0,0,0,0
420814,1,1,0,0,0,0,0,0,0,0,0,0
420815,1,1,0,0,0,0,0,0,0,7,8,0
420815,2,1,0,0,0,0,0,0,0,0,0,0
420816,1,1,0,0,0,0,0,0,0,0,0,0
420817,1,1,0,0,0,0,0,0,0,0,0,0
420817,2,1,0,0,0,0,0,0,0,0,0,0
420818,1,1,0,0,0,0,0,0,0,0,0,0
420819,1,1,18,7,14,2,8,9,2,15,0,0
420819,2,1,0,0,0,0,0,0,0,0,0,0
420820,1,1,0,0,0,0,0,0,0,0,0,0
420820,2,1,0,0,0,0,0,0,0,0,0,0
420820,3,1,0,0,0,0,0,0,0,0,0,0
420821,1,1,0,0,0,0,0,0,0,0,0,0
420821,2,1,0,0,0,0,0,0,0,0,0,0
420821,3,1,0,0,0,0,0,0,0,0,0,0
420821,4,1,0,0,0,0,0,0,0,0,0,0
420822,1,1,15,15,15,15,15,15,15,15,15,15
420823,1,1,0,0,0,0,0,0,0,0,0,0
420824,0,1,0,0,0,25,0,0,0,0,7,0
420824,1,1,0,0,0,0,0,0,0,0,0,0
420824,2,1,0,23,24,0,0,0,0,0,0,0
420824,3,1,3,0,0,0,0,0,0,0,0,0
420824,4,1,12,0,16,12,10,3,0,3,0,0
420825,1,1,0,0,0,0,0,0,0,0,0,0
420826,1,1,13,13,13,13,13,13,13,13,13,13
420827,1,1,18,18,18,18,18,18,18,18,18,18
420828,1,1,6,6,6,6,6,6,6,6,6,6
420829,1,1,0,0,0,0,0,0,0,0,0,0
420829,2,1,0,0,0,0,0,0,0,0,0,0
420830,0,1,0,0,0,0,0,0,0,0,0,0
420830,1,1,0,0,0,0,0,0,0,0,0,0
420831,1,1,0,0,0,0,0,0,0,0,0,0
420831,2,1,0,0,0,0,0,0,0,11,0,0
420832,1,3,0,12,20,0,22,16,19,14,0,13
420833,1,1,0,0,0,0,0,0,0,0,0,0
420834,1,1,0,13,0,0,0,0,15,0,0,0
420834,2,1,0,0,0,0,0,0,0,0,0,0
420835,1,1,0,0,0,0,0,0,0,0,0,0
420835,2,1,0,0,0,0,0,0,0,0,0,0
420836,0,1,0,0,0,0,35,0,0,0,0,0
420836,0,2,0,0,0,0,0,0,0,0,0,0
420836,1,1,0,31,25,20,20,0,0,23,14,28
420837,0,1,25,25,25,25,25,25,25,25,25,25
420837,1,1,0,0,0,0,0,0,0,0,0,0
420838,1,1,18,18,18,18,18,18,18,18,18,18
420839,1,1,18,18,18,18,18,18,18,18,18,18
420840,1,1,15,15,15,15,15,15,15,15,15,15
420841,1,1,0,0,0,0,0,0,0,0,0,0
420842,1,1,10,10,10,10,10,10,10,10,10,10
420843,1,1,3,3,3,3,3,3,3,3,3,3
420844,1,1,27,27,27,27,27,27,27,27,27,27
420845,1,1,0,0,0,16,0,0,9,0,0,0
420846,1,1,14,14,14,14,14,14,14,14,14,14
420847,1,1,0,0,0,0,0,0,0,0,0,0
420848,1,1,0,0,0,0,0,0,0,0,0,0
420849,1,1,38,38,38,38,38,38,38,38,38,38
420850,1,1,19,19,19,19,19,19,19,19,19,19
420851,1,1,0,0,0,0,0,0,0,0,0,0
420852,1,1,0,0,0,0,0,0,0,0,0,0
420853,1,1,0,0,0,0,0,0,0,0,0,0
420854,1,1,0,0,0,0,0,0,0,0,0,0
420855,1,1,0,0,0,0,0,0,0,0,0,19
420856,0,1,25,25,25,25,25,25,25,25,25,25
420856,1,1,0,0,0,0,0,0,0,0,0,0
420857,1,1,10,10,10,10,10,10,10,10,10,10
420858,1,1,0,0,0,0,0,0,0,0,0,0
420859,0,1,0,0,0,0,0,0,0,0,0,0
420859,1,1,0,0,0,0,0,0,0,0,0,0
420860,1,1,0,0,0,0,0,0,0,0,0,0
420861,1,1,0,0,0,0,0,0,0,0,0,0
420861,2,1,0,0,0,0,0,0,0,0,0,0
420862,1,1,25,25,25,25,25,25,25,25,25,25
420862,2,1,0,0,0,0,0,0,0,0,0,0
420863,1,1,0,0,0,0,0,0,0,0,0,0
420864,1,1,13,13,13,13,13,13,13,13,13,13
420865,1,1,0,0,0,0,0,0,0,0,0,0
420865,2,1,0,0,0,0,0,0,0,0,0,0
420866,1,1,16,16,16,16,16,16,16,16,16,16
420867,1,1,22,22,22,22,22,22,22,22,22,22
420868,1,1,0,0,0,0,0,0,0,0,0,0
420868,2,1,0,0,0,0,0,0,0,0,0,0
420869,1,1,0,0,0,0,0,0,0,0,0,0
420870,1,1,22,22,22,22,22,22,22,22,22,22
420871,0,1,20,20,20,20,20,20,20,20,20,20
420871,1,1,0,0,0,0,0,0,0,0,0,0
420872,0,1,0,0,0,0,0,0,0,0,0,0
420872,1,1,0,0,0,0,0,0,0,0,0,0
420873,1,1,0,0,0,0,0,0,0,0,0,0
420874,1,1,0,0,0,0,0,0,0,0,0,0
420874,2,1,0,0,0,0,0,0,0,0,0,0
420875,1,1,12,12,12,12,12,12,12,12,12,12
420876,1,1,0,0,0,0,0,0,0,0,0,0
420877,1,1,18,9,17,18,22,25,27,16,12,14
420878,0,1,0,0,0,0,0,0,0,0,0,0
420878,1,1,0,0,0,0,0,0,0,0,0,0
420879,1,1,0,0,0,0,0,0,0,0,0,0
420879,2,1,0,0,0,0,0,0,0,0,0,0
420880,1,1,0,0,0,0,0,0,0,0,0,0
420880,2,1,0,0,0,0,0,0,0,0,0,0
420881,1,1,0,0,0,0,0,0,0,0,0,0
420882,0,1,19,0,0,0,0,0,0,0,0,0
420882,1,1,0,0,0,0,0,0,0,0,0,0
420883,1,1,0,0,0,0,0,0,0,0,0,0
420883,2,1,0,0,0,0,0,0,0,0,0,0
420884,1,1,0,0,0,0,31,0,0,0,0,0
420884,2,1,0,0,0,0,0,0,0,0,0,0
420885,1,1,24,24,24,24,24,24,24,24,24,24
420885,2,1,0,0,0,0,0,0,0,0,0,0
420886,1,1,0,0,0,0,17,0,0,0,0,0
420886,2,1,0,0,0,0,0,0,0,0,0,0
420887,1,1,0,0,0,0,0,0,0,0,0,0
420888,1,1,0,0,0,0,0,0,0,0,0,0
420888,2,1,0,0,0,0,0,0,0,0,0,0
420889,1,1,22,22,22,22,22,22,22,22,22,22
420890,1,1,12,12,12,12,12,12,12,12,12,12
420891,1,1,0,0,0,0,0,0,0,0,0,0
420891,2,1,0,0,0,0,0,0,0,0,0,0
420892,0,1,0,12,10,0,0,8,0,0,0,0
420892,1,1,0,0,0,0,0,0,0,0,0,0
420893,1,1,21,21,21,21,21,21,21,21,21,21
420894,1,1,0,0,0,0,0,0,0,0,0,0
420894,2,1,0,0,0,0,0,0,0,0,0,0
420895,1,1,0,0,0,0,0,0,0,0,0,0
420896,1,1,12,12,12,12,12,12,12,12,12,12
420896,2,1,16,5,12,19,5,17,11,3,13,13
420897,1,1,0,0,0,0,0,0,0,0,0,0
420897,2,1,0,0,0,0,0,0,0,0,0,0
420898,1,1,0,0,0,0,0,0,0,0,0,0
420898,2,1,0,0,0,0,0,0,0,0,0,0
420899,1,1,0,0,0,0,0,0,0,0,0,0
420899,2,1,0,0,0,0,0,0,0,0,0,0
420900,1,1,0,0,0,0,0,0,0,0,0,0
420900,2,1,0,0,0,0,0,0,0,0,0,0
420901,1,1,0,0,0,0,0,0,0,0,0,0
420902,1,1,20,20,20,20,20,20,20,20,20,20
420902,2,1,0,0,0,0,0,0,0,0,0,0
420903,1,1,0,0,0,0,0,0,0,0,0,0
420903,2,1,0,0,0,0,0,0,0,0,0,0
420904,1,1,4,4,4,4,4,4,4,4,4,4
420904,2,1,0,0,0,0,0,0,0,0,0,0
420905,1,1,0,0,0,0,0,0,0,0,0,0
420906,1,1,12,12,12,12,12,12,12,12,12,12
420906,2,1,0,0,0,0,0,0,0,0,0,0
420907,1,1,0,0,0,0,0,0,0,0,0,0
420907,2,1,0,0,0,0,0,0,0,0,0,0
420908,1,1,21,16,16,42,17,5,15,8,0,23
420908,2,1,0,0,0,0,0,0,0,0,0,0
420909,1,1,0,0,0,0,0,0,0,0,0,0
420909,2,1,0,0,0,0,0,0,0,0,0,0
420910,1,1,0,0,7,0,0,0,0,0,0,0
420910,2,1,0,0,0,0,0,0,0,0,0,0
420911,1,1,17,17,17,17,17,17,17,17,17,17
420912,1,1,7,7,7,7,7,7,7,7,7,7
420912,2,1,0,0,0,0,0,0,0,0,0,0
420913,1,1,0,0,0,0,0,0,0,0,0,0
420914,1,1,0,0,0,0,0,0,0,0,0,0
420914,2,1,0,0,0,0,0,0,0,0,0,0
420915,1,1,22,22,22,22,22,22,22,22,22,22
420916,1,1,0,0,0,0,0,0,0,0,0,0
420916,2,1,0,0,0,0,0,0,17,0,0,0
420917,1,1,1,1,1,1,1,1,1,1,1,1
420917,2,1,0,0,0,0,0,0,0,0,0,0
420918,1,1,0,0,0,0,0,0,0,0,0,0
420918,2,1,0,0,0,0,0,0,0,0,0,0
420919,1,1,28,28,28,28,28,28,28,28,28,28
420920,1,1,0,0,0,0,0,0,0,0,0,0
420920,2,1,0,0,0,0,0,0,0,0,0,0
420921,1,1,0,0,0,0,0,0,0,0,0,0
420921,2,1,0,0,0,0,0,0,0,0,0,0
420922,1,1,0,0,0,0,0,0,0,0,0,0
420922,2,1,0,0,0,0,0,0,0,0,0,23
420923,1,1,0,0,0,0,0,0,0,0,0,0
420923,2,1,0,0,0,0,0,0,0,0,0,0
420924,1,1,0,0,0,0,0,0,0,0,0,0
420924,2,1,0,0,0,0,0,0,0,0,0,0
420925,1,1,0,0,0,0,0,0,0,0,0,0
420925,2,2,0,0,0,0,0,0,0,0,0,0
420926,1,1,29,29,29,29,29,29,29,29,29,29
420926,2,1,3,3,3,3,3,3,3,3,3,3
420927,1,1,25,25,25,25,25,25,25,25,25,25
420928,1,1,0,0,0,0,0,0,0,0,0,0
420928,2,1,0,0,0,33,0,0,25,0,0,0
420929,1,1,0,0,0,0,0,0,0,0,0,0
420929,2,1,0,0,0,0,0,0,0,0,0,0
420930,1,1,30,30,30,30,30,30,30,30,30,30
420931,1,1,10,10,10,10,10,10,10,10,10,10
420932,1,1,23,23,23,23,23,23,23,23,23,23
420932,2,1,0,21,0,0,0,0,0,0,0,0
420933,1,1,0,0,5,0,0,0,0,0,0,0
420933,2,1,0,5,0,0,0,0,0,11,9,0
420934,1,1,0,0,0,0,0,0,0,7,0,0
420934,2,1,0,0,0,0,0,0,0,0,0,0
420935,0,1,0,0,0,0,0,0,0,0,0,0
420935,0,2,0,0,0,0,22,0,0,0,0,55
420935,1,1,1,1,1,1,1,1,1,1,1,1
420936,1,1,0,0,0,0,0,0,0,0,0,0
420937,1,1,2,2,2,2,2,2,2,2,2,2
420938,1,1,16,16,16,16,16,16,16,16,16,16
420939,1,1,21,21,21,21,21,21,21,21,21,21
420939,2,1,0,0,0,0,0,0,0,0,0,0
420940,1,1,30,30,30,30,30,30,30,30,30,30
420941,1,1,0,0,0,0,0,0,0,0,0,0
420941,2,1,0,0,0,0,0,0,0,0,0,0
420942,0,1,0,0,0,0,0,0,0,0,0,0
420942,1,1,0,0,0,0,0,0,0,0,0,0
420943,0,1,0,0,0,0,0,0,0,0,0,0
420943,1,1,0,0,0,0,0,0,0,0,0,0
420944,1,1,0,0,0,0,0,0,0,0,0,0
420945,1,1,0,0,0,0,0,0,0,0,0,0
420945,2,1,0,0,0,0,0,0,0,0,0,0
420946,1,1,0,0,0,0,0,0,0,0,0,0
420946,2,1,0,0,0,0,0,0,0,0,0,0
420947,1,1,0,0,0,0,0,0,0,0,0,0
420947,2,1,0,0,0,0,0,0,0,0,0,0
420948,0,1,0,0,0,0,0,0,0,0,0,0
420948,1,1,1,1,1,1,1,1,1,1,1,1
420949,1,1,18,18,18,18,18,18,18,18,18,18
420950,0,1,0,0,0,0,0,0,0,0,0,0
420950,1,1,0,0,0,0,0,0,0,0,0,0
420951,1,1,0,0,0,0,0,0,0,0,0,0
420951,2,1,0,0,0,0,0,0,0,0,0,0
420952,1,1,0,0,0,0,0,0,0,0,0,0
420952,2,1,0,0,0,0,0,0,0,0,0,0
420953,1,1,16,16,16,16,16,16,16,16,16,16
420954,0,1,0,0,0,0,0,0,0,0,0,0
420954,1,1,0,0,0,0,0,0,0,0,0,0
420955,0,1,0,0,0,0,0,0,0,0,0,0
420955,1,1,0,0,0,0,0,0,0,0,0,0
420956,1,1,19,19,19,19,19,19,19,19,19,19
420956,2,1,0,0,0,0,0,0,0,0,0,0
420957,1,1,11,11,11,11,11,11,11,11,11,11
420957,2,1,1,1,1,1,1,1,1,1,1,1
420958,1,1,26,26,26,26,26,26,26,26,26,26
420958,2,1,0,0,0,0,0,0,0,0,0,0
420959,1,1,0,0,0,0,0,0,0,0,0,0
420959,2,1,0,0,0,0,0,0,0,0,0,0
420960,1,1,16,16,16,16,16,16,16,16,16,16
420960,2,1,38,0,12,8,0,0,0,10,0,0
420961,0,1,0,0,0,7,0,0,0,0,0,0
420961,1,1,0,0,0,0,0,0,0,0,0,0
420962,0,1,0,0,0,0,0,0,0,0,0,0
420962,1,1,0,0,0,0,0,0,0,0,0,0
420963,1,1,0,0,0,0,0,0,0,0,0,0
420963,2,1,0,0,0,0,0,0,0,0,0,0
420964,1,1,0,0,0,0,0,0,0,0,0,0
420964,2,1,0,0,0,0,0,0,0,0,0,0
420965,0,1,25,25,25,25,25,25,25,25,25,25
420965,1,1,0,0,0,0,0,0,0,0,0,0
420966,1,1,0,0,0,0,0,0,0,0,0,0
420966,2,1,0,0,0,0,0,0,0,25,0,0
420967,1,1,0,0,0,0,0,0,0,0,0,0
420968,1,1,15,15,15,15,15,15,15,15,15,15
420968,2,1,0,0,0,0,0,0,0,0,0,0
420969,1,1,0,0,0,0,0,0,0,10,0,0
420969,2,1,0,0,0,0,0,0,0,0,0,0
420970,1,1,0,0,0,0,0,0,0,0,0,0
420970,2,1,0,0,0,0,0,0,0,0,0,0
420971,1,1,0,0,0,0,0,0,0,0,0,0
420971,2,1,0,0,0,6,0,0,0,0,0,0
420972,1,1,0,0,0,0,0,0,0,0,0,0
420972,2,1,0,0,0,0,0,0,0,0,0,0
420973,1,1,0,0,0,0,0,0,0,0,0,0
420973,2,1,0,0,0,0,0,0,0,0,0,0
420974,1,1,0,0,0,0,0,0,0,0,0,0
420974,2,1,0,0,0,0,0,0,0,0,0,0
420975,1,1,0,0,0,0,0,0,0,0,0,0
420976,1,1,0,0,0,0,0,0,0,0,0,0
420977,1,1,0,0,0,0,0,0,0,0,0,0
420978,1,1,0,0,0,0,0,0,0,0,0,0
420979,1,1,0,34,15,10,0,14,0,0,17,0
420979,2,1,10,7,11,6,0,21,9,11,0,15
420980,1,1,25,25,25,25,25,25,25,25,25,25
420981,1,1,18,18,18,18,18,18,18,18,18,18
420982,1,1,0,0,0,0,0,0,0,0,0,0
420983,1,1,0,0,0,0,0,0,0,0,0,0
420983,2,1,0,0,0,0,0,0,0,0,0,0
420984,0,1,0,0,0,0,0,0,0,0,0,0
420984,1,1,0,0,0,0,0,0,0,0,0,0
420985,0,1,0,0,0,0,0,0,0,0,0,0
420985,1,1,0,0,0,16,8,0,0,8,0,22
420986,0,1,3,17,24,0,31,0,0,0,0,29
420986,1,1,0,0,0,0,0,0,0,0,0,0
420987,1,1,0,0,0,0,0,0,0,0,0,0
420987,2,1,0,0,0,0,0,0,0,0,0,0
420988,1,1,0,0,0,0,0,0,0,0,0,0
420989,1,1,0,0,0,0,0,0,0,0,0,0
420990,1,1,0,0,0,0,0,0,0,0,0,0