ST_CASE,VEH_NO,PER_NO,P1,P2,P3,P4,P5,P6,P7,P8,P9,P10
420990,2,1,0,0,0,0,0,0,0,0,0,0
420991,1,1,0,0,0,0,0,0,0,0,0,0
420991,2,1,0,0,0,0,0,0,0,0,0,0
420992,1,1,0,0,0,0,0,0,0,0,0,0
420992,2,1,0,0,0,0,0,0,0,0,0,0
420993,1,1,10,10,10,10,10,10,10,10,10,10
420994,1,1,0,0,0,0,0,0,0,0,0,0
420995,1,1,0,0,0,0,0,0,0,0,0,0
420995,2,1,0,0,0,0,0,0,0,0,0,0
420996,1,1,10,10,10,10,10,10,10,10,10,10
420997,1,1,0,0,0,0,0,0,0,0,0,0
420998,1,1,23,23,23,23,23,23,23,23,23,23
420998,2,1,0,0,0,0,0,0,0,0,0,0
420999,1,1,29,29,29,29,29,29,29,29,29,29
421000,1,1,31,31,31,31,31,31,31,31,31,31
421001,1,1,0,0,0,0,0,0,0,0,0,0
421001,2,1,0,0,0,0,0,0,0,0,0,0
421002,1,1,20,20,20,20,20,20,20,20,20,20
421003,1,1,0,0,0,0,0,0,0,0,0,0
421003,2,1,0,0,0,0,0,0,0,0,0,0
421004,1,1,0,0,0,0,0,0,0,0,0,0
421005,1,1,0,0,0,0,0,0,0,0,0,0
421005,2,1,0,0,0,0,0,25,0,0,0,0
421006,1,1,0,0,0,0,0,0,0,0,0,0
421006,2,1,0,0,0,0,0,0,0,0,0,0
421007,1,1,0,0,0,0,0,0,0,0,0,0
421007,2,1,0,0,19,0,0,0,0,0,0,0
421008,1,1,25,25,25,25,25,25,25,25,25,25
421009,1,1,43,43,43,43,43,43,43,43,43,43
421009,2,1,7,9,20,0,0,9,12,0,18,0
421010,1,1,4,0,0,0,0,0,0,0,0,0
421011,1,1,7,7,7,7,7,7,7,7,7,7
421012,1,1,23,23,23,23,23,23,23,23,23,23
421012,2,1,0,0,0,0,0,0,0,0,0,0
421013,1,1,25,25,25,25,25,25,25,25,25,25
421014,1,1,0,0,0,0,0,0,0,0,0,0
421014,2,1,0,0,0,0,0,0,0,0,0,0
421015,1,1,0,0,0,0,0,0,0,0,0,0
421016,1,1,0,0,0,0,0,0,0,0,0,0
421016,2,1,0,0,0,0,6,5,0,0,13,0
421017,1,1,0,0,0,0,0,0,0,0,0,0
421018,1,1,0,0,0,0,0,0,0,0,0,0
421019,1,1,0,0,0,0,0,0,0,0,0,0
421019,2,1,0,0,0,0,0,0,0,0,0,0
421019,3,1,0,0,0,0,0,0,0,0,0,0
421019,4,1,0,0,0,0,0,0,0,0,0,0
421020,1,1,18,18,18,18,18,18,18,18,18,18
421021,1,1,0,0,0,0,0,0,0,0,0,0
421022,1,1,0,0,0,0,0,0,0,0,0,0
421023,1,1,16,16,16,16,16,16,16,16,16,16
421024,0,1,0,0,0,0,0,0,0,0,0,0
421024,0,2,12,0,0,0,0,0,0,0,0,0
421024,2,1,0,0,0,0,0,0,0,0,0,0
421024,3,1,0,0,0,0,0,0,0,0,0,0
421025,1,1,38,38,38,38,38,38,38,38,38,38
421025,2,1,0,0,0,0,0,0,0,0,0,0
421026,0,1,0,0,0,0,0,6,0,0,21,0
421026,2,1,0,0,0,0,0,0,0,0,0,0
421027,1,1,20,20,20,20,20,20,20,20,20,20
421028,1,1,0,0,0,0,0,0,0,0,0,0
421028,2,1,0,0,0,0,0,0,0,0,0,0
421028,3,1,0,0,0,0,0,0,0,0,0,0
421029,1,1,0,0,0,0,0,0,0,0,0,0
421029,2,1,0,0,0,0,0,0,0,0,0,0
421030,1,1,0,0,0,0,0,0,0,0,0,0
421030,2,1,0,0,0,0,0,0,0,0,0,0
421030,3,1,0,0,0,0,0,0,0,0,0,0
421031,1,1,0,0,0,0,0,0,0,0,0,0
421032,1,1,11,11,11,11,11,11,11,11,11,11
421033,0,1,0,0,0,0,0,0,0,0,0,0
421033,1,1,0,0,0,0,0,0,0,0,0,0
421034,0,1,0,0,0,0,0,0,0,0,0,0
421034,1,1,0,0,0,0,0,0,0,0,0,0
421035,1,1,0,0,0,0,0,0,0,0,0,0
421036,1,1,0,0,0,0,0,0,0,0,0,0
421036,2,1,0,0,0,0,0,0,0,0,0,0
421037,1,1,0,0,0,0,0,0,23,0,16,0
421038,1,1,18,18,18,18,18,18,18,18,18,18
421039,1,1,22,22,22,22,22,22,22,22,22,22
421039,2,1,0,0,0,0,0,0,0,0,0,0
421040,0,1,0,0,0,0,0,0,0,0,0,0
421040,1,1,0,0,15,0,7,19,0,0,0,12
421041,1,1,22,22,22,22,22,22,22,22,22,22
421042,1,1,0,0,0,0,0,0,0,0,0,0
421042,2,1,0,0,0,0,0,0,0,0,0,0
421043,1,1,0,0,0,0,0,0,0,0,0,0
421044,1,1,26,26,26,26,26,26,26,26,26,26
421045,1,1,26,26,26,26,26,26,26,26,26,26
421046,1,1,19,19,19,19,19,19,19,19,19,19
421047,1,1,0,0,0,0,0,0,0,0,0,0
421047,2,1,0,0,0,0,0,0,0,0,0,0
421047,3,1,0,0,0,24,8,0,22,14,4,0
421048,1,1,0,0,0,0,0,0,0,0,0,0
421048,2,1,21,0,0,0,0,0,39,0,0,0
421049,0,1,0,0,0,0,0,0,0,0,0,0
421049,1,1,0,0,0,0,0,0,0,0,0,0
421050,1,1,15,15,15,15,15,15,15,15,15,15
421051,0,1,0,0,0,0,0,18,24,0,0,0
421051,1,1,0,0,0,0,0,0,0,0,0,0
421052,1,1,31,31,31,31,31,31,31,31,31,31
421053,1,1,0,0,0,0,0,0,0,0,0,0
421054,1,1,6,6,6,6,6,6,6,6,6,6
421055,1,1,24,24,24,24,24,24,24,24,24,24
421056,1,1,18,18,18,18,18,18,18,18,18,18
421057,1,1,0,11,0,0,0,0,0,0,0,0
421057,2,1,0,0,0,0,0,0,0,0,0,0
421057,3,1,0,0,0,0,0,0,0,0,0,0
421058,1,1,6,6,6,6,6,6,6,6,6,6
421059,0,1,0,0,0,0,0,0,0,0,0,0
421059,1,1,0,0,0,0,0,0,0,0,0,0
421060,1,1,0,0,0,0,0,0,0,0,0,0
421061,1,1,0,0,0,0,0,0,0,0,0,0
421062,1,1,0,0,0,0,0,0,0,0,0,0
421062,2,1,0,0,0,0,0,0,0,0,0,0
421062,3,1,0,0,0,0,0,0,0,0,0,0
421063,1,1,0,0,0,0,0,0,0,0,0,0
421064,1,1,0,0,0,0,0,0,0,0,0,0
421064,2,1,0,0,0,0,0,0,0,0,0,0
421065,1,1,0,0,0,0,0,0,0,0,0,0
421066,1,1,0,0,0,0,0,0,0,0,0,0
421066,2,1,0,0,0,0,0,0,0,0,0,0
421067,0,1,20,19,14,0,19,0,0,0,29,0
421067,1,1,0,0,0,0,0,0,4,0,0,0
421068,1,1,0,0,0,0,0,0,0,0,0,0
421068,2,1,0,0,0,0,0,0,0,0,0,0
421068,3,1,0,0,0,0,0,0,0,0,0,0
421069,0,1,0,0,0,0,0,0,0,0,0,0
421069,1,1,0,0,0,0,0,0,0,0,0,0
421070,0,1,0,23,0,12,0,0,21,0,0,28
421070,1,1,0,0,0,0,0,0,0,0,0,0
421071,0,1,0,0,0,0,0,0,0,0,0,0
421071,1,1,0,0,0,0,0,0,0,0,0,0
421072,1,1,18,18,18,18,18,18,18,18,18,18
421072,2,1,0,0,0,0,0,0,0,0,0,0
421072,3,1,0,0,21,0,0,10,0,0,0,26
421073,1,1,19,19,19,19,19,19,19,19,19,19
421074,1,1,0,0,0,0,0,0,0,0,0,0
421075,1,1,0,0,0,0,0,0,0,0,0,0
421075,2,1,0,0,0,0,0,0,0,0,0,0
421075,3,1,0,0,0,0,0,0,0,0,0,24
421076,0,1,14,0,24,20,14,0,9,0,0,0
421076,1,1,12,12,12,12,12,12,12,12,12,12
421076,2,1,0,0,0,0,0,0,0,0,0,0
421077,0,1,0,0,0,0,0,0,0,0,0,0
421077,1,1,0,0,0,0,0,0,0,0,0,0
421078,1,1,17,16,22,9,16,19,19,0,0,43
421079,1,1,0,0,0,0,0,0,0,0,0,0
421079,2,1,0,0,0,0,0,0,0,0,0,0
421080,1,1,21,21,21,21,21,21,21,21,21,21
421081,1,1,20,20,20,20,20,20,20,20,20,20
421081,2,1,0,0,0,0,0,0,0,0,0,0
421082,0,1,0,0,0,0,0,0,0,0,0,38
421082,1,1,0,0,0,0,0,0,0,0,0,0
421083,0,1,0,0,0,0,0,0,0,0,0,0
421083,1,1,0,0,0,0,0,0,0,0,0,0
421084,1,1,27,0,21,29,19,12,13,20,34,0
421085,1,1,0,16,0,23,23,27,31,18,23,25
421086,1,1,0,0,0,0,0,0,0,0,0,0
421086,2,1,0,0,0,0,0,0,0,0,0,0
421087,1,1,18,18,18,18,18,18,18,18,18,18
421088,1,1,0,0,0,0,0,0,0,0,0,0
421089,1,1,0,0,0,0,0,0,0,0,0,0
421090,0,1,25,22,0,0,0,20,29,17,11,0
421090,1,1,0,0,0,0,0,0,0,0,0,0
421091,0,1,0,0,0,0,0,0,0,0,0,0
421091,1,1,0,0,0,0,0,0,0,0,0,0
421092,1,1,0,0,0,0,0,0,0,0,0,0
421093,1,1,0,0,0,0,0,0,0,0,0,0
421093,2,1,0,0,0,0,0,0,0,0,0,0
421094,1,1,0,0,0,0,0,0,0,0,0,0
421095,1,1,0,0,0,0,0,0,0,0,0,0
421095,2,1,0,0,0,0,0,0,0,0,0,0
421096,1,1,0,0,0,0,0,0,0,0,0,0
421096,2,1,0,0,0,0,0,0,0,0,0,0
421097,1,1,0,0,0,0,0,0,0,0,0,0
421098,1,1,0,0,0,17,0,0,0,0,0,0
421099,1,1,0,0,0,0,0,0,0,0,0,0
421100,0,1,0,0,0,0,0,0,0,0,0,0
421100,1,1,0,0,0,0,0,0,0,0,0,0
421101,1,1,9,0,0,0,0,19,0,0,0,0
421102,1,1,0,0,0,0,0,0,0,0,0,0
421103,1,1,26,26,26,26,26,26,26,26,26,26
421104,1,1,1,1,1,1,1,1,1,1,1,1
421105,1,1,0,0,0,0,0,0,0,0,0,0
421106,1,1,24,24,24,24,24,24,24,24,24,24
421107,1,1,27,27,27,27,27,27,27,27,27,27
421108,1,1,0,0,0,0,0,0,0,0,0,0
421109,1,1,0,0,0,0,0,0,0,0,0,0
421110,1,1,20,20,20,20,20,20,20,20,20,20
421110,2,1,0,0,0,0,0,0,0,0,0,0
421111,0,1,0,0,22,17,0,22,19,20,0,0
421111,1,1,0,11,0,0,0,0,0,0,0,0
421112,1,1,0,0,0,0,0,0,0,0,0,0
421113,0,1,0,19,0,0,0,0,0,0,0,10
421113,1,1,0,0,0,0,0,0,0,0,0,0
421114,1,1,0,0,0,0,0,0,0,0,0,0
421114,2,1,0,0,0,0,0,0,0,0,0,0
421115,1,1,10,10,10,10,10,10,10,10,10,10
421116,1,1,20,20,20,20,20,20,20,20,20,20
421116,2,1,3,3,3,3,3,3,3,3,3,3
421117,1,1,0,0,0,0,0,0,0,0,0,0
421117,2,1,0,0,0,0,0,0,0,0,0,0
421118,1,1,24,0,18,0,0,0,22,9,0,9
421118,2,1,0,0,0,0,0,0,0,0,0,0
421119,1,1,16,16,16,16,16,16,16,16,16,16
421119,2,1,0,0,0,0,0,0,0,0,0,0
421120,1,1,0,0,0,0,0,0,0,0,0,0
421120,2,1,0,0,0,0,0,0,0,0,0,0
421121,1,1,0,0,0,0,0,0,0,0,0,0
421122,0,1,0,0,0,0,0,0,0,0,0,0
421122,1,1,0,0,0,0,0,17,0,0,0,0
421123,1,1,31,29,0,0,13,12,17,10,3,33
421123,2,1,0,0,0,0,0,0,0,0,0,0
421124,1,1,0,0,6,0,0,0,0,0,0,0
421125,1,1,0,0,0,0,0,0,0,0,0,0
421125,2,1,0,0,0,0,0,0,0,0,0,0
421126,0,1,12,12,12,12,12,12,12,12,12,12
421126,1,1,0,0,0,0,0,0,25,0,0,0
421127,1,1,15,25,22,30,16,0,21,37,44,40
421127,2,1,0,0,0,0,0,2,0,0,0,0
421128,1,1,0,0,0,0,0,0,0,0,0,0
421128,2,1,0,0,0,0,0,0,0,0,0,0
421129,1,1,0,0,0,0,0,0,0,0,0,0
421129,2,1,0,0,0,0,0,0,0,0,0,0
421130,1,1,13,34,9,41,13,5,19,40,26,23
421131,1,1,26,26,26,26,26,26,26,26,26,26
421132,1,1,18,0,0,0,0,0,0,0,0,0
421133,1,1,0,0,0,0,0,0,0,0,0,0
421133,2,1,0,0,0,0,0,0,0,0,0,0
421134,1,1,13,13,13,13,13,13,13,13,13,13
421135,0,1,10,10,10,10,10,10,10,10,10,10
421135,1,1,14,14,14,14,14,14,14,14,14,14
421136,1,1,24,24,24,24,24,24,24,24,24,24
421137,1,1,2,2,2,2,2,2,2,2,2,2
421138,1,1,0,0,11,0,0,0,0,0,0,0
421139,1,1,51,51,51,51,51,51,51,51,51,51
421140,1,1,0,0,0,0,0,0,0,0,0,0
421141,1,1,0,15,0,0,0,6,0,0,0,0
421142,1,1,0,0,0,0,0,0,0,0,0,0
421143,1,1,24,24,24,24,24,24,24,24,24,24
421144,1,1,28,28,28,28,28,28,28,28,28,28
421145,0,1,0,0,0,0,0,0,0,0,0,0
421145,1,1,0,0,0,0,0,0,0,0,0,0
421146,1,1,0,0,0,0,0,0,0,0,0,0
421146,2,1,0,0,0,0,0,0,0,0,0,0
421147,1,1,21,21,21,21,21,21,21,21,21,21
421147,2,1,0,0,0,0,4,0,0,0,0,0
421148,1,1,22,22,22,22,22,22,22,22,22,22
421149,1,1,0,0,0,0,0,0,0,0,0,0
421150,0,1,0,0,0,0,0,0,0,0,0,0
421150,1,1,0,0,0,0,0,0,0,0,0,0
421151,1,1,0,0,0,0,0,0,0,0,0,0
421152,1,1,0,0,0,0,0,0,0,0,0,0
421153,1,1,0,0,0,0,0,0,0,0,0,23
421153,2,1,0,0,0,0,0,0,0,0,0,0
421154,1,1,19,19,19,19,19,19,19,19,19,19
421155,0,1,0,0,17,0,0,0,0,0,0,0
421155,1,1,0,0,0,0,0,0,0,0,0,0
421156,1,1,6,6,6,6,6,6,6,6,6,6
421157,1,1,28,28,28,28,28,28,28,28,28,28
421157,2,1,0,0,0,0,0,0,0,0,0,0
421158,1,1,18,18,18,18,18,18,18,18,18,18
421159,1,1,0,0,0,0,0,0,0,0,0,0
421159,2,1,0,0,0,0,0,0,0,0,0,0
421160,1,1,0,0,0,0,0,0,0,0,0,0
421160,2,1,0,0,0,0,0,0,0,0,0,0
421161,1,1,23,23,23,23,23,23,23,23,23,23
421162,1,1,0,0,0,0,0,0,0,0,0,0
421162,2,1,0,0,0,0,0,0,0,0,0,0
421163,1,1,0,0,0,0,0,0,0,0,0,0
421163,2,1,0,0,0,0,0,0,0,0,0,0
421164,1,1,0,0,0,0,0,0,0,0,0,0
421164,2,1,0,0,0,0,0,0,0,0,0,0
421165,1,1,0,0,0,0,0,0,0,0,0,0
421165,2,1,0,0,0,0,0,0,0,0,0,0
421166,1,1,0,0,0,0,0,0,0,0,0,0
421166,2,1,0,0,0,0,0,0,0,0,0,0
421167,1,1,0,0,0,0,0,0,0,0,0,0
421167,2,1,0,0,0,0,0,0,0,0,0,0
421168,1,1,0,0,0,0,0,0,0,0,0,0
421168,2,1,0,0,0,0,0,0,0,0,0,0
421169,1,1,0,0,0,0,0,0,0,0,0,0
421169,2,1,0,0,0,0,0,0,0,0,0,0
421170,1,1,0,0,0,0,0,0,0,0,0,0
421170,2,1,0,0,0,0,0,0,0,0,0,0
421171,1,1,0,0,23,0,0,0,0,0,0,0
421171,2,1,0,0,0,0,0,0,0,0,0,0
421172,1,1,0,0,0,0,0,0,0,0,0,0
421172,2,1,0,0,0,0,0,0,0,0,0,0
421173,1,1,0,0,0,0,0,0,0,0,0,0
421173,2,1,0,0,0,0,0,0,0,0,0,0
421174,1,1,0,0,0,0,0,0,0,0,0,0
421174,2,1,0,0,14,0,0,0,0,0,0,0
421175,1,1,0,0,0,0,0,0,0,0,0,0
421175,2,1,0,0,0,0,0,0,0,0,0,0
421176,1,1,0,0,0,0,0,0,0,0,0,0
421176,2,1,0,18,0,8,0,0,0,0,0,0
421177,1,1,7,7,7,7,7,7,7,7,7,7
421178,1,1,0,0,0,0,0,0,0,0,0,0
421179,1,1,0,0,0,0,0,0,0,0,0,0
421180,1,1,32,32,32,32,32,32,32,32,32,32
421181,1,1,0,0,0,0,0,0,0,0,0,0
421182,1,1,0,0,0,0,0,0,0,0,0,0
421183,1,1,0,0,0,0,0,0,0,0,0,0
421184,1,1,0,0,0,0,0,0,0,0,0,0
421185,1,1,16,16,16,16,16,16,16,16,16,16
421186,0,1,0,0,0,0,0,0,0,0,0,0
421186,1,1,0,0,0,0,0,0,0,0,0,0
421187,1,1,32,32,32,32,32,32,32,32,32,32
421187,2,1,0,0,0,0,0,0,0,0,0,0
421188,1,1,0,0,0,0,0,0,0,0,0,0
421188,2,1,0,0,0,0,0,0,0,0,0,0
421189,1,1,0,0,0,0,0,0,0,0,0,0
421189,2,1,0,0,0,0,0,0,0,0,0,0
421190,1,1,0,0,0,0,0,0,0,0,0,0
421190,2,1,0,0,0,0,0,0,0,0,0,0
421191,1,1,0,0,0,0,0,0,0,0,0,0
421192,1,1,0,0,0,0,0,0,0,0,0,0
421192,2,1,0,0,0,0,0,0,0,0,0,0
421193,1,1,0,0,0,23,0,0,0,9,0,0
421193,2,1,0,0,0,0,0,0,0,0,0,0
421194,0,1,0,0,0,0,0,0,0,0,0,0
421194,1,1,28,28,28,28,28,28,28,28,28,28
421195,0,1,20,20,20,20,20,20,20,20,20,20
421195,1,1,0,0,0,0,0,0,0,0,0,0
421196,1,1,22,22,22,22,22,22,22,22,22,22
421197,1,3,0,18,0,3,0,0,15,0,5,26
421198,0,1,32,32,32,32,32,32,32,32,32,32
421198,1,1,0,0,0,21,0,0,0,0,0,0
421199,0,1,0,0,0,0,0,0,0,0,0,0
421199,1,1,17,21,22,31,40,13,17,17,15,7
421200,0,1,0,0,0,0,0,0,0,0,0,0
421200,1,1,0,0,0,0,0,0,0,0,0,0
421201,0,1,0,0,0,0,0,0,0,0,0,0
421201,1,1,19,0,0,29,0,11,0,0,0,0
421202,1,1,0,0,0,0,0,0,0,0,0,0
421202,2,1,0,0,0,0,0,12,0,0,0,0
421203,1,1,0,0,0,0,0,0,0,0,0,0
421203,2,1,0,0,0,0,0,0,0,0,0,0
421204,1,1,0,0,0,0,0,0,0,0,0,0
421204,2,1,0,0,17,0,0,0,0,0,21,0
421205,1,1,0,0,0,0,0,0,0,0,0,0
421205,2,1,0,0,0,0,0,0,0,0,0,0
421206,0,1,0,0,0,0,0,0,0,0,0,0
421206,1,1,18,0,0,0,0,0,0,0,0,0
421207,1,1,0,0,0,0,0,0,8,0,8,27
421207,2,1,0,0,0,0,0,0,0,0,0,0
421208,1,1,0,0,0,0,0,0,0,0,0,0
421208,2,1,0,0,0,0,0,0,0,0,0,0
421209,1,1,20,20,20,20,20,20,20,20,20,20
421209,2,1,0,0,0,0,0,0,0,0,0,0
421210,1,1,17,0,0,0,0,0,0,19,0,0
421210,2,1,0,0,0,0,0,0,0,0,0,0
421211,1,1,0,0,0,0,0,0,0,0,0,0
421211,2,1,0,0,0,0,0,0,0,0,0,0
440003,0,1,9,9,9,9,9,9,9,9,9,9
440003,0,2,10,0,17,0,28,36,0,0,9,21
440003,1,1,0,0,0,0,0,0,0,0,0,0
440004,1,1,0,0,0,0,0,0,0,0,0,0
440004,2,1,25,25,25,25,25,25,25,25,25,25
440005,1,1,0,0,0,0,0,0,0,0,0,0
440006,1,1,0,0,0,0,0,0,0,0,0,0
440006,2,1,0,0,0,0,0,8,0,0,0,0
440007,0,1,2,2,2,2,2,2,2,2,2,2
440007,1,1,0,0,0,0,0,0,0,0,0,0
440008,0,1,5,5,5,5,5,5,5,5,5,5
440008,0,2,0,0,0,0,14,0,0,18,0,0
440008,1,1,22,22,22,22,22,22,22,22,22,22
440009,1,1,0,0,0,0,0,0,0,0,0,0
440010,1,1,21,21,21,21,21,21,21,21,21,21
440011,1,1,0,0,0,0,0,0,0,0,0,0
440011,2,1,0,0,0,0,0,0,0,0,0,0
440012,1,1,32,32,32,32,32,32,32,32,32,32
440013,1,1,18,18,18,18,18,18,18,18,18,18
440014,0,1,0,0,0,0,0,0,0,0,0,0
440014,1,1,0,0,0,14,0,0,0,0,0,0
440015,0,1,15,15,15,15,15,15,15,15,15,15
440015,1,1,14,0,0,0,13,12,3,17,10,0
440015,2,1,17,0,0,12,11,5,12,17,10,0
440015,3,1,5,0,0,0,25,16,0,10,0,0
440016,1,1,1,1,1,1,1,1,1,1,1,1
440017,1,1,12,12,12,12,12,12,12,12,12,12
440018,1,1,0,0,0,0,0,0,0,0,0,0
440019,1,1,0,0,0,0,0,0,0,0,0,0
440019,2,1,0,0,0,0,0,0,0,0,0,0
440019,3,1,0,0,0,0,0,0,0,0,0,0
440020,1,1,14,14,14,14,14,14,14,14,14,14
440021,1,1,0,32,0,0,0,0,0,0,0,0
440022,0,1,0,0,0,0,0,0,0,0,0,0
440022,1,1,0,0,0,0,0,0,0,0,0,0
440023,1,1,0,0,0,0,0,0,0,0,0,0
440024,1,1,0,0,0,0,0,0,0,0,0,0
440024,2,1,0,0,0,0,0,0,0,0,0,0
440025,1,1,0,0,0,0,0,0,0,0,0,0
440025,2,1,0,0,0,0,0,0,0,0,0,0
440026,1,1,25,25,25,25,25,25,25,25,25,25
440027,1,1,0,0,0,0,0,0,0,0,0,0
440028,1,1,0,0,0,0,0,0,0,0,0,0
440030,1,1,20,20,20,20,20,20,20,20,20,20
440031,1,1,0,0,0,0,0,6,5,0,0,0
440032,1,1,0,0,0,0,0,0,0,0,0,0
440033,1,1,3,3,3,3,3,3,3,3,3,3
440034,1,1,21,21,21,21,21,21,21,21,21,21
440035,1,1,25,25,25,25,25,25,25,25,25,25
440036,0,1,0,0,0,0,0,0,0,0,0,0
440036,1,1,0,0,0,0,0,0,0,0,0,0
440037,1,1,0,0,0,0,0,0,0,0,0,0
440038,0,1,5,5,5,5,5,5,5,5,5,5
440038,1,1,0,0,0,0,7,14,0,19,0,10
440039,1,1,14,14,14,14,14,14,14,14,14,14
440040,1,1,8,8,8,8,8,8,8,8,8,8
440041,1,1,0,0,0,0,0,0,0,0,0,0
440041,2,1,0,0,0,0,0,0,0,0,0,0
440042,1,1,0,0,0,0,0,0,0,0,0,0
440043,1,1,16,16,16,16,16,16,16,16,16,16
440044,1,1,0,0,0,0,0,0,0,0,0,0
440044,2,1,0,0,0,0,0,0,0,0,0,0
440045,1,1,0,0,0,0,0,0,0,0,0,0
440045,2,1,0,0,0,0,0,0,0,0,0,0
440046,1,1,5,5,0,0,0,0,0,0,0,0
440046,2,1,9,9,9,9,9,9,9,9,9,9
440046,3,1,0,0,0,0,0,0,4,0,0,0
440047,1,1,16,16,16,16,16,16,16,16,16,16
440047,2,1,9,37,39,21,8,13,28,13,10,20
440048,1,1,6,6,6,6,6,6,6,6,6,6
440049,1,1,0,0,0,0,0,0,0,0,0,0
440050,1,1,13,13,13,13,13,13,13,13,13,13
440051,1,1,0,0,0,0,0,0,0,0,0,0
440052,0,1,0,0,0,0,0,0,0,0,0,0
440052,1,1,0,0,0,0,0,0,0,0,0,17
440053,1,1,14,14,14,14,14,14,14,14,14,14
440053,2,1,0,0,0,0,0,0,0,0,0,0
440054,1,1,0,0,0,0,0,0,0,0,0,0
440054,2,1,0,0,0,0,0,0,0,0,0,0
440054,3,1,0,0,12,0,0,0,25,0,0,0
440055,1,1,26,26,26,26,26,26,26,26,26,26
440056,1,1,0,0,0,0,0,0,0,0,0,0
440057,1,1,22,22,22,22,22,22,22,22,22,22
440058,1,1,20,13,17,0,18,9,19,14,31,8
440058,2,1,0,10,0,0,0,0,0,0,0,0
440059,0,1,0,0,0,0,0,0,0,0,0,0
440059,1,1,0,0,0,0,0,0,0,0,0,0
440060,1,1,0,0,0,0,0,0,15,0,0,0
440060,2,1,0,0,0,0,0,0,0,0,0,0
440061,1,1,0,0,0,0,0,0,0,0,0,0
440062,0,1,0,0,0,0,0,0,0,0,0,0
440062,1,1,0,0,0,0,0,0,0,0,0,0
440063,1,1,17,17,17,17,17,17,17,17,17,17
440064,1,1,0,0,0,0,0,0,0,0,0,0
440065,1,1,15,15,15,15,15,15,15,15,15,15
440066,0,1,0,0,0,0,0,0,0,0,0,0
440066,1,1,18,0,14,0,0,0,6,0,24,0
440067,1,1,23,23,23,23,23,23,23,23,23,23
440067,2,1,0,0,0,0,0,0,0,0,0,0
440067,3,1,0,0,0,0,0,0,9,0,0,0
440068,1,1,0,0,20,0,0,0,0,17,0,0
450001,1,1,0,0,0,0,0,0,0,0,0,0
450002,1,1,17,17,17,17,17,17,17,17,17,17
450003,1,1,0,0,0,0,0,0,14,0,17,0
450004,1,1,0,0,0,0,0,0,0,0,0,0
450005,1,1,0,0,0,0,0,0,0,0,0,0
450005,2,1,0,0,0,0,0,0,0,0,0,0
450006,1,1,0,0,0,0,0,0,18,0,0,22
450006,2,1,0,11,0,10,0,0,0,0,0,0
450007,1,1,28,28,28,28,28,28,28,28,28,28
450008,1,1,0,0,0,0,0,0,0,0,0,0
450009,0,1,15,15,15,15,15,15,15,15,15,15
450009,1,1,0,0,0,0,0,0,0,0,19,0
450010,0,1,14,14,14,14,14,14,14,14,14,14
450010,1,1,0,0,0,0,0,0,0,5,27,0
450011,1,1,0,0,0,0,0,0,0,0,0,0
450012,1,1,21,21,21,21,21,21,21,21,21,21
450013,1,1,0,0,0,0,0,0,0,0,0,0
450014,1,1,0,0,0,0,0,0,0,0,0,0
450014,2,1,0,0,0,0,0,10,0,0,0,0
450014,3,1,0,0,0,0,0,0,0,0,0,0
450015,1,1,0,0,0,0,0,0,0,0,0,0
450016,1,1,0,0,0,0,0,0,0,0,0,0
450017,0,1,29,29,29,29,29,29,29,29,29,29
450017,1,1,0,0,0,0,0,19,0,0,0,0
450018,1,1,14,14,14,14,14,14,14,14,14,14
450019,1,1,24,24,24,24,24,24,24,24,24,24
450020,0,1,0,0,0,0,0,0,0,0,0,0
450020,3,1,0,0,0,0,0,0,0,0,0,0
450021,1,1,0,0,0,0,0,0,0,0,4,0
450021,2,1,12,12,12,12,12,12,12,12,12,12
450022,1,1,13,13,13,13,13,13,13,13,13,13
450023,1,1,0,0,0,0,0,0,0,0,0,0
450023,2,1,0,0,0,0,0,0,13,11,0,0
450024,1,1,0,16,0,0,0,0,31,0,0,0
450024,2,1,3,0,0,0,0,0,0,0,10,0
450025,1,1,30,30,30,30,30,30,30,30,30,30
450026,1,1,16,16,16,16,16,16,16,16,16,16
450027,1,1,0,0,0,0,0,0,0,0,0,0
450027,2,1,0,0,0,0,0,0,0,0,0,0
450027,3,1,0,0,0,0,0,0,0,0,0,0
450028,1,1,0,0,0,0,0,0,0,0,0,0
450029,1,1,0,0,0,0,19,0,0,0,20,0
450029,2,1,0,0,6,0,20,0,0,0,0,0
450030,1,1,0,0,0,0,0,0,0,14,0,0
450030,2,1,0,0,0,0,0,0,0,0,0,0
450031,1,1,16,16,16,16,16,16,16,16,16,16
450031,2,1,0,0,0,0,0,0,0,0,0,0
450032,1,1,3,3,3,3,3,3,3,3,3,3
450033,0,1,0,0,0,0,0,0,0,0,0,0
450033,1,1,0,0,0,0,0,0,0,0,0,0
450034,1,1,0,0,0,0,0,0,0,0,0,0
450034,2,1,0,0,0,0,0,0,0,0,0,18
450035,1,1,0,0,0,0,0,21,0,0,0,7