ST_CASE,VEH_NO,PER_NO,P1,P2,P3,P4,P5,P6,P7,P8,P9,P10
450035,2,1,0,0,0,0,0,0,0,0,0,0
450036,1,1,0,0,0,0,0,0,0,0,0,0
450036,2,1,0,0,0,0,0,0,0,0,0,0
450037,1,1,0,0,0,0,0,0,0,0,0,0
450038,0,1,15,15,15,15,15,15,15,15,15,15
450038,1,1,0,0,0,10,0,16,0,0,0,0
450039,1,1,0,0,0,63,0,0,0,0,0,0
450039,2,1,22,0,0,0,21,17,0,0,0,3
450040,1,1,0,0,0,0,0,0,0,0,0,0
450040,2,1,9,9,9,9,9,9,9,9,9,9
450041,1,1,14,14,14,14,14,14,14,14,14,14
450042,1,1,33,33,33,33,33,33,33,33,33,33
450043,1,1,9,0,0,0,0,0,18,0,2,0
450043,2,1,0,0,0,0,0,0,0,0,0,0
450044,1,1,0,0,0,0,0,0,0,0,0,0
450044,2,1,0,0,22,0,0,0,0,0,0,0
450045,1,1,0,0,0,0,0,0,0,0,0,0
450045,2,1,0,0,0,0,0,0,0,0,0,0
450046,1,1,0,0,0,0,0,0,0,0,0,0
450046,2,1,0,0,0,0,0,0,0,0,0,0
450047,1,1,0,0,0,0,0,0,0,0,0,9
450047,2,1,0,0,0,0,0,0,0,0,0,0
450048,1,1,0,0,0,0,0,0,0,0,0,0
450048,2,1,0,0,0,0,0,0,0,0,0,0
450049,1,1,21,21,21,21,21,21,21,21,21,21
450050,1,1,27,27,27,27,27,27,27,27,27,27
450051,0,1,0,0,0,0,0,0,0,0,0,0
450051,1,1,0,0,0,0,0,0,0,0,0,0
450052,1,1,22,22,22,22,22,22,22,22,22,22
450053,1,1,0,0,0,0,0,0,0,0,0,0
450053,2,1,0,0,0,0,0,0,0,0,0,0
450054,1,1,0,0,0,0,0,0,0,0,0,0
450054,2,1,0,0,0,0,0,0,0,0,0,0
450055,0,1,0,0,0,0,0,0,0,8,0,0
450055,0,2,0,0,0,0,0,0,0,0,0,0
450055,2,1,0,0,19,0,0,0,0,0,0,0
450055,3,1,0,0,0,0,0,0,0,0,0,0
450056,1,1,0,0,0,0,0,0,0,0,0,0
450057,0,1,15,15,15,15,15,15,15,15,15,15
450057,1,1,0,0,0,0,5,0,0,0,0,0
450057,2,1,0,0,0,16,26,0,0,0,15,0
450058,0,1,24,24,24,24,24,24,24,24,24,24
450058,1,1,10,0,34,0,30,25,0,0,0,0
450059,1,1,0,0,0,0,0,0,0,9,0,0
450059,2,1,0,0,0,0,0,14,16,0,0,0
450060,1,1,5,5,5,5,5,5,5,5,5,5
450061,1,1,17,17,17,17,17,17,17,17,17,17
450062,0,1,0,0,0,0,0,0,0,0,0,0
450062,1,1,0,0,20,4,9,0,20,0,0,0
450063,1,1,0,0,0,0,0,0,0,0,0,0
450063,2,1,0,0,0,0,0,0,0,0,0,0
450064,1,1,0,11,0,0,0,0,0,24,0,0
450064,2,1,0,14,0,0,0,0,0,0,6,0
450064,3,1,0,0,0,0,0,0,0,0,0,0
450065,0,1,0,0,0,13,0,0,0,0,0,0
450065,1,1,0,0,0,16,0,0,20,0,15,0
450066,0,1,0,0,0,0,0,0,0,0,0,0
450066,1,1,0,0,0,0,0,0,0,0,0,0
450067,1,1,0,0,0,0,0,0,0,0,0,0
450067,2,1,0,15,0,0,0,13,20,9,0,0
450068,1,1,0,0,0,0,0,0,0,0,0,0
450068,2,1,0,0,10,0,0,0,0,0,0,0
450068,3,1,0,0,0,0,0,24,0,0,0,0
450069,1,1,0,0,0,0,24,0,0,0,0,0
450069,2,1,9,9,9,9,9,9,9,9,9,9
450070,1,1,23,23,23,23,23,23,23,23,23,23
450071,1,1,26,26,26,26,26,26,26,26,26,26
450072,0,1,24,24,24,24,24,24,24,24,24,24
450072,1,1,0,22,0,0,0,0,0,15,0,0
450073,1,1,0,0,0,0,0,0,0,0,0,0
450075,1,1,20,0,0,0,0,0,0,0,0,0
450076,1,1,3,18,11,0,13,0,15,27,0,22
450076,2,1,11,0,0,0,0,12,23,0,0,0
450076,3,1,19,19,19,19,19,19,19,19,19,19
450077,0,1,38,38,38,38,38,38,38,38,38,38
450077,1,1,32,0,10,0,7,22,0,0,0,0
450078,1,1,0,0,0,0,0,0,0,0,0,0
450078,2,1,0,0,0,0,0,0,0,0,0,0
450079,1,1,0,0,0,0,0,0,0,0,0,0
450080,1,1,14,14,14,14,14,14,14,14,14,14
450081,0,1,22,22,22,22,22,22,22,22,22,22
450081,1,1,16,22,0,17,5,20,14,0,30,14
450083,1,1,20,20,20,20,20,20,20,20,20,20
450084,1,1,0,0,0,0,0,0,0,0,0,0
450084,2,1,5,5,5,5,5,5,5,5,5,5
450084,3,1,0,0,0,14,0,0,0,14,38,0
450085,1,1,0,0,0,10,0,0,0,0,0,0
450085,2,1,0,0,0,0,0,16,0,0,0,0
450086,0,1,0,0,0,0,0,0,0,0,0,0
450086,1,1,9,11,16,17,0,0,15,0,0,17
450087,1,1,1,1,1,1,1,1,1,1,1,1
450088,1,1,14,14,14,14,14,14,14,14,14,14
450088,2,1,14,14,14,14,14,14,14,14,14,14
450089,1,1,6,6,6,6,6,6,6,6,6,6
450090,0,1,0,0,0,0,0,0,0,0,0,0
450090,1,1,0,0,0,0,28,0,27,0,0,0
450091,0,1,20,20,20,20,20,20,20,20,20,20
450091,1,1,8,0,10,31,0,21,15,18,0,0
450092,0,1,34,34,34,34,34,34,34,34,34,34
450092,1,1,0,0,0,0,0,0,0,0,0,4
450093,1,1,11,11,11,11,11,11,11,11,11,11
450094,1,1,0,0,0,0,0,0,0,0,0,0
450095,1,1,0,0,0,0,0,0,0,0,0,0
450096,1,1,19,19,19,19,19,19,19,19,19,19
450097,1,1,0,0,0,0,0,0,0,0,0,0
450098,1,1,0,0,0,0,0,0,0,0,0,0
450099,1,1,20,20,20,20,20,20,20,20,20,20
450100,1,1,0,0,0,0,0,0,0,0,0,0
450101,1,1,14,15,0,0,2,5,0,9,9,25
450101,2,1,0,0,0,0,0,0,0,0,0,0
450102,1,1,0,38,0,0,10,0,21,0,9,0
450102,2,1,0,0,0,0,0,0,0,0,0,0
450103,1,1,0,0,0,0,0,0,0,0,0,0
450103,2,1,15,15,15,15,15,15,15,15,15,15
450104,1,1,27,5,16,0,0,10,16,0,25,27
450104,2,1,0,0,0,0,0,0,0,0,0,0
450104,3,1,0,0,0,0,0,0,0,0,0,0
450105,1,1,0,0,0,13,23,0,0,18,26,0
450105,2,1,24,0,0,17,0,0,8,0,0,0
450106,1,1,0,0,0,0,0,0,0,0,0,0
450107,1,1,0,13,14,0,0,16,0,0,0,0
450107,2,1,0,0,0,28,7,0,0,0,0,0
450108,1,1,20,20,20,20,20,20,20,20,20,20
450109,1,1,14,14,14,14,14,14,14,14,14,14
450109,2,1,14,14,14,14,14,14,14,14,14,14
450110,1,1,16,22,12,24,22,21,28,34,20,11
450111,1,1,0,0,0,0,0,0,0,0,0,0
450111,2,1,0,0,0,0,0,0,0,20,0,0
450111,3,1,20,0,0,0,0,25,0,0,0,0
450112,1,1,0,0,0,0,19,0,0,0,0,0
450112,2,1,0,22,13,0,0,0,0,0,0,0
450113,1,1,23,23,23,23,23,23,23,23,23,23
450114,1,1,0,0,20,3,0,35,9,0,0,0
450115,1,1,0,0,0,0,0,0,0,0,0,0
450116,1,1,16,16,16,16,16,16,16,16,16,16
450117,1,1,0,0,0,0,0,0,0,0,0,0
450117,2,1,34,34,34,34,34,34,34,34,34,34
450118,1,1,14,14,14,14,14,14,14,14,14,14
450119,1,1,14,14,14,14,14,14,14,14,14,14
450120,1,1,12,12,12,12,12,12,12,12,12,12
450120,2,1,0,0,9,0,0,5,0,15,0,8
450121,1,1,15,15,15,15,15,15,15,15,15,15
450122,1,1,19,19,19,19,19,19,19,19,19,19
450123,1,1,0,0,0,0,0,0,0,0,0,0
450123,2,1,0,20,19,0,0,0,0,9,0,0
450123,3,1,0,0,0,0,0,0,0,0,0,0
450124,1,1,0,0,0,0,0,0,0,0,0,0
450125,1,1,17,17,17,17,17,17,17,17,17,17
450126,1,1,0,0,0,0,0,0,0,0,0,0
450126,2,1,4,4,4,4,4,4,4,4,4,4
450127,1,1,0,0,0,11,0,0,0,23,0,16
450128,1,1,0,0,0,0,0,0,0,0,0,0
450129,1,1,25,0,0,17,14,0,0,0,0,0
450129,2,1,0,0,0,0,0,0,0,0,0,0
450130,0,1,0,0,17,0,0,0,0,0,0,0
450130,0,2,0,0,0,0,0,0,0,0,0,0
450130,1,1,0,0,0,0,13,0,7,0,0,0
450131,1,1,0,0,0,8,0,0,0,0,0,0
450131,2,1,0,0,0,0,0,0,0,0,0,0
450132,1,1,0,0,9,0,11,0,6,0,21,0
450133,1,1,0,0,0,0,0,0,0,0,0,0
450134,1,1,0,0,0,0,0,0,0,0,0,0
450134,2,1,0,0,0,0,0,0,0,0,0,0
450135,1,1,0,0,0,0,0,0,0,0,0,0
450135,2,1,0,0,0,0,0,0,0,0,0,0
450136,0,1,0,0,0,0,0,0,0,0,0,0
450136,1,1,0,0,21,0,0,0,0,0,6,0
450137,1,1,0,0,0,0,0,0,9,0,0,0
450137,2,1,0,0,0,0,0,0,9,0,0,9
450138,1,1,0,0,0,0,0,0,0,0,0,0
450138,2,1,0,0,14,0,0,0,0,0,0,0
450139,1,1,35,35,35,35,35,35,35,35,35,35
450140,1,1,0,0,0,0,0,0,0,0,0,0
450140,2,1,0,0,0,0,0,0,0,0,0,0
450141,1,1,0,0,0,0,0,0,0,0,0,0
450141,2,1,0,3,0,0,0,0,0,0,8,0
450142,1,1,0,16,3,0,0,0,0,0,0,0
450143,2,1,0,0,0,0,0,0,0,0,0,0
450144,1,1,0,28,0,0,0,0,8,15,20,0
450144,2,1,0,0,0,0,0,0,12,0,0,18
450144,3,1,0,0,0,0,0,0,0,0,0,0
450145,0,1,14,14,14,14,14,14,14,14,14,14
450145,1,1,0,0,0,0,0,0,0,0,28,18
450146,1,1,16,16,16,16,16,16,16,16,16,16
450147,1,1,0,0,0,8,0,0,0,0,12,9
450148,4,1,0,0,0,25,0,0,0,0,0,0
450148,5,1,0,0,0,0,0,0,0,0,0,0
450149,1,1,0,6,0,0,0,0,0,0,0,0
450149,2,1,0,0,0,0,0,0,0,0,0,0
450150,1,1,2,2,2,2,2,2,2,2,2,2
450151,1,1,13,0,0,0,15,0,14,0,0,0
450151,2,1,21,21,21,21,21,21,21,21,21,21
450152,1,1,0,14,0,0,15,0,0,0,0,0
450152,2,1,0,0,0,0,0,0,0,0,0,0
450153,1,1,24,24,24,24,24,24,24,24,24,24
450154,1,1,0,0,0,0,0,0,0,0,0,0
450155,1,1,0,0,0,0,0,0,0,0,0,0
450156,1,1,25,25,25,25,25,25,25,25,25,25
450157,1,1,13,13,13,13,13,13,13,13,13,13
450158,1,1,0,0,0,0,0,0,0,0,0,0
450158,2,1,0,0,0,0,0,0,0,0,0,0
450159,1,1,0,0,0,12,0,0,0,0,0,9
450159,2,1,0,0,0,0,0,0,0,0,0,0
450160,1,1,0,10,16,0,21,0,0,0,22,0
450160,2,1,15,0,0,0,0,0,0,0,16,21
450161,1,1,0,0,0,0,0,0,0,0,0,0
450161,2,1,0,0,0,14,0,0,0,0,0,0
450162,1,1,11,11,11,11,11,11,11,11,11,11
450163,1,1,21,21,21,21,21,21,21,21,21,21
450163,2,1,0,0,0,0,23,0,0,0,0,0
450164,1,1,8,0,0,0,21,0,14,16,17,10
450164,2,1,0,0,0,0,0,0,0,0,0,0
450165,1,1,7,9,10,30,28,13,31,16,22,24
450166,1,1,0,0,0,0,0,0,0,0,0,0
450167,1,1,16,0,15,13,26,6,13,0,0,18
450167,2,1,0,0,0,0,0,0,0,19,0,0
450168,1,1,33,35,0,14,0,0,17,0,0,0
450168,2,1,0,0,0,0,0,0,0,0,0,0
450169,1,1,24,24,24,24,24,24,24,24,24,24
450170,1,1,0,0,0,0,0,0,0,0,0,0
450170,2,1,0,0,0,0,0,0,0,0,0,0
450171,0,1,0,0,0,0,0,0,0,0,0,0
450171,1,1,0,0,0,19,0,0,0,0,0,0
450172,1,1,0,0,0,0,0,0,0,0,0,0
450172,2,1,0,0,0,0,0,0,0,0,0,0
450173,1,1,0,0,8,0,0,22,0,0,14,0
450174,1,1,8,8,8,8,8,8,8,8,8,8
450174,2,1,0,18,0,0,0,0,20,0,8,0
450175,1,1,6,6,6,6,6,6,6,6,6,6
450176,1,1,22,22,22,22,22,22,22,22,22,22
450177,1,1,27,27,27,27,27,27,27,27,27,27
450178,1,1,20,20,20,20,20,20,20,20,20,20
450179,1,1,0,0,0,0,0,0,0,0,0,0
450180,1,1,0,0,0,0,0,0,0,0,0,0
450181,1,1,0,0,0,0,0,0,0,0,0,0
450182,1,1,0,0,28,0,0,0,0,0,14,0
450182,2,1,0,0,25,0,13,0,0,0,0,0
450183,1,1,8,8,8,8,8,8,8,8,8,8
450184,1,1,6,6,6,6,6,6,6,6,6,6
450184,2,1,0,0,0,0,8,0,0,0,0,0
450185,1,1,0,0,0,0,0,0,0,0,0,0
450186,1,1,17,17,17,17,17,17,17,17,17,17
450187,1,1,0,0,0,0,0,0,0,0,0,0
450187,2,1,0,0,0,0,0,0,0,0,0,0
450188,1,1,29,29,29,29,29,29,29,29,29,29
450189,1,1,19,19,19,19,19,19,19,19,19,19
450190,1,1,0,0,0,0,0,0,0,0,0,0
450190,2,1,27,27,27,27,27,27,27,27,27,27
450191,0,1,5,5,5,5,5,5,5,5,5,5
450191,1,1,27,0,15,0,7,17,10,16,0,0
450192,1,1,29,29,29,29,29,29,29,29,29,29
450192,2,1,0,0,0,0,0,0,0,0,0,0
450193,1,1,21,21,21,21,21,21,21,21,21,21
450194,0,1,0,0,0,0,0,0,0,0,0,0
450194,1,1,0,0,0,0,0,0,0,0,0,0
450195,1,1,0,0,0,0,0,0,0,0,0,0
450196,1,1,0,0,0,0,0,0,0,0,0,10
450197,1,1,29,29,29,29,29,29,29,29,29,29
450198,1,1,0,0,0,0,0,0,0,0,0,0
450199,1,1,30,30,30,30,30,30,30,30,30,30
450200,1,1,16,25,13,19,15,0,10,10,0,5
450200,2,1,0,0,0,0,0,0,0,0,0,0
450201,1,1,15,15,15,15,15,15,15,15,15,15
450202,1,1,19,19,19,19,19,19,19,19,19,19
450203,1,1,0,0,0,0,0,0,0,0,0,0
450203,2,1,0,0,0,12,0,0,0,0,0,0
450204,1,1,21,21,21,21,21,21,21,21,21,21
450205,1,1,0,0,0,0,0,0,0,0,0,0
450205,2,1,0,0,0,0,0,0,0,0,0,0
450206,1,1,0,0,0,0,0,0,0,0,0,0
450206,2,1,0,0,0,0,0,0,0,0,0,0
450207,1,1,0,0,0,0,0,0,0,0,0,0
450208,1,1,24,24,24,24,24,24,24,24,24,24
450209,1,1,0,0,0,0,0,0,0,0,0,0
450210,1,1,0,0,0,0,0,0,0,0,0,0
450211,1,1,26,26,26,26,26,26,26,26,26,26
450212,1,1,27,27,27,27,27,27,27,27,27,27
450213,1,1,0,0,0,0,0,0,0,0,0,0
450214,1,1,0,0,0,0,0,0,0,0,0,0
450215,1,1,0,0,0,0,0,0,0,0,0,0
450216,1,1,4,4,4,4,4,4,4,4,4,4
450216,2,1,0,0,0,0,0,0,0,0,0,0
450217,1,1,0,0,22,0,17,0,0,0,0,0
450217,2,1,0,0,0,0,10,0,0,0,0,0
450218,1,1,5,5,5,5,5,5,5,5,5,5
450219,1,1,21,21,21,21,21,21,21,21,21,21
450220,1,1,11,11,11,11,11,11,11,11,11,11
450221,1,1,11,0,11,17,0,20,0,0,0,6
450221,2,1,0,0,0,0,0,0,0,0,0,0
450221,3,1,0,0,0,0,0,0,0,0,0,0
450221,4,1,0,0,0,3,0,0,0,0,0,0
450222,1,1,0,0,10,8,0,0,0,0,0,0
450222,2,1,0,0,0,0,0,0,0,0,0,0
450223,1,1,39,39,39,39,39,39,39,39,39,39
450224,1,1,4,4,4,4,4,4,4,4,4,4
450225,1,1,12,0,0,0,0,17,0,0,0,0
450226,1,1,0,0,0,0,9,0,0,0,0,0
450226,2,1,0,0,0,0,0,0,0,0,0,0
450227,1,1,34,34,34,34,34,34,34,34,34,34
450228,1,1,0,0,0,0,0,0,0,0,0,0
450228,2,1,0,0,0,0,0,0,0,0,0,0
450229,1,1,0,0,0,0,0,0,24,11,0,0
450229,2,1,2,2,2,2,2,2,2,2,2,2
450230,2,1,38,38,38,38,38,38,38,38,38,38
450231,1,1,0,0,0,6,0,0,0,0,0,0
450231,2,1,0,0,0,0,0,0,0,0,0,0
450232,1,1,22,22,22,22,22,22,22,22,22,22
450233,1,1,23,23,23,23,23,23,23,23,23,23
450233,2,1,14,8,0,0,23,10,19,10,0,12
450234,1,1,9,9,9,9,9,9,9,9,9,9
450234,2,1,10,0,0,0,0,0,5,0,6,0
450234,3,1,0,0,0,3,0,8,3,4,0,0
450234,4,1,11,0,12,5,0,0,7,14,7,0
450235,1,1,0,0,0,0,0,0,0,0,0,0
450235,2,1,0,0,0,0,0,0,0,0,0,0
450236,1,1,20,20,20,20,20,20,20,20,20,20
450237,1,1,0,0,0,0,0,0,8,0,25,0
450238,1,1,0,4,2,0,0,0,0,0,0,0
450239,0,1,0,0,0,0,0,0,0,0,0,0
450239,1,1,0,0,0,0,0,0,3,0,0,0
450240,1,1,30,30,30,30,30,30,30,30,30,30
450241,1,1,13,13,13,13,13,13,13,13,13,13
450242,1,1,0,0,0,0,0,0,0,0,0,0
450242,2,1,0,0,23,0,0,0,0,0,0,0
450243,1,1,0,17,0,26,31,0,9,0,0,0
450244,1,1,0,0,0,0,0,0,7,0,0,0
450244,2,1,0,0,0,0,0,0,0,0,11,0
450245,1,1,0,0,0,0,28,0,0,20,0,0
450245,2,1,0,0,0,0,0,0,0,0,0,0
450246,1,1,3,3,3,3,3,3,3,3,3,3
450247,1,1,0,0,0,0,0,0,0,0,0,0
450248,0,1,28,28,28,28,28,28,28,28,28,28
450248,1,1,0,0,0,0,0,0,22,0,0,0
450249,1,1,11,0,16,14,0,0,7,36,18,0
450251,1,1,18,18,18,18,18,18,18,18,18,18
450252,1,1,25,25,25,25,25,25,25,25,25,25
450253,1,1,0,0,0,0,0,0,0,0,0,0
450253,2,1,0,0,0,0,0,0,0,0,0,0
450254,1,1,0,0,0,0,0,0,0,0,0,0
450254,2,1,0,0,0,0,0,0,0,0,0,0
450255,1,1,0,0,0,0,0,0,0,0,0,0
450255,2,1,0,0,0,19,0,0,27,0,6,20
450256,1,1,0,0,0,0,0,0,0,0,0,0
450257,1,1,27,27,27,27,27,27,27,27,27,27
450258,1,1,0,0,0,0,0,0,0,12,0,26
450259,1,1,0,0,0,0,0,0,0,0,0,0
450260,1,1,23,23,23,23,23,23,23,23,23,23
450261,1,1,28,28,28,28,28,28,28,28,28,28
450262,1,1,16,16,16,16,16,16,16,16,16,16
450263,1,1,31,31,31,31,31,31,31,31,31,31
450264,0,1,0,0,0,0,0,0,0,0,0,0
450264,1,1,0,0,0,0,16,0,0,0,0,0
450264,2,1,0,3,0,0,0,0,0,0,0,0
450265,1,1,4,4,4,4,4,4,4,4,4,4
450265,2,1,0,0,25,0,0,0,15,0,0,0
450266,1,1,22,22,22,22,22,22,22,22,22,22
450268,0,1,23,23,23,23,23,23,23,23,23,23
450268,1,1,16,10,32,19,15,13,0,0,29,26
450269,1,1,23,16,24,28,7,23,28,11,20,18
450270,1,1,17,23,3,18,10,61,11,7,2,0
450270,2,1,12,12,12,12,12,12,12,12,12,12
450271,1,1,12,0,0,9,7,0,14,0,0,0
450271,2,1,25,25,25,25,25,25,25,25,25,25
450272,1,1,10,10,10,10,10,10,10,10,10,10
450272,2,1,0,0,0,0,0,0,0,0,0,0
450273,1,1,18,18,18,18,18,18,18,18,18,18
450273,2,1,0,0,0,0,0,0,0,0,0,0
450274,1,1,0,0,0,0,0,0,0,0,0,0
450274,2,1,0,0,0,0,0,0,0,0,0,0
450274,3,1,0,0,0,0,0,0,0,0,0,0
450274,4,1,0,0,0,0,0,0,0,0,0,0
450274,5,1,19,0,0,0,0,0,0,0,0,0
450275,1,1,24,24,24,24,24,24,24,24,24,24
450276,1,1,11,10,29,34,14,17,4,16,10,13
450277,1,1,0,0,0,0,0,0,0,0,0,0
450277,2,1,0,0,0,0,0,17,6,0,0,6
450278,1,1,0,0,0,0,0,0,0,0,0,0
450279,1,1,0,0,0,0,0,0,0,0,0,0
450279,2,1,0,0,0,0,0,0,6,0,0,0
450279,3,1,0,0,0,0,0,0,0,0,15,0
450280,1,1,16,16,16,16,16,16,16,16,16,16
450280,2,1,16,16,16,16,16,16,16,16,16,16
450281,1,1,0,0,0,0,0,0,0,0,0,0
450281,2,1,0,0,0,0,0,0,11,0,0,15
450282,1,1,10,0,15,0,0,0,0,0,0,9
450283,1,1,26,26,26,26,26,26,26,26,26,26
450284,1,1,13,13,13,13,13,13,13,13,13,13
450285,1,1,0,27,0,0,12,25,25,29,0,0
450285,2,1,12,0,9,0,13,11,20,11,0,13
450286,1,1,0,0,0,0,0,0,0,0,0,0
450287,1,1,23,23,23,23,23,23,23,23,23,23
450288,1,1,11,11,11,11,11,11,11,11,11,11
450289,1,1,0,0,0,0,0,0,0,0,0,0
450289,2,1,0,0,0,0,22,0,0,0,0,0
450290,1,1,15,0,0,0,0,0,0,0,0,0
450290,2,1,0,19,0,0,0,0,0,0,0,0
450291,1,1,0,0,0,0,0,0,0,0,0,0
450291,2,1,0,0,0,0,0,0,0,0,0,0
450291,3,1,5,0,0,0,0,0,0,0,0,0
450292,1,1,0,26,9,0,0,0,0,0,0,0
450293,1,1,16,16,16,16,16,16,16,16,16,16
450296,1,1,16,16,16,16,16,16,16,16,16,16
450297,1,1,14,14,14,14,14,14,14,14,14,14
450298,1,1,3,0,0,0,0,0,0,0,0,0
450298,2,1,0,0,0,0,0,0,0,0,0,0
450299,1,1,28,28,28,28,28,28,28,28,28,28
450300,0,1,0,0,0,0,0,0,0,0,0,0
450300,1,1,0,0,0,0,18,0,0,11,0,0
450301,1,1,0,0,0,0,0,0,0,0,0,0
450302,0,1,0,0,0,0,0,0,0,0,0,0
450302,1,1,25,32,15,19,13,15,11,0,15,35
450303,1,1,12,12,12,12,12,12,12,12,12,12
450304,1,1,0,11,0,0,23,0,0,0,0,0
450304,2,1,3,3,3,3,3,3,3,3,3,3
450305,1,1,0,12,0,0,15,21,0,0,0,0
450305,2,1,0,0,0,0,0,0,0,0,0,0
450306,0,1,2,2,2,2,2,2,2,2,2,2
450306,1,1,0,24,0,0,19,0,0,21,0,0
450307,1,1,18,18,18,18,18,18,18,18,18,18
450309,1,1,7,7,7,7,7,7,7,7,7,7
450310,1,1,0,0,0,0,0,0,0,0,0,0
450311,1,1,0,0,0,0,0,0,4,0,0,0
450311,2,1,0,0,0,0,0,15,14,0,0,0
450311,3,1,0,0,17,0,17,0,0,0,0,36
450312,0,1,0,0,0,0,0,0,0,0,0,0
450312,0,2,19,20,0,0,22,0,0,0,0,15
450312,2,1,0,11,11,11,16,21,6,11,22,7
450313,0,1,0,0,0,0,0,0,0,0,0,0
450313,1,1,0,0,0,0,0,0,0,0,0,0
450314,1,1,0,0,0,0,0,0,0,0,0,0
450314,2,1,0,22,0,0,0,0,14,16,0,16
450315,1,1,19,13,13,0,0,0,0,0,0,4
450316,0,1,3,3,3,3,3,3,3,3,3,3
450316,1,1,0,0,0,0,0,0,0,22,0,0
450317,0,1,0,0,0,0,0,0,0,15,0,0
450317,1,1,0,0,0,25,0,0,17,0,0,0
450318,1,1,0,0,0,0,0,0,0,0,0,0
450318,2,1,0,0,0,0,0,0,0,0,0,0
450319,0,1,15,15,15,15,15,15,15,15,15,15
450319,1,1,12,12,12,12,12,12,12,12,12,12
450320,1,1,0,0,0,0,0,0,0,0,0,0
450320,2,1,0,0,0,0,0,0,0,0,0,0
450321,0,1,18,18,18,18,18,18,18,18,18,18
450321,1,1,0,0,0,0,0,0,0,0,0,0
450322,1,1,12,12,12,12,12,12,12,12,12,12
450323,1,1,0,0,0,0,0,0,0,0,0,0
450323,2,1,0,16,0,0,0,28,15,0,0,0
450324,1,1,0,0,0,0,0,0,0,0,0,0
450324,2,1,0,0,0,0,0,0,0,12,0,0
450325,1,1,0,0,0,0,0,0,0,0,0,0
450326,1,1,5,0,0,0,0,0,0,0,0,0
450326,2,1,3,3,3,3,3,3,3,3,3,3
450327,1,1,0,5,0,22,0,0,0,11,0,0
450328,1,1,0,0,0,0,0,0,0,0,0,0
450328,2,1,0,0,0,0,0,0,0,0,0,0
450329,1,1,0,0,0,0,0,0,0,0,0,0
450330,1,1,22,22,22,22,22,22,22,22,22,22
450331,1,1,12,12,12,12,12,12,12,12,12,12
450332,1,1,0,0,0,0,0,0,0,0,0,0
450333,1,1,0,0,0,0,0,0,0,0,0,0
450334,1,1,0,0,0,0,0,13,0,0,0,23
450334,2,1,2,2,2,2,2,2,2,2,2,2
450335,1,1,20,20,20,20,20,20,20,20,20,20
450336,0,1,22,22,22,22,22,22,22,22,22,22
450336,1,1,12,12,0,3,0,3,0,0,5,0
450337,1,1,29,29,29,29,29,29,29,29,29,29
450338,1,1,30,30,30,30,30,30,30,30,30,30
450339,1,1,28,28,28,28,28,28,28,28,28,28
450340,1,1,0,0,0,0,0,0,0,0,0,0
450341,0,1,27,27,27,27,27,27,27,27,27,27
450341,1,1,22,0,16,0,9,5,6,17,0,10
450342,1,1,0,0,0,0,0,0,16,0,0,0
450342,2,1,0,0,0,0,0,0,0,0,0,0
450343,1,1,0,0,0,0,6,0,7,0,0,13
450344,0,1,12,12,12,12,12,12,12,12,12,12
450344,1,1,0,0,0,4,13,0,9,11,11,0
450345,0,1,25,25,25,25,25,25,25,25,25,25
450345,1,1,0,0,0,16,0,33,29,0,0,13
450346,0,1,19,19,19,19,19,19,19,19,19,19
450346,1,1,19,19,19,19,19,19,19,19,19,19
450347,1,1,18,18,18,18,18,18,18,18,18,18
450348,1,1,0,0,0,0,0,0,0,0,0,0
450349,1,1,0,0,0,0,0,0,0,0,0,0
450350,1,1,0,0,0,0,0,0,0,0,0,0
450350,2,1,0,0,0,0,0,0,0,0,0,0
450351,1,1,0,0,0,0,0,0,0,0,0,0
450351,2,1,0,0,0,0,0,0,16,0,0,0
450352,1,1,25,25,25,25,25,25,25,25,25,25
450352,2,1,31,0,0,0,0,0,0,0,0,0
450352,3,1,0,0,0,0,0,0,0,0,0,0
450353,1,1,0,0,0,0,0,0,0,0,0,0
450354,1,1,0,20,0,0,0,0,7,21,0,0
450355,1,1,17,17,17,17,17,17,17,17,17,17
450356,1,1,22,22,22,22,22,22,22,22,22,22
450356,2,1,0,11,0,8,0,16,10,0,4,0