ST_CASE,VEH_NO,PER_NO,P1,P2,P3,P4,P5,P6,P7,P8,P9,P10
450357,1,1,0,0,0,0,0,10,0,0,0,0
450357,2,1,0,9,0,0,0,0,0,0,0,0
450358,1,1,1,1,1,1,1,1,1,1,1,1
450359,1,1,0,8,19,0,0,0,0,0,0,0
450359,2,1,0,0,0,0,0,0,14,0,0,0
450359,3,1,0,0,0,0,0,0,0,0,0,0
450360,1,1,0,0,0,0,0,6,0,0,0,0
450360,2,1,0,21,0,0,0,0,0,0,0,0
450361,1,1,17,17,17,17,17,17,17,17,17,17
450362,1,1,0,0,0,0,0,14,21,15,22,0
450363,1,1,0,0,0,0,0,0,0,0,0,0
450364,1,1,15,15,15,15,15,15,15,15,15,15
450365,1,1,19,19,19,19,19,19,19,19,19,19
450365,2,1,0,0,0,0,0,0,0,0,0,0
450365,3,1,0,0,0,0,0,0,0,0,0,0
450366,1,1,0,11,0,0,9,0,0,0,0,22
450366,2,1,24,24,24,24,24,24,24,24,24,24
450367,1,1,21,21,21,21,21,21,21,21,21,21
450368,1,1,0,15,0,0,0,25,0,0,0,0
450369,0,1,0,8,0,11,35,28,18,23,0,19
450369,1,1,0,0,0,0,0,8,2,0,0,0
450370,1,1,30,30,30,30,30,30,30,30,30,30
450371,1,1,33,33,33,33,33,33,33,33,33,33
450372,1,1,13,9,22,0,0,0,0,15,14,0
450372,2,1,27,27,27,27,27,27,27,27,27,27
450373,0,1,28,28,28,28,28,28,28,28,28,28
450373,1,1,0,0,0,22,0,0,0,0,0,0
450374,1,1,14,14,14,14,14,14,14,14,14,14
450375,1,1,0,0,7,6,0,0,0,0,0,0
450376,1,1,0,0,0,0,0,0,0,0,0,0
450376,2,1,0,0,0,0,0,0,0,0,0,0
450377,1,1,14,14,14,14,14,14,14,14,14,14
450377,2,1,5,35,14,4,26,11,0,48,0,32
450378,0,1,16,16,16,16,16,16,16,16,16,16
450378,1,1,8,0,12,0,19,0,17,0,0,6
450379,1,1,0,0,0,0,0,0,0,0,0,0
450379,2,1,0,0,0,0,0,0,0,0,0,0
450380,1,1,0,0,0,0,0,0,0,23,0,0
450380,2,1,0,0,0,0,0,0,0,0,0,0
450381,1,1,0,0,0,0,0,0,0,0,0,0
450382,1,1,6,6,6,6,6,6,6,6,6,6
450383,1,1,0,17,0,18,0,20,2,22,15,20
450383,2,1,0,7,8,10,24,10,11,0,25,0
450384,1,1,0,0,0,0,0,0,0,0,0,0
450384,2,1,0,0,0,0,0,0,0,0,0,0
450385,1,1,0,0,0,0,0,0,0,0,0,0
450386,1,1,0,0,0,0,0,0,0,0,0,0
450387,1,1,18,18,18,18,18,18,18,18,18,18
450387,2,1,3,0,0,0,0,0,13,0,0,10
450388,1,1,0,0,0,0,0,0,21,0,0,0
450389,1,1,15,15,15,15,15,15,15,15,15,15
450390,0,1,12,0,0,13,17,0,0,15,16,23
450390,1,1,20,20,20,20,20,20,20,20,20,20
450391,1,1,6,0,0,0,0,0,0,0,0,0
450391,2,1,0,0,0,0,0,0,0,0,0,0
450392,1,1,0,0,0,0,0,0,0,24,0,8
450393,1,1,0,0,0,0,0,0,0,0,0,0
450393,2,1,0,0,0,17,10,21,0,0,0,0
450393,3,1,0,0,0,0,0,0,0,17,0,0
450393,4,1,0,0,0,0,0,0,0,0,0,8
450394,0,1,0,0,19,0,5,0,0,0,0,0
450394,1,1,0,0,0,0,0,0,0,0,0,0
450395,1,1,0,0,0,0,0,0,0,0,0,0
450395,2,1,0,13,0,0,0,0,0,0,32,0
450396,1,1,0,0,0,8,0,0,0,0,23,0
450396,2,1,0,0,12,12,21,0,0,38,0,0
450397,1,1,0,0,0,0,0,0,0,0,0,0
450397,2,1,0,0,0,0,0,0,0,0,0,0
450398,1,1,0,0,0,0,0,0,0,0,0,0
450399,1,1,0,19,0,27,0,0,19,0,0,0
450399,2,1,25,0,0,0,0,10,0,23,11,0
450400,0,1,0,0,0,0,0,0,0,0,0,0
450400,1,1,0,0,0,0,0,0,0,0,0,0
450401,1,1,13,12,0,0,9,0,0,0,0,0
450402,1,1,0,0,0,0,0,0,0,0,0,0
450403,0,1,17,17,17,17,17,17,17,17,17,17
450403,1,1,0,16,23,10,9,12,0,10,6,0
450404,1,1,6,0,0,0,0,0,0,0,0,0
450404,2,1,0,0,0,0,0,0,0,0,0,0
450405,1,1,20,20,20,20,20,20,20,20,20,20
450406,0,1,0,0,0,0,0,0,0,0,0,0
450406,1,1,0,0,0,0,0,0,0,0,0,0
450407,1,1,0,0,0,0,0,0,0,0,0,0
450407,2,1,0,15,0,0,0,13,0,0,8,0
450408,1,1,0,0,0,0,0,0,0,0,0,0
450409,1,1,0,0,0,0,0,0,0,0,0,0
450410,1,1,0,0,7,28,8,23,23,20,15,26
450410,2,1,0,0,0,0,0,0,10,8,0,0
450410,3,1,0,0,0,0,0,0,0,0,0,0
450410,4,1,0,0,0,0,0,0,0,0,0,0
450411,0,1,0,0,0,0,0,0,0,0,0,0
450411,1,1,15,12,0,0,0,6,21,0,0,0
450412,0,1,0,0,0,0,0,0,0,0,0,0
450412,1,1,0,0,0,0,0,0,0,0,0,0
450412,2,1,0,0,0,0,0,0,0,0,0,0
450412,3,1,0,0,0,0,0,0,0,0,0,0
450413,1,1,0,0,0,0,0,0,0,0,0,0
450414,1,1,16,16,16,16,16,16,16,16,16,16
450415,1,1,0,0,0,0,0,0,0,0,0,0
450416,1,1,0,0,0,0,0,0,0,0,0,0
450416,2,1,0,0,0,0,0,0,0,0,0,0
450416,3,1,0,3,0,0,0,0,0,0,0,0
450417,0,1,13,13,13,13,13,13,13,13,13,13
450417,1,1,0,0,0,0,0,0,0,0,0,0
450419,0,1,29,29,29,29,29,29,29,29,29,29
450419,1,1,0,0,8,20,0,0,9,0,8,16
450421,1,1,0,0,0,15,0,0,0,0,0,12
450422,1,1,14,14,14,14,14,14,14,14,14,14
450423,1,1,0,0,0,0,0,0,0,0,0,0
450423,2,1,0,0,0,0,0,0,0,0,0,0
450424,1,1,18,18,18,18,18,18,18,18,18,18
450425,1,1,24,24,24,24,24,24,24,24,24,24
450426,1,1,14,14,14,14,14,14,14,14,14,14
450427,1,1,15,0,0,0,0,0,9,6,0,0
450427,2,1,0,0,0,0,0,0,0,0,0,0
450428,1,1,1,1,1,1,1,1,1,1,1,1
450429,1,1,28,28,28,28,28,28,28,28,28,28
450430,1,1,0,0,0,0,0,0,0,0,0,0
450430,2,1,0,0,0,0,0,0,0,0,0,0
450430,3,1,0,0,0,0,0,7,0,0,0,0
450431,1,1,0,0,0,0,0,0,0,0,0,0
450431,2,1,0,0,14,0,0,33,0,0,34,0
450432,1,1,0,0,0,0,0,0,0,0,0,0
450433,1,1,13,13,13,13,13,13,13,13,13,13
450434,1,1,25,25,25,25,25,25,25,25,25,25
450435,1,1,0,0,0,0,0,0,0,0,0,0
450436,1,1,0,0,0,0,0,0,0,0,0,4
450437,1,1,10,10,10,10,10,10,10,10,10,10
450438,1,1,21,21,21,21,21,21,21,21,21,21
450439,1,1,0,0,0,0,0,0,0,0,0,0
450440,1,1,23,23,23,23,23,23,23,23,23,23
450441,0,1,0,0,0,0,0,0,0,0,0,0
450441,1,1,0,0,0,0,0,0,0,0,0,0
450442,1,1,0,0,0,0,0,0,0,0,0,0
450444,0,1,0,0,0,0,0,0,0,0,0,0
450444,1,1,0,3,0,0,8,10,0,0,0,0
450445,1,1,0,0,0,0,29,0,0,0,5,0
450445,2,1,0,0,0,0,0,0,0,0,0,0
450446,1,1,0,0,0,0,0,0,0,0,0,0
450447,1,1,23,23,23,23,23,23,23,23,23,23
450447,2,1,0,21,9,0,28,0,10,5,24,15
450448,1,1,0,0,0,0,0,0,0,0,0,0
450448,2,1,26,26,26,26,26,26,26,26,26,26
450449,1,1,11,11,11,11,11,11,11,11,11,11
450450,0,1,0,0,24,6,0,14,20,0,8,14
450450,1,1,19,0,11,0,3,0,0,0,0,0
450451,1,1,0,0,0,0,0,23,0,0,0,0
450451,2,1,17,17,17,17,17,17,17,17,17,17
450452,1,1,23,23,23,23,23,23,23,23,23,23
450453,1,1,0,10,16,9,11,3,3,11,0,7
450453,2,1,7,0,0,0,0,7,0,0,0,0
450453,3,1,29,29,29,29,29,29,29,29,29,29
450454,1,1,17,17,17,17,17,17,17,17,17,17
450455,1,1,0,0,12,0,0,0,0,0,0,0
450455,2,1,0,0,0,0,0,0,0,0,0,0
450456,1,1,12,12,12,12,12,12,12,12,12,12
450457,1,1,25,25,25,25,25,25,25,25,25,25
450458,1,1,0,0,0,0,0,0,0,0,0,0
450458,2,1,0,12,0,0,0,0,19,0,12,0
450459,1,1,0,0,0,0,0,0,0,0,0,0
450459,2,1,3,0,0,0,0,0,0,0,0,9
450460,1,1,10,23,12,23,27,12,0,15,13,15
450460,2,1,0,8,0,0,0,0,0,0,10,8
450461,1,1,0,0,0,0,0,0,0,0,0,0
450462,1,1,0,0,18,0,0,0,7,0,0,0
450462,2,1,23,10,12,29,15,18,16,8,41,27
450463,1,1,0,0,0,0,0,0,0,0,0,0
450463,2,1,0,0,0,0,0,0,0,0,0,0
450464,0,1,0,0,0,0,16,0,8,0,15,37
450464,1,1,7,0,19,0,19,16,0,20,13,13
450465,1,1,0,0,0,0,0,0,0,0,0,0
450465,2,1,0,0,0,0,0,0,14,10,0,0
450466,1,1,21,21,21,21,21,21,21,21,21,21
450466,2,1,10,10,10,10,10,10,10,10,10,10
450467,1,1,1,1,1,1,1,1,1,1,1,1
450468,0,1,0,17,46,0,10,0,19,0,10,25
450468,1,1,0,18,0,0,0,0,0,0,0,0
450469,1,1,0,0,0,0,0,0,0,0,0,0
450470,1,1,26,26,26,26,26,26,26,26,26,26
450471,1,1,0,0,0,0,0,0,0,0,0,0
450472,0,1,22,22,22,22,22,22,22,22,22,22
450472,1,1,14,0,17,12,0,12,3,5,7,26
450473,1,1,0,0,0,0,0,0,0,0,0,0
450474,0,1,12,12,12,12,12,12,12,12,12,12
450474,1,1,26,0,0,14,0,7,2,19,0,0
450475,1,1,24,24,24,24,24,24,24,24,24,24
450475,2,1,0,0,0,0,0,15,0,0,0,0
450476,1,1,0,0,0,0,0,0,0,0,11,0
450476,2,1,0,0,0,0,0,0,0,0,0,0
450477,1,1,0,0,0,0,0,0,0,0,0,0
450477,2,1,0,0,17,7,0,0,0,0,0,12
450478,1,1,5,5,5,5,5,5,5,5,5,5
450479,1,1,0,0,0,0,0,0,0,0,0,0
450480,1,1,0,0,0,0,0,0,0,0,0,0
450480,2,1,0,0,0,0,0,0,0,0,0,0
450481,1,1,9,9,9,9,9,9,9,9,9,9
450482,1,1,0,0,0,0,0,0,0,12,17,0
450482,2,1,0,0,18,31,0,0,0,0,0,15
450483,1,1,0,0,0,0,0,0,20,0,26,0
450484,1,1,15,15,15,15,15,15,15,15,15,15
450485,1,1,0,0,0,0,0,0,0,0,0,0
450485,2,1,0,0,0,0,0,0,0,0,0,0
450486,1,1,15,15,15,15,15,15,15,15,15,15
450486,2,1,0,0,0,0,0,0,0,0,0,0
450487,1,1,19,19,19,19,19,19,19,19,19,19
450488,1,1,0,0,0,0,0,0,0,0,0,0
450489,1,1,0,0,0,14,0,0,0,8,0,28
450490,0,1,22,22,22,22,22,22,22,22,22,22
450490,1,1,0,0,0,18,3,30,0,0,0,7
450491,0,1,14,14,14,14,14,14,14,14,14,14
450491,1,1,13,13,13,13,13,13,13,13,13,13
450492,1,1,16,16,16,16,16,16,16,16,16,16
450493,1,1,0,0,0,0,0,0,0,0,0,0
450493,2,1,0,0,0,0,0,0,12,0,0,0
450494,1,1,0,0,0,0,0,24,0,0,0,0
450495,1,1,0,0,19,0,0,0,0,9,0,0
450495,2,1,22,22,22,22,22,22,22,22,22,22
450496,1,1,0,0,0,0,0,19,14,0,0,23
450497,0,1,36,36,36,36,36,36,36,36,36,36
450497,1,1,0,0,0,0,9,11,29,0,10,0
450498,1,1,27,27,27,27,27,27,27,27,27,27
450499,1,1,0,0,0,0,0,0,0,0,0,0
450499,2,1,0,0,0,0,0,0,0,0,9,0
450500,1,1,0,0,0,0,0,0,0,0,0,0
450500,2,1,0,0,0,0,0,0,0,0,0,0
450501,0,1,0,0,0,0,0,0,0,0,0,0
450501,1,1,23,23,23,23,23,23,23,23,23,23
450502,1,1,22,22,22,22,22,22,22,22,22,22
450503,1,1,7,7,7,7,7,7,7,7,7,7
450504,1,1,0,0,0,0,0,0,0,0,0,0
450505,0,1,20,20,20,20,20,20,20,20,20,20
450505,1,1,0,0,0,0,24,0,0,20,0,0
450506,1,1,19,19,19,19,19,19,19,19,19,19
450507,0,1,0,0,0,0,18,11,12,0,9,0
450507,1,1,0,13,0,27,23,3,0,13,0,19
450508,1,1,20,20,20,20,20,20,20,20,20,20
450509,1,1,0,0,0,0,0,0,0,0,0,0
450510,1,1,0,0,0,0,0,0,0,0,0,0
450510,2,1,0,0,0,0,0,0,0,0,0,0
450511,1,1,0,0,0,0,0,0,0,0,0,0
450512,0,1,29,29,29,29,29,29,29,29,29,29
450512,1,1,0,0,0,0,0,0,11,0,0,0
450513,1,1,0,0,0,0,0,0,0,0,0,0
450514,0,1,27,0,12,4,0,28,13,28,0,11
450514,1,1,0,0,0,0,0,0,0,0,0,0
450515,1,1,11,11,11,11,11,11,11,11,11,11
450515,2,1,0,8,0,0,17,0,21,0,0,0
450516,1,1,12,0,0,0,0,0,7,0,12,0
450517,1,1,0,0,0,0,0,21,0,0,0,0
450517,2,1,0,0,0,0,0,0,0,0,14,0
450517,3,1,0,0,0,0,0,0,0,0,0,0
450518,1,1,29,29,29,29,29,29,29,29,29,29
450519,1,1,16,16,16,16,16,16,16,16,16,16
450520,1,1,30,0,0,0,0,0,7,0,0,0
450520,2,1,0,0,0,0,0,0,0,0,0,0
450521,1,1,0,10,42,15,4,30,11,18,32,0
450522,0,1,13,13,13,13,13,13,13,13,13,13
450522,1,1,0,0,0,21,45,0,0,0,0,0
450523,1,1,0,0,0,0,0,0,0,0,0,0
450523,2,1,0,0,0,0,0,0,0,0,0,0
450524,0,1,0,0,0,0,0,0,0,0,0,0
450524,1,1,0,0,0,0,0,0,0,0,0,0
450525,1,1,0,0,14,14,0,0,0,12,17,21
450526,1,1,0,0,0,0,0,15,22,0,0,39
450527,1,1,19,19,19,19,19,19,19,19,19,19
450528,1,1,0,0,0,0,0,0,0,0,0,14
450528,2,1,17,17,17,17,17,17,17,17,17,17
450529,1,1,6,6,6,6,6,6,6,6,6,6
450530,1,1,13,13,13,13,13,13,13,13,13,13
450531,1,1,18,18,18,18,18,18,18,18,18,18
450532,1,1,17,0,0,0,0,0,5,15,12,0
450533,1,1,23,23,23,23,23,23,23,23,23,23
450534,1,1,0,0,0,0,0,5,0,0,0,0
450534,2,1,32,32,32,32,32,32,32,32,32,32
450535,0,1,0,0,0,0,0,0,0,0,0,0
450535,1,1,0,0,0,0,0,0,0,0,0,0
450536,1,1,12,0,26,14,0,17,30,0,29,17
450536,2,1,0,0,0,0,0,0,0,0,0,0
450537,1,1,0,0,0,0,0,0,0,0,0,0
450537,2,1,0,0,0,17,0,0,0,0,0,0
450538,1,1,0,0,0,0,0,0,0,0,0,0
450538,2,1,0,0,0,0,0,0,0,0,0,0
450539,1,1,0,0,0,0,0,0,0,0,5,0
450539,2,1,15,15,15,15,15,15,15,15,15,15
450540,1,1,0,0,0,0,0,0,0,0,0,0
450540,2,1,0,0,0,0,26,0,0,0,0,0
450541,1,1,27,27,27,27,27,27,27,27,27,27
450542,1,1,0,0,5,0,0,0,0,0,0,0
450543,1,1,0,0,9,35,34,0,0,14,0,0
450543,2,1,0,0,0,0,0,0,0,0,0,0
450544,1,1,18,18,18,18,18,18,18,18,18,18
450545,1,1,10,10,10,10,10,10,10,10,10,10
450546,2,1,32,32,32,32,32,32,32,32,32,32
450547,1,1,0,0,0,0,0,0,0,0,0,0
450547,2,1,7,0,0,0,0,0,11,28,0,0
450548,1,1,0,0,0,0,0,0,0,0,0,0
450548,2,1,0,0,0,0,0,0,0,0,0,0
450549,0,1,0,0,0,0,0,0,0,0,0,0
450549,1,1,0,0,0,0,0,0,0,15,0,0
450550,1,1,0,0,0,0,0,0,0,0,0,0
450550,2,1,0,0,0,0,0,0,0,0,0,0
450551,1,1,0,0,39,0,0,0,0,0,0,0
450551,2,1,0,0,0,0,0,0,0,0,0,0
450552,1,1,18,18,18,18,18,18,18,18,18,18
450552,2,1,0,22,0,16,0,0,4,6,10,0
450553,1,1,1,1,1,1,1,1,1,1,1,1
450554,1,1,10,10,10,10,10,10,10,10,10,10
450555,1,1,6,6,4,14,18,0,14,5,0,0
450555,2,1,0,22,0,0,29,0,0,10,0,12
450556,1,1,9,9,9,9,9,9,9,9,9,9
450557,1,1,20,20,20,20,20,20,20,20,20,20
450558,1,1,27,27,27,27,27,27,27,27,27,27
450560,0,1,19,19,19,19,19,19,19,19,19,19
450560,1,1,0,0,0,0,0,0,0,0,0,0
450561,1,1,0,0,0,0,0,0,0,0,0,0
450562,0,1,23,23,23,23,23,23,23,23,23,23
450562,1,1,5,5,5,5,5,5,5,5,5,5
450563,0,1,21,21,21,21,21,21,21,21,21,21
450563,1,1,14,0,0,19,0,0,9,0,0,0
450564,1,1,15,26,20,9,11,17,18,25,33,14
450565,1,1,8,8,8,8,8,8,8,8,8,8
450566,1,1,0,0,9,0,0,0,16,0,0,0
450567,1,1,0,0,0,0,0,0,0,3,11,0
450567,2,1,0,0,0,0,0,0,0,0,0,0
450568,1,1,0,0,27,8,20,9,14,27,9,14
450568,2,1,12,12,12,12,12,12,12,12,12,12
450569,1,1,24,24,24,24,24,24,24,24,24,24
450570,1,1,0,0,0,0,0,12,0,6,0,0
450570,2,1,0,0,0,0,0,0,0,0,0,0
450571,1,1,0,0,18,0,15,16,0,0,17,13
450572,1,1,31,31,31,31,31,31,31,31,31,31
450573,1,1,9,9,9,9,9,9,9,9,9,9
450574,1,1,0,0,0,0,0,0,0,0,0,0
450575,1,1,3,3,3,3,3,3,3,3,3,3
450576,1,1,16,16,16,16,16,16,16,16,16,16
450577,1,1,0,0,0,0,0,0,0,0,0,0
450578,1,1,0,0,0,0,0,0,0,0,0,0
450579,1,1,0,22,0,0,0,24,0,0,0,0
450579,2,1,17,17,17,17,17,17,17,17,17,17
450580,1,1,13,13,13,13,13,13,13,13,13,13
450581,0,1,0,7,0,0,0,41,15,12,0,30
450581,1,1,0,10,0,0,0,16,2,0,21,0
450582,1,1,2,2,2,2,2,2,2,2,2,2
450582,2,1,0,0,0,0,0,0,0,0,0,0
450583,0,1,0,0,0,0,0,0,0,0,0,0
450583,1,1,8,8,8,8,8,8,8,8,8,8
450584,1,1,0,0,0,0,0,0,0,0,0,6
450585,1,1,21,21,21,21,21,21,21,21,21,21
450586,1,1,0,0,0,0,0,0,0,0,0,0
450586,2,1,0,0,0,0,0,0,0,0,0,0
450587,1,1,0,0,0,0,0,0,0,0,0,0
450588,1,1,0,0,0,0,0,0,0,0,0,0
450588,2,1,0,0,0,0,0,0,0,0,0,0
450588,3,1,0,0,0,0,0,0,0,0,0,0
450589,1,1,9,0,0,0,0,0,0,10,0,0
450589,2,1,24,24,24,24,24,24,24,24,24,24
450590,1,1,21,21,21,21,21,21,21,21,21,21
450591,1,1,0,0,0,0,0,0,0,0,0,0
450591,2,1,0,0,0,0,0,0,0,0,0,0
450592,1,1,25,25,25,25,25,25,25,25,25,25
450593,1,1,0,0,14,0,0,0,0,0,26,0
450593,2,1,0,0,0,0,0,0,0,0,0,0
450594,1,1,0,0,0,0,0,0,0,0,0,0
450594,2,1,0,0,0,0,0,0,0,0,0,0
450595,1,1,0,0,0,0,0,0,0,0,0,0
450595,2,1,21,0,0,2,0,10,0,0,0,0
450596,0,1,7,7,7,7,7,7,7,7,7,7
450596,1,1,0,0,0,0,0,0,0,0,0,0
450597,1,1,0,0,0,0,0,0,0,6,0,0
450597,2,1,0,0,0,0,0,0,0,0,0,0
450598,1,1,0,0,0,0,0,0,0,0,0,0
450598,2,1,10,10,10,10,10,10,10,10,10,10
450599,1,1,0,19,0,0,0,9,0,0,0,0
450600,1,1,0,0,0,0,26,22,0,0,0,0
450600,2,1,21,21,21,21,21,21,21,21,21,21
450601,0,1,15,25,10,26,26,10,35,23,37,22
450601,1,1,0,0,0,0,0,0,0,0,0,0
450602,1,1,1,1,1,1,1,1,1,1,1,1
450603,1,1,4,43,17,0,12,17,0,0,15,0
450603,2,1,20,0,18,26,26,28,15,14,8,18
450604,1,1,0,0,0,0,0,0,0,0,0,0
450604,2,1,0,0,0,0,0,0,0,0,0,0
450604,3,1,0,0,0,0,0,0,20,0,0,0
450605,1,1,0,0,4,30,43,13,9,0,14,19
450605,2,1,0,0,0,0,0,0,0,0,0,0
450606,1,1,20,20,20,20,20,20,20,20,20,20
450607,1,1,26,26,26,26,26,26,26,26,26,26
450608,1,1,0,0,0,0,0,0,0,0,0,0
450608,2,1,22,12,26,0,0,9,0,0,0,0
450608,3,1,11,0,0,8,0,0,0,0,0,0
450609,1,1,0,0,0,0,0,0,0,0,0,0
450609,2,1,0,0,0,0,0,0,0,0,0,0
450610,1,1,0,34,6,22,13,0,0,0,0,0
450610,2,1,0,0,0,0,0,0,0,0,0,0
450610,3,1,14,0,0,0,0,0,0,0,0,0
450611,1,1,0,0,0,0,0,0,0,0,0,0
450612,1,1,11,11,11,11,11,11,11,11,11,11
450613,0,1,30,30,30,30,30,30,30,30,30,30
450613,1,1,0,21,0,23,21,23,15,0,0,0
450614,1,1,18,18,18,18,18,18,18,18,18,18
450615,1,1,0,0,0,0,0,0,0,0,0,0
450616,1,1,13,16,0,15,10,33,0,8,0,0
450617,1,1,0,0,0,0,0,0,0,0,0,0
450617,2,1,0,0,0,0,0,0,0,0,0,0
450617,3,1,0,0,0,19,18,18,9,0,6,0
450617,4,1,0,0,0,0,0,0,0,0,0,0
450617,5,1,0,0,0,0,0,0,0,0,0,0
450618,1,1,0,0,0,0,0,0,12,0,0,12
450618,2,1,0,0,0,0,0,0,0,0,0,0
450619,1,1,0,0,0,0,0,0,0,0,0,0
450619,2,1,0,0,0,11,0,0,0,0,0,0
450620,1,1,0,0,0,0,0,0,0,0,0,0
450620,2,1,0,0,0,0,0,0,0,0,0,0
450621,1,1,22,22,22,22,22,22,22,22,22,22
450622,1,1,0,0,0,0,0,0,0,0,0,0
450622,2,1,0,0,0,0,0,0,0,0,0,0
450623,1,1,17,17,17,17,17,17,17,17,17,17
450624,1,1,0,0,0,0,0,8,0,8,0,0
450624,2,1,0,0,0,0,0,0,0,0,0,0
450625,1,1,0,0,0,0,0,0,0,0,0,0
450626,1,1,13,21,22,0,0,27,0,16,0,6
450627,1,1,20,20,20,20,20,20,20,20,20,20
450628,1,1,0,0,0,0,0,0,0,0,0,0
450628,2,1,0,0,0,0,0,0,0,0,0,0
450629,1,1,0,0,0,0,0,0,0,0,0,0
450629,2,1,0,0,0,0,0,0,0,0,0,0
450630,1,1,23,23,23,23,23,23,23,23,23,23
450631,1,1,0,19,22,22,22,19,24,0,23,10
450632,1,1,0,0,0,0,0,0,0,0,0,0
450633,1,1,0,0,0,15,0,0,0,9,0,0
450634,1,1,0,0,0,0,0,0,0,0,0,0
450634,2,1,0,0,0,0,0,0,0,0,0,0
450635,1,1,0,0,0,0,0,0,0,0,0,0
450635,2,1,0,0,0,0,0,0,0,0,0,0
450636,1,1,0,0,0,0,0,0,0,0,0,0
450636,2,1,0,3,0,9,0,6,0,0,0,23
450636,3,1,0,0,0,0,0,0,0,0,0,0
450637,1,1,0,0,0,9,0,0,18,0,0,30
450637,2,1,0,0,0,0,0,0,0,0,0,0
450638,1,1,13,13,13,13,13,13,13,13,13,13
450639,1,1,0,7,0,0,3,0,17,0,16,12
450639,2,1,0,0,0,0,0,0,0,0,0,0
450640,0,1,29,29,29,29,29,29,29,29,29,29
450640,1,1,0,10,0,0,0,0,0,0,0,0
450641,1,1,23,23,23,23,23,23,23,23,23,23
450641,2,1,0,0,0,8,0,0,18,0,0,0
450642,1,1,0,0,0,0,0,0,0,0,0,0
450642,2,1,0,24,19,19,10,21,0,0,13,30
450643,1,1,22,22,22,22,22,22,22,22,22,22
450644,1,1,12,0,0,0,0,0,0,0,0,0
450644,2,1,0,0,0,0,0,0,0,0,0,12
450644,3,1,0,0,0,15,0,0,0,0,0,0
450645,1,1,0,0,18,0,0,21,0,0,20,0
450646,1,1,7,7,7,7,7,7,7,7,7,7
450647,0,1,0,0,0,0,0,0,0,0,0,0
450647,1,1,0,0,0,0,21,0,0,0,0,17
450648,1,1,1,1,1,1,1,1,1,1,1,1
450649,1,1,0,0,0,0,0,0,0,0,0,0
450650,1,1,0,0,0,0,0,0,0,0,0,0
450651,1,1,26,26,26,26,26,26,26,26,26,26
450652,1,1,0,0,0,0,0,0,0,0,0,0
450652,2,1,0,0,0,0,0,0,0,0,0,0
450653,1,1,7,7,7,7,7,7,7,7,7,7
450653,2,1,0,25,0,0,0,0,0,0,0,7
450654,1,1,0,0,5,0,0,0,0,0,0,0
450655,1,1,1,1,1,1,1,1,1,1,1,1
450656,0,1,1,1,1,1,1,1,1,1,1,1
450656,1,1,0,0,22,13,0,8,0,0,7,11
450657,1,1,0,0,0,0,0,0,0,0,0,0
450657,2,1,0,0,0,0,0,0,0,0,0,0
450658,1,1,0,0,0,0,0,0,0,0,0,0
450659,1,1,0,0,0,0,0,0,0,0,0,0
450660,1,1,0,0,0,0,0,0,0,0,0,0
450660,2,1,0,17,0,0,0,0,0,0,5,0
450660,3,1,0,0,0,0,0,0,0,0,0,0
450661,1,1,14,14,14,14,14,14,14,14,14,14
450661,2,1,0,0,0,11,34,0,0,29,0,10
450662,1,1,0,0,0,0,0,0,0,0,0,0
450663,1,1,0,0,0,0,4,0,0,0,9,0
450664,1,1,12,0,0,0,0,12,3,0,10,0
450664,2,1,1,1,1,1,1,1,1,1,1,1
450665,0,1,30,30,30,30,30,30,30,30,30,30
450665,0,2,24,0,0,0,24,0,22,0,0,0
450665,1,1,0,0,0,0,0,0,0,0,0,0
450666,1,1,0,14,0,0,0,0,9,16,0,0
450666,2,1,0,0,0,0,0,0,0,0,0,0
450667,0,1,0,12,0,0,0,0,0,0,25,0
450667,1,1,0,20,0,0,13,0,24,0,0,0
450668,1,1,27,27,27,27,27,27,27,27,27,27
450669,1,1,25,25,25,25,25,25,25,25,25,25
450670,1,1,0,0,0,0,0,0,0,0,0,0
450671,1,1,25,0,0,0,0,0,0,13,18,0
450671,2,1,10,7,23,21,20,14,8,21,14,21
450672,1,1,0,0,0,0,0,0,0,0,0,0
450674,1,1,8,8,8,8,8,8,8,8,8,8
450675,1,1,0,0,0,0,0,0,0,0,0,0