ST_CASE,VEH_NO,PER_NO,P1,P2,P3,P4,P5,P6,P7,P8,P9,P10
450676,1,1,14,14,14,14,14,14,14,14,14,14
450677,1,1,11,11,11,11,11,11,11,11,11,11
450678,0,1,26,26,26,26,26,26,26,26,26,26
450678,1,1,0,21,0,0,0,0,0,0,11,0
450679,1,1,26,26,26,26,26,26,26,26,26,26
450680,1,1,0,0,0,0,0,0,0,0,0,0
450681,1,1,17,17,17,17,17,17,17,17,17,17
450682,1,1,0,0,0,0,0,0,0,0,0,0
450683,1,1,0,0,0,0,0,0,0,0,0,0
450684,1,1,46,46,46,46,46,46,46,46,46,46
450685,1,1,10,10,10,10,10,10,10,10,10,10
450685,2,1,0,0,28,0,19,0,17,14,12,16
450685,3,1,11,0,3,0,0,0,0,9,0,8
450685,4,1,0,0,0,0,15,0,0,0,14,0
450686,1,1,24,24,24,24,24,24,24,24,24,24
450687,1,1,12,12,12,12,12,12,12,12,12,12
450688,1,1,0,0,0,0,0,14,0,0,0,0
450688,2,1,11,11,11,11,11,11,11,11,11,11
450689,1,1,0,0,0,0,0,0,0,0,0,0
450689,2,1,0,0,13,0,0,0,0,0,0,10
450690,1,1,13,14,13,26,19,19,18,33,4,12
450691,1,1,0,0,0,0,0,0,0,0,0,0
450692,1,1,0,3,0,0,0,18,0,0,0,0
450692,2,1,0,0,0,0,0,30,0,0,0,0
450693,1,1,0,0,0,0,0,0,0,0,0,0
450693,2,1,0,0,11,0,0,0,0,6,0,0
450694,0,1,7,7,7,7,7,7,7,7,7,7
450694,1,1,0,0,0,0,0,0,0,0,0,11
450695,0,1,0,0,0,0,0,0,0,0,0,0
450695,1,1,0,0,0,0,0,0,17,22,19,0
450696,0,1,0,0,0,0,0,0,0,0,0,0
450696,1,1,12,0,14,0,16,0,14,15,0,11
450697,1,1,9,0,2,31,15,16,0,23,22,32
450697,2,1,0,0,0,0,0,0,0,0,0,0
450698,0,1,28,28,28,28,28,28,28,28,28,28
450698,1,1,20,0,0,0,5,0,0,24,0,0
450699,1,1,0,0,0,0,0,0,0,0,0,0
450699,2,1,12,12,12,12,12,12,12,12,12,12
450700,1,1,8,8,8,8,8,8,8,8,8,8
450701,0,1,0,0,0,0,0,0,0,0,0,0
450701,1,1,0,0,0,0,36,0,0,0,0,0
450702,1,1,14,21,18,0,0,0,12,0,0,0
450702,2,1,26,26,26,26,26,26,26,26,26,26
450703,1,1,0,0,0,0,0,0,0,0,0,0
450704,1,1,9,9,9,9,9,9,9,9,9,9
450705,1,1,0,0,0,0,0,0,0,0,0,0
450705,2,1,0,0,0,0,0,0,0,0,0,0
450706,1,1,0,0,0,16,0,0,0,0,0,39
450707,1,1,1,1,1,1,1,1,1,1,1,1
450708,1,1,8,20,14,0,12,0,33,17,13,25
450709,1,1,0,0,0,0,0,0,0,0,0,0
450709,2,1,14,0,22,0,0,17,0,0,0,0
450710,1,1,0,23,0,0,0,0,0,0,0,0
450711,0,1,30,30,30,30,30,30,30,30,30,30
450711,1,1,0,0,10,0,0,0,0,0,0,0
450711,2,1,0,0,0,0,0,0,0,0,0,0
450711,3,1,0,0,0,0,0,0,0,0,0,0
450712,1,1,0,0,0,0,0,0,0,0,0,0
450712,2,1,20,20,20,20,20,20,20,20,20,20
450713,1,1,0,0,0,31,0,0,22,0,0,0
450713,2,1,6,6,6,6,6,6,6,6,6,6
450714,1,1,19,19,19,19,19,19,19,19,19,19
450715,1,1,0,0,0,0,0,0,0,0,0,0
450715,2,1,0,0,0,0,0,0,0,0,0,0
450716,1,1,21,21,21,21,21,21,21,21,21,21
450717,1,1,21,15,20,0,18,17,0,8,0,0
450717,2,1,30,0,0,0,37,0,33,0,0,8
450718,1,1,0,0,0,0,0,0,0,0,0,0
450718,2,1,0,0,0,0,0,0,0,0,0,0
450719,1,1,17,17,17,17,17,17,17,17,17,17
450720,0,1,20,20,20,20,20,20,20,20,20,20
450720,1,1,0,0,0,0,9,0,0,0,0,0
450721,0,1,25,25,25,25,25,25,25,25,25,25
450721,1,1,8,0,0,0,0,11,0,0,0,14
450722,1,1,14,14,14,14,14,14,14,14,14,14
450723,0,1,20,20,20,20,20,20,20,20,20,20
450723,1,1,12,12,12,12,12,12,12,12,12,12
450724,1,1,13,13,13,13,13,13,13,13,13,13
450724,2,1,0,0,0,0,0,0,0,0,0,0
450725,0,1,23,23,23,23,23,23,23,23,23,23
450725,1,1,0,0,0,0,0,0,0,0,0,0
450726,1,1,0,0,0,0,0,0,9,0,0,0
450726,2,1,0,0,0,0,0,0,0,0,0,0
450727,1,1,12,12,6,0,16,21,0,23,0,0
450727,2,1,0,0,23,0,0,0,21,18,0,0
450728,1,1,12,12,12,12,12,12,12,12,12,12
450729,1,1,11,0,13,12,19,21,11,0,20,20
450730,1,1,0,0,0,0,0,0,0,0,0,0
450730,2,1,0,0,6,0,0,0,0,0,0,0
450731,1,1,19,11,0,9,19,8,9,16,19,12
450732,0,1,0,0,0,12,10,0,0,18,0,0
450732,0,2,0,0,0,0,0,0,0,0,0,0
450732,1,1,0,5,0,0,0,0,12,0,18,0
450733,1,1,0,0,0,0,0,0,0,0,0,0
450733,2,1,0,0,0,0,0,0,0,0,0,0
450733,3,1,0,0,0,21,0,0,0,0,0,0
450734,1,1,0,0,0,14,0,0,0,0,0,3
450734,2,1,20,20,20,20,20,20,20,20,20,20
450735,0,1,28,28,28,28,28,28,28,28,28,28
450735,1,1,0,8,0,0,13,25,0,0,0,7
450736,1,1,5,9,0,0,8,0,14,9,4,0
450736,2,1,20,20,20,20,20,20,20,20,20,20
450737,1,1,0,0,0,0,0,0,0,0,0,0
450737,2,1,0,12,18,0,17,0,0,4,0,0
450738,1,1,26,26,26,26,26,26,26,26,26,26
450739,1,1,0,0,0,0,0,0,0,21,0,0
450740,0,1,0,0,0,0,0,0,0,0,0,0
450740,1,1,5,5,5,5,5,5,5,5,5,5
450740,2,1,15,0,8,0,0,20,18,0,16,24
450741,0,1,0,0,0,0,0,0,0,0,0,0
450741,2,1,0,0,0,0,0,0,0,0,0,0
450742,1,1,0,0,0,0,0,0,0,0,0,13
450742,2,1,0,0,0,0,0,0,0,0,0,0
450743,1,1,19,30,0,0,0,0,6,0,0,25
450744,1,1,18,18,18,18,18,18,18,18,18,18
450745,0,1,0,0,29,13,0,0,29,0,0,0
450745,1,1,0,0,0,0,0,0,0,0,0,0
450745,3,1,0,0,0,0,0,0,0,0,0,0
450746,0,1,0,20,22,0,18,0,0,7,0,13
450746,0,2,0,0,0,0,0,0,0,0,0,0
450746,0,3,17,0,0,18,24,0,15,0,15,8
450746,0,4,0,0,0,0,10,21,39,0,7,16
450746,1,1,15,15,15,15,15,15,15,15,15,15
450747,1,1,0,0,22,0,0,0,0,12,0,0
450747,2,1,0,0,0,0,0,0,0,0,0,0
450747,3,1,0,8,0,0,4,0,0,0,0,0
450748,1,1,0,0,0,0,0,0,0,0,0,0
450748,2,1,0,0,0,0,0,0,0,0,0,0
450749,0,1,0,0,0,0,0,0,0,0,0,0
450749,0,2,0,11,0,0,20,0,0,0,0,0
450749,3,1,0,0,0,0,0,0,0,0,0,0
450749,4,1,0,0,0,0,0,0,0,0,0,0
450750,1,1,0,0,0,0,0,0,0,0,0,0
450750,2,1,0,0,0,0,0,0,0,0,0,0
450751,1,1,0,0,12,10,0,17,0,0,10,23
450752,0,1,0,0,0,0,0,0,14,0,0,0
450752,1,1,0,0,0,0,0,0,0,0,0,0
450753,1,1,29,29,29,29,29,29,29,29,29,29
450754,1,1,0,0,0,0,0,0,0,0,0,0
450755,1,1,0,0,0,0,0,0,21,0,0,0
450755,2,1,0,0,0,18,0,0,0,0,0,0
450756,1,1,9,7,18,0,18,7,23,21,24,8
450757,1,1,0,0,12,0,0,0,0,0,0,0
450757,2,1,0,0,0,0,0,0,0,0,0,0
450757,3,1,0,0,0,0,0,0,8,0,0,0
450758,0,1,21,21,21,21,21,21,21,21,21,21
450758,1,1,0,0,0,0,0,9,0,0,0,0
450759,1,1,0,0,0,0,0,0,0,0,54,0
450760,1,1,17,17,17,17,17,17,17,17,17,17
450761,1,1,0,0,0,0,0,0,0,0,0,0
450761,2,1,0,0,0,0,0,0,0,0,0,5
450762,1,1,0,0,0,0,0,0,0,0,0,0
460001,1,1,0,0,0,0,0,0,0,0,0,0
460001,3,1,9,9,9,9,9,9,9,9,9,9
460002,1,1,8,8,8,8,8,8,8,8,8,8
460002,2,1,0,0,0,0,0,0,0,0,0,0
460003,1,1,0,0,0,0,0,0,0,0,0,0
460003,2,1,0,0,0,0,0,0,0,0,0,0
460004,1,1,0,0,0,0,0,0,0,0,0,0
460004,2,1,0,0,0,0,0,0,0,0,0,0
460005,1,1,0,0,0,0,0,0,0,0,0,0
460006,1,1,0,0,0,0,0,0,0,0,0,0
460006,2,1,1,1,1,1,1,1,1,1,1,1
460007,1,1,0,0,0,0,0,0,0,0,0,0
460007,2,1,0,0,0,0,0,0,0,0,0,0
460008,1,1,0,19,15,31,0,0,34,31,36,0
460009,1,1,22,22,22,22,22,22,22,22,22,22
460009,2,1,12,20,12,18,6,54,19,5,5,13
460011,1,1,1,1,1,1,1,1,1,1,1,1
460012,1,1,22,22,22,22,22,22,22,22,22,22
460013,1,1,0,0,0,0,0,0,0,0,0,0
460014,1,1,0,0,0,0,0,0,0,0,0,0
460015,1,1,6,6,6,6,6,6,6,6,6,6
460015,2,1,0,0,0,0,0,0,0,0,0,0
460016,1,1,19,19,19,19,19,19,19,19,19,19
460017,1,1,32,32,32,32,32,32,32,32,32,32
460018,1,1,0,0,0,0,0,0,0,0,0,0
460019,1,1,0,0,0,0,0,0,0,0,0,0
460019,2,1,0,0,0,0,0,0,0,0,0,0
460020,1,1,29,29,29,29,29,29,29,29,29,29
460021,0,1,0,0,0,0,0,0,0,0,0,0
460021,1,1,0,0,0,0,0,0,0,0,0,0
460022,1,1,13,13,13,13,13,13,13,13,13,13
460023,1,1,0,0,0,0,0,0,0,0,0,0
460023,2,1,0,0,0,0,0,0,0,0,0,0
460024,1,1,0,0,0,0,0,0,0,0,0,0
460025,0,1,19,38,3,55,24,24,13,12,12,28
460025,1,1,12,12,12,12,12,12,12,12,12,12
460025,2,1,22,15,22,10,16,37,7,28,15,7
460026,0,1,14,12,0,9,12,22,0,0,0,0
460026,1,1,0,0,0,0,0,0,0,0,0,0
460026,2,1,0,0,0,0,0,0,0,0,0,0
460027,0,1,11,0,0,0,0,0,0,0,7,20
460027,1,1,0,0,0,0,0,0,0,0,0,0
460028,1,1,13,13,13,13,13,13,13,13,13,13
460028,2,1,0,15,0,8,0,0,7,0,0,0
460028,3,1,0,0,0,0,0,0,0,0,0,0
460029,1,1,22,22,22,22,22,22,22,22,22,22
460030,1,1,0,0,0,0,0,0,0,0,0,0
460030,2,1,0,0,0,0,0,0,0,0,0,0
460031,1,1,0,0,0,0,0,0,0,0,0,0
460032,1,1,0,0,0,0,0,0,0,0,0,0
460033,1,1,12,22,10,15,21,9,11,25,22,12
460034,1,1,0,0,0,0,0,0,0,0,0,0
460035,1,1,0,0,0,0,0,0,0,0,0,0
460035,2,1,0,0,0,0,0,0,0,0,0,0
460036,1,1,0,0,0,0,0,0,0,0,0,0
460036,2,1,1,1,1,1,1,1,1,1,1,1
460037,1,1,0,0,0,0,0,0,0,0,0,0
460037,2,1,1,1,1,1,1,1,1,1,1,1
460038,0,1,11,11,11,11,11,11,11,11,11,11
460038,1,1,0,0,0,0,0,0,0,0,0,0
460039,1,1,0,0,0,0,0,0,0,0,0,0
460040,1,1,0,13,9,0,0,8,0,0,0,0
460041,1,1,19,19,19,19,19,19,19,19,19,19
460042,1,1,0,0,0,0,0,0,0,0,0,0
460042,2,1,0,0,0,0,0,0,0,0,0,0
460042,3,1,0,0,0,0,0,0,0,0,0,0
460042,4,1,0,0,0,0,0,0,0,0,0,0
460042,5,1,0,0,0,0,0,0,0,0,0,0
460043,0,1,0,0,0,0,16,7,26,0,0,0
460043,1,1,0,0,0,0,0,0,0,0,0,0
460044,1,1,0,0,0,0,0,0,0,0,0,0
460044,2,1,0,0,0,0,0,0,0,0,0,0
460045,1,1,0,0,0,0,0,0,0,0,0,0
460046,1,1,0,0,0,0,0,0,0,0,0,0
460046,2,1,0,0,0,0,0,0,0,0,0,0
460046,3,1,0,0,0,0,0,0,0,0,0,0
460047,1,1,21,21,21,21,21,21,21,21,21,21
460048,1,1,0,0,0,0,0,0,0,0,0,0
460049,1,1,0,0,0,0,0,0,0,0,0,0
460050,1,1,0,0,0,0,0,0,0,0,0,0
460051,1,1,9,9,9,9,9,9,9,9,9,9
460052,1,1,0,0,0,0,0,0,0,0,0,0
460052,2,1,0,0,0,0,0,0,0,0,0,0
460053,1,1,2,2,2,2,2,2,2,2,2,2
460054,1,1,21,21,21,21,21,21,21,21,21,21
460054,2,1,2,2,2,2,2,2,2,2,2,2
460055,1,1,0,0,0,0,0,0,0,0,0,0
460055,2,1,0,0,0,0,0,0,0,0,0,0
460056,1,1,0,0,0,0,0,0,0,0,0,0
460056,2,1,0,0,0,0,0,0,0,0,0,0
460057,0,1,0,0,0,0,0,0,0,0,0,0
460057,1,1,0,0,0,0,0,0,0,0,0,0
460058,1,1,10,10,10,10,10,10,10,10,10,10
460058,2,1,0,0,0,0,0,0,0,0,0,0
460059,1,1,26,26,26,26,26,26,26,26,26,26
460060,1,1,0,0,0,0,0,0,0,0,0,0
460061,1,1,0,0,0,0,0,0,0,0,0,0
460062,1,1,0,0,0,0,0,0,0,0,0,0
460062,2,1,0,0,0,0,0,0,0,0,0,0
460063,1,1,17,17,17,17,17,17,17,17,17,17
460064,0,1,0,0,0,0,0,0,0,0,0,0
460064,1,1,0,0,0,0,0,0,0,0,0,0
460065,1,1,1,1,1,1,1,1,1,1,1,1
460066,1,1,0,0,0,0,0,0,0,0,0,0
460067,1,1,0,0,0,6,0,0,0,0,0,0
460067,2,1,15,15,15,15,15,15,15,15,15,15
460068,1,1,0,0,0,0,23,0,18,0,0,0
460069,1,1,0,0,0,0,0,0,0,0,0,0
460070,1,1,0,0,0,0,0,0,0,0,0,0
460070,2,1,0,0,4,0,0,0,0,0,0,0
460071,1,1,0,0,0,0,0,0,0,0,0,0
460072,1,1,0,0,0,0,0,0,0,0,0,0
460073,1,1,0,0,0,0,0,0,0,0,0,0
460073,2,1,0,0,0,0,0,0,0,0,0,0
460074,1,1,1,1,1,1,1,1,1,1,1,1
460075,1,1,0,0,0,0,0,0,0,0,0,0
460075,2,1,0,0,0,0,0,0,0,0,0,0
460076,1,1,3,3,3,3,3,3,3,3,3,3
460076,2,1,2,2,2,2,2,2,2,2,2,2
460077,1,1,12,12,12,12,12,12,12,12,12,12
460078,1,1,0,0,0,0,0,0,0,0,0,0
460078,2,1,0,0,0,0,0,0,0,0,0,0
460079,1,1,0,0,0,0,0,0,0,0,0,0
460079,2,1,0,0,0,0,0,0,0,0,0,0
460080,1,1,0,0,0,0,0,0,0,0,0,0
460080,2,1,0,0,0,0,0,0,0,0,0,0
460080,3,1,0,0,0,0,0,0,0,0,0,0
460080,4,1,0,0,0,0,0,0,0,0,0,0
460081,1,1,0,0,0,0,0,0,0,0,0,0
460081,2,1,0,0,0,0,0,0,0,0,0,0
460081,3,1,0,0,0,0,0,0,0,0,0,0
460082,0,1,0,12,18,0,0,12,0,15,7,0
460082,1,1,0,29,24,0,0,21,10,13,20,35
460083,1,1,0,0,0,0,0,0,0,0,0,0
460084,1,1,0,0,0,0,0,0,0,0,0,0
460084,2,1,0,0,0,0,0,0,0,0,0,0
460085,1,1,0,0,0,0,0,0,0,0,0,0
460086,1,1,0,0,0,0,0,0,0,0,0,0
460087,1,1,0,0,0,0,0,0,14,29,0,0
460087,2,1,0,0,0,0,0,0,0,0,0,0
460087,3,1,0,0,0,0,8,0,11,0,0,0
460087,4,1,0,0,0,0,0,0,0,0,0,0
460088,1,1,0,0,0,0,0,0,0,0,0,0
460088,2,1,0,0,0,0,0,0,0,0,0,0
460088,3,1,0,0,0,0,0,0,0,0,0,0
460089,1,1,0,0,0,0,0,0,0,0,0,0
460090,1,1,0,0,0,0,0,0,0,0,0,0
460091,1,1,0,0,0,0,0,0,0,0,0,0
460092,1,1,0,0,0,0,0,0,0,0,0,0
460092,2,1,0,0,0,0,0,0,0,0,0,0
460093,1,1,0,0,0,0,0,0,0,0,0,0
460094,1,1,17,17,17,17,17,17,17,17,17,17
460094,2,1,0,0,0,0,0,0,0,0,0,0
460095,0,1,0,8,0,8,0,0,0,0,14,0
460095,1,1,0,22,0,0,0,0,0,0,0,0
460096,1,1,0,0,0,0,0,0,0,0,0,0
460096,2,1,0,0,0,0,0,0,0,0,0,0
460097,1,1,19,19,19,19,19,19,19,19,19,19
460098,1,1,8,8,8,8,8,8,8,8,8,8
460099,1,1,0,0,0,0,0,0,0,0,0,0
460100,1,1,0,0,0,0,0,0,0,0,0,0
460100,2,1,0,0,0,0,0,0,0,0,0,0
460101,1,1,0,0,0,0,0,0,0,0,0,0
460102,1,1,13,13,13,13,13,13,13,13,13,13
460103,0,1,0,0,0,0,0,0,0,0,0,0
460103,1,1,0,0,0,0,0,0,0,0,18,0
460104,1,1,0,0,0,0,0,0,0,0,0,0
460104,2,1,0,0,0,0,0,0,0,0,0,0
460105,1,1,0,0,0,0,0,0,0,0,0,0
460106,1,1,0,0,0,0,0,0,0,0,0,0
460107,1,1,0,0,0,0,0,0,0,0,0,0
460108,1,1,0,0,0,0,0,0,0,0,0,0
460108,2,1,0,0,0,0,0,0,0,0,0,0
460109,1,1,0,0,0,0,0,0,0,0,0,0
460110,1,1,0,0,0,0,0,0,0,0,0,0
460110,2,1,0,0,0,0,0,0,0,0,0,0
460111,1,1,0,0,0,0,0,0,0,0,0,0
460112,1,1,0,0,0,0,0,0,0,0,0,0
460112,2,1,0,0,0,0,0,0,0,0,0,0
460113,1,1,15,15,15,15,15,15,15,15,15,15
460114,1,1,0,0,0,0,0,0,0,0,0,0
460114,2,1,0,0,0,0,0,0,0,0,0,0
460115,1,1,4,4,4,4,4,4,4,4,4,4
460116,1,1,18,18,18,18,18,18,18,18,18,18
460117,1,1,0,0,0,0,0,0,0,0,0,0
460118,1,1,0,0,0,0,0,0,0,0,0,0
460119,1,1,25,25,25,25,25,25,25,25,25,25
460120,1,1,1,1,1,1,1,1,1,1,1,1
460120,2,1,0,0,0,0,0,0,0,0,0,0
460121,1,1,0,0,0,0,0,0,0,0,0,0
460121,2,1,0,0,0,0,0,0,0,0,0,0
460122,1,2,0,10,0,12,0,0,32,21,0,0
460123,1,1,0,0,0,0,0,0,0,0,0,0
460124,1,1,23,19,0,26,21,16,22,20,47,24
460125,1,1,27,28,23,62,14,29,31,39,22,10
460125,2,1,20,20,20,20,20,20,20,20,20,20
470001,1,1,0,0,0,0,0,0,0,0,0,0
470002,0,1,26,26,26,26,26,26,26,26,26,26
470002,1,1,0,0,0,0,0,0,0,0,0,0
470002,2,1,0,0,0,0,0,0,0,0,0,0
470002,3,1,0,0,0,0,0,0,0,0,0,0
470003,1,1,18,18,18,18,18,18,18,18,18,18
470003,2,1,0,0,0,0,0,0,0,0,0,0
470005,1,1,32,32,32,32,32,32,32,32,32,32
470006,1,1,0,0,0,0,0,0,0,0,0,0
470006,2,1,0,0,0,0,0,0,0,0,0,0
470007,1,1,0,0,0,0,0,0,0,0,0,0
470007,2,1,0,0,0,0,0,0,0,0,0,0
470008,1,1,15,15,15,15,15,15,15,15,15,15
470009,1,1,0,0,0,0,0,0,0,0,0,0
470010,1,1,0,0,0,0,0,0,11,0,0,11
470011,1,1,28,0,24,22,11,19,29,26,9,13
470013,1,1,0,0,0,0,0,0,0,0,0,0
470014,1,1,0,0,0,0,0,0,0,0,0,0
470014,2,1,0,0,0,0,0,0,0,0,0,0
470015,1,1,0,0,0,0,0,0,0,0,0,0
470016,1,1,0,0,0,0,0,0,0,0,0,0
470016,2,1,0,0,0,0,0,0,0,0,0,0
470017,1,1,0,0,0,0,0,0,0,0,0,0
470018,1,1,0,0,0,0,0,0,0,0,0,0
470018,2,1,0,0,0,0,0,0,0,0,0,0
470018,3,1,0,0,0,0,0,0,0,0,0,0
470019,1,1,0,0,0,0,0,0,0,0,0,0
470020,1,1,24,24,24,24,24,24,24,24,24,24
470021,1,1,0,0,0,0,0,0,0,0,0,0
470021,2,1,0,0,0,0,0,0,0,0,0,0
470022,0,1,22,22,22,22,22,22,22,22,22,22
470022,1,1,0,0,0,0,0,0,0,0,0,0
470023,1,1,0,0,0,0,0,0,0,0,0,0
470024,1,1,9,9,9,9,9,9,9,9,9,9
470025,1,1,0,0,0,0,0,0,0,0,0,0
470027,1,1,0,0,0,0,0,0,0,0,0,0
470027,2,1,0,0,0,0,0,0,0,0,0,0
470028,1,1,0,0,0,0,0,0,0,0,0,0
470028,2,1,0,0,0,0,0,0,0,0,0,0
470029,1,1,0,0,0,0,0,0,0,0,0,0
470030,1,1,0,0,0,0,0,0,0,0,0,0
470031,1,1,13,13,13,13,13,13,13,13,13,13
470032,0,1,0,11,0,0,0,20,16,22,0,0
470032,1,1,0,0,0,0,0,0,0,0,0,0
470033,1,1,0,0,0,0,0,0,0,0,0,0
470033,2,1,0,0,0,0,0,0,0,0,0,0
470034,1,1,0,0,0,0,0,0,0,0,0,0
470034,2,1,0,0,0,0,0,0,0,0,0,0
470035,1,1,0,0,0,0,0,0,0,0,0,2
470036,1,1,0,0,0,0,0,0,0,0,0,0
470036,2,1,0,0,0,0,0,0,0,0,0,0
470037,0,1,0,0,0,0,0,0,0,0,0,0
470037,1,1,0,0,0,0,0,0,0,0,0,0
470037,3,1,0,0,0,0,0,0,0,0,0,0
470038,1,1,0,0,0,0,0,0,0,0,0,0
470038,2,1,0,0,0,0,0,0,0,0,0,0
470038,3,1,0,0,0,0,0,0,0,18,0,0
470038,4,1,13,22,22,10,26,17,11,14,16,20
470038,5,1,0,0,0,0,0,0,0,0,0,0
470039,0,1,0,0,0,0,0,0,0,0,0,0
470039,1,1,0,0,0,0,0,0,0,0,0,0
470040,1,1,0,22,0,18,0,0,12,11,22,0
470041,1,1,0,0,0,0,0,0,0,0,0,0
470041,2,1,0,0,0,0,0,0,0,0,0,0
470042,1,1,9,9,0,45,0,25,0,15,7,27
470043,1,1,4,17,0,0,16,0,0,0,0,29
470044,1,1,14,11,13,14,25,23,15,27,14,11
470045,1,1,0,0,0,0,0,0,0,0,0,0
470045,2,1,0,0,0,0,0,0,0,0,0,0
470046,1,1,0,0,0,0,0,0,0,0,0,0
470047,1,1,0,0,0,0,0,0,0,0,0,0
470048,1,1,19,19,19,19,19,19,19,19,19,19
470048,2,1,0,0,21,0,0,0,0,0,0,0
470049,1,1,0,0,0,0,0,0,0,0,0,0
470050,1,1,20,0,0,18,3,16,0,0,0,20
470051,1,1,0,0,0,0,0,0,0,0,0,0
470051,2,1,0,0,0,0,0,0,0,0,0,0
470052,0,1,17,17,17,17,17,17,17,17,17,17
470052,1,1,0,0,0,0,0,0,0,0,0,0
470052,2,1,0,0,0,0,0,0,0,0,0,0
470053,1,1,0,0,0,0,0,0,0,0,0,0
470053,2,1,0,0,0,0,0,0,0,0,0,0
470054,1,1,30,22,27,34,17,11,26,18,0,35
470055,1,1,0,0,0,0,0,0,0,0,0,0
470055,2,1,0,0,0,0,0,0,0,0,0,0
470056,1,1,20,20,20,20,20,20,20,20,20,20
470057,1,1,0,0,0,0,0,0,0,0,0,0
470058,1,1,10,10,10,10,10,10,10,10,10,10
470059,1,1,14,14,14,14,14,14,14,14,14,14
470060,1,1,17,17,17,17,17,17,17,17,17,17
470061,1,1,0,0,21,25,25,0,4,0,0,13
470062,1,1,16,16,16,16,16,16,16,16,16,16
470063,1,1,0,0,0,0,0,0,0,0,0,0
470063,2,1,0,0,0,0,0,0,0,0,0,0
470064,1,1,0,0,0,0,0,0,0,0,0,0
470064,2,1,0,0,0,0,0,0,0,0,0,0
470065,1,1,0,0,0,0,0,0,0,0,0,0
470065,2,1,0,0,0,0,0,0,0,0,0,0
470066,1,1,0,0,0,0,0,0,0,0,0,0
470066,2,1,0,0,0,0,0,0,0,0,0,0
470067,1,1,6,6,6,6,6,6,6,6,6,6
470067,2,1,0,0,0,0,0,0,0,0,0,0
470068,1,1,31,31,31,31,31,31,31,31,31,31
470069,1,1,0,0,0,0,0,0,0,0,0,0
470069,2,1,0,0,0,0,0,0,0,0,0,0
470070,0,1,15,23,14,31,18,30,11,35,25,6
470070,1,1,0,30,0,0,0,0,16,30,0,0
470071,0,1,0,0,0,0,0,0,0,0,0,0
470071,1,1,0,0,0,0,25,0,0,0,9,0
470072,1,1,0,0,0,0,0,0,0,0,0,0
470072,2,1,0,0,0,0,0,0,0,0,0,0
470073,1,1,0,0,0,0,0,0,0,0,0,0
470073,2,1,0,0,0,0,0,0,0,0,0,0
470074,1,1,0,0,0,0,0,0,0,0,0,0
470074,2,1,0,0,0,0,0,0,0,0,0,0
470075,1,1,21,21,21,21,21,21,21,21,21,21
470076,1,1,20,20,20,20,20,20,20,20,20,20
470077,1,1,0,0,0,0,0,0,0,0,0,0
470077,2,1,10,0,0,0,0,0,0,0,0,0
470078,1,1,0,0,0,0,0,0,0,0,0,0
470079,1,1,0,0,0,0,0,0,0,0,0,0
470079,2,1,0,0,0,0,0,0,0,0,0,0
470080,1,1,0,0,0,0,0,0,0,0,0,0
470081,1,1,0,0,0,0,0,0,0,0,0,0
470081,2,1,0,0,0,0,0,0,0,0,0,0
470082,1,1,11,11,11,11,11,11,11,11,11,11
470083,1,1,0,0,0,0,0,0,0,0,0,0
470083,2,1,0,0,0,0,0,0,0,0,0,0
470084,1,1,15,15,15,15,15,15,15,15,15,15
470085,1,1,0,0,0,0,0,0,0,0,0,0
470086,1,1,0,0,0,0,0,0,0,0,0,10
470087,1,1,37,14,0,34,18,14,34,17,23,0
470088,1,1,28,7,11,26,22,29,20,29,0,12
470088,2,1,0,0,11,0,21,0,0,0,0,16
470089,0,1,0,0,0,0,0,0,15,0,0,14
470089,1,1,0,0,0,23,0,0,0,0,0,0
470090,1,1,0,0,0,0,0,17,0,0,0,0
470090,2,1,0,0,0,0,0,0,0,0,0,0
470091,1,1,0,0,0,0,0,0,0,0,0,0
470091,2,1,0,0,0,0,0,0,0,0,0,0
470092,1,1,33,6,0,16,0,14,0,13,31,0
470093,1,1,14,0,18,15,12,11,20,21,14,18
470093,2,1,0,0,15,0,0,0,0,0,0,0
470094,1,1,12,5,31,18,20,15,13,13,3,1
470095,1,1,0,0,0,0,0,0,0,0,0,8
470096,1,1,14,14,14,14,14,14,14,14,14,14
470097,0,1,0,0,0,0,0,0,0,0,0,0
470097,1,1,0,0,0,0,0,0,0,0,0,0
470098,1,1,2,2,2,2,2,2,2,2,2,2
470098,2,1,0,0,0,0,0,0,0,0,0,0
470098,3,1,0,0,0,0,0,0,0,0,0,0
470099,1,1,0,0,0,0,0,0,0,0,0,0
470100,1,1,0,0,0,16,0,0,41,0,0,13
470100,2,1,0,0,0,0,0,0,0,0,0,0
470102,0,1,0,0,0,0,0,0,0,0,0,0
470102,1,1,0,0,0,0,0,0,0,0,0,0
470103,1,1,0,0,0,0,0,0,0,0,25,0
470104,1,1,1,1,1,1,1,1,1,1,1,1
470105,1,1,0,0,0,0,0,0,0,0,0,0
470106,1,1,26,26,26,26,26,26,26,26,26,26