ST_CASE,VEH_NO,PER_NO,P1,P2,P3,P4,P5,P6,P7,P8,P9,P10
470107,1,1,0,0,0,0,0,0,0,0,0,0
470107,2,1,0,0,0,0,0,0,0,0,0,0
470108,1,1,0,0,0,0,0,0,0,0,0,0
470108,2,1,0,0,0,0,0,0,0,0,0,0
470109,1,1,0,20,0,0,0,0,0,0,0,0
470109,2,1,0,0,0,0,0,0,0,0,0,0
470110,1,1,0,0,0,0,0,0,0,0,0,0
470111,1,1,0,0,0,0,0,0,0,0,0,0
470111,2,1,0,0,0,0,0,0,0,0,0,0
470112,1,1,0,0,0,0,0,0,0,0,0,0
470112,2,1,0,0,0,0,0,0,0,0,0,0
470113,0,1,0,0,0,0,0,0,0,0,37,0
470113,1,1,0,0,0,0,0,0,0,0,0,0
470114,1,1,0,0,0,0,0,0,0,0,0,0
470115,1,1,0,0,0,0,0,0,4,0,0,0
470115,2,1,0,0,8,0,0,0,0,0,0,0
470116,0,1,0,17,10,18,0,12,14,21,13,14
470116,1,1,9,9,9,9,9,9,9,9,9,9
470117,1,1,0,0,0,0,0,0,0,0,0,0
470118,1,1,0,0,0,0,0,0,0,0,0,0
470118,2,1,0,0,0,0,0,0,0,0,0,0
470119,1,1,0,0,0,0,0,0,0,0,0,0
470120,1,1,18,25,15,13,21,10,27,13,26,19
470121,1,1,18,18,18,18,18,18,18,18,18,18
470122,1,1,0,0,0,0,0,0,0,0,0,0
470123,1,1,20,20,20,20,20,20,20,20,20,20
470124,1,1,0,0,0,0,0,0,0,0,0,0
470125,1,1,19,14,15,29,25,0,15,20,14,16
470126,1,1,28,28,28,28,28,28,28,28,28,28
470127,1,1,0,0,0,0,0,0,0,0,0,0
470127,2,1,0,0,0,0,0,0,0,0,0,0
470128,1,1,0,0,0,0,0,0,0,0,0,0
470129,1,1,0,0,0,0,0,0,0,0,0,0
470129,2,1,0,0,0,0,0,0,0,0,0,0
470130,1,1,8,8,8,8,8,8,8,8,8,8
470131,1,1,0,0,0,0,0,0,0,0,0,0
470131,2,1,0,0,0,0,0,0,0,0,0,0
470132,1,1,0,0,0,0,0,0,0,0,0,0
470132,2,1,0,0,0,0,0,0,0,0,0,0
470133,1,1,0,0,0,0,0,0,0,0,0,0
470134,1,1,0,0,0,0,0,0,0,0,0,0
470135,1,1,0,0,0,0,0,0,0,0,0,0
470135,2,1,7,7,7,7,7,7,7,7,7,7
470136,1,1,0,0,0,0,0,0,0,0,0,0
470136,2,1,0,0,0,0,0,0,0,0,0,0
470137,1,1,0,0,0,0,0,0,0,0,0,0
470139,1,1,0,0,0,0,0,0,0,0,0,0
470139,2,1,0,0,0,0,0,0,0,0,0,0
470140,0,1,31,31,31,31,31,31,31,31,31,31
470140,1,1,0,0,0,0,0,0,0,0,0,0
470141,1,1,0,0,0,0,0,0,0,0,0,0
470142,1,1,0,0,0,0,0,0,0,0,0,0
470142,2,1,0,0,0,0,0,0,0,0,0,0
470143,1,1,0,0,0,0,0,0,0,0,0,0
470144,1,1,7,7,7,7,7,7,7,7,7,7
470145,1,1,29,29,29,29,29,29,29,29,29,29
470146,1,1,0,0,0,0,0,0,0,27,0,0
470146,2,1,0,0,0,0,0,0,0,0,0,0
470147,1,1,0,0,0,0,0,0,0,0,0,0
470148,1,1,0,0,39,7,0,33,0,8,0,0
470148,2,1,14,14,14,14,14,14,14,14,14,14
470149,1,1,0,0,0,14,0,0,0,0,0,0
470150,1,1,19,19,19,19,19,19,19,19,19,19
470150,2,1,0,0,0,0,0,0,0,0,0,0
470151,1,1,32,32,32,32,32,32,32,32,32,32
470151,2,1,0,0,0,0,0,0,0,0,0,0
470152,1,1,0,0,0,0,0,0,0,0,0,0
470152,2,1,0,0,0,0,0,0,0,0,0,0
470153,1,1,10,0,0,0,0,0,0,0,0,0
470154,1,1,13,14,0,9,12,11,34,0,10,0
470155,1,1,0,0,0,0,0,0,0,0,0,0
470155,2,1,0,0,0,0,0,0,0,0,0,0
470156,1,1,0,0,0,0,0,0,0,0,0,0
470156,2,1,0,0,0,0,0,0,0,0,0,0
470157,1,1,18,18,18,18,18,18,18,18,18,18
470158,1,1,0,0,0,0,0,0,0,0,0,0
470158,2,1,0,0,0,0,0,0,0,0,0,0
470158,3,1,16,0,0,0,0,0,13,0,33,0
470159,1,1,0,0,0,0,0,0,0,0,0,0
470159,2,1,0,0,0,0,0,0,0,0,0,0
470160,0,1,7,7,7,7,7,7,7,7,7,7
470160,1,1,0,0,0,0,0,0,0,0,0,0
470161,1,1,0,0,0,0,0,0,0,0,0,0
470162,1,1,25,25,25,25,25,25,25,25,25,25
470163,1,1,0,0,0,0,0,0,0,0,0,0
470163,2,1,0,0,0,0,0,0,0,0,0,0
470164,1,1,0,0,0,0,0,0,0,0,0,0
470165,1,1,0,0,0,0,0,0,0,0,0,16
470165,2,1,0,0,0,0,0,0,0,0,0,0
470166,1,1,0,0,0,0,0,0,0,0,0,0
470166,2,1,0,0,0,0,0,0,0,0,0,0
470167,1,1,0,32,16,0,0,0,0,9,0,0
470168,1,1,0,0,0,0,0,0,0,0,0,0
470168,2,1,21,22,27,16,7,39,18,38,27,21
470169,1,1,0,0,0,27,12,0,0,0,0,0
470170,1,1,0,0,0,0,0,29,20,0,0,0
470171,1,1,0,0,0,0,0,0,0,0,0,0
470172,1,1,0,0,18,0,0,0,0,0,0,0
470173,1,1,0,0,0,0,0,0,0,0,0,0
470173,2,1,0,0,0,0,0,0,0,0,0,0
470174,1,1,26,17,19,8,0,0,29,14,0,0
470175,1,1,0,0,0,0,21,0,0,0,0,0
470176,1,1,0,0,0,0,0,0,0,0,0,0
470177,1,1,0,0,0,0,0,0,0,0,0,0
470178,1,1,0,0,0,0,0,0,0,0,0,0
470179,1,1,0,0,0,0,0,0,0,0,0,0
470179,2,1,0,0,0,0,0,0,0,0,0,0
470180,1,1,19,19,19,19,19,19,19,19,19,19
470181,1,1,0,0,0,0,0,0,0,0,0,0
470182,1,1,0,0,0,0,0,0,0,0,0,0
470183,1,1,0,0,0,0,0,0,0,0,0,0
470183,2,1,0,0,0,0,0,0,0,0,0,8
470184,1,1,0,0,0,0,0,0,0,0,0,0
470185,1,1,0,0,0,0,0,0,0,0,0,0
470186,0,1,0,0,0,0,0,0,0,0,0,0
470186,1,1,0,0,0,0,0,0,0,0,0,0
470187,1,1,0,0,0,0,0,0,0,0,0,0
470187,2,1,0,0,0,0,0,0,0,0,0,0
470188,1,1,0,0,0,0,0,0,0,0,0,0
470188,2,1,0,0,0,0,0,0,0,0,0,0
470189,1,1,0,18,0,0,0,20,0,0,40,0
470190,0,1,0,0,0,0,0,0,0,0,0,0
470190,1,1,0,0,0,0,0,0,0,0,0,0
470191,1,1,0,0,0,0,0,0,0,0,0,0
470191,2,1,0,0,0,0,0,0,0,0,0,0
470191,3,1,0,0,0,0,0,0,0,0,0,0
470192,1,1,0,0,0,0,0,0,0,0,0,0
470192,2,1,0,0,0,0,0,0,0,0,0,0
470192,3,1,0,0,0,0,0,0,0,0,0,0
470193,1,1,0,0,0,0,0,0,0,0,0,0
470194,1,1,0,0,0,0,0,9,0,0,0,0
470195,1,1,5,5,5,5,5,5,5,5,5,5
470196,1,1,0,0,0,0,0,0,0,16,0,0
470197,1,1,0,0,0,0,0,0,0,0,0,0
470197,2,1,0,0,0,0,0,0,0,0,0,0
470197,3,1,0,0,0,0,0,0,0,0,0,0
470198,1,1,0,0,0,0,0,0,0,0,0,0
470198,2,1,0,0,0,0,0,0,0,0,0,0
470199,1,1,0,0,0,0,0,0,0,0,0,0
470200,1,1,0,0,0,0,0,0,0,0,0,0
470200,2,1,0,0,0,0,0,0,0,5,0,0
470201,1,1,0,0,0,0,0,0,0,0,0,0
470201,2,1,0,0,0,0,0,0,0,0,0,0
470202,1,1,12,12,7,0,0,0,0,18,0,4
470203,1,1,0,0,0,0,0,0,0,0,0,0
470203,2,1,0,0,0,0,0,0,0,9,0,0
470204,1,1,0,0,0,0,0,0,0,0,0,0
470204,2,1,0,0,0,0,0,0,0,0,0,0
470204,3,1,0,0,0,0,0,0,0,0,0,0
470205,1,1,18,18,18,18,18,18,18,18,18,18
470205,2,1,0,0,0,0,0,0,0,0,0,0
470206,1,1,0,0,0,0,0,0,0,5,0,0
470207,1,1,0,0,0,0,0,0,0,0,0,0
470207,2,1,0,0,0,0,0,0,0,0,0,0
470208,1,1,16,24,0,20,13,10,22,11,37,20
470209,1,1,14,14,14,14,14,14,14,14,14,14
470210,1,1,0,0,0,0,0,0,0,0,0,0
470210,2,1,0,0,0,0,0,0,0,0,0,0
470211,1,1,0,0,0,0,0,0,0,0,0,0
470212,1,1,0,0,0,0,0,0,0,0,0,9
470213,0,1,0,0,0,0,0,37,0,0,0,0
470213,1,1,4,4,4,4,4,4,4,4,4,4
470215,1,1,22,22,22,22,22,22,22,22,22,22
470216,1,1,0,0,0,0,0,0,0,0,0,13
470217,1,1,0,0,0,0,0,0,0,0,0,0
470217,2,1,17,17,17,17,17,17,17,17,17,17
470218,1,1,0,0,0,0,0,0,0,0,0,0
470219,1,1,20,20,20,20,20,20,20,20,20,20
470220,0,1,0,0,0,0,0,0,0,0,0,0
470220,1,1,0,0,0,0,0,0,0,0,0,0
470221,1,1,29,29,29,29,29,29,29,29,29,29
470222,1,1,0,0,0,0,0,0,0,0,0,0
470222,2,1,0,0,0,0,0,0,0,0,0,0
470223,1,1,18,18,18,18,18,18,18,18,18,18
470223,2,1,0,0,0,0,0,0,0,0,4,0
470224,0,1,31,31,31,31,31,31,31,31,31,31
470224,1,1,0,0,0,0,0,4,0,0,0,0
470225,1,5,15,0,0,28,27,23,27,18,0,13
470226,1,1,8,8,8,8,8,8,8,8,8,8
470227,1,1,0,0,0,0,0,0,0,0,0,0
470227,2,1,0,0,0,0,0,0,0,0,0,0
470228,0,1,0,0,0,0,0,0,0,0,0,0
470228,1,1,0,0,0,19,22,23,0,17,0,0
470229,1,1,30,30,30,30,30,30,30,30,30,30
470230,1,1,4,4,4,4,4,4,4,4,4,4
470231,1,1,20,20,20,20,20,20,20,20,20,20
470232,1,1,15,0,0,0,0,0,0,24,28,16
470232,2,1,0,0,0,0,0,0,0,0,0,0
470233,1,1,0,0,0,0,0,0,0,0,0,0
470233,2,1,0,0,0,0,0,0,0,0,0,0
470234,1,1,0,0,0,0,0,0,0,0,0,0
470234,2,1,0,0,0,0,4,0,0,0,8,0
470235,1,1,0,0,0,0,0,0,0,0,0,0
470235,2,1,0,0,0,20,0,0,0,0,0,0
470236,1,1,0,0,0,0,0,0,0,0,0,0
470236,2,1,0,0,0,0,0,0,0,0,0,0
470237,1,1,0,0,0,0,0,0,0,0,0,0
470238,1,1,0,0,0,0,0,0,0,0,0,0
470239,1,1,0,0,0,0,0,0,0,0,0,0
470240,1,1,0,0,0,0,0,0,13,0,0,0
470241,1,1,0,0,0,0,0,0,0,0,0,0
470241,2,1,0,0,0,0,0,0,0,0,0,0
470242,1,1,0,0,0,0,0,0,0,0,0,0
470242,2,1,0,6,0,0,0,0,0,28,0,0
470243,0,1,0,0,0,0,0,0,0,0,14,0
470243,1,1,0,0,0,0,0,0,0,0,0,0
470244,1,1,10,0,0,0,0,0,0,0,0,0
470245,1,1,0,21,0,0,0,0,0,0,0,0
470245,2,1,0,0,0,0,0,0,0,0,0,0
470245,3,1,0,0,0,0,0,0,0,0,5,0
470246,1,1,0,0,0,0,0,0,0,0,0,0
470246,2,1,0,0,0,0,0,0,0,0,0,0
470247,1,1,0,0,0,0,0,0,0,0,0,0
470248,1,1,0,0,0,0,0,0,0,0,0,0
470249,1,1,0,0,0,0,0,0,0,0,0,0
470249,2,1,0,0,0,0,0,0,0,0,0,0
470249,3,1,0,0,0,0,0,0,0,0,0,0
470249,4,1,0,0,0,0,0,0,0,0,0,0
470249,5,1,0,0,0,0,0,0,0,0,0,0
470250,1,1,0,0,0,0,0,0,0,0,0,0
470251,1,1,0,0,0,0,0,0,0,0,0,0
470252,1,1,7,7,7,7,7,7,7,7,7,7
470253,1,1,0,0,0,0,0,0,0,0,0,0
470254,1,1,9,9,9,9,9,9,9,9,9,9
470255,1,1,0,0,0,0,0,0,0,0,0,0
470256,1,1,24,24,24,24,24,24,24,24,24,24
470258,1,1,0,0,0,0,0,0,0,15,0,0
470259,1,1,0,0,0,0,0,0,0,0,0,0
470260,1,1,24,24,24,24,24,24,24,24,24,24
470261,1,1,0,0,0,0,0,0,0,0,0,0
470262,1,1,0,0,0,0,0,0,0,0,0,0
470263,1,1,25,0,0,0,23,0,14,22,8,23
470264,1,1,0,0,0,0,0,0,0,0,0,0
470265,1,1,0,0,0,0,0,0,0,0,0,0
470266,0,1,0,0,0,0,0,0,0,0,0,0
470266,1,1,0,0,0,0,0,0,0,0,0,0
470267,1,1,0,0,0,0,0,0,0,0,0,0
470267,2,1,0,0,0,0,0,0,0,0,0,0
470267,3,1,0,0,0,0,0,0,0,0,0,0
470268,1,1,0,0,0,0,0,0,0,0,0,0
470268,2,1,0,0,0,0,0,0,0,0,0,0
470269,1,1,0,0,0,0,0,0,0,0,0,0
470270,1,1,0,0,0,0,0,0,0,0,0,0
470270,2,1,0,0,0,0,0,0,0,0,0,0
470271,1,1,0,0,0,0,0,0,0,0,0,0
470272,1,1,0,0,0,0,0,0,0,0,0,0
470273,1,1,0,0,0,0,21,0,0,0,0,0
470273,2,1,0,0,0,0,0,0,0,0,0,0
470274,1,1,0,0,0,0,0,0,0,0,0,0
470275,0,1,0,0,0,0,0,0,0,0,0,0
470275,1,1,0,0,0,0,0,0,0,0,0,0
470276,1,1,0,9,20,0,30,30,23,21,0,0
470277,1,1,5,5,5,5,5,5,5,5,5,5
470279,1,1,0,0,0,0,0,0,0,0,0,0
470280,1,1,0,0,0,0,0,0,0,0,0,0
470281,1,1,0,0,0,0,0,0,0,0,0,0
470281,2,1,0,0,0,0,0,0,0,0,0,0
470282,1,1,0,0,0,0,0,0,0,0,0,0
470282,2,1,0,0,0,0,0,0,0,0,0,0
470283,1,1,22,28,16,0,10,0,12,3,6,13
470284,1,1,1,1,1,1,1,1,1,1,1,1
470285,1,1,0,0,0,0,0,0,0,0,0,0
470285,2,1,0,0,0,0,0,0,0,0,0,0
470286,1,1,13,13,13,13,13,13,13,13,13,13
470286,2,1,0,0,0,0,0,0,0,0,0,0
470287,1,1,36,36,36,36,36,36,36,36,36,36
470288,1,1,11,11,11,11,11,11,11,11,11,11
470289,1,1,8,8,8,8,8,8,8,8,8,8
470290,1,1,12,12,12,12,12,12,12,12,12,12
470291,1,1,0,0,0,0,0,0,3,0,0,0
470291,2,1,0,0,0,0,0,0,0,0,0,0
470292,1,1,9,9,9,9,9,9,9,9,9,9
470292,2,1,0,0,0,0,0,0,0,0,0,0
470293,1,1,10,10,10,10,10,10,10,10,10,10
470294,1,1,0,0,0,0,0,0,0,0,0,0
470295,1,1,0,20,0,0,0,2,14,0,0,0
470296,1,1,0,0,0,0,0,0,0,0,0,0
470297,1,1,0,0,0,0,0,0,0,0,0,0
470297,2,1,0,0,0,0,0,0,0,0,0,0
470298,1,1,33,0,24,0,0,17,15,28,31,0
470299,1,1,13,13,13,13,13,13,13,13,13,13
470300,1,1,21,21,21,21,21,21,21,21,21,21
470301,1,1,0,0,0,0,0,0,0,0,0,0
470302,1,1,0,0,0,0,0,0,0,0,0,0
470302,2,1,0,0,0,0,0,0,0,20,0,0
470303,1,1,0,0,0,0,0,0,0,0,0,0
470303,2,1,0,0,0,0,0,0,0,0,0,0
470304,1,1,0,0,0,0,0,0,0,0,0,0
470304,2,1,3,3,3,3,3,3,3,3,3,3
470305,1,1,9,9,9,9,9,9,9,9,9,9
470305,2,1,0,0,0,0,0,0,0,0,0,0
470306,1,1,19,19,19,19,19,19,19,19,19,19
470307,1,1,0,0,0,0,0,0,0,0,0,0
470308,1,1,0,0,0,0,0,0,0,0,0,0
470309,1,1,22,14,24,27,0,0,0,0,15,9
470311,0,1,0,0,0,33,8,0,0,23,0,0
470311,1,1,0,0,0,0,0,0,0,0,0,0
470312,1,1,0,0,0,0,0,0,0,0,0,0
470313,1,1,0,0,0,0,0,0,0,0,0,0
470313,2,1,8,8,8,8,8,8,8,8,8,8
470314,1,1,0,0,0,0,0,0,0,0,0,0
470314,2,1,16,16,16,16,16,16,16,16,16,16
470315,1,1,0,0,0,0,0,0,0,0,0,0
470316,1,1,20,7,0,2,8,29,27,2,15,8
470316,2,1,5,5,5,5,5,5,5,5,5,5
470317,1,1,0,0,0,12,0,0,0,0,0,0
470317,2,1,0,0,0,0,8,0,0,0,0,0
470318,1,1,35,7,18,0,0,0,11,0,28,0
470319,1,1,0,0,0,0,0,0,0,0,0,0
470320,1,1,0,0,0,0,0,0,0,0,0,0
470321,1,1,0,0,0,0,0,0,0,0,0,0
470321,2,1,0,0,0,0,0,0,0,0,0,0
470322,1,1,0,0,0,0,0,0,0,0,0,0
470323,1,1,19,19,19,19,19,19,19,19,19,19
470324,1,1,13,13,13,13,13,13,13,13,13,13
470325,1,1,19,19,19,19,19,19,19,19,19,19
470326,1,1,6,6,6,6,6,6,6,6,6,6
470326,2,1,0,0,0,0,0,0,0,0,0,0
470327,1,1,0,0,0,0,0,0,0,0,0,0
470328,1,1,0,0,0,0,0,0,0,0,0,0
470329,1,1,0,43,33,28,37,20,13,25,26,5
470329,2,1,0,0,0,0,0,0,0,0,0,0
470330,1,1,0,0,0,0,0,0,0,0,0,0
470331,1,1,0,0,0,0,0,0,0,0,0,0
470331,2,1,0,0,0,0,0,0,0,0,0,0
470331,3,1,0,0,0,0,0,0,0,0,0,0
470332,1,1,0,0,0,0,0,0,0,0,0,0
470333,1,1,0,0,0,0,0,0,0,0,0,0
470333,2,1,0,0,0,0,0,0,0,0,0,0
470334,0,1,0,0,0,0,0,0,0,0,0,0
470334,3,1,0,0,0,0,0,0,0,0,0,0
470335,1,1,0,0,0,0,0,0,0,0,0,0
470335,2,1,0,0,0,0,0,0,0,0,0,0
470336,1,1,0,0,0,0,0,0,0,0,0,0
470336,2,1,0,0,0,0,0,0,0,0,0,0
470337,1,1,25,25,25,25,25,25,25,25,25,25
470338,1,1,0,0,0,0,0,0,0,8,3,0
470339,1,1,0,0,0,0,0,0,0,0,0,0
470339,2,1,0,0,0,0,0,0,0,0,0,0
470339,3,1,0,0,0,0,0,0,0,0,0,0
470340,1,1,0,0,0,0,0,0,0,0,0,0
470340,2,1,0,0,0,0,0,0,0,0,0,0
470340,3,1,0,0,0,0,0,0,0,0,0,0
470341,1,1,0,0,0,0,0,0,0,0,0,0
470341,2,1,0,0,0,0,0,0,0,0,0,0
470342,1,1,0,0,0,0,0,0,0,0,0,0
470342,2,1,0,0,0,0,0,0,0,0,0,0
470343,1,1,0,0,0,0,0,0,0,0,0,0
470344,1,1,17,17,17,17,17,17,17,17,17,17
470345,1,1,1,1,1,1,1,1,1,1,1,1
470345,2,1,0,0,0,0,0,0,0,0,0,0
470346,1,1,25,36,0,14,42,0,34,0,13,0
470347,1,1,0,0,0,0,0,0,0,0,0,0
470347,2,1,27,27,27,27,27,27,27,27,27,27
470348,1,1,0,0,0,0,0,0,0,0,0,0
470349,1,1,4,4,4,4,4,4,4,4,4,4
470349,2,1,0,0,0,0,0,0,0,0,0,0
470350,1,1,0,0,0,0,0,0,0,0,0,0
470351,1,1,21,21,21,21,21,21,21,21,21,21
470352,1,1,0,0,0,0,0,0,0,0,0,0
470353,1,1,27,27,27,27,27,27,27,27,27,27
470354,1,1,25,11,11,7,19,16,0,22,19,5
470355,1,1,0,0,0,0,0,0,0,11,0,0
470355,2,1,0,0,0,0,0,0,0,0,0,0
470356,1,1,0,0,0,0,0,0,0,0,0,0
470356,2,1,0,0,0,0,0,0,0,0,0,0
470357,1,1,14,14,14,14,14,14,14,14,14,14
470358,1,1,1,1,1,1,1,1,1,1,1,1
470359,1,1,15,0,6,34,20,26,0,0,0,15
470360,1,1,22,22,22,22,22,22,22,22,22,22
470361,1,1,0,0,0,0,0,0,0,0,0,0
470362,1,1,2,2,2,2,2,2,2,2,2,2
470363,1,1,25,32,14,22,20,25,23,28,35,16
470364,1,1,0,0,0,0,0,0,0,0,0,0
470365,1,1,13,13,13,13,13,13,13,13,13,13
470367,1,1,14,14,14,14,14,14,14,14,14,14
470368,1,1,15,8,4,26,14,30,20,14,12,20
470369,1,1,0,0,0,0,0,0,0,0,0,0
470369,2,1,0,0,0,0,0,0,0,0,0,0
470370,1,1,0,0,0,0,0,0,0,0,0,0
470370,2,1,0,0,0,0,0,0,0,0,0,0
470371,1,1,19,19,19,19,19,19,19,19,19,19
470372,1,1,0,0,0,0,0,0,0,0,0,0
470373,1,1,3,3,3,3,3,3,3,3,3,3
470374,1,1,0,0,0,0,0,0,0,0,0,0
470375,1,1,0,0,0,0,0,0,0,0,0,0
470376,0,1,25,25,25,25,25,25,25,25,25,25
470376,1,1,0,0,0,0,10,0,0,0,0,0
470377,1,1,22,22,22,22,22,22,22,22,22,22
470378,1,1,0,0,0,0,0,0,0,0,0,0
470379,0,1,29,35,0,0,4,20,28,0,0,30
470379,1,1,0,0,0,0,0,0,0,0,0,0
470380,1,1,13,13,13,13,13,13,13,13,13,13
470381,1,1,19,19,19,19,19,19,19,19,19,19
470382,1,1,0,0,0,0,0,0,0,0,0,0
470382,2,1,26,0,0,0,0,0,0,0,0,0
470382,3,1,0,0,0,0,0,11,0,0,0,0
470382,4,1,0,0,0,0,0,0,28,0,0,0
470383,0,1,14,20,26,15,2,9,18,19,9,10
470383,1,1,0,0,0,0,0,0,0,0,0,45
470383,3,1,0,0,40,12,0,0,0,0,0,0
470384,1,1,2,2,2,2,2,2,2,2,2,2
470384,2,1,0,0,0,0,0,0,0,0,0,0
470385,1,1,0,0,0,0,0,0,0,0,0,0
470385,2,1,0,0,0,0,0,0,12,0,0,0
470386,0,1,5,10,0,0,7,0,23,0,18,0
470386,1,1,0,0,0,0,0,0,0,0,0,0
470387,1,1,0,0,0,0,0,0,0,0,0,0
470387,2,1,0,0,0,0,0,0,0,0,0,0
470388,1,1,0,0,0,0,0,0,0,0,0,0
470389,1,1,15,9,21,17,3,21,24,11,0,27
470389,2,1,12,29,26,9,6,14,26,18,15,10
470390,1,1,0,0,0,0,0,0,0,0,0,0
470390,2,1,0,0,0,0,0,0,0,0,0,0
470391,1,1,16,16,16,16,16,16,16,16,16,16
470392,0,1,9,9,9,9,9,9,9,9,9,9
470392,1,1,0,0,0,0,0,0,0,0,0,0
470393,1,1,7,29,19,0,0,0,26,16,9,25
470394,1,1,0,0,0,0,0,0,0,0,0,0
470394,2,1,24,24,24,24,24,24,24,24,24,24
470395,1,1,0,16,0,0,0,0,0,0,0,0
470395,2,1,0,0,0,0,0,0,0,0,0,0
470396,1,1,0,0,0,0,0,0,0,22,0,7
470397,1,1,7,7,7,7,7,7,7,7,7,7
470398,1,1,0,0,0,0,0,0,0,0,0,0
470398,2,1,0,0,0,0,0,0,0,0,0,0
470399,1,1,0,0,0,0,0,0,0,0,0,0
470399,2,1,0,0,0,0,0,0,0,0,14,0
470399,3,1,0,0,0,0,0,0,0,0,0,0
470400,1,1,0,0,0,0,0,0,0,0,0,0
470401,1,1,0,0,0,0,0,0,0,0,0,0
470402,1,1,0,0,0,0,0,0,0,0,0,0
470402,2,1,0,0,0,0,0,0,0,0,0,0
470403,1,1,16,0,0,22,17,23,30,35,0,15
470404,1,1,0,0,0,0,0,0,0,0,0,0
470404,2,1,0,0,0,0,0,0,0,0,0,0
470405,1,1,37,27,11,9,24,0,0,27,17,32
470406,1,1,0,24,16,0,0,0,22,15,0,0
470407,1,1,0,0,0,0,0,0,0,0,0,0
470408,0,1,0,0,0,0,0,0,0,0,0,0
470408,0,2,0,0,0,0,0,0,0,0,0,0
470408,3,1,0,0,0,0,0,0,0,0,0,0
470410,1,1,0,0,0,0,0,0,0,0,0,0
470410,2,1,10,10,10,10,10,10,10,10,10,10
470411,1,1,33,33,33,33,33,33,33,33,33,33
470412,1,1,20,20,20,20,20,20,20,20,20,20
470413,1,1,17,17,17,17,17,17,17,17,17,17
470414,1,1,0,0,0,0,0,0,0,0,0,0
470414,2,1,0,0,0,0,0,0,0,0,0,0
470415,1,1,0,0,0,0,0,0,0,0,0,0
470416,1,1,0,0,0,0,0,0,0,0,0,0
470416,2,1,0,0,0,0,0,0,0,0,0,0
470417,1,1,0,0,0,0,0,0,0,0,0,0
470418,1,1,0,0,0,0,0,0,0,0,0,0
470419,1,1,0,0,0,0,0,0,0,0,0,0
470420,1,1,0,0,0,0,0,0,0,0,0,0
470420,2,1,0,0,0,0,0,0,0,0,0,0
470421,1,1,0,0,0,0,0,12,0,0,0,0
470421,2,1,0,0,0,0,0,0,0,0,0,0
470422,1,1,0,0,0,0,0,4,0,0,0,0
470422,2,1,0,0,0,0,0,0,0,0,0,0
470423,1,1,0,0,0,0,0,0,0,0,0,0
470424,1,1,0,0,0,0,0,0,0,0,0,0
470425,1,1,3,0,0,0,0,0,0,0,0,0
470426,1,1,25,25,25,25,25,25,25,25,25,25
470427,1,1,0,0,0,0,0,0,0,0,0,0
470428,1,1,0,0,0,0,0,0,0,0,0,0
470429,1,1,0,0,0,0,0,0,0,0,0,0
470430,1,1,0,0,0,0,0,0,0,0,0,0
470430,2,1,22,22,22,22,22,22,22,22,22,22
470431,0,1,0,20,12,0,13,0,23,29,0,20
470431,1,1,0,0,0,0,0,20,0,0,0,0
470432,1,1,0,0,0,21,0,0,0,0,0,0
470432,2,1,0,0,0,0,0,0,0,0,0,0
470433,1,1,0,0,0,0,0,13,0,0,0,0
470433,2,1,19,14,7,15,17,22,14,0,12,12
470434,1,1,0,0,3,0,0,0,0,0,0,0
470435,1,1,14,14,14,14,14,14,14,14,14,14
470436,1,1,17,17,17,17,17,17,17,17,17,17
470437,0,1,3,3,3,3,3,3,3,3,3,3
470437,1,1,1,1,1,1,1,1,1,1,1,1
470439,0,1,0,0,0,0,21,0,0,0,0,0
470439,1,1,0,0,0,0,0,0,0,0,0,0
470440,1,1,0,0,20,0,0,7,29,0,7,0
470440,2,1,0,0,0,0,0,10,0,0,0,0
470441,1,1,0,0,0,0,0,0,0,0,0,0
470441,2,1,0,0,0,0,0,0,0,0,0,0
470442,0,1,0,0,0,0,0,0,0,0,0,0
470442,1,1,0,0,0,0,0,0,0,0,0,0
470444,1,1,19,11,0,0,29,0,0,14,30,0
470445,1,1,0,0,0,0,0,0,0,0,0,0
470445,2,1,0,0,0,0,0,0,0,0,0,0
470446,1,1,0,21,23,0,0,19,14,24,21,0
470446,2,1,17,24,28,17,0,28,17,11,44,10
470447,1,1,0,0,0,0,0,0,0,0,0,0
470447,2,1,25,0,13,0,0,0,0,0,0,0
470448,1,1,0,0,0,0,0,0,0,0,0,0
470448,2,1,0,0,0,12,0,11,0,20,14,0
470448,3,1,0,0,0,0,0,0,4,0,0,0
470449,1,1,19,19,19,19,19,19,19,19,19,19
470451,1,1,0,0,0,0,0,0,0,0,0,0
470451,2,1,0,0,0,0,0,0,0,0,0,0
470453,1,1,0,0,0,0,0,0,0,0,0,0
470453,2,1,0,0,0,0,0,0,0,0,0,0
470454,1,1,0,23,25,20,0,33,10,16,5,10
470455,1,1,0,0,0,0,0,0,0,0,0,0
470455,2,1,0,0,0,0,0,0,0,0,0,0
470456,1,1,0,0,0,0,0,0,0,0,0,0
470456,2,1,0,0,0,0,16,0,0,0,0,0
470457,1,1,0,0,0,0,0,0,0,0,0,0
470457,2,1,0,0,0,0,0,0,0,0,25,0
470458,0,1,17,19,30,39,16,13,28,41,24,30
470458,1,1,0,0,0,0,0,0,0,0,0,0
470460,1,1,0,0,0,0,0,0,0,0,0,0
470461,1,1,0,0,0,0,0,0,0,0,0,0
470461,2,1,0,0,0,0,20,23,0,0,0,0