ST_CASE,VEH_NO,PER_NO,P1,P2,P3,P4,P5,P6,P7,P8,P9,P10
470462,1,1,19,19,19,19,19,19,19,19,19,19
470462,2,1,0,0,0,0,0,0,0,0,0,0
470463,1,1,23,23,23,23,23,23,23,23,23,23
470463,2,1,0,0,0,0,0,0,0,0,0,0
470464,1,1,0,0,0,0,0,0,0,0,0,0
470465,1,1,0,0,0,0,0,0,0,0,0,0
470465,2,1,0,8,0,0,0,0,0,0,0,0
470466,1,1,0,0,0,0,0,0,0,0,0,0
470466,2,1,0,0,0,0,0,0,0,0,0,0
470467,1,1,38,38,38,38,38,38,38,38,38,38
470468,1,1,0,0,0,0,0,0,0,0,0,0
470469,1,1,26,26,26,26,26,26,26,26,26,26
470470,1,1,16,2,15,0,10,22,0,31,20,17
470470,2,1,0,0,18,0,0,0,0,0,0,0
470471,1,1,0,6,0,0,0,0,8,8,0,0
470472,1,1,0,0,0,0,0,0,0,0,0,0
470472,2,1,0,0,0,0,4,0,0,0,0,0
470473,1,1,11,11,11,11,11,11,11,11,11,11
470473,2,1,0,0,0,0,0,0,0,0,0,0
470474,0,1,9,0,26,11,0,11,10,0,17,0
470474,1,1,0,0,0,18,38,31,9,13,0,0
470475,0,1,0,0,0,0,0,0,0,0,0,0
470475,0,2,4,4,4,4,4,4,4,4,4,4
470475,1,1,1,1,1,1,1,1,1,1,1,1
470476,1,1,0,0,0,0,0,0,0,0,0,0
470477,1,1,0,0,0,0,0,0,0,0,0,0
470478,0,1,0,0,0,0,0,0,0,0,0,0
470478,1,1,0,0,0,0,0,0,0,0,0,0
470479,1,1,0,0,0,0,0,0,0,0,0,0
470479,2,1,0,0,0,0,0,0,0,0,0,0
470480,1,1,0,0,0,0,0,0,0,0,0,0
470481,0,1,0,0,0,0,0,0,0,0,0,0
470481,1,1,0,0,0,0,0,0,0,0,0,0
470483,1,1,8,8,8,8,8,8,8,8,8,8
470484,0,1,0,0,0,0,0,0,0,0,0,0
470484,1,1,0,0,28,0,0,0,15,0,0,0
470485,1,1,11,11,11,11,11,11,11,11,11,11
470486,1,1,0,0,0,0,0,0,0,0,0,0
470486,2,1,9,9,9,9,9,9,9,9,9,9
470487,1,1,0,0,0,0,0,0,0,0,0,0
470487,2,1,0,0,0,0,0,0,0,0,0,0
470488,1,1,0,0,0,0,0,0,0,0,0,0
470489,1,1,0,0,0,0,0,0,0,0,0,0
470490,1,1,0,0,12,0,0,0,0,0,0,0
470490,2,1,7,0,16,11,11,0,0,0,24,0
470491,1,1,0,0,0,0,0,0,0,0,0,0
470491,2,1,0,0,0,0,0,0,0,0,0,0
470492,1,1,0,0,0,0,0,0,0,0,0,0
470492,2,1,0,0,0,0,0,0,0,0,0,0
470493,1,1,0,0,0,0,0,0,0,0,0,0
470493,2,1,0,0,0,0,0,0,0,0,0,0
470493,3,1,0,0,0,0,0,0,0,0,0,0
470493,4,1,0,0,0,0,0,0,0,0,0,0
470494,1,1,0,0,0,0,0,0,0,0,0,0
470494,2,1,0,0,0,0,0,0,0,0,0,0
470495,1,1,0,0,0,0,0,0,0,0,0,0
470496,1,1,2,2,2,2,2,2,2,2,2,2
470497,1,1,0,0,0,0,0,0,0,0,0,0
470498,1,1,0,0,0,0,0,0,0,0,0,0
470498,2,1,0,0,0,0,0,0,0,0,0,0
470498,3,1,0,0,0,0,0,0,0,0,0,0
470498,4,1,0,0,0,0,0,0,0,0,0,0
470499,1,1,0,0,0,0,0,0,0,0,0,0
470499,2,1,0,0,0,0,0,0,0,0,0,0
470500,0,1,0,0,0,0,0,0,0,0,0,0
470500,1,1,0,0,0,0,0,0,0,0,0,0
470501,1,1,0,0,0,0,0,0,0,0,0,0
470502,1,1,0,0,0,0,0,0,0,0,0,0
470503,1,1,0,0,0,0,0,0,0,0,0,0
470504,1,1,22,22,22,22,22,22,22,22,22,22
470505,1,1,21,21,21,21,21,21,21,21,21,21
470506,1,1,12,12,12,12,12,12,12,12,12,12
470507,1,1,0,0,0,0,0,0,0,0,0,0
470508,1,1,0,0,0,0,0,0,0,0,0,0
470508,2,1,0,0,0,0,0,0,0,0,0,0
470508,3,1,0,0,0,0,0,0,0,0,0,0
470509,1,1,14,20,0,12,12,0,5,0,5,21
470510,1,1,17,0,7,8,0,24,0,0,0,0
470511,1,1,10,10,10,10,10,10,10,10,10,10
470511,2,1,0,0,0,0,0,0,0,0,0,0
470512,1,1,0,0,0,0,0,0,0,0,0,0
470512,2,1,0,0,0,0,0,0,0,0,0,0
470513,1,1,0,0,0,0,0,0,0,0,0,0
470513,2,1,0,0,0,0,0,0,0,0,0,11
470514,1,1,13,0,23,0,15,0,0,29,0,0
470515,1,1,2,2,2,2,2,2,2,2,2,2
470515,2,1,0,0,0,0,20,14,0,0,0,0
470516,1,1,0,0,0,0,0,0,0,0,0,0
470516,2,1,0,0,0,9,16,15,0,3,0,0
470517,1,1,18,18,18,18,18,18,18,18,18,18
470517,2,1,0,0,10,29,0,8,0,24,0,0
470518,1,1,0,0,0,0,0,0,0,0,0,0
470518,2,1,0,0,0,0,0,0,0,0,0,0
470519,1,1,0,0,0,11,8,0,10,0,0,0
470520,1,1,0,0,0,0,0,0,0,0,0,0
470521,1,1,0,0,0,0,0,0,0,0,0,0
470521,2,1,0,0,0,15,15,5,21,0,0,18
470522,1,1,11,11,11,11,11,11,11,11,11,11
470522,2,1,0,0,0,0,0,0,0,0,0,0
470523,0,1,20,0,25,16,17,0,0,25,0,20
470523,1,1,16,0,0,0,10,3,0,0,0,0
470524,1,1,25,9,10,11,0,0,7,0,0,0
470525,1,1,0,0,0,0,0,0,0,0,0,0
470526,1,1,13,13,13,13,13,13,13,13,13,13
470526,2,1,0,0,0,0,0,12,0,0,9,0
470526,3,1,31,0,0,0,0,0,0,0,0,0
470527,1,1,0,0,0,0,0,0,0,0,0,0
470527,2,1,0,0,0,0,0,0,0,0,0,0
470528,1,1,0,0,0,0,0,0,0,0,0,0
470528,2,1,0,0,0,0,0,0,0,0,0,0
470529,1,1,0,0,0,0,0,0,0,0,0,0
470529,2,1,0,0,0,0,0,0,0,0,0,0
470530,1,1,8,40,17,25,17,30,21,0,14,22
470531,1,1,0,0,0,0,0,0,0,0,0,0
470532,1,1,6,6,6,6,6,6,6,6,6,6
470533,1,1,20,20,20,20,20,20,20,20,20,20
470533,2,1,0,0,0,0,0,0,0,0,0,0
470533,3,1,0,0,0,0,0,0,8,0,0,0
470534,1,1,0,0,0,0,0,0,0,0,0,0
470535,1,1,0,0,0,0,0,0,0,0,0,0
470536,1,1,0,0,0,0,0,0,0,0,0,0
470536,2,1,0,0,0,0,0,0,0,0,0,0
470537,1,1,0,0,0,0,0,0,0,0,0,0
470537,2,1,0,0,0,0,0,0,0,0,0,0
470538,1,1,0,0,0,0,0,0,0,0,0,0
470539,1,1,26,26,26,26,26,26,26,26,26,26
470540,1,1,0,0,0,0,0,0,0,0,0,0
470541,1,1,25,25,25,25,25,25,25,25,25,25
470542,1,1,0,0,0,0,0,0,0,0,0,0
470542,2,1,0,0,0,0,0,0,0,0,0,0
470543,1,1,0,0,0,0,0,0,0,0,0,0
470543,2,1,0,0,0,0,0,0,0,0,0,0
470544,1,1,27,27,27,27,27,27,27,27,27,27
470545,1,1,13,13,13,13,13,13,13,13,13,13
470545,2,1,0,0,0,0,0,0,0,0,0,0
470546,1,1,0,0,0,0,0,0,0,0,0,0
470547,1,1,20,20,20,20,20,20,20,20,20,20
470548,1,1,22,22,22,22,22,22,22,22,22,22
470549,1,1,0,0,0,0,0,0,0,0,0,0
470550,1,1,0,0,0,13,0,9,14,0,0,0
470551,0,1,29,29,29,29,29,29,29,29,29,29
470551,1,1,0,0,0,0,0,0,0,0,0,0
470552,1,1,0,0,0,0,0,0,0,0,0,0
470553,1,1,7,0,0,0,0,0,13,0,21,22
470554,1,1,0,0,0,0,0,0,0,0,0,0
470554,2,1,0,0,0,0,0,18,0,0,0,0
470555,1,1,12,12,12,12,12,12,12,12,12,12
470555,2,1,0,0,0,0,0,0,0,0,0,0
470556,1,1,0,0,0,0,0,0,0,0,0,0
470557,1,1,0,23,17,0,0,0,0,0,0,0
470558,1,1,23,23,23,23,23,23,23,23,23,23
470559,0,1,11,11,11,11,11,11,11,11,11,11
470559,1,1,0,0,3,0,23,0,0,0,0,0
470560,1,1,20,20,20,20,20,20,20,20,20,20
470561,1,1,21,21,21,21,21,21,21,21,21,21
470562,1,1,0,0,0,0,0,0,0,0,0,0
470563,1,1,17,17,17,17,17,17,17,17,17,17
470563,2,1,0,0,0,0,0,0,0,0,0,0
470564,1,1,20,20,20,20,20,20,20,20,20,20
470565,1,1,0,0,0,0,0,0,0,0,0,0
470565,2,1,0,0,0,0,0,0,0,0,0,0
470566,1,1,27,27,27,27,27,27,27,27,27,27
470566,2,1,0,0,0,0,0,0,0,0,0,0
470567,1,1,0,0,0,0,0,0,0,0,0,0
470567,2,1,0,0,0,0,0,0,0,0,0,0
470568,1,1,0,0,0,0,0,0,0,0,0,0
470568,2,1,0,0,0,0,0,0,0,0,19,0
470569,1,1,17,17,17,17,17,17,17,17,17,17
470570,1,1,0,0,0,0,0,0,0,0,0,0
470571,1,1,0,0,0,0,0,0,0,0,0,0
470572,1,1,0,0,0,0,0,0,0,0,0,0
470572,2,1,0,0,0,0,0,0,0,0,0,0
470573,1,1,0,0,0,0,0,0,0,0,0,0
470573,2,1,2,2,2,2,2,2,2,2,2,2
470574,1,1,11,11,11,11,11,11,11,11,11,11
470575,1,1,15,15,15,15,15,15,15,15,15,15
470576,1,1,8,8,8,8,8,8,8,8,8,8
470577,1,1,0,0,0,0,0,0,0,0,0,0
470577,2,1,0,0,0,0,0,0,0,0,0,0
470578,1,1,21,21,21,21,21,21,21,21,21,21
470579,1,1,0,0,0,0,0,0,0,0,0,0
470579,2,1,0,0,0,15,0,0,0,0,0,0
470580,1,1,15,15,15,15,15,15,15,15,15,15
470580,2,1,0,0,0,5,0,0,0,0,0,0
470582,1,1,0,0,0,0,0,0,0,0,0,0
470582,2,1,0,0,0,0,0,0,0,0,0,0
470583,1,1,0,0,0,0,0,0,0,0,0,0
470583,2,1,0,0,0,0,0,0,0,0,0,0
470584,1,1,0,0,0,0,0,0,0,0,0,0
470584,2,1,0,0,0,0,0,0,0,0,0,0
470585,1,1,0,0,0,0,0,0,0,0,0,0
470586,1,1,0,0,25,0,0,0,0,0,0,0
470587,1,1,0,0,0,0,0,0,0,0,0,0
470588,1,1,21,21,21,21,21,21,21,21,21,21
470589,1,1,0,0,0,0,0,0,0,0,0,0
470590,1,1,0,0,0,0,0,0,0,0,0,0
470591,1,1,0,0,0,0,0,0,0,0,0,0
470591,2,1,0,0,0,0,0,0,0,0,0,0
470592,1,1,0,0,0,0,0,0,0,0,0,0
470593,1,1,19,19,19,19,19,19,19,19,19,19
470594,1,1,12,12,12,12,12,12,12,12,12,12
470595,0,1,7,25,0,0,21,16,17,10,9,31
470595,1,1,19,0,0,17,0,0,0,0,27,0
470596,1,1,0,0,0,0,0,0,0,0,0,0
470598,1,1,0,0,0,0,0,0,0,0,0,0
470600,1,1,0,0,0,0,0,0,0,0,0,0
470601,1,1,0,0,0,0,0,0,0,0,0,0
470602,1,1,0,0,0,0,0,0,0,0,0,0
470603,1,1,0,0,0,0,0,0,0,0,0,0
470603,2,1,0,0,0,0,0,0,0,0,0,0
470604,1,1,0,0,0,0,0,0,0,0,0,0
470604,2,1,0,0,0,0,0,0,0,0,0,0
470605,1,1,0,0,0,0,0,0,0,0,0,0
470605,2,1,0,0,0,0,7,11,0,0,0,0
470606,1,1,25,17,18,13,27,14,16,18,16,22
470607,1,1,25,25,25,25,25,25,25,25,25,25
470608,0,1,0,0,0,0,0,0,0,0,0,0
470608,1,1,0,0,0,0,0,0,0,0,0,0
470610,1,1,0,0,0,0,0,0,0,0,0,0
470611,1,1,4,6,24,11,6,5,21,8,13,7
470611,2,1,0,21,0,0,20,0,0,21,20,0
470612,1,1,0,0,0,0,0,0,11,0,0,0
470613,1,1,17,42,35,7,15,18,14,16,11,10
470614,1,1,0,0,0,0,0,0,0,0,0,0
470615,1,1,0,0,0,0,0,0,22,0,0,0
470616,1,1,0,0,0,0,0,0,0,0,0,0
470616,2,1,0,0,0,0,0,0,0,0,0,0
470617,0,1,0,0,0,20,0,36,0,0,0,0
470617,1,1,0,0,0,0,0,3,0,6,0,0
470618,1,1,0,0,0,0,0,0,0,0,0,0
470619,1,1,0,0,0,0,0,0,0,0,0,0
470620,1,1,36,36,36,36,36,36,36,36,36,36
470621,1,1,0,0,0,0,0,0,0,0,0,0
470621,2,1,25,25,25,25,25,25,25,25,25,25
470622,0,1,8,8,8,8,8,8,8,8,8,8
470622,1,1,0,0,0,0,0,0,0,0,0,0
470623,1,1,0,0,0,0,0,0,0,0,0,0
470623,2,1,0,0,0,0,0,0,0,0,0,0
470624,0,1,0,0,0,0,0,0,0,12,0,0
470624,1,1,0,0,0,36,0,0,0,0,0,0
470625,1,1,0,0,0,0,0,0,0,0,0,0
470625,2,1,0,0,0,0,0,0,0,0,0,0
470626,1,1,21,21,21,21,21,21,21,21,21,21
470627,1,1,0,0,0,0,0,0,0,0,0,0
470628,1,1,8,0,0,0,0,16,23,7,11,0
470629,0,1,0,18,0,25,5,0,23,0,19,13
470629,1,1,17,0,0,12,9,21,15,11,15,0
470630,1,1,0,0,0,0,0,0,0,0,0,0
470630,2,1,0,0,0,0,0,0,0,0,0,0
470631,1,2,7,0,13,0,0,0,0,3,0,0
470632,1,1,0,0,0,0,0,0,8,0,0,0
470633,0,1,17,17,17,17,17,17,17,17,17,17
470633,1,1,15,15,15,15,15,15,15,15,15,15
470634,1,1,0,0,0,0,0,0,0,0,0,0
470634,2,1,0,0,0,0,0,0,0,0,0,0
470634,3,1,0,0,0,0,0,0,0,0,0,0
470635,1,1,0,0,0,0,0,0,0,0,0,0
470635,2,1,0,0,0,0,0,0,0,0,0,0
470636,1,1,6,6,6,6,6,6,6,6,6,6
470637,1,1,0,25,10,0,0,0,16,0,19,7
470638,1,1,0,0,0,18,0,0,0,0,6,0
470639,0,1,20,19,31,21,39,21,36,52,8,0
470639,1,1,0,0,0,0,0,0,0,0,0,0
470640,1,1,15,15,15,15,15,15,15,15,15,15
470641,1,1,0,0,0,0,0,0,0,0,0,0
470642,0,1,0,0,0,0,0,0,0,0,0,0
470642,0,2,35,35,35,35,35,35,35,35,35,35
470642,1,1,0,0,0,0,0,0,0,0,0,0
470643,1,1,0,0,0,0,0,0,0,0,0,0
470643,2,1,0,0,0,0,0,0,0,0,0,0
470644,1,1,0,0,0,0,0,0,0,0,0,0
470644,2,1,0,0,0,0,0,0,0,0,0,0
470645,1,1,0,0,0,0,0,0,0,0,0,0
470645,2,1,0,0,0,0,0,0,0,0,0,0
470646,1,1,2,2,2,2,2,2,2,2,2,2
470646,2,1,0,0,0,0,0,0,0,0,0,0
470647,0,1,26,26,26,26,26,26,26,26,26,26
470647,1,1,25,25,25,25,25,25,25,25,25,25
470648,1,1,10,10,10,10,10,10,10,10,10,10
470649,1,1,0,0,0,0,0,0,0,0,0,0
470649,2,1,0,0,0,0,0,0,0,0,0,0
470650,1,1,0,0,0,0,0,0,0,0,0,0
470650,2,1,0,0,0,0,0,0,0,0,0,0
470651,1,1,5,5,5,5,5,5,5,5,5,5
470652,1,1,0,0,0,0,0,0,0,0,0,0
470652,2,1,0,0,0,0,0,0,0,0,0,0
470653,1,1,0,24,0,0,0,0,0,20,0,0
470653,2,1,0,0,0,0,0,0,0,0,0,0
470654,1,1,0,0,0,0,0,0,0,0,0,0
470654,2,1,0,0,0,0,0,0,0,0,0,0
470655,1,1,0,0,14,0,0,0,0,0,0,0
470655,2,1,0,0,0,0,0,0,0,0,0,0
470656,1,1,5,5,5,5,5,5,5,5,5,5
470657,1,1,14,14,14,14,14,14,14,14,14,14
470658,1,1,0,0,0,0,0,0,0,0,0,0
470658,2,1,0,0,0,0,0,0,0,0,0,0
470659,0,1,17,16,0,0,19,0,0,0,13,27
470659,1,1,0,0,0,15,0,0,0,0,0,0
470660,1,1,0,0,0,0,0,0,0,0,0,0
470660,2,1,0,0,0,0,0,0,0,0,0,0
470661,1,1,0,14,15,0,10,21,0,21,19,12
470662,1,1,12,0,0,0,0,0,0,0,0,0
470663,1,1,23,23,23,23,23,23,23,23,23,23
470663,2,1,0,0,0,0,0,0,0,0,0,0
470664,1,1,0,0,0,0,0,0,0,0,0,0
470664,2,1,0,0,0,0,0,0,0,0,0,0
470665,1,1,0,0,11,22,0,31,11,0,0,0
470666,1,1,6,6,6,6,6,6,6,6,6,6
470666,2,1,0,0,0,0,0,0,0,0,0,0
470667,1,1,22,22,22,22,22,22,22,22,22,22
470668,1,1,21,21,21,21,21,21,21,21,21,21
470669,1,1,0,0,0,0,0,0,0,0,0,0
470670,1,1,0,0,24,0,0,0,13,0,0,5
470671,1,1,0,0,0,0,0,0,0,0,0,0
470672,0,1,0,0,0,0,0,0,0,0,0,0
470672,1,1,0,0,0,0,0,0,0,0,0,0
470673,1,1,0,0,0,0,0,0,0,0,0,0
470674,1,1,0,0,0,0,0,0,0,0,0,0
470674,2,1,0,0,0,0,0,0,0,0,0,0
470675,1,1,0,0,0,0,0,0,0,0,0,0
470676,1,1,31,31,31,31,31,31,31,31,31,31
470677,1,1,7,18,17,0,0,0,0,0,0,0
470677,2,1,0,0,0,0,0,0,0,0,0,0
470678,1,1,11,11,11,11,11,11,11,11,11,11
470678,2,1,0,0,0,0,0,0,0,0,0,0
470679,0,1,0,0,0,0,0,0,0,0,0,0
470679,1,1,0,0,0,0,0,0,0,0,0,0
470680,1,1,0,0,0,0,0,0,0,0,0,0
470681,1,1,0,0,0,0,0,0,0,0,0,0
470682,1,1,6,6,6,6,6,6,6,6,6,6
470683,0,1,18,21,0,13,0,0,20,0,0,0
470683,1,1,0,0,0,24,0,0,0,0,0,0
470684,1,1,0,0,0,5,0,13,0,0,0,0
470684,2,1,0,0,0,0,0,0,0,0,0,0
470685,1,1,0,0,0,14,24,16,0,0,0,0
470685,2,1,0,0,25,0,0,0,0,0,0,0
470686,1,1,12,42,9,0,24,0,31,10,0,17
470687,1,1,0,0,0,0,0,0,0,0,0,0
470688,1,1,0,0,9,0,0,0,0,0,0,0
470689,1,1,26,20,22,37,21,30,31,27,24,17
470690,1,1,0,0,0,0,0,0,0,0,0,0
470691,1,1,0,0,0,0,0,0,0,0,0,0
470692,1,1,0,0,0,19,0,0,26,0,0,24
470693,1,1,0,0,0,0,0,0,0,0,0,0
470693,2,1,0,0,0,0,0,0,0,0,0,0
470694,0,1,0,0,0,0,0,0,0,0,0,0
470694,1,1,0,0,0,0,0,0,0,0,0,0
470695,1,1,0,0,0,0,0,0,0,0,0,0
470695,2,1,0,0,0,0,0,0,0,0,0,0
470696,1,1,0,0,0,0,0,0,0,0,0,0
470696,2,1,0,0,0,0,0,0,0,0,0,0
470697,0,1,12,0,29,0,0,22,0,15,0,19
470697,1,1,0,0,0,0,0,0,0,0,0,0
470698,1,1,30,30,30,30,30,30,30,30,30,30
470698,2,1,0,0,0,0,0,0,0,0,0,0
470699,1,1,9,9,9,9,9,9,9,9,9,9
470699,2,1,0,0,0,0,0,0,0,0,0,0
470700,1,1,0,0,0,0,0,0,0,0,0,0
470700,2,1,0,0,0,0,0,0,0,0,0,0
470701,1,1,0,15,0,0,0,0,13,0,0,0
470702,0,1,23,12,0,21,0,28,12,29,0,13
470702,1,1,0,0,0,0,0,0,0,0,0,0
470703,0,1,0,21,33,0,34,0,0,0,0,13
470703,1,1,0,0,0,0,0,0,0,0,15,0
470704,1,1,0,31,0,12,0,6,5,10,0,0
470704,2,1,0,22,0,15,8,9,0,0,0,0
470705,1,1,17,20,27,12,0,34,0,0,0,0
470706,1,1,0,0,0,0,0,0,0,4,0,0
470706,2,1,0,0,0,10,0,0,0,0,0,0
470707,1,1,14,0,22,20,26,15,35,44,14,0
470707,2,1,0,12,0,0,0,0,0,0,0,0
470709,1,1,0,20,29,0,0,0,0,27,7,16
470710,1,1,12,12,12,12,12,12,12,12,12,12
470711,1,1,0,0,0,0,0,0,0,0,0,0
470711,2,1,0,0,0,0,0,0,0,0,0,0
470711,3,1,0,0,0,0,0,0,0,0,0,0
470711,4,1,0,0,0,0,0,0,0,0,0,0
470712,1,1,0,0,0,13,0,0,0,23,12,0
470713,1,1,0,0,0,0,0,0,0,0,0,0
470714,1,1,21,35,15,13,27,16,34,14,17,31
470715,1,1,22,22,22,22,22,22,22,22,22,22
470715,2,1,0,0,0,0,0,0,0,0,0,0
470716,1,1,6,6,6,6,6,6,6,6,6,6
470717,1,1,0,0,8,10,0,9,0,6,7,0
470717,2,1,30,30,30,30,30,30,30,30,30,30
470718,1,1,0,0,0,0,0,0,0,0,0,0
470719,0,1,15,15,15,15,15,15,15,15,15,15
470719,1,1,0,0,0,0,0,0,0,0,0,0
470720,1,1,0,0,0,0,0,0,0,0,0,12
470720,2,1,0,0,0,0,0,0,0,8,0,0
470721,1,1,13,13,13,13,13,13,13,13,13,13
470722,1,1,0,0,0,0,0,0,0,0,0,0
470722,2,1,0,0,0,0,0,0,0,0,0,0
470723,1,1,0,0,0,0,0,0,0,0,0,0
470723,2,1,0,0,0,0,0,0,0,0,0,0
470724,1,1,24,24,24,24,24,24,24,24,24,24
470725,1,1,0,0,0,0,0,0,0,0,0,0
470726,1,1,0,0,0,0,0,0,0,0,0,0
470727,0,1,0,22,0,0,0,10,0,0,0,0
470727,1,1,0,0,0,0,0,0,0,0,0,0
470728,1,1,0,0,0,0,0,0,0,0,0,0
470729,1,1,23,23,23,23,23,23,23,23,23,23
470730,1,1,0,0,0,0,0,0,0,0,0,0
470730,2,1,0,0,0,0,0,0,0,0,0,0
470731,1,1,0,0,0,0,0,0,0,0,0,0
470731,2,1,0,0,0,0,0,0,0,0,0,0
470732,1,1,0,0,0,0,0,0,0,0,0,0
470732,2,1,0,31,0,0,0,0,0,0,0,0
470733,1,1,0,0,0,0,0,0,0,0,0,0
470733,2,1,0,0,0,0,0,0,0,0,0,0
470734,1,1,0,0,0,0,0,0,0,0,0,0
470734,2,1,0,0,0,0,0,0,0,0,0,0
470735,0,1,0,0,0,0,0,0,0,0,0,0
470735,1,1,0,0,0,0,0,0,0,0,0,0
470736,1,1,0,25,0,0,0,0,0,0,0,0
470736,2,1,0,0,0,0,0,0,0,0,0,0
470737,1,1,0,0,0,0,0,17,0,0,0,0
470737,2,1,0,0,0,0,0,0,0,0,0,0
470737,3,1,0,0,5,0,0,0,0,6,0,0
470737,4,1,0,0,0,0,0,0,0,0,0,0
470738,1,1,0,0,0,0,4,0,0,0,0,0
470739,1,1,0,0,0,0,0,0,0,0,0,0
470740,1,1,23,23,23,23,23,23,23,23,23,23
470740,2,1,0,11,19,10,22,0,9,2,0,0
470741,1,1,0,0,0,0,0,0,0,0,0,0
470742,0,1,0,0,0,0,0,0,0,0,0,0
470742,1,1,0,0,0,0,0,0,0,0,0,0
470743,1,1,0,0,0,0,0,0,0,0,0,0
470743,2,1,0,0,0,0,0,0,0,0,0,0
470744,1,1,18,18,18,18,18,18,18,18,18,18
470745,1,1,0,0,0,0,0,0,0,0,0,7
470745,2,1,0,0,0,38,0,0,0,0,0,0
470746,1,1,0,0,0,0,0,0,0,0,0,0
470746,2,1,0,0,0,0,0,0,0,0,0,0
470747,0,1,15,15,15,15,15,15,15,15,15,15
470747,1,1,0,0,0,2,9,0,0,0,0,0
470747,2,1,0,0,0,0,0,0,0,0,0,0
470748,1,1,16,16,16,16,16,16,16,16,16,16
470749,1,1,0,0,0,0,0,0,0,0,0,0
470749,2,1,22,22,22,22,22,22,22,22,22,22
470750,1,1,0,0,0,0,0,0,0,0,0,0
470750,2,1,0,0,0,0,0,0,0,0,0,0
470751,0,1,0,0,0,0,0,0,0,0,0,0
470751,1,1,0,0,0,0,0,0,0,0,0,0
470752,1,1,29,29,29,29,29,29,29,29,29,29
470753,1,1,13,13,13,13,13,13,13,13,13,13
470754,1,1,0,0,0,0,0,0,0,0,0,0
470754,2,1,0,0,0,0,0,0,0,0,0,0
470754,3,1,0,0,0,0,0,0,0,0,0,0
470754,4,1,0,0,0,0,0,0,0,0,0,0
470755,1,1,32,32,32,32,32,32,32,32,32,32
470756,1,1,21,13,19,14,0,0,21,8,0,3
470756,2,1,19,5,41,15,0,21,24,0,20,30
470756,3,1,0,0,0,0,11,0,0,0,0,37
470757,1,1,0,0,0,0,0,0,0,0,0,0
470757,2,1,0,0,0,0,0,0,0,0,0,0
470758,1,1,21,21,21,21,21,21,21,21,21,21
470759,1,1,0,0,0,16,15,0,0,0,18,31
470759,2,1,0,0,0,0,0,0,0,0,0,0
470760,1,1,0,0,0,0,0,0,0,0,0,0
470760,2,1,0,0,0,0,0,0,0,0,0,0
470761,0,1,0,0,0,0,0,0,0,0,0,0
470761,1,1,0,0,0,18,0,0,23,0,0,0
470762,1,1,0,0,0,0,0,0,0,0,0,0
470762,2,1,0,0,0,0,11,0,0,0,0,0
470763,1,1,0,0,0,0,0,0,0,0,0,0
470764,1,1,0,0,0,0,0,0,0,0,0,0
470764,2,1,0,0,0,0,0,0,0,0,0,0
470765,1,1,0,0,0,0,0,0,0,0,0,0
470766,1,1,0,0,0,0,0,0,0,0,0,0
470767,1,1,16,16,16,16,16,16,16,16,16,16
470767,2,1,11,0,0,0,0,12,0,0,0,0
470768,1,1,12,12,12,12,12,12,12,12,12,12
470768,2,1,0,0,0,0,0,0,4,0,0,0
470769,1,1,0,0,0,0,0,0,0,0,0,0
470770,1,1,0,0,0,0,0,0,0,0,0,0
470770,2,1,0,0,0,0,0,0,0,0,0,0
470771,1,1,0,0,0,0,0,0,0,0,0,0
470771,2,1,28,6,0,8,16,15,0,7,0,0
470772,1,1,0,0,0,0,0,0,0,0,0,0
470773,0,1,0,0,0,0,0,0,0,0,0,0
470773,0,2,17,17,17,17,17,17,17,17,17,17
470773,1,1,0,0,0,0,0,0,0,0,0,0
470774,1,1,0,0,0,0,0,0,0,0,0,0
470774,2,1,0,0,0,0,0,0,0,0,0,0
470775,1,1,0,0,0,0,0,0,0,0,0,0
470776,1,1,0,0,0,0,0,0,0,0,0,0
470776,2,1,0,0,0,20,0,0,0,0,0,0
470777,1,1,0,0,0,0,0,0,0,0,0,0
470777,2,1,0,0,0,0,0,0,0,0,0,0
470778,1,1,0,0,0,0,0,0,0,0,0,0
470778,2,1,0,0,0,0,0,0,0,0,0,0
470779,1,1,0,13,0,0,0,0,0,0,11,0
470779,2,1,0,0,16,0,5,0,0,0,0,0
470780,1,1,4,35,0,26,19,0,14,23,0,23
470780,2,1,17,3,23,0,0,10,16,19,0,0
470781,1,1,0,0,0,0,0,0,0,0,0,0
470781,2,1,0,0,0,0,0,0,0,0,0,0
470781,3,1,0,0,0,0,0,0,0,0,0,0
470782,1,1,0,0,0,0,0,0,0,0,0,0
470782,2,1,0,0,0,0,0,0,0,0,0,0
470783,1,1,0,0,0,0,0,0,0,0,0,0
470783,2,1,0,0,0,0,0,0,0,0,0,0
470784,1,1,14,27,35,31,11,26,13,14,8,29
470786,0,1,9,0,35,0,0,0,11,26,0,8
470786,2,1,0,0,0,0,0,0,0,0,0,0
470787,1,1,0,0,0,0,0,0,0,0,0,0
470787,2,1,0,0,0,0,0,0,0,0,0,0
470788,1,1,11,11,11,11,11,11,11,11,11,11
470789,0,1,0,0,0,0,0,0,0,0,0,0
470789,1,1,7,7,7,7,7,7,7,7,7,7