ST_CASE,VEH_NO,PER_NO,P1,P2,P3,P4,P5,P6,P7,P8,P9,P10
481396,1,1,0,0,0,0,0,0,0,0,0,0
481396,2,1,29,0,0,21,0,0,0,0,0,0
481397,0,1,14,0,26,12,0,0,0,39,16,7
481397,1,1,0,21,0,15,0,0,0,0,12,7
481398,1,1,0,0,0,0,0,0,0,0,0,0
481398,2,1,0,0,0,0,0,0,0,0,0,0
481398,3,1,0,0,0,0,0,0,0,0,0,0
481399,1,1,0,0,11,0,0,0,0,0,13,0
481400,1,1,6,6,6,6,6,6,6,6,6,6
481400,2,1,13,17,28,12,0,17,0,12,13,17
481401,0,1,14,14,14,14,14,14,14,14,14,14
481401,1,1,0,0,0,0,20,0,0,0,0,0
481402,0,1,0,0,0,0,0,0,0,0,0,0
481402,1,1,0,0,3,17,0,3,0,0,5,0
481403,1,1,22,22,22,22,22,22,22,22,22,22
481403,2,1,12,0,10,0,23,0,0,0,20,0
481404,1,1,4,0,0,0,0,0,0,0,0,0
481404,2,1,0,0,0,0,0,0,0,0,13,0
481406,1,1,0,0,0,0,0,0,0,0,0,0
481407,0,1,0,0,0,0,0,0,0,0,0,0
481407,1,1,0,0,0,0,0,0,0,0,19,0
481407,2,1,0,0,0,0,0,0,21,0,0,0
481408,1,1,0,0,0,0,0,0,0,0,0,0
481409,1,1,21,21,21,21,21,21,21,21,21,21
481409,2,1,0,0,0,0,0,38,16,0,0,0
481410,1,1,0,0,0,0,0,0,0,0,0,0
481410,2,1,0,0,0,0,19,0,0,0,0,0
481411,1,1,1,1,1,1,1,1,1,1,1,1
481411,2,1,0,0,0,11,0,0,0,20,14,0
481411,3,1,0,0,0,0,0,20,0,0,0,0
481412,1,1,15,15,15,15,15,15,15,15,15,15
481413,1,1,6,6,6,6,6,6,6,6,6,6
481414,1,1,14,14,14,14,14,14,14,14,14,14
481414,2,1,0,0,0,9,0,14,0,0,0,0
481414,3,1,0,19,0,0,0,16,0,0,0,0
481415,1,1,0,0,0,0,0,0,0,0,0,0
481415,2,1,13,13,13,13,13,13,13,13,13,13
481415,3,1,0,0,0,0,0,0,0,0,0,0
481416,0,1,0,0,0,0,0,0,0,0,0,0
481416,0,2,0,0,9,0,24,28,0,0,0,9
481416,1,1,22,22,22,22,22,22,22,22,22,22
481417,1,1,0,0,0,0,0,0,0,0,0,0
481417,2,1,14,6,12,21,17,12,15,10,12,9
481418,1,1,0,0,0,0,0,0,0,13,0,0
481418,2,1,0,0,0,0,0,0,0,25,0,0
481419,1,1,0,0,0,0,0,0,0,0,0,0
481419,2,1,0,0,0,0,0,14,0,31,0,0
481419,3,1,4,0,0,0,0,0,0,0,0,0
481420,0,1,0,0,0,0,0,0,0,0,0,0
481420,1,1,0,0,0,10,0,0,7,0,0,0
481422,1,1,0,0,0,0,0,0,0,0,0,0
481423,1,1,0,0,0,0,0,0,0,0,0,0
481423,2,1,0,0,0,0,0,0,0,0,0,0
481424,1,1,21,21,21,21,21,21,21,21,21,21
481425,1,1,23,22,17,10,20,17,14,26,24,0
481426,1,1,20,0,0,0,0,0,0,0,20,0
481426,2,1,27,0,0,0,0,0,0,0,0,0
481427,1,1,25,25,25,25,25,25,25,25,25,25
481428,0,1,5,5,5,5,5,5,5,5,5,5
481428,1,1,8,8,8,8,8,8,8,8,8,8
481429,1,1,15,15,15,15,15,15,15,15,15,15
481430,1,1,0,0,0,0,0,24,5,0,0,0
481430,2,1,23,13,14,10,0,11,5,6,21,15
481431,1,1,0,9,0,0,0,0,0,0,0,0
481432,1,1,0,0,0,0,0,0,0,0,0,0
481432,2,1,0,0,0,0,0,0,0,0,0,0
481433,1,1,27,27,27,27,27,27,27,27,27,27
481434,0,1,0,0,0,0,0,0,0,18,0,0
481434,1,1,0,0,0,23,0,0,0,0,0,9
481435,1,1,29,29,29,29,29,29,29,29,29,29
481436,1,1,18,18,18,18,18,18,18,18,18,18
481437,1,1,31,31,31,31,31,31,31,31,31,31
481438,1,1,0,0,0,0,0,16,0,0,5,0
481438,2,1,0,0,0,0,0,0,0,0,0,0
481439,1,1,0,0,0,0,0,8,0,12,9,12
481440,1,1,19,19,19,19,19,19,19,19,19,19
481441,1,1,4,4,4,4,4,4,4,4,4,4
481442,1,1,0,0,0,0,0,0,0,0,0,0
481443,1,1,0,0,0,0,0,0,0,0,0,0
481444,1,1,7,7,7,7,7,7,7,7,7,7
481445,0,1,33,33,33,33,33,33,33,33,33,33
481445,1,1,0,0,0,0,0,0,0,0,0,0
481446,0,1,0,0,0,0,0,0,0,0,0,0
481446,1,1,0,0,0,0,0,0,0,0,4,8
481447,1,1,3,3,3,3,3,3,3,3,3,3
481448,1,1,12,5,10,9,19,16,22,16,24,0
481449,1,1,0,0,0,0,0,0,0,0,0,0
481450,0,1,16,16,16,16,16,16,16,16,16,16
481450,1,1,0,0,0,27,16,0,0,4,0,0
481451,1,1,0,0,0,14,4,0,4,12,0,0
481451,2,1,0,0,0,0,0,0,0,0,0,0
481452,1,1,0,0,0,0,0,0,0,0,0,0
481453,1,1,0,0,0,0,0,0,0,0,0,0
481453,2,1,0,0,0,0,0,0,0,0,0,0
481454,1,1,0,0,0,0,0,0,0,0,0,0
481455,1,1,46,0,0,15,15,0,0,0,12,0
481455,2,1,0,29,12,8,0,0,0,0,0,0
481456,1,1,23,23,23,23,23,23,23,23,23,23
481457,1,1,15,15,15,15,15,15,15,15,15,15
481457,2,1,22,0,0,0,8,11,0,0,14,10
481458,0,1,17,17,17,17,17,17,17,17,17,17
481458,1,1,0,0,0,10,0,5,0,0,16,0
481458,2,1,16,7,0,0,0,0,0,0,0,0
481458,3,1,0,0,0,15,11,11,8,0,11,0
481458,4,1,26,0,0,7,12,19,4,6,10,9
481458,5,1,0,0,0,9,0,0,0,0,22,16
481458,6,1,11,26,0,5,0,30,0,0,0,0
481459,1,1,0,0,0,0,0,0,0,0,0,0
481459,2,1,0,0,0,0,0,0,0,0,0,0
481460,1,1,0,0,6,0,19,0,24,0,0,0
481460,2,1,0,0,0,0,0,0,0,0,0,11
481461,1,1,5,5,5,5,5,5,5,5,5,5
481462,1,1,0,0,0,0,0,0,0,0,0,0
481462,2,1,14,5,0,0,0,0,0,0,18,16
481463,1,1,14,14,14,14,14,14,14,14,14,14
481464,1,1,0,0,0,0,0,0,0,0,0,0
481464,2,1,0,0,0,0,0,0,0,0,0,0
481465,1,1,0,0,0,0,0,0,0,0,21,29
481465,2,1,0,0,0,0,19,0,0,0,0,0
481466,1,1,19,19,19,19,19,19,19,19,19,19
481467,1,1,6,0,0,0,12,0,0,27,8,25
481468,0,1,0,0,0,0,0,0,0,0,0,0
481468,1,1,9,9,9,9,9,9,9,9,9,9
481468,2,1,0,0,0,0,17,25,0,9,0,9
481469,1,1,15,15,15,15,15,15,15,15,15,15
481469,2,1,18,18,18,18,18,18,18,18,18,18
481470,1,1,0,0,0,0,0,0,0,0,0,0
481470,2,1,0,22,0,0,0,0,12,0,0,0
481471,1,1,0,0,0,0,0,0,0,17,0,0
481471,2,1,17,0,0,9,0,0,0,0,0,0
481472,3,1,0,0,0,0,0,0,0,0,0,0
481473,1,1,0,0,0,0,0,0,0,0,0,0
481473,2,1,0,0,0,0,0,0,0,0,0,0
481474,1,1,0,0,0,0,0,0,0,0,0,0
481475,1,1,7,7,7,7,7,7,7,7,7,7
481475,2,1,0,0,0,0,0,0,0,0,0,0
481476,1,1,0,0,0,0,0,0,15,10,0,0
481476,2,1,0,0,0,0,0,0,0,0,0,0
481476,3,1,0,0,0,0,0,0,0,0,0,0
481476,4,1,0,0,0,0,0,0,0,0,0,0
481476,5,1,0,0,0,0,4,0,0,0,0,0
481477,1,1,0,0,0,0,0,0,0,0,0,0
481477,2,1,0,0,0,0,0,0,0,0,0,0
481478,1,1,18,18,18,18,18,18,18,18,18,18
481479,0,1,18,18,18,18,18,18,18,18,18,18
481479,1,1,9,9,9,9,9,9,9,9,9,9
481480,0,1,0,16,13,16,18,20,0,12,0,0
481480,1,1,0,0,0,0,23,7,0,0,0,0
481481,1,1,0,0,0,0,0,0,0,0,0,0
481481,2,1,0,0,0,0,0,0,0,0,0,0
481481,3,1,17,15,18,9,0,9,0,0,18,0
481482,1,1,40,21,0,15,23,27,0,43,18,25
481483,1,1,0,0,0,0,0,0,0,0,0,0
481484,1,1,0,0,0,0,0,0,0,0,0,0
481484,2,1,0,0,0,0,0,0,0,0,0,0
481485,1,1,0,0,0,0,0,46,21,0,0,0
481486,0,1,19,19,19,19,19,19,19,19,19,19
481486,2,1,24,0,17,0,0,0,21,20,0,14
481487,0,1,0,0,0,0,0,0,0,0,0,0
481487,1,1,0,0,0,0,0,0,0,0,0,0
481488,1,1,16,16,16,16,16,16,16,16,16,16
481489,1,1,13,13,13,13,13,13,13,13,13,13
481490,0,1,0,0,0,0,0,0,0,0,0,0
481490,0,2,0,0,0,0,0,0,0,0,8,0
481490,1,1,0,0,0,0,5,14,0,0,19,0
481491,1,1,13,13,13,13,13,13,13,13,13,13
481492,0,1,23,23,23,23,23,23,23,23,23,23
481492,1,1,20,20,20,20,20,20,20,20,20,20
481493,1,1,0,0,0,0,0,30,0,0,0,0
481493,2,1,0,0,0,0,0,0,0,0,0,0
481493,3,1,32,11,15,0,0,0,6,0,0,0
481494,1,1,27,27,27,27,27,27,27,27,27,27
481495,0,1,0,12,0,0,0,20,31,26,0,18
481495,1,1,0,10,19,14,18,12,0,0,0,0
481496,1,1,0,0,0,0,0,0,0,0,0,0
481497,0,1,14,14,14,14,14,14,14,14,14,14
481497,1,1,16,0,13,29,22,9,0,14,0,50
481498,0,1,15,15,15,15,15,15,15,15,15,15
481498,1,1,22,0,0,8,16,0,14,13,0,0
481499,1,1,3,3,3,3,3,3,3,3,3,3
481500,1,1,0,0,0,15,0,0,0,0,0,0
481501,1,1,0,0,0,0,0,0,0,0,0,0
481501,2,1,0,0,0,0,0,0,0,14,0,0
481502,1,1,0,0,0,0,0,0,0,0,0,0
481502,2,1,22,22,22,22,22,22,22,22,22,22
481503,1,1,22,22,22,22,22,22,22,22,22,22
481504,1,1,22,22,22,22,22,22,22,22,22,22
481504,2,1,0,0,0,0,7,11,0,0,0,0
481504,3,1,29,28,16,0,4,20,19,9,0,16
481505,0,1,13,13,13,13,13,13,13,13,13,13
481505,1,1,0,0,0,7,0,0,0,0,0,0
481506,1,1,0,0,0,0,0,0,0,0,0,0
481506,2,1,0,0,0,0,0,0,0,0,0,0
481507,1,1,0,0,0,0,0,0,0,0,0,0
481508,1,1,0,0,0,0,0,7,0,0,0,0
481508,2,1,3,3,3,3,3,3,3,3,3,3
481509,1,1,0,0,0,0,0,0,0,0,0,0
481509,2,1,13,13,13,13,13,13,13,13,13,13
481510,1,1,11,11,11,11,11,11,11,11,11,11
481511,1,1,0,0,0,0,0,0,0,0,0,0
481512,1,1,0,0,0,0,0,0,0,0,0,0
481512,2,1,0,0,0,0,0,0,0,0,0,0
481513,1,1,15,15,15,15,15,15,15,15,15,15
481514,0,1,0,0,0,0,0,0,0,0,0,0
481514,1,1,0,0,0,0,0,0,13,0,0,0
481515,1,1,18,18,18,18,18,18,18,18,18,18
481516,1,1,0,0,0,0,0,0,0,0,0,0
481516,2,1,0,0,0,0,0,0,0,0,0,0
481517,1,1,0,0,0,0,0,0,0,0,0,0
481518,1,1,1,1,1,1,1,1,1,1,1,1
481519,1,1,15,15,15,15,15,15,15,15,15,15
481519,2,1,10,12,28,13,17,3,8,0,0,18
481520,1,1,0,0,0,0,0,0,0,0,0,8
481521,1,1,9,17,0,0,0,0,0,0,0,8
481522,1,1,0,0,0,0,0,0,0,0,0,0
481523,1,1,0,0,0,0,0,0,0,0,0,0
481524,1,1,0,27,0,20,9,23,13,0,0,0
481525,1,1,0,0,0,0,0,0,0,0,0,0
481527,1,1,12,12,12,12,12,12,12,12,12,12
481528,1,1,23,0,0,0,0,0,23,0,0,0
481529,1,1,17,17,17,17,17,17,17,17,17,17
481530,0,1,35,35,35,35,35,35,35,35,35,35
481530,1,1,13,20,0,16,0,19,0,0,24,12
481531,1,1,1,1,1,1,1,1,1,1,1,1
481531,2,1,0,0,0,0,0,0,0,0,0,0
481532,1,1,27,27,27,27,27,27,27,27,27,27
481532,2,1,7,7,7,7,7,7,7,7,7,7
481533,1,1,0,0,0,0,0,0,0,0,0,0
481533,2,1,0,0,0,0,0,0,14,0,0,0
481534,1,1,15,15,15,15,15,15,15,15,15,15
481534,2,1,0,0,0,0,0,0,0,0,0,0
481534,3,1,0,0,0,0,0,0,0,0,0,0
481535,1,1,10,10,10,10,10,10,10,10,10,10
481535,2,1,0,0,15,0,0,0,0,0,0,0
481536,1,1,0,0,0,0,0,0,0,0,0,0
481536,2,1,0,0,0,0,0,0,0,0,9,0
481537,1,1,39,25,20,42,12,29,20,21,25,20
481538,0,1,0,0,0,7,0,0,21,0,0,0
481538,0,2,13,13,13,13,13,13,13,13,13,13
481538,1,1,0,0,28,11,26,0,0,0,0,16
481539,1,1,23,44,21,0,11,31,7,18,22,16
481540,1,1,0,0,17,23,0,0,12,5,15,0
481541,1,1,11,11,11,11,11,11,11,11,11,11
481542,1,1,0,0,0,0,0,0,0,0,0,0
481542,2,1,0,25,11,0,0,13,0,0,0,14
481543,1,1,0,0,0,0,0,0,0,0,0,0
481543,2,1,0,0,0,0,0,0,0,0,0,0
481544,1,1,17,17,17,17,17,17,17,17,17,17
481545,1,1,0,17,0,0,0,0,0,0,0,5
481545,2,1,0,0,0,0,0,15,0,0,0,0
481545,3,1,1,1,1,1,1,1,1,1,1,1
481546,1,1,20,20,20,20,20,20,20,20,20,20
481547,1,1,14,14,14,14,14,14,14,14,14,14
481547,2,1,0,14,0,0,0,0,0,0,0,0
481548,1,1,0,0,0,0,0,0,0,0,0,0
481548,2,1,17,17,17,17,17,17,17,17,17,17
481549,1,1,0,10,0,0,0,0,25,0,0,0
481549,2,1,0,0,16,5,0,15,0,0,0,0
481550,1,1,0,0,0,0,0,0,0,0,0,0
481550,2,1,0,0,0,0,0,0,0,0,0,0
481551,1,1,0,0,0,0,0,0,0,0,0,0
481552,1,1,0,0,0,0,0,0,0,0,0,0
481553,1,1,23,23,23,23,23,23,23,23,23,23
481554,1,1,26,26,26,26,26,26,26,26,26,26
481554,2,1,0,0,0,0,0,0,0,12,0,26
481554,3,1,0,0,0,0,0,0,0,0,23,0
481555,1,1,23,14,9,0,0,0,0,8,0,9
481555,2,1,0,0,0,0,0,0,0,0,0,0
481556,1,1,0,0,0,0,0,0,0,0,0,0
481556,2,1,0,0,0,0,0,0,0,0,0,0
481557,1,1,0,0,0,0,0,0,0,0,0,0
481559,1,1,1,1,1,1,1,1,1,1,1,1
481559,2,1,0,0,0,0,0,0,0,0,0,0
481560,1,1,0,0,0,0,0,0,0,0,0,0
481561,1,1,0,0,0,0,0,0,0,0,0,0
481561,2,1,24,0,0,0,0,0,0,0,0,0
481562,1,1,16,17,0,15,0,0,36,12,0,13
481562,2,1,0,0,0,0,0,0,0,0,0,0
481563,0,1,26,26,26,26,26,26,26,26,26,26
481563,1,1,0,0,0,0,0,0,0,0,0,0
481564,1,1,22,22,22,22,22,22,22,22,22,22
481565,0,1,17,17,17,17,17,17,17,17,17,17
481565,1,1,4,8,12,5,0,0,25,0,19,0
481566,1,1,10,10,10,10,10,10,10,10,10,10
481566,2,1,8,0,0,10,16,0,0,14,14,27
481567,1,1,0,0,0,0,0,0,0,0,0,22
481567,2,1,0,0,0,0,0,0,0,0,6,0
481567,3,1,0,0,13,0,14,0,0,0,0,0
481568,1,1,0,0,13,0,0,0,0,0,0,0
481569,1,1,18,15,0,16,20,0,22,11,0,11
481570,1,1,48,48,48,48,48,48,48,48,48,48
481571,1,1,0,0,0,0,0,0,0,0,14,0
481572,1,1,0,0,0,0,0,21,0,0,0,0
481572,2,1,0,0,0,0,0,0,0,0,0,0
481573,1,1,0,0,0,0,0,0,0,0,0,12
481574,1,1,0,0,0,9,20,16,13,0,0,0
481574,2,1,0,14,0,0,37,0,0,0,0,0
481575,1,1,0,0,0,0,0,0,0,0,0,0
481576,1,1,23,23,23,23,23,23,23,23,23,23
481576,2,1,20,20,20,20,20,20,20,20,20,20
481577,1,1,0,0,0,0,0,0,0,0,0,0
481577,2,1,0,0,0,0,0,0,0,0,15,0
481578,1,1,0,9,0,0,0,15,0,0,0,0
481579,1,1,0,0,11,0,0,0,0,0,0,0
481579,2,1,0,0,0,0,0,0,0,0,0,0
481580,1,1,9,0,0,0,17,0,14,0,0,0
481580,2,1,0,0,0,0,0,0,0,0,0,0
481581,1,1,12,29,0,0,17,26,27,0,0,28
481582,1,1,0,0,0,0,0,0,0,0,0,0
481583,0,1,0,0,0,0,0,0,0,0,0,0
481583,1,1,13,0,0,0,0,0,15,10,0,4
481584,1,1,0,0,0,0,0,0,0,0,0,0
481584,2,1,0,0,0,0,0,0,0,0,0,0
481585,1,1,0,0,0,0,0,0,0,0,0,0
481586,1,1,10,10,10,10,10,10,10,10,10,10
481587,1,1,0,0,0,0,0,0,0,0,0,0
481587,2,1,0,0,0,0,0,0,0,0,0,0
481588,1,1,0,0,0,0,0,0,0,0,0,0
481588,2,1,0,0,0,0,0,0,0,0,0,0
481588,3,1,13,0,17,0,0,30,0,28,36,0
481589,1,1,0,13,0,0,0,0,0,22,0,8
481590,1,1,0,0,0,0,0,0,0,0,0,0
481590,2,1,0,0,0,0,0,0,0,0,0,0
481591,1,1,0,0,0,0,0,0,0,0,0,0
481592,0,1,0,0,0,0,0,0,0,0,0,0
481592,1,1,0,0,15,0,0,17,0,12,12,0
481593,1,1,0,0,0,0,0,0,0,0,0,0
481594,1,1,10,0,0,43,0,0,0,0,21,0
481594,2,1,0,0,0,0,0,0,0,0,0,0
481595,1,1,0,0,0,0,0,0,0,0,0,0
481595,2,1,0,0,8,0,0,0,0,0,0,0
481595,3,1,15,8,17,0,0,0,0,0,0,0
481596,1,1,0,0,0,0,0,0,0,0,0,0
481597,1,1,22,22,22,22,22,22,22,22,22,22
481597,2,1,37,37,37,37,37,37,37,37,37,37
481597,3,1,0,0,0,0,0,0,0,0,0,0
481597,4,1,19,0,0,6,0,21,0,0,0,0
481598,1,1,13,13,13,13,13,13,13,13,13,13
481599,0,1,0,0,0,0,0,0,0,0,0,0
481599,1,1,0,0,0,0,0,0,0,0,0,0
481600,1,1,23,23,23,23,23,23,23,23,23,23
481601,1,1,0,0,0,0,0,0,0,0,0,0
481601,2,1,0,0,0,0,0,0,0,0,0,0
481601,3,1,0,0,0,0,0,0,0,0,0,0
481603,1,1,0,0,0,0,0,0,0,0,0,0
481603,2,1,0,0,0,0,0,0,0,11,0,0
481604,1,1,17,0,0,22,0,0,0,0,11,22
481604,2,1,7,7,7,7,7,7,7,7,7,7
481605,1,1,0,0,0,0,0,0,0,0,0,0
481605,2,1,0,0,0,0,0,0,0,0,0,0
481606,1,1,12,27,14,18,16,14,6,18,29,3
481607,1,1,20,18,12,8,30,20,1,21,12,7
481607,2,1,0,0,0,0,0,0,0,0,0,0
481608,1,1,19,19,19,19,19,19,19,19,19,19
481609,1,1,0,0,0,0,0,0,0,0,0,0
481611,1,1,0,0,31,0,0,5,0,0,23,0
481611,2,1,9,9,9,9,9,9,9,9,9,9
481612,1,1,0,0,0,0,19,0,0,0,0,0
481612,2,1,0,0,0,0,0,0,0,0,0,0
481613,1,1,0,0,0,0,0,0,0,0,0,0
481613,2,1,0,0,0,0,0,0,0,0,0,0
481614,0,1,26,26,26,26,26,26,26,26,26,26
481614,1,1,0,0,0,0,0,0,0,0,0,0
481615,1,1,17,17,17,17,17,17,17,17,17,17
481616,1,1,11,0,0,0,4,0,0,0,0,0
481617,0,1,0,28,0,0,0,0,0,0,0,0
481617,1,1,0,34,0,0,0,0,0,0,0,0
481618,1,1,20,20,20,20,20,20,20,20,20,20
481619,1,1,0,0,6,7,0,0,9,8,0,0
481619,2,1,0,0,0,10,10,0,12,0,0,0
481620,1,1,7,7,7,7,7,7,7,7,7,7
481621,1,1,0,0,0,0,0,0,0,0,0,0
481621,2,1,13,0,0,0,0,0,0,0,0,0
481622,0,1,8,8,8,8,8,8,8,8,8,8
481622,1,1,32,17,9,25,14,11,4,19,30,23
481622,2,1,0,0,0,0,0,9,0,0,0,0
481623,1,1,0,0,0,0,0,0,0,0,0,0
481623,2,1,0,0,0,0,0,0,0,0,0,0
481624,1,1,0,0,15,0,0,0,0,19,0,0
481624,2,1,0,0,0,7,0,0,19,0,0,0
481625,1,1,0,19,5,0,0,0,0,0,14,14
481625,2,1,21,0,20,0,11,16,0,0,0,0
481626,1,1,0,0,4,0,0,0,0,0,0,0
481627,1,1,10,7,10,6,9,6,15,12,3,16
481628,1,1,0,32,16,12,0,23,10,0,0,6
481629,1,1,11,11,11,11,11,11,11,11,11,11
481629,2,1,0,0,0,0,0,0,0,0,0,0
481630,0,1,0,0,0,0,0,0,0,0,0,0
481630,1,1,10,19,14,0,10,0,22,17,11,0
481631,1,1,0,0,0,0,0,0,0,0,0,0
481631,2,1,0,0,0,0,0,0,0,0,0,0
481632,1,1,24,24,24,24,24,24,24,24,24,24
481633,1,1,33,9,0,21,0,0,13,11,0,0
481634,1,1,0,0,0,0,0,0,0,0,0,0
481635,1,1,0,0,0,0,0,0,0,0,0,0
481635,2,1,0,0,21,0,15,0,27,0,0,0
481636,1,1,0,0,0,0,0,0,0,0,0,0
481636,2,1,0,0,0,0,0,0,0,18,0,0
481637,1,1,19,0,0,12,0,0,0,0,0,0
481638,1,1,4,4,4,4,4,4,4,4,4,4
481638,2,1,0,14,0,0,0,0,0,0,0,0
481639,1,1,0,0,20,0,0,12,0,20,0,14
481639,2,1,0,0,0,0,0,0,0,0,0,0
481640,1,1,24,24,24,24,24,24,24,24,24,24
481640,2,1,15,15,15,15,15,15,15,15,15,15
481641,1,1,25,25,25,25,25,25,25,25,25,25
481642,1,1,17,17,17,17,17,17,17,17,17,17
481643,1,1,0,0,0,0,0,0,5,0,4,0
481644,1,1,13,13,13,13,13,13,13,13,13,13
481645,1,1,0,0,0,29,0,0,7,0,0,0
481645,2,1,0,0,5,0,0,0,0,0,0,0
481646,1,1,0,0,0,0,0,0,0,0,0,0
481646,2,1,0,0,0,0,0,0,0,0,0,0
481647,0,1,0,0,0,0,0,0,0,0,0,0
481647,1,1,0,0,0,0,0,0,0,0,0,0
481647,2,1,0,0,0,0,0,0,0,0,0,0
481648,1,1,0,0,0,0,0,0,0,0,0,0
481648,2,1,0,0,0,0,0,0,0,0,0,0
481649,1,1,12,12,12,12,12,12,12,12,12,12
481650,1,1,0,0,0,0,0,0,18,23,0,13
481651,1,1,0,0,0,18,11,9,22,0,12,0
481651,2,1,0,0,30,0,0,11,0,15,0,12
481652,1,1,0,0,0,0,0,0,0,0,0,0
481652,2,1,0,0,0,0,0,0,0,0,0,0
481652,3,1,0,0,0,0,0,0,0,0,0,0
481653,1,1,0,0,0,0,0,0,0,0,0,0
481653,2,1,0,0,0,0,0,0,0,0,0,0
481654,1,1,0,0,16,0,0,24,0,26,0,0
481654,2,1,16,12,0,0,0,0,0,0,0,0
481655,1,1,18,18,18,18,18,18,18,18,18,18
481656,0,1,7,7,7,7,7,7,7,7,7,7
481656,1,1,0,0,0,0,0,0,0,0,0,0
481657,0,1,0,0,18,0,0,0,25,19,0,19
481657,1,1,6,26,14,0,17,15,0,6,0,25
481658,1,1,22,22,22,22,22,22,22,22,22,22
481659,0,1,0,0,0,0,0,0,0,0,0,0
481659,1,1,0,0,0,0,0,0,0,16,0,0
481660,1,1,34,16,35,18,13,13,20,9,20,27
481661,0,1,0,0,0,0,0,0,0,0,0,0
481661,0,2,3,3,3,3,3,3,3,3,3,3
481661,1,1,26,26,26,26,26,26,26,26,26,26
481662,1,1,0,0,0,0,0,0,13,0,0,0
481662,2,1,14,0,0,17,0,0,0,0,0,0
481663,0,1,0,0,0,0,0,0,0,0,0,0
481663,0,2,0,0,0,0,0,9,0,18,13,0
481663,1,1,0,0,0,0,0,0,0,0,0,0
481664,1,1,21,21,21,21,21,21,21,21,21,21
481665,1,1,0,0,0,0,0,0,0,0,0,0
481665,2,1,16,16,16,16,16,16,16,16,16,16
481666,1,1,17,13,0,26,0,23,0,0,8,6
481666,2,1,0,0,0,0,0,0,0,0,0,0
481666,3,1,17,13,21,7,10,5,27,10,13,4
481666,4,1,0,0,14,0,0,27,17,9,0,0
481666,5,1,0,18,15,19,19,29,10,0,19,12
481667,1,1,27,39,9,0,20,29,36,18,29,16
481668,1,1,25,25,25,25,25,25,25,25,25,25
481668,2,1,6,0,0,0,0,0,25,0,0,0
481669,1,1,0,0,0,0,0,0,0,0,0,0
481670,1,1,13,0,0,20,0,11,16,17,0,0
481671,1,1,0,0,0,0,0,0,0,0,0,0
481671,2,1,0,0,0,0,0,0,0,0,0,0
481672,1,1,0,0,0,0,0,0,0,0,0,0
481672,2,1,0,0,0,0,0,0,0,0,0,0
481673,1,1,0,0,0,0,0,0,0,0,0,0
481673,2,1,0,0,0,0,31,0,0,0,0,14
481674,1,1,0,0,0,0,0,0,0,0,0,0
481674,2,1,0,0,0,0,0,0,0,0,0,0
481675,1,1,29,29,29,29,29,29,29,29,29,29
481676,1,1,0,0,0,0,0,0,0,0,0,0
481677,1,1,0,0,0,0,0,2,0,0,0,9
481677,2,1,0,0,0,0,0,0,0,0,0,0
481678,0,1,0,0,0,0,0,0,0,0,0,0
481678,1,1,0,0,0,0,0,0,0,0,0,0
481679,1,1,25,0,0,0,0,0,15,0,0,0
481679,2,1,0,0,0,0,0,0,0,0,0,0
481680,1,1,28,28,28,28,28,28,28,28,28,28
481680,2,1,0,0,0,0,0,0,0,0,0,0
481681,0,1,14,20,39,3,0,0,21,14,0,0
481681,1,1,0,0,0,0,0,17,0,0,0,16
481682,0,1,0,0,0,0,0,0,0,0,0,0
481682,1,1,0,0,0,0,0,0,0,0,17,23
481683,1,1,15,15,15,15,15,15,15,15,15,15
481684,1,1,0,0,0,0,0,0,0,0,0,0
481684,2,1,0,0,0,0,0,0,0,0,0,0
481685,1,1,13,13,13,13,13,13,13,13,13,13
481686,0,1,0,0,0,0,0,0,0,0,0,0
481686,1,1,0,0,0,0,0,0,0,0,0,0
481687,1,1,0,0,0,14,0,0,9,35,18,0
481687,2,1,0,11,0,0,8,19,0,3,0,0
481688,0,1,22,22,22,22,22,22,22,22,22,22
481688,1,1,17,10,0,4,0,0,0,19,0,18
481689,0,1,24,24,24,24,24,24,24,24,24,24
481689,1,1,0,0,0,9,0,0,0,0,0,0
481690,1,1,0,0,0,0,0,0,0,0,0,0
481690,2,1,31,14,0,0,0,0,0,0,0,11
481690,3,1,0,0,0,3,0,0,0,0,0,0
481691,1,1,13,13,13,13,13,13,13,13,13,13
481692,1,1,0,0,0,0,0,0,0,0,0,0