ST_CASE,VEH_NO,PER_NO,P1,P2,P3,P4,P5,P6,P7,P8,P9,P10
481693,1,1,14,14,14,14,14,14,14,14,14,14
481694,1,1,0,0,0,0,0,0,0,0,0,0
481694,2,1,0,0,0,16,0,0,0,0,0,0
481695,0,1,0,0,0,0,14,0,0,0,0,0
481695,1,1,0,0,0,0,0,0,0,0,0,0
481696,0,1,21,18,4,13,18,30,0,0,0,13
481696,1,1,0,9,31,0,12,0,0,0,10,11
481697,1,1,19,23,0,0,10,11,0,0,0,0
481697,2,1,0,0,0,0,0,0,0,0,0,0
481698,1,1,0,0,0,0,0,0,0,0,0,0
481698,2,1,0,0,0,0,0,0,0,0,0,0
481699,0,1,0,0,0,0,0,0,0,0,0,0
481699,2,1,9,0,0,31,0,15,29,15,0,0
481699,3,1,17,0,13,13,0,0,0,33,20,0
481700,1,1,19,19,19,19,19,19,19,19,19,19
481700,2,1,0,0,0,0,0,4,0,0,0,0
481701,1,1,16,16,16,16,16,16,16,16,16,16
481702,1,1,0,0,0,0,0,0,0,0,0,0
481703,1,1,0,0,0,0,0,0,0,0,0,0
481704,1,1,0,0,0,0,0,0,0,0,0,0
481705,0,1,0,0,0,0,11,0,0,6,0,7
481705,0,2,0,0,0,0,0,0,0,0,0,0
481705,0,3,11,10,11,3,0,0,9,6,0,20
481705,0,4,0,32,0,18,6,0,9,0,0,0
481705,1,1,13,13,13,13,13,13,13,13,13,13
481706,1,1,9,16,0,19,0,17,0,0,0,0
481707,0,1,0,0,0,0,0,0,0,0,0,0
481707,1,1,0,0,0,0,0,18,12,0,0,0
481708,1,1,0,29,0,0,21,0,0,0,0,0
481709,1,1,19,19,19,19,19,19,19,19,19,19
481710,1,1,5,13,4,0,13,0,0,8,0,0
481711,1,1,6,6,6,6,6,6,6,6,6,6
481712,1,1,0,0,0,0,0,0,0,0,0,0
481712,2,1,0,0,0,0,0,0,0,0,0,0
481713,1,1,5,12,21,0,28,26,19,21,27,3
481714,1,1,19,19,19,19,19,19,19,19,19,19
481715,1,1,18,18,18,18,18,18,18,18,18,18
481715,2,1,0,0,0,0,0,0,0,0,0,18
481716,1,1,18,7,0,28,0,19,0,0,0,0
481717,1,1,18,18,18,18,18,18,18,18,18,18
481718,0,1,0,0,0,0,0,0,0,0,0,0
481718,1,1,0,0,0,0,0,0,0,0,0,0
481718,2,1,10,8,0,0,0,11,0,0,10,0
481719,1,1,23,39,48,15,0,17,24,26,35,22
481720,1,1,21,21,21,21,21,21,21,21,21,21
481721,1,1,28,28,28,28,28,28,28,28,28,28
481722,0,1,34,37,13,18,27,21,14,22,0,16
481722,1,1,0,0,0,0,0,0,0,0,0,0
481723,1,1,0,0,0,0,0,0,0,0,0,0
481724,1,1,14,0,0,0,0,0,22,0,20,0
481725,1,1,3,3,3,3,3,3,3,3,3,3
481726,1,1,35,35,35,35,35,35,35,35,35,35
481727,1,1,5,5,5,5,5,5,5,5,5,5
481728,1,1,0,0,0,0,9,0,0,5,0,0
481728,2,1,0,0,0,0,0,8,0,0,0,0
481729,1,1,0,0,4,0,0,0,0,0,0,6
481730,0,1,0,0,0,0,0,0,0,0,0,0
481730,1,1,0,0,0,0,0,0,0,0,0,0
481731,1,1,24,24,24,24,24,24,24,24,24,24
481732,1,1,14,10,0,14,0,0,0,0,0,0
481733,1,1,0,0,0,0,0,0,0,0,0,0
481734,1,1,0,0,0,0,0,0,0,0,14,0
481734,2,1,0,0,0,0,0,0,0,0,0,0
481735,1,1,0,0,0,0,0,0,0,0,0,0
481736,1,1,15,15,15,15,15,15,15,15,15,15
481737,0,1,0,0,0,0,0,0,0,0,0,0
481737,1,1,0,0,0,0,0,0,17,0,22,0
481738,1,1,0,0,0,0,0,0,0,0,0,0
481738,2,1,19,30,0,27,47,0,0,0,0,0
481738,3,1,10,0,0,0,0,0,18,0,0,0
481738,4,1,0,0,0,0,34,0,0,0,0,0
481739,1,1,0,26,0,0,0,0,16,0,8,0
481739,2,1,23,23,23,23,23,23,23,23,23,23
481740,1,1,0,0,0,0,0,0,0,0,0,0
481740,2,1,0,0,0,0,0,0,0,0,0,0
481741,1,1,31,31,31,31,31,31,31,31,31,31
481742,0,1,0,0,0,0,0,0,0,0,0,0
481742,1,1,0,0,0,0,0,0,0,0,0,0
481743,1,1,0,0,22,0,0,0,0,0,0,32
481744,1,1,0,0,0,0,0,0,0,0,0,0
481745,1,1,28,28,28,28,28,28,28,28,28,28
481746,1,1,0,0,0,0,0,0,0,0,0,0
481746,2,1,0,0,0,0,0,0,0,0,0,0
481747,1,1,0,24,0,0,0,0,0,0,0,0
481748,1,1,0,0,0,0,0,0,0,0,0,0
481748,2,1,0,0,0,0,0,0,0,0,0,0
481749,1,1,0,0,0,0,0,0,0,0,0,0
481750,1,1,21,21,21,21,21,21,21,21,21,21
481751,1,1,0,0,0,0,0,0,0,0,0,0
481752,1,1,0,0,0,0,0,0,0,0,0,0
481752,2,1,0,10,0,0,0,0,0,0,0,0
481753,1,1,8,8,8,8,8,8,8,8,8,8
481755,1,1,20,20,20,20,20,20,20,20,20,20
481756,1,1,0,0,0,0,0,0,0,0,0,0
481756,2,1,0,0,28,0,19,0,27,0,0,0
481757,1,1,0,0,0,0,0,0,0,0,0,0
481757,2,1,0,0,0,0,0,0,0,0,0,0
481758,1,1,14,14,14,14,14,14,14,14,14,14
481759,1,1,0,0,0,0,0,0,0,0,0,0
481760,1,1,0,0,0,0,0,0,0,0,0,2
481760,2,1,18,18,18,18,18,18,18,18,18,18
481761,0,1,0,0,0,0,0,0,0,0,0,0
481761,1,1,0,41,31,19,0,0,0,0,0,0
481761,2,1,0,0,0,0,0,0,0,0,0,0
481761,3,1,0,0,0,0,0,0,0,0,0,0
481762,1,1,13,18,0,0,0,0,0,0,0,0
481762,2,1,0,0,0,0,0,0,0,0,0,0
481763,1,1,14,9,27,0,0,23,19,0,18,12
481764,1,1,0,0,0,0,0,0,0,0,0,0
481764,2,1,0,0,0,0,0,0,0,0,0,0
481765,1,1,27,27,27,27,27,27,27,27,27,27
481766,1,1,0,0,0,0,0,0,0,0,0,0
481766,2,1,0,0,0,0,0,0,0,0,0,0
481767,1,1,0,0,0,0,0,0,24,0,18,0
481768,1,1,0,0,11,0,3,0,10,0,14,0
481769,1,1,0,0,0,0,0,0,2,0,0,0
481770,0,1,22,28,13,0,9,8,19,0,21,0
481770,1,1,0,0,9,12,12,10,6,25,0,0
481771,1,1,0,0,14,0,0,0,0,0,9,0
481771,2,1,0,28,0,0,0,0,0,0,0,0
481772,1,1,0,0,0,0,0,0,0,0,0,0
481772,2,1,0,0,0,0,0,0,0,0,0,11
481773,1,1,7,0,0,0,0,0,16,23,0,17
481773,2,1,0,18,9,0,15,0,0,13,0,16
481774,1,1,5,5,5,5,5,5,5,5,5,5
481774,2,1,0,0,0,0,0,0,0,0,0,0
481775,1,1,24,24,24,24,24,24,24,24,24,24
481776,0,1,0,0,0,18,0,0,0,0,0,0
481776,1,1,0,12,0,21,26,0,8,0,0,0
481777,1,1,0,0,0,0,0,0,0,0,0,0
481778,1,1,22,23,0,0,0,0,0,0,0,0
481779,0,1,10,0,34,26,0,0,0,10,3,0
481779,1,1,0,0,24,0,0,16,0,0,0,0
481780,1,1,8,8,8,8,8,8,8,8,8,8
481780,2,1,0,26,0,9,7,0,4,0,12,0
481781,1,1,0,0,0,0,0,0,0,0,0,0
481782,1,1,0,0,0,0,0,0,0,0,0,0
481783,1,1,28,0,0,0,0,0,0,0,0,0
481783,2,1,0,0,0,0,0,0,0,0,0,0
481784,1,1,21,21,21,21,21,21,21,21,21,21
481784,2,1,0,34,0,4,4,0,7,0,4,0
481785,1,1,0,0,0,0,0,0,0,0,0,0
481786,1,1,0,0,0,0,0,0,0,0,0,0
481786,2,1,0,0,0,0,0,0,0,0,0,0
481787,1,1,0,0,0,0,0,0,13,0,0,0
481787,2,1,0,0,0,0,0,0,0,0,0,0
481788,1,1,10,19,0,0,20,0,0,7,19,0
481788,2,1,0,0,10,0,10,0,11,11,13,0
481789,1,1,14,14,14,14,14,14,14,14,14,14
481790,1,1,0,0,0,0,0,0,0,0,0,0
481791,1,1,6,6,6,6,6,6,6,6,6,6
481791,2,1,0,0,13,0,0,0,0,0,0,0
481792,1,1,0,0,0,0,0,0,0,0,0,0
481792,2,1,0,0,0,0,0,0,0,0,0,0
481792,3,1,0,0,0,0,0,0,0,0,0,0
481793,1,1,0,2,0,0,0,0,0,0,0,0
481793,2,1,0,0,0,0,0,0,0,0,0,0
481794,1,1,7,7,7,7,7,7,7,7,7,7
481795,1,1,0,0,0,0,0,10,28,8,0,0
481795,2,1,0,19,0,0,7,0,0,11,6,0
481796,1,1,30,30,30,30,30,30,30,30,30,30
481797,1,1,10,0,17,0,20,16,8,10,19,23
481798,1,1,15,0,0,0,0,0,0,0,0,0
481799,1,1,16,16,16,16,16,16,16,16,16,16
481799,2,1,0,0,0,0,0,0,0,0,0,0
481799,3,1,0,0,0,0,0,0,0,0,0,0
481799,4,1,0,0,0,0,0,0,0,0,0,0
481800,1,1,0,0,0,0,0,0,0,0,0,0
481801,1,1,26,26,26,26,26,26,26,26,26,26
481801,2,1,0,17,0,0,0,0,11,0,0,0
481801,3,1,13,0,0,13,0,6,14,0,12,5
481802,1,1,0,0,0,0,0,0,0,0,17,0
481802,2,1,0,18,0,0,35,0,0,0,0,0
481803,1,1,0,0,19,0,0,23,0,0,0,12
481803,2,1,0,0,0,0,0,0,0,0,0,0
481804,1,1,0,0,0,0,0,0,0,0,0,0
481804,2,1,0,0,0,0,0,0,9,0,0,0
481805,1,1,0,0,0,0,0,0,0,0,0,0
481806,1,1,0,0,10,0,8,10,0,0,0,0
481807,1,1,23,23,23,23,23,23,23,23,23,23
481808,1,1,0,0,0,0,0,0,0,0,0,0
481808,2,1,0,0,0,0,0,0,0,0,0,0
481809,1,1,9,0,12,0,11,18,0,14,0,0
481809,2,1,0,0,0,0,0,0,2,0,7,9
481810,1,1,35,0,8,16,13,23,15,0,0,3
481811,0,1,0,0,0,0,17,0,0,0,0,0
481811,1,1,16,0,20,14,0,19,0,0,0,0
481812,1,1,0,0,0,0,0,0,0,0,0,0
481813,1,1,0,0,0,0,0,0,0,0,0,0
481814,1,1,9,9,9,9,9,9,9,9,9,9
481814,2,1,0,0,0,0,0,0,0,0,0,0
481815,1,1,30,14,11,42,40,19,17,27,11,28
481816,1,1,0,0,0,0,0,15,0,0,0,0
481816,2,1,0,0,0,0,0,0,0,5,0,0
481817,1,1,19,19,19,19,19,19,19,19,19,19
481818,1,1,8,8,8,8,8,8,8,8,8,8
481819,1,1,30,0,15,7,0,5,8,0,0,0
481820,1,1,0,0,0,0,0,0,0,13,12,0
481820,2,1,0,0,0,0,0,0,0,0,0,0
481821,1,1,17,17,17,17,17,17,17,17,17,17
481821,2,1,0,0,0,0,0,0,0,0,0,0
481821,3,1,4,25,30,0,24,0,0,19,0,0
481822,0,1,13,13,13,13,13,13,13,13,13,13
481822,1,1,11,11,11,11,11,11,11,11,11,11
481823,1,1,33,33,33,33,33,33,33,33,33,33
481824,0,1,16,16,16,16,16,16,16,16,16,16
481824,0,2,0,36,0,16,21,27,0,14,0,0
481824,2,1,8,16,0,0,18,0,21,27,12,5
481825,1,1,0,0,0,0,0,0,0,0,0,0
481825,2,1,0,0,0,0,0,0,0,0,0,0
481825,3,1,11,0,0,0,16,41,0,8,0,0
481827,0,1,36,36,36,36,36,36,36,36,36,36
481827,1,1,16,0,0,14,9,0,0,0,0,0
481828,1,1,0,0,0,0,0,0,0,0,0,0
481829,0,1,0,0,14,17,0,0,0,0,0,0
481829,1,1,0,0,0,15,0,21,29,0,0,0
481830,1,1,0,0,0,0,0,0,0,0,0,0
481831,1,1,0,0,0,0,0,0,0,0,0,0
481831,2,1,10,10,10,10,10,10,10,10,10,10
481831,3,1,6,0,28,0,22,0,9,20,0,12
481832,1,1,0,0,30,0,0,0,0,0,0,0
481833,0,1,26,0,22,14,0,0,0,17,21,0
481833,1,1,0,0,0,0,0,0,0,0,0,0
481833,2,1,0,0,0,0,0,0,0,0,0,0
481834,1,1,0,0,0,0,0,0,0,0,0,0
481834,2,1,0,0,15,0,20,0,14,0,0,0
481835,0,1,0,14,0,19,0,13,35,0,0,15
481835,1,1,0,0,0,0,0,0,0,0,0,0
481836,1,1,8,23,27,21,14,21,25,13,18,8
481837,1,1,0,0,0,0,0,0,0,0,0,0
481838,1,1,0,0,0,0,0,0,0,0,0,0
481839,0,1,0,36,0,0,0,0,0,0,0,0
481839,1,1,0,0,0,0,0,0,0,0,12,0
481840,1,1,21,21,21,21,21,21,21,21,21,21
481840,2,1,0,0,0,0,0,0,0,0,0,0
481841,1,1,15,15,15,15,15,15,15,15,15,15
481841,2,1,0,0,0,0,0,0,0,0,0,0
481842,0,1,0,0,0,0,0,0,0,0,0,0
481842,1,1,0,0,0,0,0,0,0,0,0,0
481843,0,1,0,0,0,0,0,0,0,0,0,0
481843,1,1,0,7,0,0,23,0,0,0,0,0
481844,1,1,0,0,0,0,0,0,0,0,0,0
481844,2,1,0,0,0,0,0,0,0,0,0,0
481845,1,1,0,0,13,16,0,0,0,0,0,0
481845,2,1,0,0,0,13,0,0,0,0,0,0
481846,1,1,20,24,0,12,4,24,19,7,0,20
481847,1,1,21,21,21,41,16,20,19,15,21,30
481848,1,1,0,0,0,0,0,0,0,0,0,0
481848,2,1,0,0,22,0,0,0,0,0,0,0
481849,1,1,25,25,25,25,25,25,25,25,25,25
481850,1,1,0,0,0,0,0,10,0,14,0,0
481851,1,1,26,26,26,26,26,26,26,26,26,26
481852,1,1,0,0,0,0,0,0,0,0,0,0
481852,2,1,12,0,0,6,0,3,0,0,0,0
481853,1,1,0,0,0,0,22,17,19,0,0,14
481853,2,1,0,0,0,0,0,0,0,0,0,0
481854,1,1,19,19,19,19,19,19,19,19,19,19
481855,1,1,0,0,0,0,0,0,0,0,0,0
481856,1,1,24,24,24,24,24,24,24,24,24,24
481856,2,1,0,0,0,0,8,0,0,0,0,0
481856,3,1,0,0,0,0,0,0,0,9,0,0
481857,1,1,14,14,14,14,14,14,14,14,14,14
481858,1,1,0,0,0,11,0,0,0,0,15,0
481859,1,1,26,26,26,26,26,26,26,26,26,26
481860,1,1,0,0,0,0,0,0,0,0,0,0
481861,1,1,0,0,0,0,0,0,0,0,0,0
481861,2,1,0,0,0,0,0,0,0,0,0,0
481862,0,1,22,22,22,22,22,22,22,22,22,22
481862,1,1,11,0,0,0,0,0,0,0,0,0
481863,1,1,0,5,0,0,0,0,0,0,0,0
481863,2,1,0,0,0,0,0,0,0,0,0,0
481864,1,1,20,0,19,0,0,16,30,15,33,15
481864,2,1,14,21,8,0,19,11,19,0,0,0
481866,1,1,19,19,19,19,19,19,19,19,19,19
481866,2,1,0,0,0,0,0,0,0,0,0,0
481866,3,1,0,21,0,15,0,0,0,0,0,0
481866,4,1,6,6,6,6,6,6,6,6,6,6
481867,1,1,13,13,13,13,13,13,13,13,13,13
481868,1,1,0,0,0,0,0,0,0,0,0,0
481868,2,1,0,0,0,0,0,0,0,0,0,0
481869,1,1,15,6,0,0,0,0,0,0,23,0
481870,1,1,19,19,19,19,19,19,19,19,19,19
481870,2,1,27,0,0,0,13,0,0,0,0,0
481871,1,1,19,19,19,19,19,19,19,19,19,19
481871,2,1,13,0,0,0,0,0,17,0,0,19
481872,0,1,0,0,0,0,0,0,0,0,0,0
481872,1,1,0,0,15,0,0,0,0,0,0,0
481873,1,1,0,0,0,0,0,0,0,0,0,0
481873,2,1,0,0,18,0,0,0,0,0,0,0
481874,1,1,0,0,0,0,11,19,0,0,13,0
481874,2,1,0,0,0,0,0,0,0,0,0,0
481875,0,1,0,0,0,0,0,0,0,0,0,0
481875,0,2,0,14,0,0,0,6,0,0,12,0
481875,1,1,8,8,8,8,8,8,8,8,8,8
481876,1,1,0,0,0,0,0,0,0,0,0,0
481876,2,1,0,0,0,0,0,0,0,0,0,0
481877,1,1,0,0,6,0,0,7,0,0,0,0
481878,1,1,32,0,0,0,0,0,0,2,6,11
481879,1,1,0,26,0,0,0,0,18,13,0,0
481879,2,1,32,32,32,32,32,32,32,32,32,32
481879,3,1,0,0,0,0,0,0,0,0,0,0
481880,1,1,0,16,0,0,0,0,0,0,21,0
481880,2,1,7,7,7,7,7,7,7,7,7,7
481881,0,1,0,0,0,0,0,0,0,0,0,0
481881,1,1,0,11,6,0,0,5,0,25,0,9
481882,1,1,8,8,8,8,8,8,8,8,8,8
481882,3,1,4,13,0,0,0,0,36,8,0,0
481883,1,1,29,29,29,29,29,29,29,29,29,29
481884,1,1,0,0,0,0,0,0,0,0,0,0
481884,2,1,0,5,0,7,0,0,0,27,0,0
481884,3,1,0,0,2,0,0,0,0,0,0,0
481885,1,1,0,0,0,25,0,17,0,0,15,24
481885,2,1,11,0,0,0,0,0,0,0,0,0
481886,1,1,20,20,20,20,20,20,20,20,20,20
481886,2,1,0,0,0,0,0,0,0,0,0,0
481886,3,1,0,0,9,9,0,0,0,0,13,0
481887,1,1,18,18,18,18,18,18,18,18,18,18
481887,2,1,8,0,16,9,8,17,13,5,10,0
481888,1,1,11,11,11,11,11,11,11,11,11,11
481888,2,1,0,0,20,0,0,0,0,0,0,0
481889,1,1,17,10,0,14,0,0,15,14,19,0
481889,2,1,0,0,0,0,0,0,0,0,0,0
481890,1,1,10,10,10,10,10,10,10,10,10,10
481891,1,1,0,0,0,0,0,9,0,0,0,0
481892,1,1,23,23,23,23,23,23,23,23,23,23
481893,1,1,9,9,9,9,9,9,9,9,9,9
481894,1,1,0,0,0,0,0,0,0,0,23,0
481895,0,1,0,0,0,0,0,0,0,0,0,0
481895,1,1,0,0,0,0,0,0,0,0,0,0
481896,0,1,5,0,0,27,0,0,0,18,0,29
481896,1,1,0,0,0,0,0,11,0,0,0,0
481897,0,1,0,0,0,0,0,0,0,0,0,0
481897,1,1,0,7,0,0,0,0,0,0,0,0
481898,1,1,6,6,6,6,6,6,6,6,6,6
481899,1,1,0,0,0,0,0,0,0,0,0,7
481900,1,1,0,11,0,15,9,17,17,0,8,10
481901,1,1,10,10,10,10,10,10,10,10,10,10
481902,1,1,7,0,0,0,0,0,0,0,0,0
481903,1,1,21,21,21,21,21,21,21,21,21,21
481904,1,1,2,2,2,2,2,2,2,2,2,2
481905,0,1,0,24,0,0,20,0,26,25,18,0
481905,1,1,12,0,14,0,0,0,0,0,0,0
481906,1,1,34,34,34,34,34,34,34,34,34,34
481907,1,1,22,22,22,22,22,22,22,22,22,22
481907,2,1,0,0,0,0,0,0,0,0,0,0
481907,3,1,0,0,12,0,0,16,0,0,13,16
481908,1,1,12,12,0,0,0,0,32,0,0,0
481909,0,1,28,15,22,28,32,21,36,25,22,14
481909,1,1,8,0,0,0,10,0,0,12,13,0
481910,0,1,19,19,19,19,19,19,19,19,19,19
481910,1,1,17,0,0,4,0,0,0,0,0,10
481911,1,1,28,28,28,28,28,28,28,28,28,28
481911,2,1,0,0,0,0,0,0,0,0,0,0
481912,1,1,13,13,13,13,13,13,13,13,13,13
481912,2,1,0,0,0,0,0,0,0,0,0,0
481913,1,1,0,0,0,0,0,0,0,0,0,0
481913,2,1,0,15,0,0,0,0,0,0,0,0
481914,1,1,0,0,0,0,34,0,3,0,0,0
481914,2,1,0,0,0,0,4,8,25,14,0,0
481915,1,1,22,22,22,22,22,22,22,22,22,22
481916,1,1,0,0,0,0,0,0,0,0,0,0
481916,2,1,0,0,0,0,0,0,0,0,0,0
481917,1,1,0,0,0,0,0,0,0,0,0,0
481917,2,1,0,0,0,27,0,0,20,0,0,0
481918,0,1,20,20,20,20,20,20,20,20,20,20
481918,0,2,15,0,0,0,0,0,19,0,19,19
481918,1,1,14,14,14,14,14,14,14,14,14,14
481919,1,1,15,15,15,15,15,15,15,15,15,15
481920,1,1,0,0,0,15,0,15,0,0,14,14
481922,1,1,12,12,12,12,12,12,12,12,12,12
481923,1,1,23,23,23,23,23,23,23,23,23,23
481924,1,1,0,0,0,0,0,0,0,0,0,0
481925,1,1,0,0,0,0,0,0,0,0,0,0
481926,1,1,27,27,27,27,27,27,27,27,27,27
481927,1,1,3,0,0,0,0,7,0,0,0,10
481928,1,1,27,27,27,27,27,27,27,27,27,27
481928,2,1,9,0,0,0,0,5,0,0,0,0
481929,1,1,12,20,22,29,18,0,0,32,17,35
481930,1,1,0,0,0,0,0,0,0,9,0,0
481930,2,1,14,14,0,11,0,31,15,0,0,0
481932,1,1,0,0,0,0,0,0,0,0,0,0
481932,3,1,2,0,0,0,9,23,20,7,12,9
481932,4,1,0,5,0,0,0,0,15,0,0,0
481933,0,1,0,0,2,0,18,0,0,0,0,0
481933,1,1,15,0,0,23,13,0,0,8,0,0
481934,0,1,0,0,0,0,27,0,20,0,27,31
481934,1,1,0,0,16,15,0,0,0,0,14,7
481934,2,1,0,0,15,0,24,0,5,32,0,0
481934,3,1,0,9,7,0,0,23,0,0,0,0
481935,1,1,0,0,0,0,0,0,0,0,0,0
481935,2,1,1,1,1,1,1,1,1,1,1,1
481936,1,1,30,13,16,8,15,15,13,19,17,21
481936,2,1,14,2,14,21,0,0,20,31,11,21
481937,1,1,0,0,0,0,0,0,0,18,0,35
481938,1,1,0,0,0,23,0,12,17,0,0,0
481938,2,1,0,0,0,0,0,0,0,0,0,0
481938,3,1,0,0,0,0,0,0,0,0,0,0
481938,4,1,17,25,0,13,0,0,15,0,10,0
481939,1,1,0,0,24,0,0,28,51,6,0,0
481939,2,1,15,15,15,15,15,15,15,15,15,15
481940,1,1,0,16,0,0,0,0,0,0,0,0
481941,0,1,34,34,34,34,34,34,34,34,34,34
481941,1,1,0,10,0,0,22,0,21,0,0,0
481942,0,1,0,0,0,0,0,0,0,0,0,0
481942,1,1,0,0,0,17,0,0,0,0,0,0
481942,2,1,0,0,0,0,0,0,0,0,0,16
481942,3,1,0,0,0,0,0,0,0,0,0,0
481942,4,1,0,0,0,0,0,0,0,0,0,0
481942,5,1,0,0,0,0,13,0,0,0,0,0
481942,6,1,0,0,0,0,0,0,0,0,0,0
481942,7,1,0,0,0,0,0,0,6,0,0,0
481943,0,1,0,11,0,0,0,19,0,0,0,0
481943,1,1,0,20,0,0,0,19,0,15,0,17
481944,1,1,9,9,9,9,9,9,9,9,9,9
481945,0,1,18,18,18,18,18,18,18,18,18,18
481945,0,2,0,0,0,0,0,0,0,0,0,0
481945,1,1,0,27,23,0,0,0,0,9,0,7
481945,2,1,0,17,0,25,0,0,12,0,0,25
481946,1,1,0,0,3,0,0,0,0,0,23,0
481947,1,1,23,23,23,23,23,23,23,23,23,23
481947,2,1,0,17,0,14,7,23,15,33,0,5
481948,1,1,0,9,0,0,0,8,17,0,0,0
481948,2,1,0,23,0,0,20,21,0,30,0,0
481949,1,1,17,17,17,17,17,17,17,17,17,17
481950,1,1,10,10,10,10,10,10,10,10,10,10
481951,0,1,25,25,25,25,25,25,25,25,25,25
481951,1,1,0,0,0,0,0,0,0,0,0,0
481952,1,1,11,11,11,11,11,11,11,11,11,11
481953,1,1,0,0,0,0,0,0,0,0,0,0
481953,2,1,0,8,15,9,0,18,6,10,0,0
481954,1,1,0,0,0,0,0,0,0,0,0,0
481954,2,1,18,18,18,18,18,18,18,18,18,18
481955,1,1,4,4,4,4,4,4,4,4,4,4
481956,1,1,0,0,0,0,0,0,0,0,0,0
481957,1,1,18,18,18,18,18,18,18,18,18,18
481958,1,1,0,0,0,0,0,0,25,0,0,0
481959,1,1,37,37,37,37,37,37,37,37,37,37
481960,1,1,12,12,12,12,12,12,12,12,12,12
481961,1,1,0,0,0,0,0,0,0,0,0,0
481962,0,1,0,0,22,21,16,23,0,32,0,0
481962,1,1,17,0,0,0,0,10,21,0,24,0
481963,1,1,0,0,0,0,0,17,0,0,0,0
481963,2,1,0,0,0,0,0,0,0,0,0,0
481963,3,1,0,0,0,0,0,0,0,0,0,0
481964,1,1,14,0,0,23,0,15,0,0,0,10
481964,2,1,14,0,21,34,0,0,6,0,0,0
481966,1,1,0,0,0,16,0,0,0,0,0,0
481966,2,1,0,0,0,0,0,0,0,0,0,0
481967,1,1,0,0,0,0,0,0,0,0,0,0
481967,2,1,0,0,0,0,0,0,0,0,0,0
481968,1,1,0,0,0,0,0,0,0,17,0,0
481969,0,1,0,0,10,0,0,0,0,0,0,11
481969,0,2,0,0,0,0,0,0,0,0,0,0
481969,1,1,0,0,0,0,0,0,0,7,8,0
481969,2,1,14,6,0,0,0,0,0,0,0,0
481969,3,1,0,0,0,0,17,0,0,0,0,0
481970,1,1,6,6,6,6,6,6,6,6,6,6
481971,1,1,0,0,0,0,0,0,0,0,0,0
481971,2,1,0,0,0,0,0,0,0,0,0,0
481972,1,1,0,0,0,0,0,0,0,0,0,0
481972,2,1,9,9,9,9,9,9,9,9,9,9
481973,1,1,0,0,0,0,0,0,0,0,0,0
481973,2,1,0,5,0,0,0,13,17,0,0,0
481973,3,1,0,0,0,0,0,0,0,0,0,0
481974,1,1,0,0,0,0,0,0,0,0,0,0
481974,2,1,2,2,2,2,2,2,2,2,2,2
481975,1,1,21,29,0,13,23,23,8,0,19,0
481976,1,1,13,13,13,13,13,13,13,13,13,13
481976,2,1,14,7,38,0,0,0,11,7,0,13
481977,1,1,0,0,12,0,11,0,22,15,17,11
481978,1,1,0,0,0,0,0,0,0,0,0,0
481978,2,1,0,0,0,0,0,0,0,0,0,0
481979,1,1,0,0,0,0,0,0,0,0,0,0
481979,2,1,0,0,0,0,0,0,0,0,0,0
481980,1,1,0,0,0,0,44,0,0,0,0,0
481980,2,1,35,31,0,0,0,0,0,0,0,22
481981,1,1,0,0,0,0,0,0,0,0,0,0
481981,2,1,0,0,0,0,0,0,0,0,0,0
481982,1,1,0,12,0,0,0,0,0,0,0,0
481982,2,1,0,0,0,0,0,0,0,0,0,0
481983,1,1,0,9,0,8,0,0,0,0,0,4
481983,2,1,21,21,21,21,21,21,21,21,21,21
481984,1,1,0,0,0,0,2,0,0,0,0,0
481985,1,1,13,13,13,13,13,13,13,13,13,13
481985,2,1,9,0,0,11,0,0,8,0,11,4
481986,1,1,7,12,22,10,16,25,19,26,26,20
481987,0,1,17,17,17,17,17,17,17,17,17,17
481987,1,1,0,0,0,0,0,0,0,0,0,0
481988,1,1,31,31,31,31,31,31,31,31,31,31
481989,1,1,18,18,18,18,18,18,18,18,18,18
481990,1,1,10,10,10,10,10,10,10,10,10,10
481991,0,1,0,0,0,0,0,0,0,0,0,0
481991,1,1,6,6,6,6,6,6,6,6,6,6
481992,1,1,0,0,0,0,0,0,0,0,0,0
481992,2,1,0,0,0,0,0,0,0,0,0,0
481992,3,1,0,0,0,0,0,0,0,0,0,0
481993,1,1,0,0,0,0,0,0,0,0,0,0
481993,2,1,0,0,0,0,0,12,0,0,0,0
481993,3,1,0,0,0,0,0,0,0,0,0,0
481994,1,1,0,0,0,0,0,0,0,0,0,0