ST_CASE,VEH_NO,PER_NO,P1,P2,P3,P4,P5,P6,P7,P8,P9,P10
482300,1,1,0,0,0,0,0,0,0,0,0,0
482300,2,1,0,0,0,0,0,0,0,0,0,0
482300,3,1,0,0,0,0,0,0,0,0,0,0
482301,1,1,0,0,0,0,0,0,0,0,0,0
482301,2,1,14,0,0,0,0,0,0,0,0,23
482301,3,1,0,0,5,0,0,0,9,0,22,0
482302,1,1,17,17,17,17,17,17,17,17,17,17
482302,2,1,0,0,0,0,0,0,0,0,0,0
482303,1,1,0,0,0,0,0,0,0,0,0,0
482303,2,1,0,0,0,0,0,0,0,0,0,0
482303,3,1,0,0,0,0,0,0,0,0,0,0
482304,1,1,14,14,14,14,14,14,14,14,14,14
482304,2,1,0,0,0,0,0,0,2,0,17,6
482305,0,1,20,0,35,32,0,14,11,18,30,0
482305,1,1,21,0,0,0,17,0,15,0,0,13
482306,1,1,0,0,0,0,0,0,0,0,0,0
482307,0,1,5,5,5,5,5,5,5,5,5,5
482307,1,1,10,10,10,10,10,10,10,10,10,10
482308,0,1,2,2,2,2,2,2,2,2,2,2
482308,1,1,0,0,0,30,0,0,12,0,0,0
482309,1,1,15,13,0,0,20,0,17,12,8,5
482310,1,1,6,14,31,14,18,14,12,23,9,0
482311,1,1,0,0,0,0,0,0,0,0,0,0
482311,2,1,0,0,12,17,0,0,0,13,0,0
482312,1,1,6,0,0,0,0,0,0,0,14,0
482313,0,1,11,11,11,11,11,11,11,11,11,11
482313,1,1,4,4,4,4,4,4,4,4,4,4
482314,0,1,0,0,0,0,0,0,0,0,0,0
482314,1,1,0,0,0,0,4,0,0,0,0,10
482315,1,1,22,22,22,22,22,22,22,22,22,22
482315,2,1,0,0,37,21,10,15,12,12,14,0
482316,1,1,11,0,4,33,0,0,8,0,11,0
482317,1,1,0,0,0,0,0,0,0,0,0,0
482317,2,1,50,0,44,5,0,0,0,0,0,0
482318,0,1,0,0,0,0,0,0,0,0,0,0
482318,1,1,0,0,0,0,0,2,13,29,7,0
482319,1,1,0,0,0,0,0,0,0,0,0,0
482320,1,1,0,0,0,0,0,17,0,15,0,0
482320,2,1,0,0,0,3,0,0,19,0,0,0
482320,3,1,0,12,0,10,0,0,9,0,0,0
482321,1,1,0,0,0,0,0,0,0,0,0,0
482322,0,1,21,21,21,21,21,21,21,21,21,21
482322,1,1,15,15,15,15,15,15,15,15,15,15
482323,1,1,0,0,0,0,0,0,0,0,0,0
482324,1,1,0,0,0,0,0,0,0,0,0,0
482324,2,1,0,0,0,0,0,0,0,0,0,0
482325,1,1,11,11,11,11,11,11,11,11,11,11
482325,2,1,19,8,0,0,10,13,17,0,0,0
482326,1,1,21,21,21,21,21,21,21,21,21,21
482327,1,1,0,0,0,11,0,0,0,0,0,0
482327,2,1,10,0,0,0,2,0,0,0,0,0
482328,1,1,24,24,24,24,24,24,24,24,24,24
482329,1,1,0,0,0,0,0,0,0,0,0,0
482329,2,1,0,0,0,0,0,0,0,0,0,0
482329,3,1,0,9,0,0,10,0,0,10,0,0
482330,1,1,13,6,21,18,24,28,28,18,11,8
482330,2,1,14,0,0,14,8,22,12,0,21,0
482331,1,1,18,18,18,18,18,18,18,18,18,18
482332,1,1,0,9,0,0,0,0,0,0,0,10
482332,2,1,13,15,0,0,9,0,0,0,0,0
482333,1,1,26,26,26,26,26,26,26,26,26,26
482334,1,1,0,0,0,0,0,0,0,0,0,0
482334,2,1,0,0,0,0,0,8,0,0,0,0
482335,1,1,0,0,0,0,0,0,0,0,0,0
482336,1,1,0,0,0,0,0,2,0,13,0,0
482338,1,1,0,0,0,0,0,0,0,0,0,0
482338,2,1,10,0,0,0,0,0,0,0,17,9
482339,1,1,0,0,0,0,5,0,0,0,3,0
482339,2,1,0,0,0,0,30,9,0,0,0,0
482340,1,1,31,31,31,31,31,31,31,31,31,31
482340,2,1,11,22,0,42,0,9,15,19,0,0
482340,3,1,0,0,0,0,0,0,0,0,0,0
482341,0,1,0,0,0,0,0,0,0,0,0,0
482341,1,1,0,0,0,0,0,0,0,12,0,0
482342,0,1,8,8,8,8,8,8,8,8,8,8
482342,1,1,0,0,0,0,0,0,0,0,0,0
482343,1,1,15,0,0,0,18,0,0,0,0,0
482343,2,1,0,0,0,0,0,0,0,0,0,0
482344,1,1,11,0,0,0,0,0,0,0,14,0
482345,0,1,10,10,10,10,10,10,10,10,10,10
482345,1,1,0,0,0,0,0,29,20,0,20,0
482346,1,1,0,0,0,10,11,0,0,15,0,0
482347,1,1,1,1,1,1,1,1,1,1,1,1
482347,2,1,0,0,0,0,0,0,0,0,0,0
482348,1,1,0,0,0,0,0,0,0,0,0,0
482349,1,1,0,4,0,0,0,19,0,0,0,6
482351,1,1,25,25,25,25,25,25,25,25,25,25
482352,1,1,0,0,0,0,0,0,0,0,0,0
482352,2,1,0,0,0,0,0,0,0,0,0,0
482353,0,1,0,0,0,0,0,0,0,0,0,0
482353,1,1,0,0,0,0,0,0,0,0,0,0
482354,1,1,29,29,29,29,29,29,29,29,29,29
482354,2,1,0,0,8,0,0,12,0,3,12,0
482355,0,1,20,0,0,28,0,0,0,0,0,0
482355,1,1,0,0,9,4,10,0,0,32,15,0
482356,1,1,17,17,17,17,17,17,17,17,17,17
482357,1,1,0,0,0,0,0,0,0,0,0,0
482357,2,1,0,0,0,0,0,0,0,0,0,0
482358,1,1,0,0,0,0,20,0,0,6,0,12
482358,2,1,0,4,18,18,19,0,6,0,0,12
482359,0,1,0,18,0,0,13,0,0,0,0,0
482359,0,2,0,0,0,0,0,0,0,0,0,0
482359,1,1,12,0,0,0,22,0,0,0,25,13
482360,1,1,13,13,13,13,13,13,13,13,13,13
482360,2,1,0,0,0,0,0,15,0,11,10,11
482360,3,1,0,0,0,15,12,16,0,0,20,4
482361,1,1,16,16,16,16,16,16,16,16,16,16
482361,2,1,0,0,0,0,0,0,0,0,0,0
482362,1,1,9,9,9,9,9,9,9,9,9,9
482363,1,1,21,21,21,21,21,21,21,21,21,21
482363,2,1,11,11,11,11,11,11,11,11,11,11
482364,1,1,22,22,22,22,22,22,22,22,22,22
482365,0,1,6,6,6,6,6,6,6,6,6,6
482365,1,1,0,0,0,0,0,0,0,0,0,0
482366,1,1,0,0,28,0,0,20,0,0,0,20
482366,2,1,0,0,0,0,0,0,0,19,0,0
482366,3,1,0,0,0,0,0,0,0,0,0,0
482367,1,1,0,0,0,0,0,0,0,0,0,0
482367,2,1,0,0,0,0,0,0,0,0,0,0
482368,1,1,17,17,17,17,17,17,17,17,17,17
482369,1,1,0,0,0,0,0,0,0,0,0,0
482369,2,1,0,0,0,0,0,0,0,0,0,0
482370,1,1,14,14,14,14,14,14,14,14,14,14
482371,0,1,28,28,28,28,28,28,28,28,28,28
482371,1,1,8,8,8,8,8,8,8,8,8,8
482372,1,1,29,29,29,29,29,29,29,29,29,29
482372,2,1,0,0,0,0,0,0,0,0,0,0
482373,1,1,23,23,23,23,23,23,23,23,23,23
482374,1,1,6,0,0,0,0,0,0,0,0,0
482374,2,1,0,0,0,0,0,0,0,0,0,0
482375,0,1,34,34,34,34,34,34,34,34,34,34
482375,1,1,0,0,0,0,0,0,0,0,0,0
482376,0,1,0,0,18,0,18,0,24,0,13,12
482376,1,1,0,0,0,0,0,0,0,0,0,7
482377,1,1,0,0,0,0,0,0,0,0,0,0
482377,2,1,15,0,20,0,0,29,0,0,5,0
482378,1,1,0,12,0,6,0,8,0,15,0,19
482378,2,1,0,0,0,0,0,0,0,0,0,0
482379,0,1,0,0,0,0,0,0,0,0,0,0
482379,1,1,0,0,0,0,0,0,0,0,0,0
482380,1,1,21,21,21,21,21,21,21,21,21,21
482381,1,1,0,0,0,0,0,0,0,0,0,0
482381,2,1,32,32,32,32,32,32,32,32,32,32
482382,1,1,0,0,3,0,0,0,0,0,0,0
482382,2,1,0,0,0,0,0,0,0,0,0,0
482383,1,1,0,0,0,0,0,0,26,0,0,0
482383,2,1,0,0,0,15,12,0,0,0,0,0
482384,1,1,23,23,23,23,23,23,23,23,23,23
482385,1,1,6,0,0,12,0,0,0,3,0,0
482386,1,1,0,0,0,0,0,0,0,0,0,0
482386,2,1,0,10,0,0,0,0,0,0,0,0
482387,1,1,24,0,0,14,28,0,11,13,23,21
482388,1,1,0,0,0,0,12,0,0,14,0,0
482389,1,1,0,0,0,0,0,0,0,0,0,0
482389,2,1,0,0,0,0,0,0,0,0,0,0
482390,1,1,0,0,0,0,0,0,0,0,0,0
482390,2,1,0,0,0,0,0,0,0,0,0,0
482391,1,1,0,0,0,0,0,0,0,0,0,0
482391,2,1,0,0,0,0,0,0,0,0,0,0
482392,1,1,0,0,0,0,0,0,0,0,0,0
482393,1,1,0,0,0,0,0,0,0,0,0,0
482395,1,1,0,0,0,0,0,0,0,0,0,4
482395,2,1,0,0,0,0,0,0,0,0,0,0
482396,0,1,0,29,0,0,0,20,15,11,0,15
482396,1,1,10,0,0,0,0,0,22,0,0,0
482397,1,1,0,0,0,0,0,0,0,0,0,0
482398,1,1,0,0,0,0,0,0,0,0,0,0
482398,2,1,12,12,12,12,12,12,12,12,12,12
482399,1,1,0,0,0,0,0,0,0,0,0,0
482400,1,1,32,32,32,32,32,32,32,32,32,32
482401,1,1,0,13,0,0,13,0,5,0,0,0
482402,1,1,22,22,22,22,22,22,22,22,22,22
482402,2,1,13,0,4,24,22,0,44,0,0,16
482403,1,1,13,13,13,13,13,13,13,13,13,13
482403,2,1,28,28,28,28,28,28,28,28,28,28
482404,1,1,0,0,0,0,0,0,0,0,0,0
482405,1,1,0,0,0,0,0,0,0,0,0,0
482405,2,1,18,18,18,18,18,18,18,18,18,18
482406,1,1,0,0,0,0,0,0,0,0,0,0
482406,2,1,0,7,0,0,0,32,0,0,0,0
482407,1,1,0,0,0,0,0,0,0,0,0,0
482407,2,1,0,0,0,0,0,0,0,0,0,0
482408,1,1,0,0,0,0,0,0,0,7,0,0
482408,2,1,0,0,0,0,0,0,0,0,0,11
482409,1,1,31,31,31,31,31,31,31,31,31,31
482410,1,1,0,0,0,0,0,0,0,0,0,0
482410,2,1,0,0,0,0,0,0,0,10,0,28
482411,1,1,0,0,0,0,0,0,0,0,0,0
482411,2,1,0,0,0,0,0,0,0,0,0,0
482412,1,1,23,23,23,23,23,23,23,23,23,23
482413,1,1,0,0,0,0,0,0,0,0,0,0
482414,1,1,0,0,0,0,0,0,0,0,0,0
482414,2,1,0,0,6,0,0,0,6,0,0,0
482415,1,1,16,0,19,0,0,0,0,0,0,0
482416,1,1,0,0,0,0,0,0,0,0,0,0
482416,2,1,0,0,0,0,0,0,0,0,0,0
482417,1,1,0,0,0,0,13,33,0,0,0,0
482418,1,1,28,28,28,28,28,28,28,28,28,28
482419,1,1,9,9,9,9,9,9,9,9,9,9
482420,1,1,0,0,0,30,20,9,0,0,0,0
482421,1,1,21,21,21,21,21,21,21,21,21,21
482422,0,1,23,23,23,23,23,23,23,23,23,23
482422,1,1,0,0,0,0,0,0,0,0,0,9
482422,2,1,10,0,12,0,14,16,0,0,0,12
482423,1,1,0,0,0,0,0,0,0,0,0,0
482423,2,1,0,0,0,0,0,0,0,0,0,0
482424,1,1,22,22,22,22,22,22,22,22,22,22
482424,2,1,0,0,19,16,0,16,17,0,11,36
482425,1,1,0,0,0,0,0,0,0,0,0,0
482425,2,1,0,39,0,0,0,17,7,16,0,18
482426,1,1,0,0,0,28,0,0,0,0,11,0
482427,1,1,0,0,13,0,29,0,12,0,0,20
482427,2,1,0,0,0,0,0,0,0,0,0,0
482428,1,1,0,0,0,0,0,0,0,0,0,0
482428,2,1,0,0,0,0,0,0,0,0,0,0
482429,1,1,12,12,12,12,12,12,12,12,12,12
482430,1,1,0,0,0,0,0,0,0,0,0,0
482430,2,1,0,0,0,0,0,0,0,0,0,0
482431,1,1,11,0,0,16,0,0,10,0,0,21
482432,1,1,0,9,0,0,0,28,0,20,0,0
482433,1,1,0,0,0,0,0,0,0,0,10,16
482433,2,1,0,0,0,0,0,0,0,0,0,0
482434,1,1,0,0,0,0,0,0,0,0,0,0
482434,2,1,0,0,0,0,0,0,0,0,0,0
482435,0,1,0,0,0,0,0,0,0,0,0,0
482435,1,1,0,25,0,11,0,9,0,0,0,15
482436,1,1,0,0,0,0,0,0,0,0,0,0
482436,2,1,0,0,0,0,0,0,0,0,0,0
482437,1,1,0,0,0,0,0,0,0,0,0,0
482437,2,1,3,3,3,3,3,3,3,3,3,3
482438,1,1,15,15,15,15,15,15,15,15,15,15
482438,2,1,24,6,0,26,0,15,0,17,0,8
482439,1,1,0,0,0,0,0,0,0,0,0,0
482440,1,1,0,0,0,0,0,0,0,0,0,0
482440,2,1,11,0,0,0,0,17,0,19,0,0
482441,1,1,0,0,0,17,0,0,0,21,0,0
482441,2,1,0,0,0,4,41,0,19,0,24,0
482442,1,1,0,0,0,0,0,0,0,0,0,0
482442,2,1,0,0,0,0,0,0,0,0,0,0
482443,1,1,0,0,0,0,3,32,6,0,0,0
482444,1,1,15,15,15,15,15,15,15,15,15,15
482445,0,1,0,23,0,31,0,26,0,0,0,9
482445,1,1,0,0,0,0,16,0,0,0,0,0
482446,0,1,21,21,21,21,21,21,21,21,21,21
482446,1,1,0,0,0,11,22,0,0,0,9,0
482447,1,1,0,0,15,0,0,0,0,0,26,17
482448,1,1,0,0,14,21,15,30,0,0,19,0
482449,1,1,0,0,0,0,0,0,0,0,0,0
482449,2,1,0,0,0,0,0,0,0,0,0,0
482450,1,1,0,0,0,0,0,0,0,0,0,0
482451,1,1,0,0,0,0,0,0,0,19,0,0
482451,2,1,0,0,0,0,0,0,0,0,0,0
482452,1,1,0,0,0,0,0,0,0,0,0,0
482452,2,1,0,0,0,0,0,0,0,0,0,0
482453,1,1,21,21,21,21,21,21,21,21,21,21
482453,2,1,20,20,20,20,20,20,20,20,20,20
482454,1,1,8,8,8,8,8,8,8,8,8,8
482455,0,1,0,0,0,0,0,0,0,10,0,0
482455,1,1,0,0,0,0,0,0,0,0,0,0
482456,0,1,0,0,0,0,0,0,0,0,0,0
482456,1,1,21,0,21,0,18,28,0,19,0,32
482457,1,1,20,20,20,20,20,20,20,20,20,20
482458,1,1,0,0,0,0,0,0,0,0,0,0
482459,0,1,28,28,28,28,28,28,28,28,28,28
482459,1,1,20,0,0,0,0,3,0,0,0,0
482460,1,1,0,0,0,0,0,0,0,0,0,0
482461,1,1,26,26,26,26,26,26,26,26,26,26
482461,2,1,10,10,10,10,10,10,10,10,10,10
482462,0,1,33,33,33,33,33,33,33,33,33,33
482462,1,1,0,0,0,0,0,0,0,0,0,0
482463,1,1,20,20,20,20,20,20,20,20,20,20
482464,1,1,9,0,14,24,0,18,36,20,24,0
482465,1,1,0,0,0,0,0,0,0,0,0,0
482465,2,1,0,0,0,0,0,0,0,0,0,0
482465,3,1,0,0,0,0,0,0,0,18,0,0
482466,0,1,19,19,19,19,19,19,19,19,19,19
482466,1,1,0,0,17,10,0,7,10,0,0,0
482467,1,1,27,27,27,27,27,27,27,27,27,27
482467,2,1,0,4,28,4,0,12,22,0,0,8
482468,1,1,0,0,0,0,0,0,0,0,0,0
482469,0,1,12,12,12,12,12,12,12,12,12,12
482469,1,1,0,0,0,0,0,0,0,0,0,0
482470,1,1,0,14,0,0,0,0,0,0,0,0
482470,2,1,0,0,0,0,0,0,0,0,0,0
482471,1,1,11,20,20,17,7,21,18,15,25,6
482472,1,1,0,0,0,0,0,0,0,0,0,0
482472,2,1,0,0,0,0,0,0,0,0,0,0
482473,1,1,0,0,0,0,0,0,0,0,0,0
482474,1,1,0,0,0,0,0,0,0,0,0,0
482474,2,1,0,0,8,0,21,0,0,0,0,22
482475,1,1,15,15,15,15,15,15,15,15,15,15
482475,2,1,0,20,9,14,34,0,16,13,0,0
482476,1,1,4,4,4,4,4,4,4,4,4,4
482478,1,1,0,0,0,0,0,0,0,0,0,0
482479,1,1,7,0,0,0,0,4,0,14,0,12
482479,2,1,0,0,0,0,0,0,0,0,0,0
482480,0,1,3,3,3,3,3,3,3,3,3,3
482480,1,1,0,0,0,0,0,8,0,0,17,0
482481,1,1,13,13,13,13,13,13,13,13,13,13
482481,2,1,19,22,20,8,1,16,19,10,15,17
482482,1,1,0,26,32,0,11,0,0,0,22,23
482482,2,1,0,0,20,0,0,0,0,0,0,0
482483,1,1,0,0,0,0,0,0,0,0,0,0
482483,2,1,0,0,0,0,0,0,0,0,0,0
482484,0,1,0,0,0,19,0,14,0,16,0,0
482484,0,2,21,0,14,0,12,0,0,0,0,16
482484,1,1,15,15,15,15,15,15,15,15,15,15
482485,1,1,0,0,0,0,0,0,0,0,0,0
482486,1,1,0,0,0,5,0,0,0,0,0,0
482487,0,1,0,0,0,6,0,0,0,18,10,0
482487,1,1,0,0,0,0,0,0,0,0,0,0
482488,0,1,0,0,0,0,0,0,0,0,0,0
482488,1,1,0,0,0,0,0,0,0,0,29,10
482489,1,1,8,8,8,8,8,8,8,8,8,8
482490,1,1,0,13,25,6,0,9,0,0,0,0
482490,2,1,0,0,0,0,0,10,7,0,0,0
482491,1,1,0,0,0,0,0,0,0,0,0,0
482491,2,1,0,0,0,0,0,0,0,0,0,0
482492,1,1,0,0,0,0,0,0,0,0,0,0
482492,2,1,0,0,0,0,0,0,0,0,0,0
482493,1,1,27,27,27,27,27,27,27,27,27,27
482494,1,1,0,0,0,0,0,0,0,0,0,0
482494,2,1,0,0,0,0,0,0,0,0,0,0
482495,1,1,0,0,0,0,0,0,0,0,0,0
482496,1,1,21,21,21,21,21,21,21,21,21,21
482496,2,1,0,0,0,0,0,22,0,15,9,0
482497,0,1,23,23,23,23,23,23,23,23,23,23
482497,1,1,0,0,20,0,0,0,0,0,6,0
482498,1,1,0,0,0,0,0,0,0,0,0,0
482499,0,1,0,0,0,0,0,0,0,0,0,0
482499,1,1,0,0,0,8,0,3,0,0,0,0
482500,1,1,0,0,0,0,0,0,0,0,0,28
482500,2,1,0,0,0,0,0,0,0,0,13,0
482501,1,1,15,15,15,15,15,15,15,15,15,15
482502,1,1,17,0,10,15,10,12,0,0,0,0
482503,1,1,0,0,0,0,0,0,0,0,0,0
482503,2,1,20,0,0,24,0,0,0,0,0,0
482503,3,1,21,0,0,0,0,39,0,0,26,0
482504,1,1,0,0,22,0,23,0,0,0,0,22
482504,2,1,10,10,10,10,10,10,10,10,10,10
482505,0,1,11,0,23,25,11,30,20,0,0,0
482505,1,1,0,0,0,0,0,0,0,0,28,7
482506,1,1,0,0,0,0,0,0,0,0,0,0
482507,1,1,0,0,0,0,0,0,0,0,0,0
482507,2,1,0,0,0,0,0,0,0,0,0,0
482508,1,1,0,0,0,0,0,0,0,0,12,14
482508,2,1,15,0,0,0,0,13,0,0,0,0
482509,1,1,8,8,8,8,8,8,8,8,8,8
482510,1,1,0,0,0,0,0,0,0,0,0,0
482510,2,1,0,0,0,0,0,0,0,0,0,0
482511,1,1,0,0,0,0,0,0,0,0,0,0
482511,2,1,0,0,0,0,0,0,0,0,0,0
482512,1,1,0,18,0,0,0,0,0,0,0,0
482513,1,1,0,0,0,0,0,0,0,0,0,0
482514,0,1,24,24,24,24,24,24,24,24,24,24
482514,1,1,35,12,0,0,14,11,30,0,19,16
482515,1,1,21,21,21,21,21,21,21,21,21,21
482516,1,1,0,16,0,29,0,20,34,0,0,12
482516,2,1,0,0,0,8,0,0,0,0,0,0
482516,3,1,0,0,0,0,0,0,0,0,0,0
482517,1,1,27,0,0,0,0,0,0,12,0,0
482518,1,1,0,0,0,0,0,0,0,0,0,0
482518,2,1,0,0,0,0,0,0,0,0,0,0
482519,1,1,0,0,0,18,0,0,0,51,0,0
482519,2,1,0,0,0,0,0,0,0,0,0,0
482520,1,1,16,16,16,16,16,16,16,16,16,16
482521,1,1,0,0,0,0,0,0,0,0,0,0
482521,2,1,0,0,0,0,27,0,0,24,0,7
482522,1,1,18,18,18,18,18,18,18,18,18,18
482523,1,1,0,0,0,0,0,23,0,24,0,0
482524,1,1,19,19,19,19,19,19,19,19,19,19
482525,1,1,0,0,0,0,0,0,0,0,0,0
482526,1,1,0,0,0,3,0,0,0,0,0,0
482526,2,1,0,0,0,0,8,0,0,0,0,25
482527,1,1,0,0,0,0,0,0,0,0,0,0
482527,2,1,0,22,0,0,0,0,0,0,0,0
482527,3,1,0,0,0,0,0,0,0,0,0,0
482528,1,1,0,0,0,0,0,0,22,0,0,0
482528,2,1,0,0,0,0,0,0,0,0,0,0
482529,1,1,0,0,0,0,0,16,0,0,0,8
482530,1,1,0,19,15,0,0,13,0,0,11,0
482531,1,1,0,0,11,0,18,0,14,0,0,4
482532,1,1,0,0,12,22,0,0,0,0,0,0
482533,1,1,20,20,20,20,20,20,20,20,20,20
482534,0,1,0,0,0,0,0,0,0,0,0,0
482534,1,1,12,0,9,0,0,0,0,0,0,0
482536,1,1,0,0,0,0,6,31,0,0,0,0
482536,2,1,0,0,0,0,0,0,0,0,0,0
482537,1,1,0,13,17,15,35,0,16,0,16,21
482538,1,1,14,0,0,18,33,10,17,0,23,22
482538,2,1,0,16,5,0,0,21,0,0,8,0
482539,0,1,15,15,15,15,15,15,15,15,15,15
482539,1,1,0,0,0,0,15,0,0,0,0,0
482540,1,1,0,0,0,0,0,0,0,0,18,0
482540,2,1,0,0,0,0,0,0,0,0,0,0
482541,1,1,18,18,18,18,18,18,18,18,18,18
482541,2,1,0,0,0,0,0,0,8,0,0,0
482542,0,1,19,29,0,35,5,11,15,0,0,11
482542,1,1,15,15,15,15,15,15,15,15,15,15
482543,1,1,17,17,17,17,17,17,17,17,17,17
482544,1,1,9,16,0,0,0,0,0,0,0,6
482544,2,1,0,0,0,0,0,0,0,0,0,0
482544,3,1,0,0,0,0,0,0,10,10,0,16
482544,4,1,0,0,0,0,0,9,0,0,0,0
482545,1,1,0,0,4,0,0,0,0,0,0,0
482545,2,1,0,0,0,0,0,0,0,0,0,0
482546,1,1,0,22,0,0,0,0,0,0,0,0
482546,2,1,0,0,0,0,0,0,0,0,0,0
482546,3,1,0,0,0,0,0,0,0,0,0,0
482546,4,1,21,0,0,0,0,0,0,0,0,0
482546,5,1,0,1,0,0,0,0,0,0,0,0
482547,1,1,14,0,0,0,0,0,0,0,0,0
482548,1,1,0,0,0,0,0,0,0,0,0,0
482549,1,1,16,16,16,16,16,16,16,16,16,16
482550,1,1,12,12,12,12,12,12,12,12,12,12
482551,1,1,6,6,6,6,6,6,6,6,6,6
482551,2,1,0,0,11,19,15,0,0,0,0,13
482552,1,1,17,15,8,21,10,16,25,37,2,5
482553,0,1,0,0,0,0,0,0,0,0,0,0
482553,1,1,0,0,0,0,0,12,0,0,0,0
482554,1,1,3,3,3,3,3,3,3,3,3,3
482554,2,1,0,0,0,0,0,0,0,0,0,0
482554,3,1,0,6,0,0,0,0,0,0,0,0
482555,1,1,0,0,0,8,13,0,0,0,0,0
482556,1,1,0,0,0,0,0,0,0,0,0,0
482557,1,1,0,0,0,0,0,0,0,0,0,0
482558,0,1,0,0,0,0,0,0,0,0,0,0
482558,1,1,5,0,43,18,0,18,0,5,10,29
482559,1,1,0,0,0,0,0,0,0,0,0,0
482559,2,1,3,0,0,0,0,0,0,0,0,0
482560,1,1,0,0,0,3,0,0,0,0,0,0
482560,2,1,0,0,0,0,0,0,0,0,0,0
482560,3,1,0,0,0,0,0,0,0,0,0,0
482561,1,1,24,14,0,19,13,30,41,19,19,0
482562,1,1,22,22,22,22,22,22,22,22,22,22
482563,1,1,0,0,0,17,0,0,0,0,0,0
482564,1,1,11,11,11,11,11,11,11,11,11,11
482565,1,1,0,12,16,0,16,24,0,0,9,7
482566,1,1,0,0,24,22,0,0,0,0,0,0
482566,2,1,0,0,0,0,0,0,0,0,0,0
482567,0,1,0,0,0,0,0,0,0,0,0,0
482567,1,1,0,0,0,0,0,0,0,0,19,0
482568,1,1,0,0,0,0,0,0,0,0,0,0
482569,1,1,27,27,27,27,27,27,27,27,27,27
482570,1,1,28,28,28,28,28,28,28,28,28,28
482570,2,1,0,0,0,0,0,0,0,0,0,0
482571,1,1,0,0,0,0,0,0,0,0,0,0
482572,1,1,8,8,8,8,8,8,8,8,8,8
482573,1,1,7,0,13,0,0,0,0,18,0,0
482573,2,1,0,0,0,0,0,0,0,0,0,0
482574,1,1,0,0,0,0,0,0,0,0,0,0
482574,2,1,0,0,0,0,24,0,0,0,0,0
482575,0,1,0,0,0,0,0,0,0,0,0,0
482575,1,1,0,0,0,0,0,0,0,0,0,0
482575,2,1,0,4,0,0,0,0,0,0,0,0
482576,0,1,0,0,0,0,0,0,0,0,0,0
482576,1,1,0,0,0,0,0,0,0,0,0,0
482578,1,1,17,6,21,26,31,51,6,23,18,32
482579,1,1,0,0,0,26,0,0,0,0,0,0
482579,2,1,5,0,0,0,0,0,0,0,0,0
482580,1,1,0,0,0,0,0,0,0,0,0,0
482581,1,1,22,22,22,22,22,22,22,22,22,22
482582,1,1,23,23,23,23,23,23,23,23,23,23
482583,1,1,17,17,17,17,17,17,17,17,17,17
482584,1,1,20,20,20,20,20,20,20,20,20,20
482584,2,1,44,0,0,0,0,0,0,17,0,0
482585,1,1,17,17,17,17,17,17,17,17,17,17
482586,0,1,16,0,12,0,8,24,0,0,34,0
482586,1,1,0,13,0,0,0,0,16,0,0,0
482586,2,1,0,0,0,0,6,0,24,0,0,0
482587,1,1,14,0,0,19,0,17,0,0,6,19
482588,0,1,0,0,0,0,0,0,0,0,0,0
482588,1,1,0,0,0,0,0,5,0,0,0,0
482588,2,1,0,0,15,21,24,6,0,0,33,13
482589,0,1,0,0,0,0,0,0,0,0,0,0
482589,1,1,0,0,0,0,0,0,0,0,0,0
482590,1,1,17,17,17,17,17,17,17,17,17,17
482591,0,1,0,0,28,0,0,0,0,0,0,0
482591,1,1,0,0,0,0,0,0,0,0,0,0
482592,1,1,0,0,0,0,0,0,0,0,0,0
482592,2,1,0,0,0,0,0,0,0,0,0,0
482592,3,1,11,0,0,21,17,0,21,9,0,0
482592,4,1,0,11,0,0,0,21,7,6,17,0
482593,1,1,0,0,0,0,0,0,0,0,0,0
482593,2,1,0,0,0,0,0,0,0,0,0,0
482594,1,1,18,0,16,13,11,0,38,0,0,28
482595,1,1,0,0,0,0,0,0,0,0,0,0
482595,2,1,0,0,0,0,0,0,0,21,0,0
482596,0,1,0,0,4,0,0,0,0,24,0,0
482596,1,1,0,0,0,0,0,0,8,0,6,0
482597,1,1,25,25,25,25,25,25,25,25,25,25
482598,1,1,0,0,0,0,0,0,0,0,0,0
482598,2,1,1,1,1,1,1,1,1,1,1,1
482599,0,1,11,11,11,11,11,11,11,11,11,11
482599,1,1,13,10,14,4,17,28,8,18,22,14
482600,1,1,11,15,13,0,19,18,12,17,3,3
482600,2,1,20,7,0,20,0,10,0,13,0,0
482600,3,1,7,0,19,0,0,8,7,16,0,0
482600,4,1,10,0,0,0,0,0,0,0,0,0
482601,0,1,0,0,17,0,0,9,17,41,0,0