ST_CASE,VEH_NO,PER_NO,P1,P2,P3,P4,P5,P6,P7,P8,P9,P10
490086,1,1,0,0,0,0,0,0,0,0,0,0
490087,1,1,9,9,9,9,9,9,9,9,9,9
490088,1,1,16,19,6,10,9,14,28,17,10,21
490089,1,1,0,0,0,0,0,0,0,0,0,0
490090,1,1,0,0,0,0,0,0,0,0,0,2
490091,1,1,0,0,0,0,0,0,0,0,0,0
490091,2,1,0,0,0,0,0,0,0,0,0,0
490091,3,1,0,0,0,0,0,0,0,0,0,0
490091,4,1,0,0,0,0,0,0,0,0,0,0
490091,5,1,0,0,0,0,0,0,0,0,0,0
490092,1,1,0,0,0,0,0,0,0,0,0,0
490093,1,1,12,12,12,12,12,12,12,12,12,12
490094,1,1,0,0,0,0,0,0,0,0,0,0
490094,2,1,0,0,0,0,0,0,0,0,0,0
490094,3,1,0,0,0,0,0,0,0,0,0,0
490095,1,1,0,0,0,8,0,0,0,19,0,0
490095,2,1,0,0,0,0,0,0,0,0,0,0
490095,3,1,0,0,0,0,0,0,0,0,0,0
490095,4,1,0,0,0,0,0,0,0,0,0,0
490096,0,1,0,0,0,3,0,0,0,0,0,23
490096,1,1,0,0,0,0,0,0,0,0,0,0
490097,1,1,0,0,0,0,0,0,0,0,0,0
490097,2,1,0,0,0,0,0,0,0,0,0,0
490098,1,1,10,10,10,10,10,10,10,10,10,10
490099,1,1,16,16,16,16,16,16,16,16,16,16
490100,1,1,14,14,14,14,14,14,14,14,14,14
490101,1,1,0,0,0,0,0,0,0,0,0,0
490102,1,1,20,20,20,20,20,20,20,20,20,20
490103,1,1,0,0,0,0,12,0,0,0,0,0
490104,1,1,0,0,0,0,0,0,9,0,0,0
490105,1,1,40,9,17,17,11,7,22,14,11,10
490106,1,1,0,0,0,0,0,0,0,0,0,0
490106,2,1,0,0,0,3,0,0,0,0,0,0
490107,1,1,0,0,0,0,0,0,0,0,0,0
490107,2,1,0,0,0,0,0,0,0,0,0,0
490108,0,1,0,0,0,0,0,17,0,0,1,0
490108,1,1,0,0,0,0,0,0,0,0,0,0
490109,1,1,0,0,0,0,0,0,0,0,0,0
490109,2,1,0,0,0,0,0,0,6,0,0,0
490110,1,1,0,0,0,0,0,0,0,0,0,0
490110,2,1,0,0,0,0,0,0,0,0,0,0
490111,0,1,0,0,0,0,0,0,0,0,0,0
490111,1,1,0,0,0,0,0,0,0,0,0,0
490112,1,1,34,34,34,34,34,34,34,34,34,34
490113,1,1,0,0,0,0,0,0,0,0,0,0
490113,2,1,0,0,0,0,0,0,0,0,0,0
490114,1,1,0,0,0,0,0,0,0,0,0,0
490114,2,1,0,0,0,0,0,0,0,0,0,0
490115,1,1,0,0,0,0,0,0,0,0,0,0
490115,2,1,0,0,0,0,0,0,0,0,0,0
490116,1,1,1,1,1,1,1,1,1,1,1,1
490116,2,1,4,0,0,0,0,0,0,0,0,0
490117,0,1,0,0,0,0,0,0,0,0,0,0
490117,1,1,0,0,0,0,0,0,0,0,0,0
490118,1,1,0,0,0,0,0,0,0,0,0,0
490118,2,1,0,0,0,0,0,0,0,0,0,0
490119,1,1,17,10,25,17,18,5,19,13,5,2
490120,1,1,0,0,0,0,0,0,0,0,0,0
490121,1,1,15,15,15,15,15,15,15,15,15,15
490122,1,1,0,0,0,0,0,0,0,0,0,0
490123,1,1,0,0,0,0,25,0,0,0,0,0
490124,1,1,0,0,0,0,5,0,0,0,0,0
490125,1,1,0,0,0,0,0,0,0,0,0,0
490125,2,1,0,0,0,22,0,0,0,0,0,0
490126,0,1,0,0,0,0,0,0,0,0,0,0
490126,1,1,0,0,0,0,0,0,0,0,0,0
490127,1,1,10,7,16,40,19,28,22,12,9,12
490128,0,1,0,0,0,0,0,0,0,0,0,0
490128,1,1,0,0,0,0,0,0,0,0,0,0
490129,1,1,10,10,10,10,10,10,10,10,10,10
490130,0,1,0,0,0,0,0,0,0,0,0,0
490130,1,1,0,0,0,0,0,0,0,0,0,0
490131,1,1,0,0,0,0,0,0,0,0,0,0
490131,2,1,0,0,0,0,0,0,0,0,0,0
490132,0,1,25,0,0,0,0,0,0,20,0,0
490132,1,1,7,0,0,0,0,0,0,0,0,0
490133,1,1,0,0,0,0,0,0,0,0,0,0
490134,1,1,0,0,0,0,0,0,8,0,0,0
490134,2,1,0,0,0,0,0,0,0,0,0,0
490135,1,1,0,0,0,0,0,0,0,0,0,0
490135,2,1,0,0,0,0,19,0,0,0,0,0
490136,1,1,0,0,0,0,0,0,0,0,0,0
490136,2,1,0,0,0,0,0,0,0,0,0,0
490137,1,1,0,0,0,0,0,0,0,0,0,0
490138,1,1,0,0,0,0,0,0,0,0,0,0
490139,1,1,0,0,0,0,0,0,0,0,0,0
490139,2,1,0,0,0,0,0,0,0,0,0,0
490140,1,1,0,0,0,0,0,0,0,0,0,0
490141,1,1,0,0,0,0,0,0,0,0,0,0
490142,1,1,24,24,24,24,24,24,24,24,24,24
490143,1,1,0,0,0,0,0,0,0,0,0,0
490143,2,1,0,0,0,9,8,0,0,0,0,0
490144,1,1,0,0,0,0,0,0,0,0,0,0
490144,2,1,0,0,0,0,0,0,0,8,0,0
490145,1,1,0,0,0,0,0,0,0,0,0,0
490145,2,1,0,0,0,0,0,0,0,0,0,0
490146,1,1,0,0,0,0,0,0,0,0,0,0
490147,0,1,0,0,0,0,0,0,0,0,0,0
490147,1,1,0,0,0,0,0,0,0,0,0,0
490148,1,1,0,0,0,0,0,0,0,0,0,0
490149,0,1,0,0,0,0,0,0,0,0,0,0
490149,1,1,0,0,0,0,0,0,0,0,0,0
490150,1,1,0,0,0,0,0,0,0,0,0,0
490151,1,1,0,0,0,0,0,0,0,0,29,0
490152,1,1,0,0,0,0,0,0,0,0,0,0
490153,1,1,0,0,0,0,0,0,0,0,0,0
490153,2,1,0,0,0,0,0,0,0,0,0,0
490154,1,1,0,0,0,0,0,0,0,0,0,0
490155,1,1,0,19,0,0,0,0,0,25,0,0
490156,1,1,21,21,21,21,21,21,21,21,21,21
490157,1,1,0,0,0,0,0,0,0,0,0,0
490158,1,1,0,0,0,0,0,16,0,0,0,0
490159,1,1,0,0,0,0,0,0,0,0,0,0
490160,1,1,0,0,0,0,0,0,0,0,0,0
490161,1,1,0,9,0,0,0,0,0,0,0,0
490162,1,1,16,16,16,16,16,16,16,16,16,16
490162,2,1,18,18,18,18,18,18,18,18,18,18
490163,1,1,0,0,0,0,0,0,0,0,0,0
490164,1,1,19,19,19,19,19,19,19,19,19,19
490165,0,1,0,0,0,0,0,0,0,0,0,0
490165,1,1,0,0,0,0,0,0,0,0,0,0
490166,1,1,0,0,0,0,0,13,0,0,0,0
490167,1,1,0,0,0,0,0,0,0,0,0,0
490168,1,1,11,11,11,11,11,11,11,11,11,11
490169,1,1,31,31,31,31,31,31,31,31,31,31
490169,2,1,0,0,0,0,0,0,0,0,0,0
490170,0,1,0,0,0,0,0,0,0,0,0,0
490170,1,1,9,9,9,9,9,9,9,9,9,9
490171,0,1,0,0,0,0,0,11,0,0,0,0
490171,0,2,0,0,0,0,29,0,0,0,0,19
490171,1,1,0,0,0,0,0,0,0,0,0,0
490172,0,1,0,0,0,0,0,0,0,7,0,6
490172,1,1,12,12,12,12,12,12,12,12,12,12
490173,0,1,0,0,0,0,0,0,0,0,0,0
490173,1,1,0,0,8,0,0,0,0,17,0,0
490174,1,1,0,0,0,0,0,0,0,0,0,0
490174,2,1,0,0,0,0,0,0,0,0,0,0
490175,1,1,0,0,0,0,0,0,0,0,0,0
490175,2,1,0,0,0,0,0,0,0,0,0,0
490176,1,1,0,0,0,0,0,0,0,0,0,0
490176,2,1,0,0,0,0,0,0,0,0,0,0
490177,1,1,0,0,0,0,0,0,0,0,0,0
490177,2,1,0,0,0,0,0,0,0,0,0,0
490178,1,1,0,0,0,0,0,0,0,0,0,0
490178,2,1,16,0,0,0,0,0,0,8,0,0
490179,1,1,0,0,0,0,0,0,0,0,16,0
490179,2,1,0,0,0,0,0,0,0,0,0,0
490180,1,1,0,0,0,12,0,0,0,18,0,0
490181,1,1,0,0,0,0,0,0,0,0,0,0
490181,2,1,0,0,0,0,0,0,0,0,0,0
490181,3,1,0,0,0,0,0,0,0,0,0,0
490181,4,1,0,0,0,0,0,0,0,0,0,0
490182,1,1,0,0,0,0,0,0,0,0,0,0
490183,1,1,0,0,0,0,0,0,0,0,0,0
490183,2,1,0,0,0,0,0,0,0,0,0,0
490184,1,1,0,0,0,0,0,0,0,0,0,0
490184,2,1,0,0,0,0,0,0,0,0,0,0
490185,0,1,0,0,0,0,0,0,0,0,0,0
490185,1,1,0,0,0,0,0,0,0,0,0,0
490186,0,1,0,11,20,0,41,17,16,0,14,21
490186,1,1,0,9,0,0,0,0,0,0,0,0
490187,0,1,11,0,21,0,0,0,0,0,0,3
490187,1,1,0,0,0,0,0,0,0,0,0,0
490188,1,1,0,0,0,0,0,0,0,0,0,0
490188,2,1,0,0,0,0,0,0,0,0,0,0
490189,0,1,0,0,0,16,0,0,0,0,5,0
490189,1,1,0,0,0,0,0,0,0,0,0,0
490190,0,1,0,0,0,0,0,0,0,0,0,0
490190,1,1,0,0,0,0,0,0,0,0,0,0
490191,0,1,3,3,3,3,3,3,3,3,3,3
490191,0,2,17,0,43,22,13,15,0,28,0,0
490191,0,3,0,0,0,44,22,24,0,0,24,20
490191,1,1,0,0,0,0,0,0,0,0,0,0
490192,0,1,4,20,0,0,0,13,0,0,0,0
490192,0,2,0,0,0,0,0,0,20,0,14,0
490192,0,3,0,0,22,0,0,0,0,0,0,0
490192,1,1,0,0,0,0,0,0,0,0,0,0
490193,1,1,0,0,0,0,0,0,0,0,0,0
490193,2,1,0,26,0,0,0,0,0,0,0,0
490194,1,1,0,0,0,0,0,0,0,0,0,0
490194,2,1,0,0,0,0,0,0,0,0,0,0
490195,1,1,0,0,0,0,0,0,0,0,0,0
490195,2,1,0,0,0,0,16,0,0,0,0,0
490196,1,1,0,0,0,0,0,0,0,0,0,0
490196,2,1,0,0,0,0,0,0,0,0,0,0
490197,1,1,0,0,0,0,0,0,0,0,0,0
490197,2,1,0,0,0,0,0,0,0,0,0,0
490198,1,1,0,31,0,0,0,0,0,0,0,0
490198,2,1,0,0,0,0,0,0,0,0,0,0
490199,1,1,0,0,0,0,0,0,0,0,0,0
490200,1,1,0,0,0,0,0,0,0,0,0,0
490200,2,1,0,0,0,0,0,0,0,0,0,0
490201,1,1,0,0,0,0,0,0,0,0,0,0
490201,2,1,0,0,0,0,0,0,0,0,0,0
490202,1,1,0,0,0,0,0,0,0,0,0,0
490202,2,1,0,0,0,0,0,0,0,0,0,0
490202,3,1,0,0,0,0,0,0,0,0,0,0
490202,4,1,0,0,0,0,0,0,0,0,0,0
490203,0,1,0,0,0,0,18,0,0,0,0,0
490203,1,1,0,0,0,0,0,0,0,0,0,0
490204,1,1,0,0,0,0,0,14,0,0,0,0
490205,0,1,0,11,0,0,0,0,0,0,22,0
490205,1,1,0,0,0,0,0,24,0,0,23,0
490206,1,1,10,0,20,0,0,0,0,0,0,0
490206,2,1,0,0,0,32,0,0,13,0,0,10
490207,1,1,6,27,16,24,29,16,14,9,15,21
490208,1,1,28,11,22,33,0,0,14,27,16,27
490209,1,1,0,0,0,0,0,0,0,0,0,0
490209,2,1,0,0,0,0,0,0,0,0,0,0
490210,1,1,0,0,0,0,0,0,0,0,0,0
490211,1,1,0,0,0,0,0,0,0,15,0,0
490212,1,1,16,26,17,32,21,6,13,19,21,41
490213,1,1,26,20,29,21,39,25,17,13,15,21
490214,1,1,0,0,0,0,0,0,0,0,0,0
490215,1,1,0,0,0,0,0,0,0,22,0,0
490215,2,1,0,0,0,0,0,0,0,0,0,0
490216,1,1,0,0,0,0,0,0,0,0,0,0
490216,2,1,0,0,0,0,0,0,0,0,0,0
490216,3,1,0,0,0,0,0,0,0,0,0,0
490217,1,1,0,0,0,0,0,0,0,0,0,0
490217,2,1,0,0,0,0,0,0,0,0,0,0
490218,1,1,0,0,0,0,0,0,0,0,0,0
500001,1,1,17,17,17,17,17,17,17,17,17,17
500001,2,1,0,0,0,0,0,0,0,0,0,0
500002,1,1,0,0,0,0,0,0,0,0,0,0
500002,2,1,0,0,0,0,0,0,0,0,0,0
500003,1,1,0,0,0,0,0,0,0,0,0,0
500004,1,1,8,8,8,8,8,8,8,8,8,8
500005,1,1,0,0,0,0,0,0,0,0,0,0
500005,2,1,0,0,0,0,0,0,0,0,0,0
500005,3,1,0,0,0,0,0,0,0,0,0,0
500006,0,1,0,0,0,0,0,0,0,0,0,0
500006,1,1,21,0,0,0,0,0,0,0,0,0
500007,0,1,0,0,0,0,0,0,0,0,0,0
500007,0,2,0,0,0,0,0,0,0,0,0,0
500007,1,1,0,0,0,0,0,0,0,0,0,0
500008,1,1,22,22,22,22,22,22,22,22,22,22
500009,1,1,0,0,0,0,0,0,0,0,0,0
500010,1,1,0,0,0,0,0,0,0,0,0,0
500011,1,1,16,16,16,16,16,16,16,16,16,16
500012,1,1,6,6,6,6,6,6,6,6,6,6
500012,2,1,0,0,0,0,0,0,0,0,0,0
500012,3,1,0,0,0,0,0,0,0,0,0,0
500013,1,1,0,0,0,0,0,0,0,0,0,0
500013,2,1,0,0,0,0,0,0,0,0,0,0
500014,1,1,0,0,0,0,0,0,0,0,0,0
500015,1,1,18,18,18,18,18,18,18,18,18,18
500016,1,1,0,0,0,0,0,0,0,0,0,0
500016,2,1,0,0,0,0,0,0,0,0,0,0
500017,1,1,0,0,0,0,0,0,0,6,0,0
500017,2,1,0,0,0,0,0,0,0,0,0,0
500018,1,1,0,0,0,0,0,0,0,0,0,0
500018,2,1,0,0,0,0,0,0,0,0,0,0
500019,0,1,0,0,0,0,0,0,0,0,0,0
500019,1,1,0,0,0,0,0,0,0,0,0,0
500020,1,1,0,0,0,0,0,0,0,0,0,0
500020,2,1,0,0,0,0,0,0,0,0,0,0
500021,1,1,0,0,0,0,0,0,0,0,0,0
500022,1,1,4,4,4,4,4,4,4,4,4,4
500023,1,1,0,0,0,0,0,0,0,0,0,0
500024,1,1,0,0,0,0,0,0,0,0,0,0
500025,1,1,24,24,24,24,24,24,24,24,24,24
500026,1,1,0,0,0,0,0,0,20,0,0,0
500026,2,1,0,0,0,0,0,0,0,0,0,0
500027,1,1,6,6,6,6,6,6,6,6,6,6
500028,1,1,18,18,18,18,18,18,18,18,18,18
500029,1,1,0,0,0,0,0,0,0,0,0,0
500029,2,1,0,0,0,0,0,0,0,0,0,0
500030,0,1,0,0,0,0,0,0,0,0,0,0
500030,1,1,0,0,0,0,0,0,0,0,0,0
500031,1,1,0,0,0,0,0,0,0,0,0,0
500032,1,1,0,0,0,0,0,0,0,0,0,0
500032,2,1,0,0,0,0,0,0,0,0,0,0
500033,1,1,0,0,0,0,0,0,0,0,0,0
500034,1,1,0,0,0,0,0,0,0,0,0,0
500035,1,1,0,0,0,0,0,0,0,0,0,0
500036,1,1,15,15,15,15,15,15,15,15,15,15
500037,1,1,0,0,0,0,0,0,0,0,0,0
500037,2,1,0,0,0,0,0,0,19,0,0,0
500038,1,1,3,3,3,3,3,3,3,3,3,3
500039,1,1,0,15,0,0,18,0,0,0,0,0
500040,1,1,0,0,0,0,0,0,0,0,0,0
500040,2,1,0,0,0,0,0,0,0,0,0,0
500041,1,1,1,1,1,1,1,1,1,1,1,1
500041,2,1,0,0,0,0,0,0,0,0,0,0
500042,1,1,0,0,0,0,0,0,0,0,0,0
500042,2,1,0,0,0,0,0,0,0,0,0,0
500043,1,1,9,9,9,9,9,9,9,9,9,9
500044,1,1,0,0,0,0,0,0,0,0,0,0
500045,1,1,0,0,0,0,0,0,0,0,0,0
500045,2,1,0,0,0,0,0,0,0,0,0,0
500046,1,1,17,17,17,17,17,17,17,17,17,17
500047,1,1,18,18,18,18,18,18,18,18,18,18
500048,1,1,0,0,0,0,0,0,0,0,0,0
500049,1,1,0,0,0,0,29,0,0,0,0,0
500050,1,1,31,31,31,31,31,31,31,31,31,31
500051,1,1,12,12,12,12,12,12,12,12,12,12
500052,1,1,20,20,20,20,20,20,20,20,20,20
500053,1,1,0,0,0,0,16,0,0,0,16,0
500054,1,1,0,0,0,0,0,0,0,0,0,0
500055,1,1,0,0,0,0,0,0,0,0,0,0
500055,2,1,0,0,0,0,0,0,0,0,0,0
500056,1,1,0,0,0,0,0,0,0,0,0,0
500057,1,1,0,0,0,0,0,0,0,0,0,0
500058,1,1,0,0,0,0,0,0,0,0,0,0
500059,1,1,0,0,0,0,0,0,0,0,0,0
500059,2,1,0,0,0,0,0,0,0,0,0,0
500060,1,1,0,0,0,0,0,0,0,0,0,0
500060,2,1,0,0,0,0,0,0,0,0,0,0
500061,1,1,7,7,7,7,7,7,7,7,7,7
500061,2,1,0,0,0,0,0,0,0,0,0,0
500062,0,1,0,0,0,25,0,0,11,0,0,0
500062,1,1,0,0,0,0,0,0,0,0,0,0
500063,1,1,0,0,0,0,0,0,0,0,0,0
500063,2,1,0,0,0,0,0,0,0,0,0,0
510001,1,1,0,0,0,0,0,0,0,0,0,0
510001,2,1,0,0,0,0,0,0,0,0,0,0
510002,0,1,23,23,23,23,23,23,23,23,23,23
510002,1,1,0,0,0,5,0,0,0,0,0,0
510003,1,1,25,25,25,25,25,25,25,25,25,25
510004,1,1,16,0,0,0,21,0,0,0,0,0
510004,2,1,0,0,0,0,0,0,12,0,0,0
510005,1,1,0,0,0,0,0,0,0,0,0,0
510005,2,1,0,0,0,0,0,0,0,0,0,0
510006,1,1,22,22,22,22,22,22,22,22,22,22
510007,1,1,0,0,0,0,0,0,0,0,0,0
510007,2,1,0,0,0,0,0,0,0,0,0,0
510008,1,1,33,33,33,33,33,33,33,33,33,33
510008,2,1,0,0,0,0,0,0,0,0,0,0
510009,1,1,22,22,22,22,22,22,22,22,22,22
510010,0,1,0,0,0,0,0,0,0,0,0,0
510010,1,1,0,0,0,0,0,0,0,0,0,0
510011,1,1,20,20,20,20,20,20,20,20,20,20
510011,2,1,0,0,0,0,0,0,0,0,0,0
510012,1,1,16,16,16,16,16,16,16,16,16,16
510013,0,1,0,0,0,0,0,0,0,0,0,0
510013,1,1,0,0,0,0,0,0,0,0,0,0
510014,1,1,14,14,14,14,14,14,14,14,14,14
510015,1,1,13,13,13,13,13,13,13,13,13,13
510016,1,1,0,0,0,0,0,0,0,0,0,0
510016,2,1,0,0,0,0,0,0,0,0,0,0
510017,0,1,18,18,18,18,18,18,18,18,18,18
510017,1,1,18,0,0,0,0,0,0,0,0,0
510018,1,1,0,0,0,0,0,0,0,0,0,0
510019,1,1,21,20,14,20,19,20,7,17,0,7
510019,2,1,0,0,0,0,0,0,0,0,0,0
510020,0,1,0,0,0,0,0,0,0,0,0,0
510020,1,1,0,0,0,0,0,0,0,0,0,0
510021,1,1,0,0,0,0,0,0,0,0,0,0
510022,1,1,0,0,0,0,0,0,0,0,0,0
510023,1,1,0,0,0,0,0,0,0,0,0,0
510023,2,1,0,0,0,0,0,0,0,0,0,0
510024,1,1,2,2,2,2,2,2,2,2,2,2
510025,0,1,0,0,0,0,0,0,0,0,0,0
510025,1,1,0,0,0,0,0,0,0,0,0,0
510026,1,1,20,20,20,20,20,20,20,20,20,20
510027,1,1,0,0,0,0,0,0,0,0,0,0
510027,2,1,0,0,0,0,0,0,0,0,0,0
510028,1,1,0,0,0,0,0,0,0,0,0,0
510028,2,1,0,0,0,0,0,0,0,0,0,0
510029,1,1,0,0,0,0,0,0,0,0,0,0
510029,2,1,0,0,5,0,0,0,0,0,0,0
510030,1,1,0,0,0,0,0,0,0,0,0,0
510031,1,1,0,0,0,0,0,0,0,0,0,0
510031,2,1,12,12,12,12,12,12,12,12,12,12
510032,1,1,1,1,1,1,1,1,1,1,1,1
510032,2,1,0,0,0,0,0,0,0,0,0,0
510033,1,1,23,23,23,23,23,23,23,23,23,23
510034,1,1,0,0,0,19,0,0,0,0,0,0
510035,1,1,0,0,0,0,0,0,0,0,0,0
510035,2,1,0,0,0,0,0,0,0,0,0,0
510036,1,1,0,0,0,0,0,0,0,0,0,0
510036,2,1,0,0,0,0,0,0,0,0,0,0
510037,1,1,0,0,0,0,0,0,0,0,0,0
510037,2,1,0,0,0,0,0,0,0,0,0,0
510038,1,1,9,10,4,11,21,10,15,17,0,13
510038,2,1,22,17,15,29,8,14,16,25,19,25
510039,1,1,8,6,12,11,8,22,9,7,9,12
510040,1,1,28,28,28,28,28,28,28,28,28,28
510041,0,1,0,0,0,0,0,0,0,0,0,0
510041,1,1,0,0,0,0,0,0,0,0,0,0
510041,2,1,0,0,0,0,0,0,0,0,0,16
510041,3,1,0,0,0,0,0,0,0,0,0,0
510041,4,1,0,0,0,0,0,0,0,0,0,0
510041,5,1,0,0,0,0,0,0,0,0,0,0
510042,1,1,0,0,0,0,0,0,0,0,0,0
510042,2,1,0,0,0,0,0,0,0,0,0,0
510043,0,1,0,0,0,0,0,0,0,0,0,0
510043,1,1,0,0,0,0,0,0,14,0,4,0
510044,1,1,0,0,0,0,0,0,0,0,0,0
510045,1,1,14,14,14,14,14,14,14,14,14,14
510046,1,1,2,2,2,2,2,2,2,2,2,2
510047,1,1,0,0,0,0,0,0,18,0,0,0
510048,1,1,0,0,0,0,0,0,0,0,0,0
510048,2,1,0,0,0,0,0,0,0,0,0,0
510049,1,1,19,0,0,0,0,0,0,0,0,0
510049,2,1,0,0,0,0,0,0,0,0,0,0
510049,3,1,0,0,0,0,4,0,0,0,0,0
510050,1,1,0,0,0,0,0,0,0,0,0,0
510050,2,1,0,0,0,0,0,0,0,0,0,0
510050,3,1,0,0,0,0,0,0,0,0,0,0
510051,1,1,12,10,9,0,30,27,3,0,30,0
510052,1,1,29,29,29,29,29,29,29,29,29,29
510052,2,1,0,0,0,0,0,0,0,0,0,0
510053,1,1,0,5,10,14,17,16,14,11,14,30
510053,2,1,0,0,0,0,0,0,0,0,0,0
510054,1,1,0,0,0,0,0,0,0,0,0,0
510054,2,1,0,0,0,0,0,0,0,0,0,0
510055,1,1,0,0,0,0,0,0,0,0,0,0
510055,2,1,7,0,0,0,0,0,0,0,0,0
510056,1,1,0,0,0,0,0,0,0,0,0,0
510057,0,1,0,0,0,0,0,0,0,17,0,0
510057,1,1,0,0,0,0,0,0,0,0,0,0
510058,1,1,24,24,24,24,24,24,24,24,24,24
510059,1,1,0,0,0,0,0,0,0,0,0,0
510059,2,1,0,0,0,0,0,0,0,0,0,0
510059,3,1,0,0,0,0,0,0,0,0,0,0
510060,0,1,15,15,15,15,15,15,15,15,15,15
510060,1,1,0,0,0,0,0,0,0,0,0,0
510061,0,1,24,24,24,24,24,24,24,24,24,24
510061,1,1,8,0,0,16,0,0,4,28,18,0
510062,0,1,6,6,6,6,6,6,6,6,6,6
510062,1,1,0,0,0,0,0,0,0,23,11,0
510063,1,1,0,0,0,0,0,0,0,0,0,0
510063,2,1,0,0,0,0,0,0,0,0,0,0
510064,1,1,0,0,0,0,0,0,0,0,0,0
510064,2,1,0,0,0,0,0,0,0,0,0,0
510065,1,1,21,21,21,21,21,21,21,21,21,21
510065,2,1,0,0,0,0,0,0,0,0,0,0
510066,1,1,0,0,0,0,0,0,0,0,0,0
510067,0,1,28,28,28,28,28,28,28,28,28,28
510067,1,1,0,0,0,0,0,0,0,0,0,0
510067,2,1,0,0,0,3,0,0,0,0,0,0
510068,1,1,0,0,0,0,0,0,0,0,11,0
510069,1,1,0,0,0,0,18,17,0,35,0,10
510070,1,1,14,14,14,14,14,14,14,14,14,14
510071,1,1,0,0,0,0,0,0,0,0,0,0
510071,2,1,0,0,0,0,0,0,0,5,0,0
510072,1,1,14,9,18,14,5,0,8,17,5,17
510072,2,1,0,0,0,0,0,0,0,0,0,0
510073,1,1,12,12,12,12,12,12,12,12,12,12
510074,0,1,31,31,31,31,31,31,31,31,31,31
510074,1,1,0,0,0,22,19,0,0,0,0,0
510075,1,1,0,0,0,0,0,0,0,0,0,0
510076,1,1,0,0,0,0,0,0,0,0,0,0
510076,2,1,0,0,0,0,0,0,0,0,0,0
510077,1,1,18,9,11,19,10,21,11,21,13,11
510078,0,1,0,0,0,0,0,0,0,0,0,0
510078,1,1,0,0,0,0,0,0,0,0,0,0
510079,1,1,0,0,0,0,0,0,15,12,0,0
510080,1,1,10,10,10,10,10,10,10,10,10,10
510081,1,1,0,0,0,0,0,0,0,0,0,0
510082,1,1,0,0,0,0,0,0,0,0,0,0
510082,2,1,0,0,0,0,0,0,0,0,0,0
510083,1,1,2,2,2,2,2,2,2,2,2,2
510083,2,1,0,0,0,0,0,0,0,0,0,0
510083,3,1,0,0,0,0,0,0,0,3,0,6
510084,1,1,0,0,0,0,0,0,0,0,0,0
510085,1,1,0,0,0,0,0,0,0,0,0,0
510086,1,1,8,13,13,8,25,51,8,26,6,4
510087,1,1,17,17,17,17,17,17,17,17,17,17
510088,1,1,0,0,0,0,0,0,0,0,0,0
510089,1,1,0,0,0,0,0,0,0,0,0,0
510090,1,1,20,20,20,20,20,20,20,20,20,20
510091,1,1,0,0,0,0,0,0,0,0,0,0
510091,2,1,0,0,0,0,0,0,0,0,0,0
510092,1,1,11,11,11,11,11,11,11,11,11,11
510093,1,1,0,0,0,0,0,0,0,0,0,0
510094,1,1,0,0,0,0,0,0,0,0,0,0
510094,2,1,0,0,0,0,0,0,0,0,0,0
510095,0,1,0,0,0,0,0,0,0,0,0,0
510095,1,1,0,0,0,0,0,0,0,0,0,0
510096,1,1,0,0,0,0,0,0,0,0,0,0
510096,2,1,0,0,0,0,0,0,0,0,0,0
510097,1,1,24,24,24,24,24,24,24,24,24,24
510098,1,1,0,0,0,0,0,0,0,0,0,0
510100,1,1,0,0,0,0,0,0,0,0,0,0
510100,2,1,0,0,0,0,0,0,0,0,0,0
510101,1,1,13,17,15,13,22,16,23,6,11,9
510101,2,1,0,0,0,0,0,0,0,0,0,0
510102,1,1,0,0,0,0,0,0,0,0,0,0
510103,1,1,14,14,14,14,14,14,14,14,14,14
510104,1,1,9,9,9,9,9,9,9,9,9,9
510105,1,1,12,0,13,0,0,0,27,0,12,17
510106,1,1,0,0,0,0,0,0,0,0,0,0
510106,2,1,0,0,0,0,0,0,0,0,0,0
510107,1,1,20,0,25,0,8,28,0,15,18,7
510108,1,1,18,18,18,18,18,18,18,18,18,18
510109,1,1,0,0,0,0,0,0,0,0,0,0
510110,1,1,0,0,0,0,0,0,0,0,0,0
510110,2,1,0,0,0,0,0,0,0,0,0,0
510111,1,1,12,37,0,9,0,0,0,0,11,4
510112,1,1,0,0,0,0,0,0,0,0,0,0
510113,0,1,0,0,0,0,0,0,0,0,0,0
510113,1,1,0,0,0,0,0,0,0,0,0,0
510114,1,1,0,0,0,0,0,0,0,0,0,0
510114,2,1,1,1,1,1,1,1,1,1,1,1
510115,1,1,0,0,20,0,0,0,0,0,6,0
510116,1,1,0,0,0,0,0,0,0,0,0,0
510117,1,1,0,0,0,0,0,0,0,0,0,0
510118,1,1,0,0,19,0,0,13,10,0,0,0
510119,1,1,22,22,22,22,22,22,22,22,22,22
510120,1,1,0,0,0,0,0,0,0,0,0,0
510120,2,1,0,0,0,0,0,0,0,0,0,0
510121,1,1,0,0,0,0,0,0,0,0,0,0
510121,2,1,0,0,0,0,0,0,0,0,0,0
510122,1,1,0,0,0,0,0,0,0,0,0,0
510122,2,1,0,0,0,0,0,0,0,0,0,0
510123,0,1,13,13,13,13,13,13,13,13,13,13
510123,1,1,0,0,0,0,0,0,0,0,0,0
510124,1,1,0,0,0,0,0,0,0,18,5,31
510124,2,1,0,0,0,31,0,0,0,0,0,0
510125,1,1,0,0,0,0,0,0,0,0,0,0
510125,2,1,0,0,0,0,0,0,0,0,0,0
510126,1,1,0,0,0,0,0,0,0,0,0,0
510126,2,1,0,0,0,0,0,0,0,0,0,0
510127,0,1,0,0,0,0,0,0,0,0,0,0
510127,1,1,0,0,0,0,0,0,0,0,0,0
510128,1,1,14,0,0,16,9,19,9,14,13,27