ST_CASE,VEH_NO,PER_NO,P1,P2,P3,P4,P5,P6,P7,P8,P9,P10
510129,1,1,0,0,0,0,0,0,0,0,0,0
510130,1,1,0,0,0,0,0,0,0,0,0,0
510131,1,1,12,12,12,12,12,12,12,12,12,12
510132,1,1,0,0,0,0,0,0,0,0,0,0
510133,1,1,15,15,15,15,15,15,15,15,15,15
510134,1,1,0,0,0,0,0,0,0,0,0,0
510134,2,1,0,0,0,0,0,0,0,0,0,0
510135,0,1,0,0,0,0,0,0,0,0,0,0
510135,1,1,0,0,0,0,0,0,0,0,0,0
510136,0,1,0,0,0,0,0,0,0,0,0,0
510136,1,1,0,0,0,0,0,0,0,18,0,0
510137,1,1,0,0,0,0,0,0,0,0,0,0
510138,1,1,0,0,0,0,0,0,0,15,0,0
510138,2,1,0,0,0,0,0,0,0,0,0,0
510139,1,1,36,36,36,36,36,36,36,36,36,36
510140,1,1,0,0,0,0,0,0,0,0,0,0
510140,2,1,21,5,17,23,22,15,8,11,15,19
510141,0,1,0,0,0,0,0,0,0,0,0,0
510141,1,1,0,0,0,0,0,19,0,0,0,18
510141,2,1,0,0,0,0,0,0,0,0,0,3
510142,1,1,7,7,7,7,7,7,7,7,7,7
510142,2,1,0,0,0,0,0,0,0,0,0,0
510143,0,1,0,0,0,0,0,0,0,0,0,0
510143,1,1,0,0,0,0,0,0,0,0,0,0
510143,3,1,0,0,0,0,0,0,0,0,0,0
510144,0,1,0,0,0,0,0,0,0,0,0,0
510144,1,1,0,0,0,15,0,0,0,0,11,4
510144,2,1,18,21,0,18,0,16,0,10,29,0
510145,1,1,0,0,0,0,0,0,0,0,0,0
510146,1,1,0,0,0,0,0,0,0,0,0,0
510147,1,1,0,0,0,0,0,0,0,0,0,0
510147,2,1,0,0,0,0,0,3,0,0,0,0
510148,1,1,0,0,0,0,0,0,0,0,0,0
510149,1,1,0,0,0,0,0,0,0,0,0,0
510150,1,1,22,22,22,22,22,22,22,22,22,22
510151,1,1,0,0,0,0,0,0,0,0,0,0
510152,1,1,16,16,16,16,16,16,16,16,16,16
510153,1,1,0,0,0,0,0,0,0,0,0,0
510154,0,1,0,0,0,0,0,0,0,0,0,0
510154,1,1,0,0,0,0,0,0,0,0,0,0
510155,1,1,0,0,0,0,0,0,35,0,0,6
510156,1,1,5,5,5,5,5,5,5,5,5,5
510157,1,1,0,0,0,0,0,0,0,0,0,0
510158,1,1,18,18,18,18,18,18,18,18,18,18
510159,1,1,0,0,0,0,0,0,0,0,0,0
510159,2,1,0,0,0,0,0,0,0,0,0,0
510159,3,1,0,0,0,0,0,0,0,0,0,0
510160,1,1,0,0,0,3,11,0,0,0,7,0
510160,2,1,24,25,12,22,10,0,12,24,12,0
510161,1,1,15,15,15,15,15,15,15,15,15,15
510162,1,1,33,33,33,33,33,33,33,33,33,33
510163,1,1,0,0,0,0,0,0,0,0,0,0
510163,2,1,0,0,0,0,0,3,0,0,0,0
510164,1,1,1,1,1,1,1,1,1,1,1,1
510164,2,1,0,0,0,0,0,0,0,0,0,0
510165,0,1,0,0,0,0,0,0,0,0,0,0
510165,1,1,0,0,0,0,0,2,0,0,0,0
510166,1,1,0,0,0,0,0,0,0,0,0,0
510167,1,1,0,0,0,0,0,0,0,0,0,0
510168,1,1,0,0,0,0,0,0,0,0,0,0
510168,2,1,0,0,0,0,0,0,0,0,0,0
510169,1,1,11,11,11,11,11,11,11,11,11,11
510170,0,1,0,0,0,0,0,0,0,0,0,0
510170,1,1,37,17,20,24,10,18,0,0,0,7
510171,1,1,0,9,13,0,12,0,9,0,18,0
510171,2,1,0,0,0,0,0,0,15,0,0,0
510172,0,1,25,25,25,25,25,25,25,25,25,25
510172,1,1,0,0,0,0,0,0,0,0,0,0
510173,1,1,16,16,25,28,20,14,16,19,0,36
510174,1,1,10,0,0,0,21,0,0,0,0,0
510175,1,1,0,0,0,0,0,0,5,0,0,0
510176,1,1,0,0,0,0,0,0,0,0,0,0
510176,2,1,0,0,0,0,0,0,0,0,0,0
510177,1,1,0,0,0,0,0,0,0,0,0,0
510177,2,1,0,0,0,0,0,0,0,0,0,0
510178,1,1,0,0,0,0,0,0,0,0,0,0
510179,1,1,20,20,20,20,20,20,20,20,20,20
510180,1,1,14,14,14,14,14,14,14,14,14,14
510181,1,1,5,5,5,5,5,5,5,5,5,5
510182,1,1,0,0,0,0,0,0,0,0,0,0
510182,2,1,0,0,0,0,0,0,0,0,0,0
510183,1,1,0,0,0,0,0,0,0,0,0,0
510183,2,1,0,0,0,0,0,0,0,0,0,10
510184,1,1,0,0,0,0,0,0,0,0,0,0
510184,2,1,0,0,21,0,28,0,0,0,22,0
510185,1,1,0,0,0,0,0,0,0,0,0,0
510185,2,1,0,0,0,0,0,0,0,0,0,0
510186,1,1,0,0,0,0,0,0,0,0,0,0
510187,1,1,12,12,12,12,12,12,12,12,12,12
510187,2,1,17,17,17,17,17,17,17,17,17,17
510188,1,1,31,31,31,31,31,31,31,31,31,31
510189,0,1,30,30,30,30,30,30,30,30,30,30
510189,1,1,0,0,0,0,0,0,0,0,0,0
510190,1,1,0,0,0,0,0,0,0,0,0,0
510191,1,1,0,0,0,0,0,0,0,0,0,0
510192,1,1,5,5,5,5,5,5,5,5,5,5
510192,2,1,0,0,32,0,0,0,0,0,0,0
510193,1,1,0,0,0,0,0,0,0,0,0,0
510193,2,1,0,0,0,0,0,0,0,0,0,0
510194,1,1,0,0,0,0,0,0,0,0,0,0
510195,1,1,16,22,20,27,18,10,15,12,32,13
510196,1,1,0,0,0,0,0,0,0,0,0,0
510197,1,1,22,22,22,22,22,22,22,22,22,22
510198,1,1,0,0,0,0,0,0,0,0,0,0
510198,2,1,0,0,0,0,0,0,0,0,0,0
510199,1,1,0,0,0,0,0,0,0,0,0,0
510200,0,1,0,0,0,0,0,0,0,0,0,0
510200,1,1,0,0,0,0,0,0,0,0,0,0
510201,1,1,0,0,0,0,0,0,0,0,0,0
510202,1,1,0,0,0,0,0,0,17,0,0,0
510202,2,1,0,0,0,0,0,0,0,0,0,0
510203,1,1,42,42,42,42,42,42,42,42,42,42
510204,1,1,22,22,22,22,22,22,22,22,22,22
510205,1,1,0,0,0,0,0,0,0,0,0,0
510205,2,1,0,0,0,0,0,0,0,0,0,0
510206,1,1,16,16,16,16,16,16,16,16,16,16
510207,1,1,0,0,0,0,0,0,0,0,0,0
510208,0,1,32,32,32,32,32,32,32,32,32,32
510208,1,1,12,23,31,18,18,18,20,7,26,15
510209,0,1,3,3,3,3,3,3,3,3,3,3
510209,1,1,28,19,17,8,15,14,13,20,12,14
510210,1,1,7,7,7,7,7,7,7,7,7,7
510211,1,1,24,24,24,24,24,24,24,24,24,24
510212,1,1,0,0,0,0,0,0,0,0,0,0
510212,2,1,0,0,0,0,0,0,0,0,0,0
510213,1,1,0,0,0,0,0,9,0,0,0,0
510214,1,1,16,0,10,14,22,13,0,21,17,10
510214,2,1,0,0,0,0,0,0,0,0,0,0
510215,1,1,18,18,18,18,18,18,18,18,18,18
510215,2,1,0,0,0,0,0,0,0,0,0,0
510216,1,1,18,18,18,18,18,18,18,18,18,18
510217,1,1,20,20,20,20,20,20,20,20,20,20
510218,1,1,0,0,0,0,0,0,0,0,0,0
510218,2,1,0,0,0,0,0,0,0,0,0,0
510219,1,1,9,9,9,9,9,9,9,9,9,9
510219,2,1,0,0,0,0,0,0,0,0,0,0
510220,1,1,6,6,6,6,6,6,6,6,6,6
510220,2,1,0,0,0,0,0,0,0,8,0,0
510221,1,1,0,0,0,0,0,0,0,0,0,0
510222,1,1,0,2,0,0,0,0,0,0,0,0
510223,2,1,0,0,0,0,6,0,0,0,0,0
510224,1,1,0,0,0,0,0,0,0,0,0,0
510225,1,1,0,0,0,0,0,0,0,0,0,0
510226,1,1,0,0,0,0,0,0,0,0,0,0
510226,2,1,0,0,0,0,0,0,0,0,0,0
510227,1,1,27,27,27,27,27,27,27,27,27,27
510227,2,1,0,0,0,0,0,2,0,0,0,0
510228,1,1,0,0,0,0,0,0,0,0,0,0
510228,2,1,0,0,3,6,0,3,0,0,0,0
510228,3,1,0,0,0,0,0,0,0,0,0,0
510229,1,1,0,28,0,0,0,0,0,0,0,0
510230,1,1,12,12,12,12,12,12,12,12,12,12
510231,1,1,0,0,0,0,0,0,0,0,0,0
510232,1,1,20,20,20,20,20,20,20,20,20,20
510233,1,1,0,0,0,0,0,0,0,0,0,0
510233,2,1,0,0,0,0,0,0,0,0,0,0
510234,1,1,24,18,20,21,23,5,15,22,26,23
510234,2,1,0,0,0,0,0,0,0,0,0,0
510235,1,1,0,0,0,0,0,0,0,0,0,0
510236,1,1,0,0,0,0,0,0,0,0,0,0
510236,2,1,0,0,0,0,0,0,0,0,0,0
510237,1,1,0,0,0,0,0,0,0,0,0,12
510238,1,1,29,29,29,29,29,29,29,29,29,29
510238,2,1,0,0,0,0,0,0,0,0,0,0
510239,0,1,38,38,38,38,38,38,38,38,38,38
510239,1,1,0,4,0,0,0,0,0,0,0,0
510240,1,1,0,0,0,0,0,0,0,0,0,0
510241,1,1,17,17,17,17,17,17,17,17,17,17
510242,1,1,16,16,16,16,16,16,16,16,16,16
510243,1,1,17,17,17,17,17,17,17,17,17,17
510244,0,1,0,0,11,0,0,0,0,19,0,0
510244,1,1,0,0,0,0,0,0,0,0,16,0
510245,1,1,0,0,0,0,0,0,0,0,0,0
510246,1,1,0,0,0,0,0,0,0,0,0,0
510247,1,1,19,17,0,24,10,22,37,19,19,0
510248,1,1,0,0,0,0,0,0,0,0,0,0
510249,1,1,0,0,0,0,0,0,0,0,0,0
510250,1,1,29,29,29,29,29,29,29,29,29,29
510251,1,1,0,0,0,0,0,0,0,0,0,0
510251,2,1,0,0,0,0,0,0,0,0,0,0
510252,1,1,0,0,0,0,0,0,0,0,0,0
510253,1,1,16,16,16,16,16,16,16,16,16,16
510254,1,1,19,19,19,19,19,19,19,19,19,19
510255,1,1,0,0,0,0,0,0,0,0,0,0
510256,1,1,16,16,16,16,16,16,16,16,16,16
510256,2,1,0,0,0,0,0,0,0,0,0,0
510257,1,1,24,24,24,24,24,24,24,24,24,24
510258,1,1,19,19,19,19,19,19,19,19,19,19
510259,1,1,7,7,7,7,7,7,7,7,7,7
510260,1,1,18,18,18,18,18,18,18,18,18,18
510261,1,1,0,0,0,0,0,0,0,0,0,0
510261,2,1,0,0,0,0,0,0,0,0,0,0
510262,1,1,0,0,0,0,0,0,0,0,0,0
510262,2,1,0,0,0,0,0,0,0,0,0,0
510263,0,1,27,26,37,35,27,15,13,23,19,21
510263,1,1,0,0,0,0,0,0,0,0,0,0
510264,1,1,21,21,21,21,21,21,21,21,21,21
510265,1,1,0,0,0,0,0,0,0,0,0,0
510265,2,1,0,0,0,0,0,0,0,0,0,0
510266,1,1,7,7,7,7,7,7,7,7,7,7
510267,1,1,19,6,4,11,0,24,21,25,0,19
510268,1,1,24,24,24,24,24,24,24,24,24,24
510269,1,1,0,0,0,0,0,0,0,0,0,0
510270,1,1,0,0,0,0,0,0,0,0,0,0
510270,2,1,0,0,0,0,0,0,0,0,0,0
510271,1,1,0,0,0,0,0,0,0,0,0,0
510272,0,1,0,0,0,0,0,0,0,0,0,0
510272,1,1,0,0,0,0,0,0,0,0,0,0
510273,0,1,24,24,24,24,24,24,24,24,24,24
510273,1,1,0,0,0,0,0,0,0,0,0,0
510274,0,1,24,24,24,24,24,24,24,24,24,24
510274,1,1,10,0,0,0,0,0,0,0,0,0
510275,1,1,0,0,0,0,0,0,0,0,0,0
510276,1,1,0,0,0,0,0,0,0,0,0,0
510277,1,1,0,0,0,0,0,0,0,0,0,0
510278,1,1,0,0,0,0,0,0,0,0,0,0
510278,2,1,0,0,0,0,0,0,0,0,0,0
510279,1,1,0,0,0,0,0,0,0,0,0,0
510279,2,1,0,0,0,0,0,0,0,0,0,0
510279,3,1,26,0,0,0,0,0,0,0,0,0
510280,1,1,0,0,0,0,0,0,0,0,0,0
510281,1,1,13,22,0,20,14,14,15,10,27,18
510281,2,1,18,18,18,18,18,18,18,18,18,18
510282,1,1,0,0,0,0,0,0,0,0,0,0
510282,2,1,0,0,0,0,0,0,0,0,0,0
510283,1,1,0,0,0,0,0,0,0,0,0,0
510284,1,1,0,0,0,0,0,0,0,0,0,0
510284,2,1,0,0,0,0,0,0,0,0,0,0
510285,1,1,0,0,0,0,0,0,0,0,0,0
510286,1,1,10,10,10,10,10,10,10,10,10,10
510287,1,1,3,3,3,3,3,3,3,3,3,3
510288,1,1,0,0,0,0,0,0,0,0,0,0
510288,2,1,0,0,0,0,0,0,0,0,0,0
510289,1,1,0,0,0,0,0,0,0,0,0,0
510289,2,1,0,0,0,4,0,0,0,0,0,0
510290,1,1,0,0,0,0,0,0,0,0,0,0
510291,1,1,0,0,0,0,0,0,0,0,0,0
510292,1,1,27,22,18,25,47,19,7,31,20,19
510293,0,1,0,0,0,0,0,0,0,0,13,0
510293,2,1,0,7,0,0,0,0,0,0,0,0
510294,1,1,0,0,0,0,0,0,0,0,0,0
510295,1,1,0,0,0,0,0,0,0,0,0,0
510295,2,1,0,0,0,0,0,0,0,0,0,0
510297,0,1,0,0,0,0,0,0,0,0,0,0
510297,0,2,0,0,0,0,0,0,0,0,0,0
510297,1,1,0,0,0,0,0,0,0,0,0,0
510298,1,1,10,6,20,14,29,7,12,21,9,20
510299,1,1,0,0,0,0,0,0,0,0,0,0
510299,2,1,0,0,0,0,0,0,35,0,0,0
510300,1,1,20,0,0,0,0,0,0,0,0,0
510300,2,1,0,0,0,0,0,0,0,0,0,0
510301,1,1,0,0,0,10,0,0,0,0,0,0
510301,2,1,0,0,0,0,9,0,0,0,0,0
510303,1,1,0,0,0,0,0,0,0,0,0,0
510304,1,1,0,0,0,0,0,0,0,0,0,0
510305,1,1,0,0,7,0,0,0,0,0,0,0
510305,2,1,0,0,0,0,0,0,0,0,0,0
510306,1,1,11,11,11,11,11,11,11,11,11,11
510307,1,1,2,20,4,12,1,17,7,11,7,9
510308,1,1,13,13,13,13,13,13,13,13,13,13
510309,1,1,0,0,0,0,0,0,0,0,0,0
510310,1,1,27,27,27,27,27,27,27,27,27,27
510311,1,1,0,0,0,0,0,0,0,0,0,0
510312,1,1,44,44,44,44,44,44,44,44,44,44
510313,1,1,17,17,17,17,17,17,17,17,17,17
510314,1,1,0,0,0,0,0,0,0,0,0,0
510314,2,1,0,0,0,0,0,0,0,0,0,0
510315,0,1,15,15,15,15,15,15,15,15,15,15
510315,1,1,0,0,0,0,0,0,0,0,0,0
510316,1,1,0,0,0,0,0,0,0,0,0,0
510316,2,1,0,0,0,0,0,0,0,0,0,0
510317,1,1,18,18,18,18,18,18,18,18,18,18
510318,1,1,0,0,0,0,0,0,0,0,0,0
510319,1,1,0,0,0,0,0,0,0,0,0,0
510319,2,1,0,0,0,0,0,0,0,0,0,0
510319,3,1,0,0,0,0,0,0,0,0,0,0
510320,1,1,23,23,23,23,23,23,23,23,23,23
510321,1,1,14,15,25,33,11,9,14,16,26,28
510322,1,1,0,0,0,0,0,0,0,0,0,0
510323,0,1,0,0,0,0,0,0,0,0,0,0
510323,1,1,0,0,0,0,0,8,16,0,0,4
510324,1,1,0,0,0,0,0,0,0,0,0,0
510324,2,1,0,0,0,0,0,0,0,0,0,0
510325,1,1,0,0,0,0,0,0,20,0,0,16
510326,1,1,28,28,28,28,28,28,28,28,28,28
510326,2,1,0,0,0,0,0,0,0,0,0,0
510326,3,1,0,0,0,0,0,0,0,0,0,0
510326,4,1,0,0,0,0,0,0,0,0,0,0
510327,1,1,0,0,0,0,0,0,0,0,0,0
510328,1,1,0,0,0,0,0,0,0,0,0,0
510328,2,1,0,0,0,0,0,0,0,0,0,0
510328,3,1,0,0,0,0,0,0,0,0,0,0
510329,0,1,0,0,0,0,0,0,0,0,0,0
510329,1,1,10,23,15,20,11,38,22,9,10,8
510330,1,1,8,8,8,8,8,8,8,8,8,8
510331,1,1,3,3,3,3,3,3,3,3,3,3
510332,1,1,0,0,0,0,0,0,0,0,0,0
510333,1,1,0,0,0,0,0,0,0,0,0,0
510334,1,1,9,9,9,9,9,9,9,9,9,9
510335,1,1,0,0,0,0,0,0,0,0,0,0
510335,2,1,0,0,0,0,0,0,0,0,0,0
510336,1,1,0,0,0,0,0,0,0,0,0,0
510336,2,1,0,0,0,0,37,0,0,0,13,0
510337,1,1,9,9,9,9,9,9,9,9,9,9
510338,1,1,21,21,21,21,21,21,21,21,21,21
510339,1,1,18,0,0,0,0,0,0,32,0,8
510339,2,1,0,0,0,0,0,0,0,0,0,0
510340,1,1,0,0,0,0,0,0,0,0,0,0
510341,1,1,0,0,0,0,0,0,0,0,0,0
510342,1,1,0,0,0,0,0,0,0,0,0,0
510342,2,1,0,0,0,0,6,0,0,0,0,0
510343,1,1,0,0,0,0,0,0,0,0,0,0
510344,1,1,0,0,0,0,0,0,0,0,0,0
510344,2,1,0,0,0,0,0,0,0,0,0,0
510345,1,1,29,29,29,29,29,29,29,29,29,29
510346,1,1,21,21,21,21,21,21,21,21,21,21
510347,1,1,0,0,0,0,0,5,0,0,0,0
510348,0,1,0,0,0,0,0,0,0,0,0,0
510348,1,1,0,0,0,0,11,0,0,0,0,0
510349,1,1,0,0,0,0,0,0,0,0,0,0
510350,1,1,0,0,0,0,0,0,0,0,0,0
510350,2,1,0,0,0,0,0,0,0,0,0,0
510351,1,1,0,0,0,0,0,0,0,0,0,0
510352,1,1,0,0,0,0,0,0,0,0,0,0
510352,2,1,0,0,0,0,0,0,0,0,0,0
510353,1,1,0,0,0,0,0,0,0,0,0,0
510353,2,1,11,11,11,11,11,11,11,11,11,11
510354,1,1,18,18,18,18,18,18,18,18,18,18
510355,1,1,2,2,2,2,2,2,2,2,2,2
510356,1,1,0,0,0,0,0,0,0,0,0,0
510357,1,1,0,0,0,0,0,27,29,0,0,0
510358,1,1,0,0,0,0,0,0,0,0,0,0
510358,2,1,0,0,0,0,0,15,0,0,0,0
510359,1,1,0,0,0,0,0,0,0,0,0,0
510360,1,1,0,0,0,0,0,0,0,0,0,0
510361,1,1,20,26,12,7,9,3,4,24,12,10
510362,1,1,21,0,0,0,0,0,21,11,0,0
510362,2,1,0,0,0,0,0,0,0,0,0,0
510363,1,1,0,0,0,0,0,0,0,0,0,0
510364,1,1,3,3,3,3,3,3,3,3,3,3
510365,1,1,0,0,0,0,0,0,0,0,0,0
510366,1,1,0,0,0,0,0,0,0,0,0,0
510366,2,1,0,0,0,0,0,0,0,0,0,0
510367,1,1,17,17,17,17,17,17,17,17,17,17
510368,1,1,0,0,0,0,0,0,0,0,0,0
510369,1,1,17,17,17,17,17,17,17,17,17,17
510369,2,1,0,7,0,9,6,0,0,0,0,0
510370,0,1,26,0,0,0,0,0,0,10,12,0
510370,1,1,0,17,0,0,0,0,0,0,0,11
510371,1,1,0,0,0,0,0,0,0,0,0,0
510372,1,1,0,0,0,0,0,0,0,0,0,0
510373,1,1,0,0,0,0,0,0,0,0,0,0
510374,1,1,0,0,0,0,0,0,0,0,0,0
510375,1,1,0,0,0,0,0,0,0,0,0,0
510375,2,1,0,0,0,0,0,0,0,0,0,0
510376,1,1,0,0,0,0,0,0,0,0,0,0
510376,2,1,0,0,0,0,0,0,0,0,0,0
510376,3,1,0,0,0,0,0,0,0,0,0,0
510377,1,1,0,0,0,0,0,0,0,0,0,24
510378,1,1,0,0,0,0,0,0,0,0,0,0
510379,1,1,0,0,0,0,0,0,0,0,0,0
510379,2,1,0,0,0,0,0,0,0,0,0,0
510380,1,1,0,0,0,0,0,0,0,0,0,0
510381,1,1,0,0,0,0,0,0,0,0,0,0
510381,2,1,0,0,0,0,0,0,0,0,0,0
510382,1,1,0,0,0,0,10,0,0,0,0,0
510383,1,1,0,0,0,0,0,0,0,0,0,0
510383,2,1,0,0,0,0,0,0,0,0,0,0
510384,1,1,0,12,0,0,0,0,0,0,0,0
510384,2,1,0,0,0,0,0,0,0,0,0,0
510384,3,1,0,0,0,0,0,0,0,0,0,0
510385,0,1,0,0,0,0,0,0,0,0,0,0
510385,1,1,0,0,0,0,0,0,0,0,0,0
510386,0,1,0,0,0,0,0,0,0,0,0,0
510386,1,1,0,0,0,0,0,0,0,0,0,0
510387,1,1,0,0,0,0,0,0,0,0,0,0
510387,2,1,0,0,0,0,6,0,0,0,0,0
510388,1,1,0,0,0,0,0,0,0,0,0,0
510389,1,1,0,0,0,0,0,0,0,0,0,0
510390,1,1,23,23,23,23,23,23,23,23,23,23
510391,1,1,0,0,0,0,0,0,7,0,0,0
510391,2,1,0,0,0,0,0,0,0,0,0,0
510392,1,1,0,0,0,0,0,0,0,0,0,0
510392,2,1,0,0,0,0,0,0,0,0,0,0
510393,1,1,22,22,22,22,22,22,22,22,22,22
510394,1,1,0,0,0,0,0,0,0,0,0,0
510395,1,1,0,0,0,0,0,0,0,0,0,0
510395,2,1,0,0,0,0,0,0,0,0,0,0
510396,1,1,18,18,18,18,18,18,18,18,18,18
510397,0,1,22,22,22,22,22,22,22,22,22,22
510397,1,1,0,26,0,15,0,12,0,14,19,0
510398,1,1,13,0,12,7,23,0,13,23,7,0
510399,0,1,0,0,0,0,0,0,0,0,0,0
510399,1,1,0,0,0,0,0,0,0,0,0,0
510400,1,1,0,0,0,0,0,0,0,0,0,0
510401,1,1,0,0,0,0,0,0,0,0,0,0
510402,1,1,0,0,0,0,0,0,0,0,0,0
510403,1,1,0,0,0,0,0,0,0,0,0,0
510403,2,1,0,0,0,0,0,0,0,0,0,0
510404,1,1,0,0,0,0,0,0,0,0,0,0
510405,1,1,0,0,0,0,33,0,11,0,0,0
510406,1,1,19,19,19,19,19,19,19,19,19,19
510406,2,1,0,0,0,0,0,0,0,0,0,0
510406,3,1,2,2,2,2,2,2,2,2,2,2
510407,1,1,0,0,0,0,0,0,0,0,0,0
510408,1,1,0,0,0,0,12,0,0,0,0,0
510409,0,1,17,17,17,17,17,17,17,17,17,17
510409,1,1,0,0,0,0,0,0,0,0,0,0
510410,1,1,0,0,0,0,0,0,0,0,0,0
510411,1,1,0,0,0,0,0,0,0,0,0,0
510411,2,1,0,0,0,0,0,0,0,0,0,0
510412,1,1,9,16,0,0,23,14,2,23,27,23
510413,1,1,0,0,0,0,0,0,0,0,0,0
510413,2,1,0,0,0,0,0,0,0,0,0,0
510414,1,1,0,0,0,0,0,0,0,0,0,0
510414,2,1,0,0,0,0,0,0,0,0,0,0
510415,1,1,26,26,26,26,26,26,26,26,26,26
510416,1,1,25,25,25,25,25,25,25,25,25,25
510417,1,1,0,0,0,0,0,0,0,0,0,0
510417,2,1,0,0,0,0,0,0,0,0,0,0
510418,0,1,28,28,28,28,28,28,28,28,28,28
510418,1,1,0,0,0,0,0,0,0,0,0,0
510419,1,1,0,0,0,0,0,0,0,0,0,0
510419,2,1,0,0,0,0,0,0,0,0,0,0
510420,1,1,0,0,0,0,0,0,0,0,0,0
510421,1,1,0,0,0,0,0,0,0,0,0,0
510422,1,1,15,15,15,15,15,15,15,15,15,15
510422,2,1,25,0,19,19,12,0,11,35,0,0
510423,1,1,0,0,0,0,0,0,0,0,0,0
510424,1,1,0,0,0,0,0,0,0,0,0,0
510425,1,1,0,0,0,0,0,0,0,0,0,0
510426,1,1,0,0,0,0,0,0,0,0,0,0
510427,1,1,0,0,0,0,0,0,0,0,0,0
510427,2,1,0,0,0,15,0,0,3,0,0,0
510428,0,1,0,0,0,0,0,0,0,0,0,0
510428,1,1,0,0,0,0,0,0,0,0,0,0
510429,0,1,19,19,19,19,19,19,19,19,19,19
510429,1,1,11,13,38,18,13,24,4,2,16,10
510430,1,1,0,0,0,0,0,0,0,0,0,0
510430,2,1,0,0,0,0,0,0,0,0,0,0
510431,1,1,26,26,26,26,26,26,26,26,26,26
510432,1,1,0,0,0,0,0,0,0,0,0,0
510432,2,1,0,0,0,0,0,0,0,0,0,0
510433,1,1,14,39,32,12,11,19,12,12,22,21
510434,1,1,14,29,9,12,13,6,15,10,25,15
510435,1,1,0,0,23,12,13,10,0,0,19,0
510435,2,1,0,0,0,0,0,0,0,0,0,0
510436,1,1,28,28,28,28,28,28,28,28,28,28
510437,1,1,0,0,0,0,0,0,0,0,0,0
510437,2,1,0,0,0,0,0,0,0,0,0,0
510438,1,1,13,13,13,13,13,13,13,13,13,13
510439,1,1,0,0,0,0,0,0,0,0,0,0
510439,2,1,0,30,0,0,0,0,0,0,0,0
510440,1,1,0,0,0,0,0,0,0,0,0,0
510441,1,1,0,0,0,0,0,0,0,0,0,0
510441,2,1,9,0,0,0,0,0,0,0,0,4
510442,1,1,15,15,15,15,15,15,15,15,15,15
510443,1,1,6,6,6,6,6,6,6,6,6,6
510444,1,1,0,0,0,12,0,0,0,0,0,7
510445,1,1,6,6,6,6,6,6,6,6,6,6
510446,1,1,0,0,29,0,0,0,0,0,0,0
510446,2,1,0,0,0,0,0,0,0,0,0,0
510447,1,1,0,0,0,0,0,0,0,0,0,0
510448,1,1,0,0,0,0,0,0,0,0,0,0
510448,2,1,0,0,0,0,0,0,0,0,0,0
510449,1,1,1,1,1,1,1,1,1,1,1,1
510450,0,1,0,0,0,0,0,0,0,0,0,0
510450,1,1,0,0,0,0,0,0,0,0,0,0
510451,0,1,32,32,32,32,32,32,32,32,32,32
510451,1,1,0,0,0,0,0,6,0,0,0,0
510452,1,1,0,0,0,0,0,0,0,0,0,0
510452,2,1,0,0,0,0,0,0,0,0,0,0
510452,3,1,0,0,0,0,0,0,0,0,0,0
510452,4,1,0,0,0,0,0,0,0,0,0,0
510452,5,1,0,18,0,0,0,0,0,0,0,0
510453,1,1,0,0,0,0,0,0,0,0,0,0
510453,2,1,0,0,0,0,0,0,0,0,0,0
510454,1,1,0,0,0,0,0,0,0,0,0,0
510454,2,1,0,0,0,0,0,0,0,0,0,0
510455,1,1,25,25,25,25,25,25,25,25,25,25
510456,0,1,0,0,0,0,0,0,0,0,0,0
510456,1,1,31,31,31,31,31,31,31,31,31,31
510457,1,1,15,19,20,0,8,6,24,9,22,10
510457,2,1,0,0,0,0,0,0,0,0,0,14
510458,0,1,25,25,25,25,25,25,25,25,25,25
510458,1,1,0,0,0,0,6,12,15,0,15,0
510459,0,1,0,0,0,0,0,0,0,0,0,0
510459,1,1,0,0,15,0,0,0,0,20,0,0
510460,1,1,0,0,0,0,32,9,0,0,0,0
510460,2,1,0,0,0,0,0,0,0,0,0,0
510461,1,1,20,20,20,20,20,20,20,20,20,20
510462,1,1,0,0,0,0,0,0,0,0,0,0
510463,1,1,0,0,0,0,0,0,0,0,0,0
510463,2,1,0,0,0,0,0,0,0,0,0,0
510463,3,1,1,1,1,1,1,1,1,1,1,1
510464,1,1,0,0,0,0,0,0,0,0,0,0
510465,1,1,0,0,0,0,0,0,0,0,0,0
510466,1,1,0,0,0,0,0,0,0,0,0,0
510467,1,1,0,0,0,0,0,0,0,0,0,0
510468,1,1,0,0,0,0,0,0,0,0,0,0
510468,2,1,0,0,0,0,0,0,0,0,0,0
510469,1,1,0,0,0,0,0,0,0,0,0,0
510470,1,1,0,0,0,0,0,0,0,0,0,0
510471,1,1,0,0,0,0,0,0,0,0,0,0
510472,1,1,0,0,0,0,0,0,0,0,0,0
510472,2,1,0,0,0,0,0,0,0,0,0,0
510473,1,1,0,0,0,0,0,0,0,0,0,0
510473,2,1,0,0,0,0,0,0,0,0,0,0
510474,1,1,0,0,0,0,0,0,0,0,0,0
510475,1,1,0,0,0,0,0,0,0,0,0,0