ST_CASE,VEH_NO,PER_NO,P1,P2,P3,P4,P5,P6,P7,P8,P9,P10
510476,1,1,0,0,0,0,0,0,0,0,0,0
510476,2,1,0,0,0,0,0,0,0,0,0,0
510476,3,1,0,16,0,0,0,6,5,21,8,0
510476,4,1,21,0,0,0,0,26,0,22,0,0
510477,1,1,0,0,0,0,0,0,0,0,0,0
510478,1,1,0,0,0,0,0,0,0,0,4,0
510478,2,1,0,0,0,0,0,0,0,0,0,0
510478,3,1,0,0,0,0,0,0,0,0,0,0
510478,4,1,0,15,27,6,9,17,0,21,0,0
510479,1,1,14,27,3,29,15,14,11,16,17,0
510479,2,1,0,0,0,0,0,0,0,0,0,0
510480,1,1,0,0,0,0,0,0,0,0,0,0
510481,1,1,16,0,14,8,24,32,32,14,6,26
510481,2,1,0,0,0,0,0,0,0,0,0,0
510482,1,1,9,9,9,9,9,9,9,9,9,9
510483,1,1,0,0,0,0,0,0,0,0,0,0
510484,1,1,0,0,0,0,0,0,0,0,0,0
510485,1,1,0,0,0,0,0,0,0,0,0,0
510486,1,1,0,0,0,0,0,0,0,0,0,0
510487,1,1,0,0,0,0,0,0,0,0,0,0
510488,1,1,0,0,0,0,0,0,0,0,0,0
510488,2,1,0,0,0,0,0,0,0,0,0,0
510488,3,1,0,0,0,0,0,0,0,0,0,0
510489,1,1,0,0,0,0,0,0,0,0,0,0
510489,2,1,0,17,0,0,0,0,0,0,0,0
510489,3,1,0,0,0,0,0,0,0,0,0,0
510490,1,1,0,0,0,0,0,0,0,0,0,0
510490,2,1,0,0,0,0,0,0,0,0,0,0
510491,1,1,0,0,0,0,0,4,0,0,0,0
510492,0,1,0,0,0,0,0,0,0,0,0,0
510492,1,1,12,9,19,18,22,12,0,6,12,14
510492,2,1,0,0,0,0,0,0,0,0,0,0
510493,1,1,0,0,0,0,0,0,0,0,0,0
510493,2,1,0,0,0,0,0,0,0,0,0,0
510494,1,1,0,0,0,0,0,0,0,0,0,0
510495,1,1,0,0,0,0,0,0,0,0,0,6
510495,2,1,0,0,0,0,0,0,0,0,0,0
510496,1,1,0,0,0,0,0,0,0,0,0,0
510496,2,1,0,0,0,0,0,0,0,0,0,0
510497,0,1,18,12,19,11,25,14,40,18,32,25
510497,1,1,0,0,0,0,0,0,0,0,0,0
510498,1,1,0,0,0,0,0,0,0,0,0,0
510499,1,1,37,21,23,26,19,4,15,27,23,34
510500,1,1,0,0,0,0,0,0,0,0,0,0
510501,1,1,0,0,0,0,0,0,0,0,0,0
510502,1,1,35,14,0,16,0,16,18,12,21,16
510502,2,1,0,0,24,0,0,13,0,0,0,0
510503,1,1,6,12,7,18,17,13,0,8,19,21
510504,1,1,2,2,2,2,2,2,2,2,2,2
510505,1,1,0,0,0,0,0,0,0,0,0,0
510505,2,1,0,0,0,0,0,0,0,0,0,0
510506,1,1,14,14,14,14,14,14,14,14,14,14
510507,0,1,0,0,0,0,0,0,0,0,0,0
510507,1,1,0,0,0,0,0,0,0,0,0,0
510508,1,1,0,0,0,0,0,0,0,0,0,0
510509,1,1,0,0,0,0,28,0,0,24,18,0
510510,1,1,0,0,0,0,0,0,0,0,0,0
510511,1,1,0,0,0,0,0,0,0,0,0,0
510511,2,1,0,0,0,0,0,0,0,0,0,0
510512,1,1,0,10,0,0,0,0,0,0,0,0
510513,1,1,0,0,0,0,0,0,0,0,0,0
510514,1,1,0,0,0,0,0,0,0,0,0,0
510514,2,1,0,0,0,0,0,0,0,0,0,0
510515,1,1,0,0,0,0,0,0,0,0,0,0
510516,1,1,0,0,0,0,0,0,0,0,0,0
510516,2,1,7,0,13,11,0,16,0,0,15,0
510517,1,1,0,0,0,0,0,0,0,0,0,0
510517,2,1,0,0,0,0,0,0,0,0,0,0
510518,1,1,0,0,0,0,0,0,0,0,0,0
510519,1,1,1,1,1,1,1,1,1,1,1,1
510520,1,1,11,11,11,11,11,11,11,11,11,11
510520,2,1,0,0,0,0,0,0,0,0,0,0
510521,0,1,0,0,0,0,0,0,0,0,0,0
510521,1,1,0,0,0,0,0,0,0,0,0,0
510521,2,1,0,0,11,0,0,0,0,0,24,11
510522,1,1,0,0,0,0,0,0,0,0,0,0
510522,2,1,0,0,0,0,0,0,0,0,0,0
510523,1,1,15,15,15,15,15,15,15,15,15,15
510524,1,1,17,17,17,17,17,17,17,17,17,17
510525,1,1,0,0,0,0,0,11,0,0,0,0
510525,2,1,0,0,0,0,0,0,0,9,0,0
510526,1,1,0,0,0,0,0,0,0,20,0,0
510527,1,1,0,0,0,0,0,0,0,0,0,0
510527,2,1,0,10,9,0,0,0,0,0,0,0
510528,1,1,0,0,0,0,0,0,0,0,0,0
510528,2,1,0,0,0,0,0,0,0,0,0,0
510529,1,1,0,0,0,0,0,0,0,0,0,0
510529,2,1,0,0,0,0,0,0,0,0,0,0
510530,1,1,0,0,0,0,0,0,0,0,0,0
510530,2,1,0,0,0,0,0,0,0,0,0,0
510531,0,1,7,7,7,7,7,7,7,7,7,7
510531,1,1,0,0,7,0,0,0,0,0,0,0
510532,1,1,5,17,17,9,12,43,5,2,26,4
510532,2,1,0,0,0,0,0,0,0,0,0,0
510533,1,1,0,0,0,0,0,0,0,0,0,0
510534,1,1,0,0,0,0,0,0,0,0,0,0
510535,1,1,0,15,0,0,0,0,0,0,0,0
510536,1,1,0,0,0,0,0,0,0,0,0,0
510537,1,1,0,0,0,0,0,33,0,11,0,0
510537,2,1,14,0,7,16,0,5,0,5,11,12
510538,1,1,0,0,0,0,0,0,0,0,0,0
510538,2,1,0,0,0,0,0,0,0,0,31,0
510539,1,1,0,0,0,0,0,0,0,0,0,0
510539,2,1,0,0,0,0,0,0,0,0,0,0
510539,3,1,0,0,0,0,0,0,0,0,0,0
510540,1,1,0,0,0,0,0,0,0,0,0,0
510540,2,1,0,0,0,0,0,0,0,0,0,0
510540,3,1,0,0,0,0,0,0,0,0,0,0
510541,1,1,0,0,0,0,0,0,0,0,0,0
510542,1,1,0,0,0,0,0,0,0,0,0,0
510543,1,1,0,21,0,0,0,0,0,0,0,0
510543,2,1,0,0,0,0,0,0,0,0,0,0
510544,1,1,16,8,0,0,15,0,0,35,0,0
510545,1,1,12,12,12,12,12,12,12,12,12,12
510546,1,1,0,0,0,0,0,0,0,0,0,0
510546,2,1,23,6,0,0,0,0,0,19,0,0
510547,1,1,9,9,9,9,9,9,9,9,9,9
510548,1,1,0,0,0,0,0,0,0,0,0,0
510549,1,1,0,18,12,18,0,3,21,0,0,17
510550,1,1,1,1,1,1,1,1,1,1,1,1
510551,1,1,0,0,0,0,0,0,0,0,0,0
510552,1,1,9,0,0,0,0,0,0,0,0,0
510553,1,1,24,0,18,9,16,15,15,18,25,34
510554,1,1,32,32,32,32,32,32,32,32,32,32
510555,1,1,27,27,27,27,27,27,27,27,27,27
510556,1,1,0,9,0,0,0,0,0,0,0,0
510556,2,1,0,0,0,0,0,0,0,3,0,0
510557,1,1,0,0,0,0,0,0,0,9,0,0
510558,1,1,24,24,24,24,24,24,24,24,24,24
510559,1,1,0,0,0,0,0,0,0,0,0,0
510560,1,1,0,0,0,0,0,0,0,0,0,0
510561,0,1,0,0,0,0,0,0,0,0,0,0
510561,1,1,0,0,0,0,0,0,0,0,0,0
510562,1,1,0,0,0,0,0,0,0,0,0,0
510562,2,1,0,0,0,0,0,0,0,0,0,0
510562,3,1,0,0,0,0,0,0,0,0,0,0
510563,1,1,17,0,13,0,20,23,21,15,0,18
510563,2,1,0,0,0,0,0,0,0,0,0,0
510565,1,1,0,0,0,0,0,0,0,0,0,0
510565,2,1,0,0,0,0,0,0,0,0,0,0
510566,0,1,0,0,0,0,0,0,0,0,0,0
510566,1,1,0,0,0,0,0,0,0,0,0,0
510567,0,1,26,26,26,26,26,26,26,26,26,26
510567,1,1,18,28,17,8,28,20,20,5,5,5
510568,0,1,0,0,0,0,0,0,0,0,0,0
510568,1,1,0,0,0,0,0,0,0,0,0,0
510569,0,1,0,0,0,0,0,0,0,0,0,0
510569,1,1,0,0,0,0,0,0,0,0,0,0
510570,0,1,0,0,0,0,0,0,0,0,0,0
510570,1,1,0,0,0,0,0,19,0,0,0,0
510571,1,1,0,0,0,0,0,0,0,0,0,0
510571,2,1,0,0,0,0,0,0,0,0,0,0
510571,3,1,0,0,0,0,0,0,0,0,0,0
510571,4,1,0,0,0,0,0,0,0,0,0,0
510571,5,1,0,0,0,0,0,0,0,0,0,0
510571,6,1,0,0,0,0,0,0,0,0,0,0
510571,7,1,0,0,0,0,0,0,0,0,0,0
510571,8,1,0,0,0,0,0,0,0,0,0,0
510571,9,1,0,0,0,0,0,0,0,0,0,0
510571,10,1,0,0,0,0,0,0,0,0,0,0
510571,11,1,0,0,0,0,0,0,0,0,0,0
510572,1,1,15,15,15,15,15,15,15,15,15,15
510573,1,1,0,0,0,0,0,0,0,0,0,0
510574,0,1,0,0,0,0,0,0,0,0,0,0
510574,1,1,0,0,0,0,0,0,0,0,0,0
510575,1,1,0,0,0,0,0,0,0,0,0,0
510575,2,1,0,0,0,0,0,0,0,0,0,0
510576,1,1,27,0,0,15,0,0,0,0,0,16
510577,1,1,0,0,0,0,0,0,0,0,0,0
510578,1,1,0,0,0,0,0,0,0,0,0,0
510579,0,1,22,12,23,15,20,18,46,11,26,8
510579,1,1,24,0,5,14,23,12,2,9,2,0
510580,1,1,26,26,32,28,25,18,19,14,20,24
510581,1,1,2,2,2,2,2,2,2,2,2,2
510582,0,1,18,25,26,27,25,36,16,18,25,20
510582,1,1,0,0,0,0,0,0,0,0,0,0
510583,1,1,0,0,0,0,0,0,0,0,0,0
510584,0,1,0,0,0,0,0,0,0,0,0,0
510584,1,1,0,9,5,0,23,20,0,0,0,16
510585,1,1,0,0,0,0,0,0,0,0,0,0
510586,1,1,0,0,0,0,0,0,0,0,0,0
510586,2,1,0,0,0,0,0,0,0,0,0,0
510587,1,1,0,0,0,0,0,0,0,0,0,0
510587,2,1,0,0,0,0,0,0,0,0,0,0
510588,1,1,14,14,14,14,14,14,14,14,14,14
510588,2,1,0,0,0,0,0,0,0,0,0,0
510589,1,1,0,0,0,0,0,0,0,0,0,0
510589,2,1,0,0,0,0,0,0,0,0,0,0
510589,3,1,0,0,0,0,0,0,0,0,0,0
510589,4,1,0,0,0,0,0,0,0,0,0,0
510590,1,1,21,21,21,21,21,21,21,21,21,21
510591,1,1,12,12,12,12,12,12,12,12,12,12
510592,1,1,0,0,0,0,0,0,0,0,0,0
510592,2,1,0,0,0,0,0,0,0,0,0,0
510593,1,1,0,0,0,0,0,0,0,0,0,0
510594,1,1,0,0,0,0,0,0,0,0,0,0
510595,1,1,17,17,17,17,17,17,17,17,17,17
510596,1,1,4,8,0,22,13,0,11,5,0,14
510597,1,1,0,0,0,0,0,0,0,0,0,0
510597,2,1,0,0,0,0,0,0,0,0,0,4
510598,1,1,0,0,0,0,0,0,0,0,0,0
510599,1,1,0,0,0,0,0,0,0,5,0,0
510599,2,1,0,0,0,0,0,0,0,0,0,0
510600,0,1,0,0,0,0,0,0,0,0,0,0
510600,1,1,0,0,0,0,0,0,0,0,0,0
510601,1,1,0,17,0,0,0,0,0,0,0,0
510602,1,1,0,0,0,0,0,0,0,0,0,0
510603,1,1,16,16,16,16,16,16,16,16,16,16
510604,1,1,0,0,0,0,0,0,0,0,0,0
510604,2,1,0,0,0,0,0,0,0,0,0,0
510605,1,1,0,0,0,0,0,0,18,0,0,6
510605,2,1,0,0,0,0,0,0,0,0,0,0
510605,3,1,0,0,0,0,0,0,0,0,0,0
510606,1,1,0,0,0,0,0,0,0,0,0,0
510607,1,1,19,19,19,19,19,19,19,19,19,19
510607,2,1,0,0,0,0,0,0,0,0,0,0
510608,1,1,0,0,0,0,0,0,0,0,0,0
510608,2,1,0,0,0,0,0,0,0,0,0,0
510609,0,1,0,0,0,0,0,0,0,0,0,0
510609,1,1,20,0,23,13,0,21,0,10,33,0
510610,1,1,0,0,0,23,0,0,0,0,0,0
510610,2,1,0,0,0,0,0,0,0,0,0,0
510611,1,1,0,0,0,0,0,0,0,0,0,0
510612,1,1,0,0,0,0,0,0,0,0,0,0
510613,1,1,0,0,0,0,0,0,0,0,0,0
510613,2,1,0,0,0,0,0,0,0,0,0,0
510613,3,1,0,0,0,0,0,0,0,0,0,0
510614,0,1,0,0,0,0,0,0,0,0,0,0
510614,0,2,0,0,0,0,0,0,0,5,0,0
510614,1,1,0,0,0,0,0,0,0,0,0,0
510615,1,1,0,0,0,0,0,0,0,0,0,0
510616,1,1,0,0,0,0,0,0,0,0,0,0
510617,1,1,20,4,21,10,0,12,22,20,19,0
510618,1,1,14,14,14,14,14,14,14,14,14,14
510618,2,1,1,1,1,1,1,1,1,1,1,1
510619,1,1,0,0,0,0,0,0,0,0,0,0
510620,1,1,0,0,0,0,0,0,0,0,0,0
510620,2,1,0,10,0,0,0,3,11,0,0,0
510620,3,1,0,0,0,0,0,0,0,0,0,0
510621,1,1,0,0,0,0,0,0,0,0,0,0
510621,2,1,0,0,0,0,0,0,0,0,0,0
510622,1,1,0,0,0,0,0,0,0,0,0,0
510623,1,1,0,0,0,0,0,0,0,0,0,0
510624,0,1,0,0,0,0,0,0,0,0,0,0
510624,1,1,0,0,0,0,0,0,0,0,0,0
510624,2,1,0,14,0,0,0,0,0,0,0,0
510625,1,1,0,0,0,0,0,0,0,0,0,0
510626,1,1,0,0,0,0,0,0,0,0,0,0
510627,1,1,0,0,0,0,0,0,0,0,0,0
510627,2,1,0,0,0,0,0,0,0,0,0,0
510627,3,1,0,0,0,0,0,0,0,0,0,0
510627,4,1,0,0,0,0,0,0,0,0,0,0
510627,5,1,0,0,0,0,0,0,0,0,0,0
510627,6,1,0,0,0,0,0,0,0,0,0,0
510628,1,1,20,15,0,17,14,30,32,21,18,16
510629,1,1,31,31,31,31,31,31,31,31,31,31
510630,0,1,0,0,0,0,0,0,0,0,0,0
510630,1,1,0,0,0,0,0,0,0,15,0,0
510631,1,1,0,0,0,0,0,0,0,0,0,0
510631,2,1,0,0,0,0,0,0,0,0,0,0
510632,0,1,25,0,0,0,13,0,0,27,0,0
510632,1,1,0,0,0,0,24,0,0,0,0,0
510633,1,1,0,0,0,0,0,0,0,0,0,0
510633,2,1,0,0,0,0,0,0,0,0,0,0
510634,1,1,0,0,0,0,0,0,0,0,0,0
510635,1,1,0,0,0,0,0,0,0,0,0,0
510635,2,1,0,0,0,0,0,0,0,0,0,0
510635,3,1,0,0,0,0,0,0,0,0,0,0
510635,4,1,0,0,0,0,0,0,0,0,0,0
510635,5,1,0,0,0,0,0,0,0,0,0,0
510635,6,1,0,0,0,0,0,0,0,0,0,0
510636,1,1,4,15,0,19,0,8,0,16,14,8
510636,2,1,0,0,0,0,0,0,0,0,0,0
510637,1,1,0,0,0,0,0,0,0,0,0,0
510637,2,1,0,0,0,0,0,0,0,0,0,0
510638,1,1,1,1,1,1,1,1,1,1,1,1
510639,1,1,0,0,0,0,0,0,0,0,0,0
510639,2,1,0,0,0,0,0,0,0,0,0,0
510640,1,1,0,0,0,0,0,0,0,0,0,0
510641,1,1,0,0,0,0,0,0,0,0,0,0
510642,1,1,0,0,0,0,0,0,0,0,0,0
510643,0,1,11,44,16,12,0,24,0,27,17,5
510643,1,1,0,0,0,0,0,0,0,0,0,0
510644,1,1,0,0,0,0,0,0,0,0,0,0
510645,1,1,0,0,0,0,0,0,0,0,0,0
510645,2,1,0,0,0,0,0,0,0,0,0,0
510646,1,1,2,27,13,11,16,17,30,11,18,25
510646,2,1,0,0,0,0,0,0,0,0,0,0
510647,1,1,0,0,0,0,0,0,0,0,0,0
510647,2,1,6,6,6,6,6,6,6,6,6,6
510648,1,1,1,1,1,1,1,1,1,1,1,1
510648,2,1,0,0,0,0,0,0,0,0,0,0
510649,1,1,22,22,22,22,22,22,22,22,22,22
510650,1,1,0,0,0,0,0,0,19,0,0,0
510650,2,1,0,0,0,0,0,0,0,0,0,0
510651,1,1,0,0,0,0,0,0,0,0,0,0
510652,1,1,0,0,0,0,0,9,0,0,0,0
510653,1,1,0,0,0,0,0,0,0,0,0,0
510653,2,1,0,0,0,0,0,0,0,0,0,0
510654,1,1,0,0,0,0,0,0,0,0,0,0
510655,1,1,0,0,0,0,0,0,0,0,0,0
510655,2,1,0,0,0,0,0,0,0,0,0,0
510656,1,1,0,0,0,0,0,6,0,0,0,0
510656,2,1,0,0,0,0,0,0,0,0,0,0
510657,0,1,32,0,18,25,19,10,37,15,16,21
510657,1,1,0,0,0,0,0,0,0,0,0,0
510658,1,1,0,0,0,0,0,0,0,0,0,0
510659,1,1,0,0,0,0,0,0,0,0,0,0
510659,2,1,0,0,0,0,0,0,0,0,0,0
510660,1,1,0,0,0,0,0,0,0,0,0,0
510660,2,1,0,0,0,0,0,0,0,0,0,0
510661,0,1,24,0,0,0,0,0,0,0,0,0
510661,1,1,0,0,0,0,0,0,0,0,0,0
510662,0,1,39,28,52,31,40,11,24,36,21,23
510662,1,1,0,0,14,24,0,0,0,0,0,0
510663,1,1,1,1,1,1,1,1,1,1,1,1
510664,1,1,31,16,28,22,16,18,30,38,29,33
510665,1,1,17,17,17,17,17,17,17,17,17,17
510666,1,1,12,12,12,12,12,12,12,12,12,12
510667,1,1,0,0,0,0,0,0,0,0,0,0
510667,2,1,0,0,0,0,0,0,0,0,0,0
510667,3,1,0,0,0,0,0,0,0,0,0,0
510668,1,1,24,24,24,24,24,24,24,24,24,24
510669,1,1,0,0,0,0,0,0,0,0,0,0
510669,2,1,0,0,0,0,0,0,0,0,0,0
510670,1,1,0,0,0,0,26,0,0,0,0,0
510671,1,1,0,0,0,0,0,0,0,0,0,0
510672,1,1,0,0,0,0,0,0,0,0,0,0
510672,2,1,0,0,0,0,0,0,0,0,0,0
510673,0,1,0,0,0,0,0,11,16,0,0,0
510673,1,1,6,10,14,13,19,0,17,0,25,0
510674,1,1,19,19,19,19,19,19,19,19,19,19
510674,2,1,48,0,0,0,0,4,13,0,0,0
510674,3,1,0,0,0,0,0,0,0,0,0,0
510675,1,1,0,0,0,0,0,0,0,0,0,0
510676,1,1,2,2,2,2,2,2,2,2,2,2
510677,1,1,0,0,0,0,0,0,0,0,0,0
510677,2,1,0,0,0,0,0,0,0,0,0,0
510678,1,1,0,0,0,0,0,0,0,0,0,0
510679,1,1,0,0,0,0,0,0,0,0,0,0
510679,2,1,0,0,0,0,0,0,0,0,0,0
510680,1,1,23,23,23,23,23,23,23,23,23,23
510681,1,1,0,0,0,0,0,0,0,0,0,0
510681,2,1,0,0,0,0,0,0,0,0,0,0
510682,1,1,2,2,2,2,2,2,2,2,2,2
510683,1,1,4,4,4,4,4,4,4,4,4,4
510683,2,1,0,0,0,0,0,0,0,0,0,0
510683,3,1,0,0,0,0,0,0,0,0,0,0
510684,1,1,27,27,27,27,27,27,27,27,27,27
510685,1,1,31,31,31,31,31,31,31,31,31,31
510686,0,1,0,0,0,0,0,22,0,0,0,0
510686,1,1,0,0,0,0,0,0,0,0,0,0
510687,1,1,22,22,22,22,22,22,22,22,22,22
510688,0,1,16,8,24,5,13,11,30,17,33,24
510688,1,1,0,0,0,0,0,0,0,0,0,0
510689,0,1,0,0,0,0,0,0,0,0,0,0
510689,1,1,0,15,0,0,0,0,2,0,0,0
510690,1,1,0,0,8,0,0,0,0,0,0,0
510690,2,1,0,0,0,0,0,0,0,0,0,0
510691,1,1,0,16,11,11,14,12,0,3,7,0
510691,2,1,0,8,0,0,0,0,0,0,0,0
510692,1,1,0,0,0,0,0,0,0,0,0,0
510693,1,1,7,14,19,19,17,3,23,0,18,12
510693,2,1,0,0,0,18,0,0,0,0,0,0
530001,1,1,26,26,26,26,26,26,26,26,26,26
530002,0,1,0,0,0,0,0,0,0,0,0,0
530002,1,1,0,0,0,0,0,0,0,0,0,0
530003,1,1,0,0,0,0,0,0,0,0,0,0
530004,1,1,5,5,5,5,5,5,5,5,5,5
530005,1,1,20,20,20,20,20,20,20,20,20,20
530006,1,1,0,0,0,0,0,0,0,0,0,0
530006,2,1,0,0,0,0,0,0,0,0,0,0
530007,1,1,20,20,20,20,20,20,20,20,20,20
530007,2,1,0,0,0,0,0,0,0,0,0,0
530007,3,1,0,0,0,0,0,0,0,0,0,0
530008,1,1,0,0,0,0,0,0,0,0,0,0
530008,2,1,10,0,0,0,0,0,0,0,0,0
530009,1,1,0,0,0,0,0,0,0,0,0,0
530009,2,1,0,0,0,0,0,0,0,0,0,0
530011,1,1,0,0,0,0,0,0,0,0,0,0
530012,1,1,3,3,3,3,3,3,3,3,3,3
530013,1,1,7,7,7,7,7,7,7,7,7,7
530013,2,1,13,0,0,0,8,0,9,22,0,12
530013,3,1,0,0,0,0,0,0,0,0,0,0
530014,1,1,15,15,15,15,15,15,15,15,15,15
530015,1,1,0,0,0,0,0,0,0,0,0,0
530016,1,1,11,11,11,11,11,11,11,11,11,11
530016,2,1,0,0,25,16,0,0,0,0,0,0
530017,0,1,0,0,0,0,0,0,0,0,0,0
530017,1,1,0,0,0,0,13,0,0,0,0,16
530017,2,1,1,1,1,1,1,1,1,1,1,1
530018,1,1,21,21,21,21,21,21,21,21,21,21
530019,0,1,19,19,19,19,19,19,19,19,19,19
530019,1,1,0,0,0,0,0,0,0,0,0,0
530020,1,1,16,0,0,0,0,0,0,0,0,0
530021,1,1,15,15,15,15,15,15,15,15,15,15
530022,1,1,20,20,20,20,20,20,20,20,20,20
530023,1,1,0,0,0,0,0,0,0,0,0,0
530023,2,1,0,0,0,0,0,0,0,0,0,0
530024,1,1,0,0,0,0,0,0,0,0,0,0
530024,2,1,0,0,0,0,0,0,0,0,0,0
530024,3,1,0,0,0,0,0,0,0,0,0,0
530025,0,1,0,0,0,0,0,0,0,0,0,0
530025,1,1,0,0,0,0,0,0,0,0,0,0
530026,1,1,0,0,0,0,0,0,0,0,0,0
530027,1,1,29,20,11,13,19,7,23,26,11,22
530027,2,1,0,0,0,0,0,0,0,0,0,0
530028,1,1,6,6,6,6,6,6,6,6,6,6
530028,2,1,13,13,13,13,13,13,13,13,13,13
530029,1,1,0,0,0,0,0,0,0,0,0,0
530029,2,1,0,0,0,0,0,0,0,0,0,0
530030,0,1,0,0,0,0,0,0,0,0,0,0
530030,1,1,0,0,0,0,0,0,0,0,0,0
530031,1,1,16,16,16,16,16,16,16,16,16,16
530032,0,1,0,0,0,0,0,0,0,0,0,0
530032,1,1,0,0,0,0,0,0,0,0,0,0
530032,2,1,0,26,0,0,15,28,0,0,0,0
530033,0,1,0,0,0,0,0,0,0,0,0,0
530033,1,1,0,0,0,0,0,0,0,0,0,0
530034,1,1,26,26,26,26,26,26,26,26,26,26
530035,1,1,0,0,0,0,0,0,0,0,0,0
530036,1,1,21,21,21,21,21,21,21,21,21,21
530036,2,1,12,0,0,0,0,0,0,0,0,0
530037,1,1,0,0,0,0,0,0,0,0,0,0
530038,1,1,0,21,0,0,0,0,23,7,20,0
530039,1,1,6,11,0,0,0,0,11,0,0,0
530040,1,1,0,0,0,0,0,0,0,0,0,0
530040,2,1,0,0,0,0,0,0,0,0,0,0
530041,0,1,0,0,0,0,0,0,0,0,0,0
530041,1,1,0,0,0,0,0,0,0,0,0,0
530042,0,1,0,0,0,0,0,0,0,0,28,0
530042,0,2,0,0,0,11,0,0,22,0,0,0
530042,1,1,9,9,9,9,9,9,9,9,9,9
530043,0,1,21,21,21,21,21,21,21,21,21,21
530043,1,1,0,0,0,0,0,0,0,0,0,0
530044,1,1,0,0,0,0,0,0,0,0,0,0
530044,2,1,0,0,0,0,0,0,0,0,0,0
530045,1,1,21,21,21,21,21,21,21,21,21,21
530045,2,1,0,0,0,0,0,0,0,0,0,0
530046,1,1,0,0,0,0,0,0,0,0,0,0
530047,1,1,21,21,21,21,21,21,21,21,21,21
530048,1,1,0,0,0,0,0,0,0,0,0,0
530050,1,1,0,0,18,0,0,10,0,0,37,5
530051,1,1,0,0,0,0,0,0,0,0,0,0
530051,2,1,0,0,0,0,0,0,0,0,0,0
530052,0,1,0,0,0,0,0,0,0,0,0,0
530052,1,1,20,20,20,20,20,20,20,20,20,20
530053,1,1,0,0,0,0,0,0,0,0,0,0
530054,0,1,14,14,14,14,14,14,14,14,14,14
530054,1,1,0,0,0,0,0,0,0,0,0,0
530055,1,1,0,0,0,0,0,0,0,0,0,0
530055,2,1,0,0,0,0,0,0,0,0,0,0
530055,3,1,0,0,0,0,0,0,0,0,0,0
530056,1,1,14,14,14,14,14,14,14,14,14,14
530056,2,1,0,0,0,0,0,0,0,0,0,0
530057,1,1,29,29,29,29,29,29,29,29,29,29
530058,1,1,23,23,21,17,0,0,0,0,0,0
530059,1,1,0,0,0,0,0,0,0,0,0,0
530060,1,1,0,0,0,0,0,0,0,0,0,0
530061,1,1,19,19,19,19,19,19,19,19,19,19
530062,1,1,0,0,0,0,0,0,0,0,0,0
530063,1,1,15,15,15,15,15,15,15,15,15,15
530063,2,1,0,0,0,0,25,0,0,0,0,0
530064,1,1,20,20,20,20,20,20,20,20,20,20
530065,0,1,0,0,0,0,0,0,0,0,0,0
530065,1,1,0,0,0,0,0,0,0,0,0,0
530066,1,1,14,14,14,14,14,14,14,14,14,14
530067,1,1,0,0,0,0,0,0,0,0,0,0
530067,2,1,0,0,0,0,0,0,0,0,0,0
530068,1,1,26,26,26,26,26,26,26,26,26,26
530068,2,1,9,9,9,9,9,9,9,9,9,9
530069,1,1,15,15,15,15,15,15,15,15,15,15
530070,1,1,0,0,0,0,0,0,0,0,0,0
530071,1,1,20,20,20,20,20,20,20,20,20,20
530071,2,1,0,0,0,0,0,0,0,0,0,0
530072,1,1,27,27,27,27,27,27,27,27,27,27
530073,1,1,20,20,20,20,20,20,20,20,20,20
530074,1,1,0,0,0,0,0,0,0,0,0,0
530075,0,1,27,27,27,27,27,27,27,27,27,27
530075,1,1,0,0,0,0,0,0,0,0,0,0
530076,1,1,17,17,17,17,17,17,17,17,17,17
530077,1,1,17,17,17,17,17,17,17,17,17,17
530078,1,1,0,0,0,0,0,0,0,0,0,0
530079,1,1,18,18,18,18,18,18,18,18,18,18
530080,1,1,0,0,0,0,0,0,0,0,0,0
530080,2,1,0,0,0,12,0,0,0,0,0,0
530080,3,1,0,0,0,0,0,0,0,0,0,0
530081,1,1,0,0,0,0,0,0,0,0,0,0
530081,2,1,0,0,0,0,0,0,0,0,0,0
530082,1,1,0,0,0,0,0,0,0,0,0,0
530082,2,1,0,0,0,0,0,0,0,0,0,0
530083,1,1,18,18,18,18,18,18,18,18,18,18
530083,2,1,0,0,0,0,0,0,0,0,0,0
530084,1,1,0,0,0,0,0,0,0,0,0,0
530085,1,1,11,11,11,11,11,11,11,11,11,11
530087,1,1,0,0,0,0,0,0,0,0,0,0
530088,1,1,0,0,0,0,0,0,0,0,0,0
530089,1,1,11,11,11,11,11,11,11,11,11,11
530090,0,1,38,38,38,38,38,38,38,38,38,38
530090,1,1,0,0,0,0,0,0,0,0,0,0
530091,1,1,0,0,0,0,0,0,0,0,0,0
530091,2,1,0,0,0,0,0,0,0,0,0,0
530092,1,1,20,20,20,20,20,20,20,20,20,20
530093,0,1,0,0,0,0,0,0,0,0,0,0
530093,1,1,0,0,0,0,18,0,0,28,0,0
530094,0,1,12,12,12,12,12,12,12,12,12,12
530094,1,1,0,0,0,0,0,0,0,0,0,0
530095,1,1,0,0,0,0,0,0,0,0,0,0
530096,0,1,0,0,0,0,0,0,0,0,0,0
530096,1,1,21,21,21,21,21,21,21,21,21,21
530097,1,1,0,0,0,0,0,0,0,0,0,0
530098,1,1,0,0,0,0,0,0,0,0,0,0
530098,2,1,0,0,0,0,0,0,0,0,0,0
530099,1,1,0,0,0,0,0,0,0,0,0,0