ST_CASE,VEH_NO,PER_NO,P1,P2,P3,P4,P5,P6,P7,P8,P9,P10
530414,1,1,0,0,0,0,0,0,0,0,0,0
530414,2,1,0,0,0,0,0,0,0,0,0,0
530415,1,1,27,0,0,0,0,26,0,0,0,0
530416,0,1,0,0,0,0,0,0,0,0,0,0
530416,1,1,0,0,0,0,0,0,0,0,0,0
530417,1,1,0,0,0,0,0,0,0,0,0,0
530418,0,1,0,0,0,0,0,0,0,0,0,0
530418,1,1,0,0,0,0,0,0,0,0,0,0
530419,1,1,0,0,0,0,0,0,0,0,0,0
530420,0,1,0,0,0,0,0,0,0,0,0,0
530420,1,1,0,0,0,0,0,0,0,0,0,0
530421,1,3,0,46,14,11,0,0,14,17,0,0
530422,1,1,0,0,0,0,0,0,0,21,0,0
530422,2,1,0,0,0,0,0,0,0,0,0,0
530424,1,1,12,12,12,12,12,12,12,12,12,12
530425,0,1,0,0,0,0,0,0,0,0,0,0
530425,1,1,10,0,0,0,0,0,0,0,0,0
530426,1,1,14,14,14,14,14,14,14,14,14,14
530426,2,1,0,0,0,0,0,0,0,0,0,0
530426,3,1,0,0,0,0,0,0,0,0,0,0
530427,1,1,0,0,0,0,0,0,0,0,0,0
530427,2,1,0,0,0,0,0,0,0,0,0,0
530427,3,1,0,0,0,0,0,0,0,0,0,0
530427,4,1,0,0,0,0,0,0,0,0,0,0
530428,1,1,17,17,17,17,17,17,17,17,17,17
530429,0,1,32,32,32,32,32,32,32,32,32,32
530429,1,1,14,0,0,0,0,0,0,0,0,0
530430,1,1,0,0,0,0,0,0,8,0,0,0
530431,0,1,21,0,0,0,0,0,0,0,0,0
530431,1,1,0,0,0,0,0,0,0,0,0,0
530432,1,1,22,22,22,22,22,22,22,22,22,22
530432,2,1,0,17,0,0,0,0,21,0,0,0
540001,1,1,0,0,0,0,0,0,0,0,0,0
540002,1,1,0,0,0,0,0,0,0,0,0,0
540003,1,1,14,14,14,14,14,14,14,14,14,14
540004,1,1,0,0,0,0,0,0,0,0,0,0
540004,2,1,0,0,0,0,0,0,0,0,0,0
540005,1,1,0,0,0,0,0,0,0,0,0,0
540006,1,1,0,0,0,0,0,0,0,0,0,0
540006,2,1,0,0,0,0,0,0,0,0,0,0
540007,1,1,21,21,21,21,21,21,21,21,21,21
540008,1,1,28,28,28,28,28,28,28,28,28,28
540009,1,1,32,32,32,32,32,32,32,32,32,32
540010,1,1,31,31,31,31,31,31,31,31,31,31
540012,1,1,0,0,0,0,0,0,0,0,0,0
540013,1,1,13,13,13,13,13,13,13,13,13,13
540014,1,1,15,15,15,15,15,15,15,15,15,15
540015,1,1,0,0,0,0,0,0,0,0,0,0
540015,2,1,0,0,0,0,0,0,0,0,0,0
540015,3,1,0,0,0,0,0,0,0,0,0,0
540016,1,1,0,0,0,0,0,0,0,0,0,0
540016,2,1,0,0,0,0,0,0,0,0,0,0
540017,1,1,0,0,0,0,0,0,0,0,0,0
540018,1,1,0,0,0,0,0,0,0,0,0,0
540018,2,1,35,35,35,35,35,35,35,35,35,35
540019,1,1,0,0,0,0,0,0,0,0,0,0
540019,2,1,0,0,0,0,0,0,0,0,0,0
540020,1,1,0,0,0,0,0,0,0,0,0,0
540020,2,1,0,0,23,0,18,13,0,0,0,0
540021,0,1,0,0,0,0,0,0,0,0,0,0
540021,1,1,0,0,0,0,0,0,0,0,0,0
540022,0,1,0,0,0,0,0,0,0,0,0,0
540022,1,1,0,0,0,0,0,0,0,0,0,0
540023,1,1,0,0,0,0,0,0,0,0,0,0
540023,2,1,0,0,0,0,0,0,0,0,0,0
540023,3,1,0,0,0,0,0,0,0,0,0,0
540023,4,1,0,0,0,0,0,0,0,0,0,0
540024,1,1,0,0,0,0,0,0,0,0,0,0
540024,2,1,0,0,0,0,0,0,0,0,0,0
540025,1,1,0,0,0,0,0,0,0,0,0,0
540026,1,1,0,0,0,0,0,0,0,0,0,0
540026,2,1,0,0,0,0,0,0,0,0,0,0
540027,1,1,0,0,0,0,0,0,0,0,0,0
540028,1,1,0,0,0,0,0,0,0,0,0,0
540029,1,1,0,0,0,0,0,0,0,0,0,0
540030,1,1,0,0,0,0,0,0,0,0,0,0
540030,2,1,0,34,0,0,0,0,0,0,0,0
540031,1,1,0,0,0,0,0,0,0,0,0,0
540031,2,1,0,0,0,0,0,0,0,0,0,0
540032,1,1,0,0,0,0,0,0,0,0,0,0
540033,1,1,0,0,0,0,0,0,0,0,0,0
540034,1,1,0,0,0,0,0,0,0,0,0,0
540034,2,1,0,0,0,0,0,0,0,0,0,0
540034,3,1,0,0,0,0,0,0,0,0,0,0
540035,1,1,0,0,0,0,0,0,0,0,0,0
540035,2,1,0,0,0,0,0,0,0,0,0,0
540036,1,1,0,0,0,0,0,0,0,0,0,0
540037,1,1,25,25,25,25,25,25,25,25,25,25
540038,1,1,0,0,0,0,0,0,0,0,0,0
540039,1,1,4,4,4,4,4,4,4,4,4,4
540040,1,1,31,31,31,31,31,31,31,31,31,31
540041,1,1,0,0,0,0,0,0,0,0,0,0
540042,1,1,0,0,0,0,0,0,0,0,0,0
540042,2,1,24,24,24,24,24,24,24,24,24,24
540043,1,1,0,0,0,0,0,0,0,0,0,0
540043,2,1,18,18,18,18,18,18,18,18,18,18
540044,1,1,0,0,0,0,0,0,0,0,0,0
540045,1,1,0,0,0,0,0,0,0,0,0,0
540046,0,1,0,0,0,0,0,0,0,0,0,0
540046,1,1,0,0,0,0,0,0,0,0,0,0
540047,1,1,14,14,14,14,14,14,14,14,14,14
540047,2,1,0,0,0,0,0,0,0,0,0,0
540048,0,1,25,25,25,25,25,25,25,25,25,25
540048,1,1,10,0,15,30,11,5,8,8,12,0
540049,1,1,0,0,0,0,0,0,0,0,0,0
540049,2,1,0,0,0,0,0,0,0,0,0,0
540050,1,1,20,20,20,20,20,20,20,20,20,20
540051,1,1,0,0,0,0,0,0,0,0,0,0
540051,2,1,0,0,0,0,0,0,0,0,0,0
540052,1,1,0,0,0,0,0,0,0,0,0,0
540052,2,1,0,0,0,0,0,0,0,0,0,0
540052,3,1,0,0,0,0,0,0,0,0,0,0
540053,1,1,0,0,0,0,0,0,0,0,0,0
540054,1,1,16,16,16,16,16,16,16,16,16,16
540055,1,1,18,18,18,18,18,18,18,18,18,18
540056,1,1,0,0,0,2,0,0,0,0,0,0
540056,2,1,0,0,0,0,0,0,0,0,0,0
540057,1,1,0,0,0,0,0,0,0,0,0,0
540058,1,1,16,16,16,16,16,16,16,16,16,16
540059,1,1,0,0,0,0,0,0,0,0,0,0
540059,2,1,0,0,0,0,0,0,0,0,0,0
540060,1,1,26,26,26,26,26,26,26,26,26,26
540061,1,1,0,0,0,0,0,0,0,0,0,0
540062,1,1,0,0,0,0,0,0,0,0,0,0
540062,2,1,0,0,0,0,0,0,0,0,0,0
540063,1,1,19,19,19,19,19,19,19,19,19,19
540064,1,1,15,15,15,15,15,15,15,15,15,15
540065,1,1,0,0,0,0,0,0,0,0,0,0
540065,2,1,0,0,0,0,0,0,0,0,0,0
540065,3,1,0,0,0,0,0,0,0,0,0,0
540066,0,1,0,0,0,0,0,0,0,0,0,0
540066,1,1,10,0,0,12,0,0,0,0,0,0
540067,1,1,0,0,0,0,0,0,0,0,0,0
540068,1,1,0,0,0,0,0,0,0,0,0,0
540069,1,1,0,0,0,0,0,0,0,0,0,0
540070,1,1,0,0,0,0,0,0,0,0,0,0
540071,1,1,16,16,16,16,16,16,16,16,16,16
540072,1,1,18,18,18,18,18,18,18,18,18,18
540073,1,1,0,0,0,0,0,0,0,0,0,0
540073,2,1,0,0,0,0,0,0,0,0,0,0
540073,3,1,0,0,0,0,0,0,0,0,0,0
540074,1,1,4,4,4,4,4,4,4,4,4,4
540074,2,1,0,0,0,0,0,0,0,0,0,0
540076,1,1,0,0,0,0,0,0,0,0,0,0
540077,1,1,3,3,3,3,3,3,3,3,3,3
540078,1,1,0,0,0,0,0,0,0,0,0,0
540078,2,1,0,0,0,0,0,0,0,0,4,0
540079,1,1,11,11,11,11,11,11,11,11,11,11
540080,1,1,4,4,4,4,4,4,4,4,4,4
540081,0,1,35,35,35,35,35,35,35,35,35,35
540081,1,1,0,16,0,0,0,0,0,0,0,0
540082,1,1,24,24,24,24,24,24,24,24,24,24
540083,1,1,0,0,0,0,0,0,0,0,0,0
540084,1,1,23,23,23,23,23,23,23,23,23,23
540085,1,1,15,0,0,0,0,0,0,0,0,0
540086,1,1,0,0,0,0,0,0,0,0,0,0
540087,1,1,0,0,0,0,0,0,0,0,0,0
540087,2,1,0,0,0,0,0,0,0,0,0,0
540088,1,1,0,0,0,0,0,0,0,0,0,0
540088,2,1,0,0,0,0,0,0,0,0,0,0
540089,1,1,0,0,0,0,0,0,0,0,0,0
540090,1,1,0,0,0,0,0,0,0,0,0,0
540091,1,1,0,0,0,0,0,0,0,0,0,0
540092,1,1,0,0,0,0,0,0,0,0,0,0
540093,1,1,0,0,0,0,0,0,0,0,0,0
540094,1,1,23,23,23,23,23,23,23,23,23,23
540095,1,1,0,0,0,0,0,0,0,0,0,0
540096,1,1,10,0,0,0,0,2,0,0,0,0
540096,2,1,0,0,0,0,0,0,0,0,0,0
540097,1,1,0,0,0,0,0,0,0,0,0,0
540097,2,1,0,0,0,0,0,0,0,0,15,18
540098,1,1,38,38,38,38,38,38,38,38,38,38
540098,2,1,0,0,0,0,0,0,0,0,0,0
540099,1,1,0,0,0,0,0,0,0,0,0,0
540099,2,1,0,0,0,0,0,0,0,0,0,0
540100,1,1,0,0,0,0,0,0,0,0,0,0
540100,2,1,0,0,0,0,0,0,0,0,0,0
540100,3,1,0,0,0,0,0,0,0,0,0,0
540101,1,1,16,16,16,16,16,16,16,16,16,16
540102,1,1,18,18,18,18,18,18,18,18,18,18
540103,1,1,0,0,0,0,0,0,0,0,0,0
540104,1,1,0,0,0,0,0,0,0,0,0,0
540105,1,1,22,22,22,22,22,22,22,22,22,22
540105,2,1,0,0,0,0,0,0,0,0,0,0
540106,1,1,0,0,18,0,0,0,0,0,0,0
540106,2,1,0,0,0,0,0,0,0,0,0,0
540107,1,1,0,0,0,0,0,0,0,0,0,0
540108,1,1,0,0,0,0,0,0,0,0,0,0
540109,0,1,17,17,17,17,17,17,17,17,17,17
540109,1,1,0,0,0,0,0,0,0,0,0,0
540110,1,1,0,0,0,0,0,0,0,0,0,0
540111,1,1,0,0,0,0,0,0,0,0,0,0
540111,2,1,0,0,0,0,0,0,0,0,0,0
540112,1,1,0,0,0,0,0,0,0,0,0,0
540112,2,1,0,0,0,0,0,0,0,0,0,0
540113,0,1,21,21,21,21,21,21,21,21,21,21
540113,1,1,0,0,0,0,0,0,0,0,0,0
540114,1,1,23,23,23,23,23,23,23,23,23,23
540115,1,1,0,0,0,0,0,0,0,0,0,0
540116,0,1,0,0,0,0,0,0,0,0,0,0
540116,1,1,0,0,0,0,0,0,0,0,0,0
540117,1,1,0,0,8,0,0,0,0,0,0,0
540117,2,1,21,0,0,0,0,0,0,0,0,0
540118,1,1,0,0,0,0,0,0,0,0,0,0
540118,2,1,0,0,0,0,0,0,0,0,0,0
540119,1,1,0,0,0,0,0,0,0,0,0,0
540121,1,1,19,19,19,19,19,19,19,19,19,19
540122,1,1,0,0,0,0,0,0,0,0,0,0
540123,1,1,24,24,24,24,24,24,24,24,24,24
540124,1,1,0,0,0,0,0,0,0,0,0,0
540125,1,1,0,0,0,0,0,0,0,0,0,0
540125,2,1,0,0,0,0,0,0,0,0,0,0
540126,1,1,25,25,25,25,25,25,25,25,25,25
540127,1,1,0,0,0,0,0,0,0,0,0,0
540127,2,1,23,23,23,23,23,23,23,23,23,23
540128,1,1,1,1,1,1,1,1,1,1,1,1
540129,1,1,0,0,0,0,0,0,0,0,0,0
540130,1,1,0,0,0,0,0,0,0,0,0,0
540131,1,1,0,0,0,0,0,0,0,0,0,0
540131,2,1,0,0,0,0,0,0,0,0,0,0
540132,1,1,12,12,12,12,12,12,12,12,12,12
540133,1,1,20,20,20,20,20,20,20,20,20,20
540134,0,1,24,24,24,24,24,24,24,24,24,24
540134,1,1,0,18,0,0,5,0,0,0,9,0
540135,1,1,0,0,0,0,0,0,0,0,0,0
540136,1,1,15,15,15,15,15,15,15,15,15,15
540137,1,1,11,11,8,0,22,8,0,27,31,17
540137,2,1,0,0,0,0,0,0,0,0,0,0
540138,1,1,0,0,0,0,0,0,0,0,0,0
540138,2,1,0,0,0,0,0,0,0,0,0,0
540139,1,1,0,0,0,0,0,0,0,0,0,0
540140,1,1,0,0,0,30,0,10,0,0,0,0
540141,1,1,0,0,0,0,0,0,0,0,0,0
540142,1,1,44,44,44,44,44,44,44,44,44,44
540143,1,1,0,0,0,0,0,0,0,0,0,0
540144,1,1,19,19,19,19,19,19,19,19,19,19
540145,1,1,14,14,14,14,14,14,14,14,14,14
540146,1,1,0,0,0,0,0,0,0,0,0,0
540147,1,1,0,0,0,0,0,0,0,0,0,0
540148,1,1,0,0,0,0,0,0,0,0,0,0
540148,2,1,5,5,5,5,5,5,5,5,5,5
540149,1,1,0,0,0,0,0,0,0,0,0,0
540149,2,1,0,0,0,0,4,0,0,0,0,0
540150,1,1,0,0,0,0,0,0,0,0,0,0
540150,2,1,0,0,0,0,0,0,0,0,0,0
540151,1,1,0,0,0,0,0,0,0,0,0,0
540151,2,1,0,0,0,0,0,0,0,0,0,0
540152,1,1,0,0,0,0,0,0,0,0,0,0
540153,1,1,0,0,0,0,0,0,0,0,0,0
540154,1,1,0,0,0,0,0,5,0,0,0,0
540154,2,1,0,0,0,0,0,0,0,0,0,0
540155,1,1,0,0,0,0,0,0,0,0,0,0
540155,2,1,54,54,54,54,54,54,54,54,54,54
540155,3,1,0,0,0,0,0,0,0,0,0,0
540156,1,1,0,0,0,0,0,0,0,0,0,0
540156,2,1,0,0,0,0,0,0,0,0,0,0
540157,1,1,0,0,0,0,0,0,0,0,0,0
540157,2,1,0,0,0,0,0,0,0,0,0,0
540158,1,1,0,0,0,0,0,0,0,0,0,0
540158,2,1,0,0,0,0,0,0,0,0,0,0
540158,3,1,0,0,0,0,0,0,0,0,0,0
540159,1,1,0,0,0,0,0,0,0,0,0,0
540160,1,1,0,0,0,0,0,0,0,0,0,0
540160,2,1,0,0,0,0,0,0,0,0,0,0
540161,1,1,21,21,21,21,21,21,21,21,21,21
540162,1,1,24,24,24,24,24,24,24,24,24,24
540163,1,1,22,0,22,0,0,0,9,0,0,0
540163,2,1,0,0,0,0,10,0,0,0,0,0
540164,1,1,3,3,3,3,3,3,3,3,3,3
540165,1,1,20,20,20,20,20,20,20,20,20,20
540166,1,1,0,0,13,0,0,0,0,0,0,0
540167,1,1,0,0,0,0,0,0,0,0,0,0
540168,1,1,0,0,0,0,0,0,0,0,0,0
540169,1,1,0,0,0,0,0,0,0,0,0,0
540169,2,1,0,0,0,0,16,0,0,0,0,0
540170,1,1,0,0,0,0,0,0,0,0,0,0
540171,1,1,0,0,0,0,0,0,0,0,0,0
540172,1,1,0,0,0,0,0,0,0,0,0,0
540173,1,1,0,0,0,0,0,0,0,0,0,0
540174,1,1,18,18,18,18,18,18,18,18,18,18
540175,1,1,0,0,0,4,0,0,0,0,0,0
540176,1,1,17,17,17,17,17,17,17,17,17,17
540177,1,1,0,0,0,0,0,0,0,0,0,0
540178,1,1,0,0,0,0,0,0,0,0,0,0
540179,1,1,0,0,0,0,0,0,0,0,0,0
540180,1,1,0,0,0,0,0,0,0,0,0,0
540181,1,1,0,0,0,0,0,0,0,0,0,0
540181,2,1,0,0,0,0,0,0,0,0,0,0
540182,1,1,21,21,21,21,21,21,21,21,21,21
540183,1,1,37,37,37,37,37,37,37,37,37,37
540183,2,1,0,0,0,0,0,0,0,0,0,0
540184,1,1,5,5,5,5,5,5,5,5,5,5
540185,1,1,0,0,0,0,0,0,0,0,0,0
540186,0,1,0,0,0,0,0,0,0,0,0,0
540186,1,1,0,0,0,0,0,0,0,0,0,0
540187,1,1,0,0,0,0,0,0,0,0,0,0
540187,2,1,0,0,0,0,0,0,0,0,0,0
540187,3,1,0,0,0,0,0,0,0,0,0,0
540188,1,1,13,13,13,13,13,13,13,13,13,13
540188,2,1,16,4,11,2,6,13,15,7,0,0
540189,1,1,0,0,0,0,0,0,0,0,0,0
540190,1,1,0,0,0,0,0,0,0,0,0,0
540190,2,1,0,0,0,0,0,0,0,0,0,0
540191,1,1,20,20,20,20,20,20,20,20,20,20
540192,1,1,21,10,23,14,10,8,32,29,29,16
540193,0,1,0,29,13,38,32,28,19,15,8,19
540193,1,1,0,0,0,0,0,0,0,0,0,0
540194,0,1,0,0,0,0,0,0,0,0,0,0
540194,1,1,0,0,0,14,0,0,15,0,0,0
540195,1,1,7,7,7,7,7,7,7,7,7,7
540196,1,1,11,11,11,11,11,11,11,11,11,11
540197,1,1,0,0,0,0,0,0,0,0,0,0
540197,2,1,0,0,0,0,0,0,0,0,0,0
540198,1,1,0,0,0,0,0,0,0,0,0,0
540198,2,1,0,0,0,0,0,0,0,0,0,0
540199,1,1,8,8,8,8,8,8,8,8,8,8
540199,2,1,5,5,5,5,5,5,5,5,5,5
540200,1,1,12,12,12,12,12,12,12,12,12,12
540201,1,1,0,0,0,0,0,0,0,0,0,0
540202,1,1,0,0,0,0,0,0,0,0,0,0
540203,1,1,19,19,19,19,19,19,19,19,19,19
540204,1,1,21,21,21,21,21,21,21,21,21,21
540205,1,1,23,23,23,23,23,23,23,23,23,23
540206,1,1,0,0,0,0,0,0,0,0,0,0
540206,2,1,0,0,0,0,0,0,0,0,0,0
540207,1,1,0,0,0,0,0,0,0,0,0,0
540207,2,1,0,0,0,0,0,0,0,0,0,0
540208,1,1,0,0,0,0,0,0,0,0,0,0
540208,2,1,0,0,11,0,0,0,0,0,0,0
540209,1,1,0,0,0,0,0,0,0,0,0,0
540209,2,1,0,0,0,0,0,0,0,0,0,0
540210,1,1,0,0,0,0,0,0,0,0,0,0
540210,2,1,0,0,0,0,0,0,0,0,0,0
540211,1,1,0,0,0,0,0,0,0,0,0,0
540211,2,1,0,0,8,0,0,0,0,0,0,0
540212,1,1,11,11,11,11,11,11,11,11,11,11
540212,2,1,0,0,0,0,0,0,0,0,0,0
540213,1,1,0,0,0,0,0,0,0,0,0,0
540213,2,1,0,0,0,0,0,0,0,0,0,0
540214,1,1,0,0,0,0,0,0,0,0,0,0
540214,2,1,0,0,0,0,0,0,0,0,0,22
540215,1,1,0,0,0,0,0,0,0,0,0,0
540216,1,1,0,0,0,0,0,0,0,0,0,0
540216,2,1,0,0,0,0,0,0,0,0,0,0
540217,1,1,13,13,13,13,13,13,13,13,13,13
540218,1,1,0,0,0,0,0,0,0,0,0,0
540218,2,1,0,0,0,0,0,0,0,0,0,0
540219,1,1,0,0,0,0,0,0,0,0,0,0
540220,1,1,0,0,0,0,0,0,0,0,0,0
540220,2,1,0,0,0,0,0,0,0,0,0,0
540220,3,1,0,0,0,0,0,0,0,0,0,0
540221,1,1,0,0,0,12,0,0,12,17,0,0
540221,2,1,0,0,0,0,0,0,0,0,0,0
540221,3,1,0,0,0,0,0,0,0,0,0,0
540222,1,1,21,21,21,21,21,21,21,21,21,21
540223,1,1,0,0,0,0,0,0,0,0,0,0
540224,1,1,0,0,0,0,0,0,0,0,0,0
540225,1,1,0,0,0,0,0,0,0,0,0,0
540226,1,1,7,8,26,18,5,30,22,10,30,2
540227,1,1,10,9,21,18,16,6,16,18,14,17
540228,1,1,12,12,12,12,12,12,12,12,12,12
540229,1,1,12,12,12,12,12,12,12,12,12,12
540230,1,1,17,17,17,17,17,17,17,17,17,17
540231,1,1,0,0,0,0,0,0,0,0,0,0
540232,1,1,0,0,0,0,0,0,0,0,0,0
540233,1,1,0,0,0,0,0,0,0,0,0,0
540234,1,1,13,13,13,13,13,13,13,13,13,13
540235,1,1,0,0,0,0,0,0,0,0,0,0
540236,1,1,0,0,0,0,0,0,0,0,0,0
540237,1,1,0,0,0,0,0,0,0,0,0,0
540237,2,1,0,0,0,0,0,0,0,0,0,0
540238,1,1,0,0,0,0,0,0,0,0,0,0
540238,2,1,0,0,0,0,0,0,0,0,0,0
540239,1,1,0,0,0,0,0,0,0,0,0,0
540239,2,1,0,0,0,0,0,0,0,0,0,0
540240,1,1,0,0,0,0,0,0,0,0,0,0
540240,2,1,0,0,0,0,0,22,0,0,0,0
540240,3,1,0,0,0,0,0,0,0,0,0,0
540241,1,1,19,19,19,19,19,19,19,19,19,19
540242,1,1,17,17,17,17,17,17,17,17,17,17
540243,1,1,0,0,0,0,0,0,0,0,0,0
540243,2,1,0,0,0,0,0,0,0,0,0,0
540244,1,1,18,18,18,18,18,18,18,18,18,18
540245,1,1,0,0,0,0,0,0,0,0,0,0
540246,1,1,0,0,0,0,0,0,0,0,0,0
540247,1,1,0,0,0,0,0,0,0,0,0,0
540249,1,1,18,18,18,18,18,18,18,18,18,18
540250,1,1,0,0,0,0,0,0,0,0,0,0
540251,1,1,52,52,52,52,52,52,52,52,52,52
540252,1,1,20,20,20,20,20,20,20,20,20,20
540253,1,1,0,0,0,0,0,0,25,8,11,0
540253,2,1,0,0,0,0,0,0,0,0,0,0
540253,3,1,0,0,0,0,0,0,0,0,0,0
540254,1,1,0,0,0,0,0,0,0,0,0,0
540254,2,1,0,0,0,0,0,0,0,0,0,0
540255,1,1,0,0,0,0,0,0,0,0,0,0
540255,2,1,1,1,1,1,1,1,1,1,1,1
540256,1,1,0,0,0,0,0,0,0,0,0,0
540257,1,1,6,6,6,6,6,6,6,6,6,6
540257,2,1,0,0,0,0,0,0,0,0,0,0
540257,3,1,0,0,0,0,0,0,0,0,0,0
540258,1,1,0,0,0,8,0,0,0,0,0,0
540258,2,1,0,0,0,0,0,0,0,0,0,0
540259,1,1,0,0,0,0,0,0,0,0,0,0
540260,1,1,25,25,25,25,25,25,25,25,25,25
540261,1,1,2,2,2,2,2,2,2,2,2,2
540261,2,1,0,0,0,0,0,0,0,0,0,0
540262,1,1,0,0,0,0,0,0,0,0,0,0
540262,2,1,0,0,0,0,0,0,0,0,0,0
540263,1,1,32,32,32,32,32,32,32,32,32,32
540263,2,1,0,0,0,0,0,0,0,0,0,0
540264,1,1,0,0,0,0,0,0,0,0,0,0
540265,0,1,31,31,31,31,31,31,31,31,31,31
540265,1,1,0,0,0,0,0,0,0,0,17,0
540266,1,1,0,0,0,19,0,0,0,0,0,15
540267,1,1,0,0,0,0,0,0,0,0,0,0
540268,1,1,0,0,0,0,0,0,0,0,0,0
540269,0,1,19,19,19,19,19,19,19,19,19,19
540269,1,1,0,0,0,0,0,0,0,0,0,0
540270,1,1,21,7,12,21,27,22,15,24,18,6
540271,1,1,0,0,0,0,0,0,0,0,0,0
540272,1,1,0,0,0,0,0,0,0,0,0,0
540272,2,1,0,0,0,9,0,0,0,0,0,0
540273,1,1,0,0,0,0,0,0,0,0,0,0
540274,1,1,29,29,29,29,29,29,29,29,29,29
540275,1,1,0,0,0,0,0,0,0,0,0,0
540275,2,1,0,0,0,0,0,0,0,0,0,0
540275,3,1,0,0,4,0,0,0,0,0,0,0
540276,1,1,0,0,0,0,0,0,0,0,0,0
540277,1,1,0,0,0,0,0,0,0,0,0,0
540278,1,1,16,16,16,16,16,16,16,16,16,16
540278,2,1,0,0,0,0,0,0,0,0,0,0
540279,1,1,0,0,0,0,0,0,0,0,0,32
540279,2,1,0,0,0,0,0,0,0,0,0,0
540280,0,1,0,0,0,0,0,0,0,0,0,0
540280,1,1,0,0,0,8,0,0,0,0,0,0
540280,2,1,0,0,0,0,0,0,0,0,0,0
540281,1,1,0,0,0,0,0,0,0,0,0,0
540281,2,1,0,0,0,0,0,9,0,0,0,0
540282,1,1,0,0,0,0,0,0,0,0,0,0
540282,2,1,0,0,0,0,0,0,0,0,0,0
540282,3,1,0,0,0,0,0,0,0,0,0,0
540282,4,1,14,0,0,0,0,0,0,0,0,0
540282,5,1,20,0,0,0,0,0,0,0,0,0
540282,6,1,0,0,0,0,0,0,0,0,0,0
540283,1,1,0,0,0,0,0,0,0,0,0,0
540283,2,1,0,0,0,0,0,21,0,0,0,0
540284,1,1,24,24,24,24,24,24,24,24,24,24
540284,2,1,0,0,10,0,0,0,0,0,16,0
540284,3,1,14,25,19,0,0,12,0,14,26,27
540284,4,1,6,18,4,5,11,10,19,13,10,7
540285,1,1,3,3,3,3,3,3,3,3,3,3
540286,1,1,0,0,0,0,0,0,0,0,0,0
540286,2,1,0,0,0,0,0,0,0,0,0,0
550001,1,1,0,0,0,0,0,0,0,0,0,0
550001,2,1,0,0,0,0,0,0,0,0,0,0
550002,1,1,14,14,14,14,14,14,14,14,14,14
550002,2,1,6,6,6,6,6,6,6,6,6,6
550003,1,1,25,25,25,25,25,25,25,25,25,25
550003,2,1,0,0,0,0,0,0,0,0,0,0
550004,1,1,36,36,36,36,36,36,36,36,36,36
550005,0,1,10,10,10,10,10,10,10,10,10,10
550005,1,1,0,0,0,0,0,0,0,0,0,0
550006,1,1,26,26,26,26,26,26,26,26,26,26
550007,1,1,0,0,0,0,0,0,0,0,0,0
550008,1,1,0,0,0,0,0,0,0,0,0,0
550008,2,1,32,32,32,32,32,32,32,32,32,32
550009,0,1,0,0,0,0,0,0,0,0,0,0
550009,1,1,0,0,0,0,0,0,0,0,0,0
550010,1,1,0,0,0,0,0,0,0,0,0,0
550010,2,1,0,0,0,0,0,0,0,0,0,0
550011,1,1,26,26,26,26,26,26,26,26,26,26
550012,1,1,0,0,0,0,0,0,0,0,0,0
550012,2,1,0,0,0,0,0,0,0,0,0,0
550013,1,1,0,0,0,0,0,0,0,0,0,0
550014,1,1,0,0,0,0,0,0,0,0,0,0
550015,1,1,29,29,29,29,29,29,29,29,29,29
550016,0,1,8,8,8,8,8,8,8,8,8,8
550016,1,1,0,0,0,0,0,13,0,0,0,0
550017,1,1,0,0,0,0,0,0,0,0,0,0
550017,2,1,0,0,0,0,0,0,0,0,0,0
550018,1,1,0,0,0,0,0,0,0,0,0,0
550018,2,1,17,17,17,17,17,17,17,17,17,17
550018,3,1,0,8,5,13,0,6,27,0,0,0
550018,4,1,1,1,1,1,1,1,1,1,1,1
550019,1,1,10,10,10,10,10,10,10,10,10,10
550020,1,1,28,28,28,28,28,28,28,28,28,28
550021,1,1,19,19,19,19,19,19,19,19,19,19
550022,1,1,0,0,0,0,0,0,0,0,0,0
550023,1,1,0,0,0,0,0,0,0,0,0,0
550023,2,1,0,0,0,0,0,0,0,0,0,0
550024,1,1,23,23,23,23,23,23,23,23,23,23
550025,1,1,24,8,0,0,0,0,0,0,0,0
550025,2,1,10,10,10,10,10,10,10,10,10,10
550026,1,1,0,0,0,0,0,0,0,0,0,0
550027,1,1,0,0,0,0,0,0,0,0,0,0
550027,2,1,0,0,0,0,0,0,0,0,0,0
550028,1,1,21,21,21,21,21,21,21,21,21,21
550029,1,1,0,0,0,0,0,0,0,0,0,0
550030,1,1,0,0,0,0,0,0,0,0,0,0
550031,1,1,0,0,0,0,0,0,0,0,0,0
550031,2,1,0,0,0,0,0,0,0,0,0,0
550032,1,1,0,0,0,0,0,0,0,0,0,0
550032,2,1,0,0,0,0,0,0,0,0,0,0
550033,1,1,0,0,0,0,0,0,0,0,0,0
550033,2,1,0,0,0,0,0,0,0,0,0,0
550033,3,1,0,0,0,0,0,0,0,0,0,0
550034,1,1,16,16,16,16,16,16,16,16,16,16
550034,2,1,0,0,0,0,0,0,0,0,0,0