ST_CASE,VEH_NO,PER_NO,P1,P2,P3,P4,P5,P6,P7,P8,P9,P10
550035,1,1,0,16,0,0,17,0,0,0,7,0
550035,2,1,0,0,0,0,0,0,0,0,0,0
550036,0,1,0,0,0,0,0,0,0,0,0,0
550036,1,1,0,0,0,0,0,0,0,0,0,0
550037,1,1,30,30,30,30,30,30,30,30,30,30
550038,1,1,0,0,0,0,0,0,0,0,0,0
550038,2,1,0,0,0,0,0,0,0,0,0,0
550039,1,1,0,0,0,0,0,0,0,0,0,0
550040,1,1,38,38,38,38,38,38,38,38,38,38
550041,1,1,3,3,3,3,3,3,3,3,3,3
550041,2,1,9,9,9,9,9,9,9,9,9,9
550042,1,1,20,20,20,20,20,20,20,20,20,20
550042,2,1,0,0,0,26,0,23,0,26,0,11
550043,1,1,16,16,16,16,16,16,16,16,16,16
550044,1,1,0,0,0,0,0,0,0,0,0,0
550045,1,1,15,15,15,15,15,15,15,15,15,15
550046,1,1,26,26,26,26,26,26,26,26,26,26
550047,1,1,0,0,0,0,0,0,7,0,0,0
550047,2,1,0,0,0,0,0,0,0,0,0,0
550048,1,1,0,0,0,0,0,0,0,0,0,0
550049,1,1,0,0,0,0,0,0,0,0,0,0
550049,2,1,12,12,12,12,12,12,12,12,12,12
550050,1,1,21,21,21,21,21,21,21,21,21,21
550051,1,1,0,0,0,0,0,0,0,0,0,0
550051,2,1,0,0,0,0,0,0,0,0,0,0
550051,3,1,0,29,0,0,0,0,0,0,0,0
550052,1,1,0,0,0,0,0,0,0,0,0,0
550053,0,1,0,0,0,0,0,0,0,0,0,0
550053,1,1,0,0,0,0,0,0,0,0,0,0
550054,0,1,13,13,13,13,13,13,13,13,13,13
550054,1,1,11,11,11,11,11,11,11,11,11,11
550055,0,1,0,0,0,0,0,0,0,0,0,0
550055,1,1,0,0,14,9,0,2,10,0,0,0
550056,1,1,9,12,0,0,33,10,12,34,41,29
550057,1,1,0,0,0,0,0,0,0,0,0,0
550058,1,1,0,0,11,0,0,8,0,0,0,0
550058,2,1,0,0,0,0,0,0,0,0,0,0
550058,3,1,0,0,13,17,0,12,35,8,0,0
550059,1,1,0,0,0,0,0,0,0,0,0,0
550059,2,1,0,0,0,0,0,0,0,0,0,0
550060,1,1,31,31,31,31,31,31,31,31,31,31
550061,1,1,0,0,0,0,0,0,0,0,0,0
550061,2,1,0,0,0,0,0,0,0,0,0,0
550061,3,1,0,0,0,0,0,0,0,0,0,0
550062,1,1,0,0,0,0,0,0,0,0,0,0
550062,2,1,0,0,0,0,0,0,0,0,0,0
550063,1,1,33,33,33,33,33,33,33,33,33,33
550064,1,1,1,1,1,1,1,1,1,1,1,1
550065,1,1,0,0,0,0,0,0,0,0,0,0
550066,1,1,27,27,27,27,27,27,27,27,27,27
550066,2,1,0,0,0,0,0,0,0,0,0,0
550067,1,1,20,20,20,20,20,20,20,20,20,20
550068,1,1,19,19,19,19,19,19,19,19,19,19
550069,1,1,25,25,25,25,25,25,25,25,25,25
550069,2,1,0,0,0,0,0,0,0,0,0,0
550069,3,1,0,0,2,0,0,0,0,0,5,0
550070,1,1,28,28,28,28,28,28,28,28,28,28
550071,1,1,0,0,0,0,0,0,0,0,0,0
550071,2,1,0,0,0,0,0,0,0,0,0,0
550071,3,1,0,0,0,0,0,0,0,0,0,0
550072,0,1,0,0,0,0,0,0,0,0,0,0
550072,1,1,11,11,11,11,11,11,11,11,11,11
550073,1,1,0,0,0,0,0,0,0,0,0,0
550074,1,1,0,0,0,0,0,0,0,0,0,0
550075,1,1,0,0,0,0,0,0,0,0,0,0
550076,1,1,0,0,0,0,0,0,0,0,0,0
550076,2,1,0,0,0,0,0,0,0,0,0,0
550077,1,1,0,0,0,0,0,0,0,0,0,14
550077,2,1,0,0,0,0,0,0,0,0,0,0
550077,3,1,16,0,0,0,0,0,0,0,0,0
550078,1,1,0,0,0,0,0,0,0,0,0,0
550078,2,1,0,0,0,0,0,0,0,0,0,0
550079,1,1,0,0,0,0,0,0,0,0,0,0
550079,2,1,0,0,0,0,0,0,0,0,0,0
550080,1,1,0,0,0,0,0,0,0,0,0,0
550080,2,1,0,0,0,0,0,0,0,0,0,0
550081,1,1,5,5,5,5,5,5,5,5,5,5
550082,1,1,0,0,0,0,0,0,0,0,0,0
550082,2,1,16,16,16,16,16,16,16,16,16,16
550083,0,1,34,34,34,34,34,34,34,34,34,34
550083,1,1,0,0,0,0,0,0,0,0,0,0
550084,1,1,0,0,0,0,0,0,0,0,0,0
550084,2,1,0,0,0,0,0,0,0,0,0,0
550085,1,1,0,0,0,0,0,0,0,0,0,0
550086,1,1,0,0,0,0,0,0,0,0,0,0
550087,1,1,19,19,19,19,19,19,19,19,19,19
550088,1,1,10,10,10,10,10,10,10,10,10,10
550088,2,1,16,16,16,16,16,16,16,16,16,16
550089,1,1,18,18,18,18,18,18,18,18,18,18
550090,0,1,0,0,0,0,0,0,0,0,0,0
550090,1,1,0,0,0,0,0,0,0,0,0,0
550091,1,1,0,0,0,0,0,0,0,0,0,0
550091,2,1,0,0,0,0,0,0,0,0,0,0
550092,1,1,0,0,0,0,0,0,0,0,0,0
550093,1,1,0,0,0,0,0,0,0,0,0,0
550093,2,1,0,0,0,0,0,0,0,0,0,0
550094,1,1,0,0,0,0,0,0,0,0,0,0
550094,2,1,0,0,0,0,0,0,0,0,0,0
550095,1,1,0,0,0,0,0,0,0,0,0,0
550095,2,1,0,0,0,0,0,0,0,0,0,0
550096,1,1,15,15,15,15,15,15,15,15,15,15
550097,1,1,0,0,0,0,0,0,0,0,0,0
550098,1,1,11,11,11,11,11,11,11,11,11,11
550098,2,1,20,20,20,20,20,20,20,20,20,20
550098,3,1,7,7,7,7,7,7,7,7,7,7
550098,4,1,16,16,16,16,16,16,16,16,16,16
550099,1,1,19,19,19,19,19,19,19,19,19,19
550100,1,1,23,23,23,23,23,23,23,23,23,23
550101,1,1,32,32,32,32,32,32,32,32,32,32
550102,0,1,0,0,0,0,0,0,0,0,0,0
550102,1,1,0,0,0,0,0,0,0,0,0,0
550103,1,1,0,0,0,0,0,0,0,0,0,0
550103,2,1,0,0,0,0,0,0,0,0,0,0
550103,3,1,0,0,0,0,0,0,0,0,17,0
550104,1,1,19,19,19,19,19,19,19,19,19,19
550105,1,1,28,28,28,28,28,28,28,28,28,28
550106,1,1,0,0,0,0,0,36,0,0,0,0
550107,1,1,22,22,22,22,22,22,22,22,22,22
550108,1,1,33,33,33,33,33,33,33,33,33,33
550109,1,1,5,5,5,5,5,5,5,5,5,5
550110,1,1,12,12,12,12,12,12,12,12,12,12
550111,1,1,0,0,0,0,0,0,0,0,0,0
550111,2,1,0,0,0,0,0,0,0,0,0,0
550112,0,1,21,21,21,21,21,21,21,21,21,21
550112,1,1,17,17,17,17,17,17,17,17,17,17
550113,1,1,0,0,0,0,0,0,0,0,0,0
550113,2,1,16,16,16,16,16,16,16,16,16,16
550114,1,1,0,0,0,0,0,7,0,0,0,0
550114,2,1,4,0,0,0,0,0,0,0,0,0
550115,1,1,0,0,0,0,0,0,0,0,0,0
550115,2,1,0,0,0,0,0,0,0,0,0,0
550116,1,1,5,5,5,5,5,5,5,5,5,5
550117,1,1,25,25,25,25,25,25,25,25,25,25
550118,1,1,0,0,0,0,0,0,0,0,0,0
550118,2,1,0,0,0,0,0,0,0,0,0,0
550119,1,1,13,13,13,13,13,13,13,13,13,13
550120,1,1,20,20,20,20,20,20,20,20,20,20
550120,2,1,0,0,0,0,0,0,0,0,0,0
550121,0,1,0,0,0,0,0,0,0,0,0,0
550121,1,1,0,0,0,0,0,0,0,0,0,0
550122,1,1,0,0,0,0,0,0,0,0,0,0
550122,2,1,0,0,0,0,0,0,0,0,0,0
550123,1,1,0,0,0,0,0,0,0,0,0,0
550124,0,1,12,12,12,12,12,12,12,12,12,12
550124,1,1,0,0,15,10,0,20,0,0,0,0
550125,1,1,0,0,0,0,0,0,0,0,0,0
550125,2,1,0,0,0,0,0,0,0,0,0,0
550125,3,1,0,0,0,0,0,0,0,0,0,0
550126,1,1,15,15,15,15,15,15,15,15,15,15
550127,1,1,21,21,21,21,21,21,21,21,21,21
550129,1,1,0,0,0,0,0,0,0,0,0,0
550129,2,1,0,0,0,0,0,0,0,0,0,0
550130,1,1,0,0,0,0,0,0,0,0,0,0
550130,2,1,0,0,0,0,0,0,0,0,0,0
550131,1,1,33,33,33,33,33,33,33,33,33,33
550131,2,1,12,12,12,12,12,12,12,12,12,12
550132,1,1,9,9,9,9,9,9,9,9,9,9
550132,2,1,0,0,0,0,0,0,18,0,0,0
550133,1,1,0,0,0,0,0,0,0,0,0,0
550133,2,1,0,0,0,0,0,0,0,0,0,0
550134,1,1,0,0,0,0,0,0,0,0,0,0
550134,2,1,0,0,0,0,0,0,0,0,0,0
550135,1,1,25,25,25,25,25,25,25,25,25,25
550135,2,1,0,0,0,0,0,0,0,0,0,0
550135,3,1,0,0,0,0,0,0,0,0,0,0
550136,1,1,0,0,0,0,0,0,0,0,0,0
550136,2,1,0,0,0,0,0,0,0,0,0,0
550137,1,1,0,0,0,0,0,0,0,0,0,0
550137,2,1,0,0,0,0,0,0,0,0,0,0
550138,1,1,0,0,0,0,0,0,0,0,0,0
550139,1,1,18,18,18,18,18,18,18,18,18,18
550140,1,1,24,24,24,24,24,24,24,24,24,24
550141,1,1,12,12,12,12,12,12,12,12,12,12
550141,2,1,0,0,0,0,0,0,0,0,0,0
550142,1,1,0,0,0,0,0,0,0,0,0,0
550142,2,1,0,0,0,0,23,0,0,0,0,0
550143,1,1,0,0,0,0,0,0,0,0,0,0
550144,1,1,0,0,0,0,0,0,0,0,0,0
550145,1,1,17,17,17,17,17,17,17,17,17,17
550146,1,1,0,0,0,0,0,0,0,0,0,0
550146,2,1,0,0,0,0,0,0,0,0,0,0
550147,1,1,3,3,3,3,3,3,3,3,3,3
550147,2,1,0,0,0,0,0,0,0,0,0,0
550148,1,1,0,0,0,0,0,0,0,0,0,0
550148,2,1,0,0,0,0,0,0,0,0,0,0
550149,0,1,36,36,36,36,36,36,36,36,36,36
550149,0,2,29,6,29,7,14,0,14,8,32,43
550149,1,1,16,10,0,0,3,5,0,0,12,15
550150,1,1,0,0,0,0,0,0,0,0,0,0
550151,1,1,34,34,34,34,34,34,34,34,34,34
550152,1,1,4,0,0,9,0,0,0,0,0,0
550153,1,1,0,0,0,0,0,0,0,0,0,0
550153,2,1,0,0,0,0,0,0,0,0,0,0
550154,1,1,10,10,10,10,10,10,10,10,10,10
550155,1,1,0,0,0,0,0,0,0,0,0,0
550156,1,1,17,17,17,17,17,17,17,17,17,17
550157,1,1,0,0,0,0,0,0,0,0,0,0
550158,1,1,27,27,27,27,27,27,27,27,27,27
550159,1,1,9,9,9,9,9,9,9,9,9,9
550159,2,1,0,0,0,0,0,0,0,0,0,0
550160,1,1,0,0,0,0,0,0,0,0,0,0
550160,2,1,8,0,0,0,0,0,0,0,0,0
550161,1,1,2,0,0,0,0,0,0,0,0,0
550161,2,1,0,0,0,0,0,0,0,0,0,0
550161,3,1,0,0,0,0,0,0,0,0,0,0
550162,0,1,0,0,0,0,0,0,0,0,0,0
550162,1,1,0,0,0,0,0,0,0,0,0,0
550162,2,1,0,0,0,0,0,0,0,0,0,0
550163,1,1,10,10,10,10,10,10,10,10,10,10
550163,4,1,0,0,0,0,0,0,0,0,0,0
550164,1,1,0,0,0,11,0,0,11,14,0,0
550164,2,1,0,0,0,0,0,0,0,0,0,0
550164,3,1,0,0,0,0,0,0,0,0,0,0
550164,4,1,0,17,0,0,0,12,0,0,0,0
550164,5,1,0,0,0,0,0,0,0,0,0,0
550165,0,1,0,0,0,0,0,0,0,0,0,0
550165,1,1,0,0,0,0,0,0,0,0,0,0
550166,1,1,0,0,0,0,0,0,0,0,0,0
550166,2,1,0,0,0,0,0,0,0,0,0,0
550166,3,1,0,0,0,0,0,0,0,0,0,0
550167,1,1,0,0,0,0,0,0,0,0,0,0
550167,2,1,0,0,0,0,0,0,0,0,0,0
550168,1,1,0,6,0,30,9,0,22,0,15,14
550169,1,1,25,25,25,25,25,25,25,25,25,25
550169,2,1,0,0,0,0,0,0,0,0,0,0
550169,3,1,0,0,0,0,0,0,0,0,0,0
550170,1,1,0,0,0,0,0,0,0,0,0,0
550170,2,1,0,0,0,0,0,0,0,0,0,0
550171,1,1,16,16,16,16,16,16,16,16,16,16
550172,1,1,23,23,23,23,23,23,23,23,23,23
550173,1,1,0,0,0,0,0,0,0,0,0,0
550174,0,1,0,0,0,0,0,0,0,0,0,0
550174,1,1,0,0,0,0,0,0,0,0,0,0
550175,1,1,0,0,0,0,0,0,0,0,0,0
550175,2,1,0,0,0,0,0,0,0,0,0,0
550176,1,1,0,0,0,0,0,0,0,0,0,0
550176,2,1,0,0,0,0,0,0,0,0,0,0
550177,1,1,25,25,25,25,25,25,25,25,25,25
550178,1,1,0,0,0,0,0,0,0,0,0,0
550178,2,1,0,0,0,0,0,0,0,0,0,0
550179,1,1,3,3,3,3,3,3,3,3,3,3
550179,2,1,0,0,0,0,0,0,0,0,0,0
550180,1,1,0,0,0,0,0,0,0,0,0,0
550180,2,1,0,0,0,0,0,0,0,0,0,0
550181,0,1,0,0,0,0,0,0,0,0,0,0
550181,1,1,0,0,0,0,0,0,0,0,0,0
550182,1,1,0,0,0,0,0,0,0,0,0,0
550182,2,1,0,0,0,0,0,0,0,0,0,0
550183,1,1,0,0,0,0,0,0,0,0,0,0
550184,1,1,0,0,0,0,0,0,0,0,0,0
550185,1,1,0,0,0,0,0,0,0,0,0,0
550186,1,1,0,0,0,0,0,0,0,0,0,0
550187,1,1,9,9,9,9,9,9,9,9,9,9
550188,0,1,0,0,0,0,0,0,0,0,0,0
550188,0,2,0,0,0,0,0,0,0,0,0,0
550188,1,1,0,0,0,0,0,0,0,0,0,0
550189,0,1,0,0,0,0,0,0,0,0,0,0
550189,1,1,0,0,0,0,0,0,0,0,0,0
550190,1,1,19,19,19,19,19,19,19,19,19,19
550191,1,1,0,0,0,0,0,0,0,0,0,0
550192,1,1,13,13,13,13,13,13,13,13,13,13
550192,2,1,0,0,0,0,0,0,0,0,0,0
550192,3,1,18,0,0,0,0,0,0,0,0,0
550193,1,1,0,0,0,0,0,0,0,0,0,0
550193,2,1,0,0,0,0,0,0,0,0,0,0
550194,1,1,0,0,0,0,0,0,0,0,0,0
550194,2,1,3,3,3,3,3,3,3,3,3,3
550194,3,1,0,0,0,0,0,0,0,0,0,0
550195,1,1,16,16,16,16,16,16,16,16,16,16
550197,1,1,0,0,0,0,0,0,0,0,0,0
550198,1,1,0,0,0,0,0,0,0,0,0,0
550198,2,1,0,0,0,0,0,0,0,0,0,0
550200,1,1,10,10,10,10,10,10,10,10,10,10
550201,0,1,0,0,0,0,0,0,0,0,0,0
550201,1,1,5,5,5,5,5,5,5,5,5,5
550202,1,1,0,0,0,0,0,0,0,0,0,0
550203,1,1,1,1,1,1,1,1,1,1,1,1
550203,2,1,0,0,0,0,0,0,0,0,0,0
550204,1,1,27,27,27,27,27,27,27,27,27,27
550205,1,1,0,0,0,2,0,23,21,0,4,0
550206,1,1,19,19,19,19,19,19,19,19,19,19
550207,1,1,3,3,3,3,3,3,3,3,3,3
550207,2,1,0,0,0,0,0,0,0,0,0,0
550208,1,1,13,13,13,13,13,13,13,13,13,13
550208,2,1,0,0,0,0,0,0,0,0,0,0
550209,1,1,0,0,0,0,0,0,0,0,0,0
550209,2,1,0,0,0,0,0,0,0,0,0,0
550210,1,1,0,0,0,0,0,0,0,0,0,0
550210,2,1,0,0,0,0,0,0,0,0,0,0
550211,1,1,0,0,0,0,0,0,0,0,0,0
550213,1,1,0,0,0,0,0,0,0,0,0,0
550213,2,1,0,0,0,0,0,0,0,7,6,0
550214,0,1,0,0,0,0,0,0,0,0,0,0
550214,1,1,0,0,0,0,0,0,0,0,0,0
550215,1,1,0,0,0,0,0,0,0,0,0,0
550215,2,1,0,0,0,0,0,0,0,0,0,0
550216,1,1,0,0,0,0,0,0,0,0,0,0
550216,2,1,0,0,0,0,0,0,0,16,0,0
550217,1,1,0,0,0,0,0,0,0,0,0,0
550218,1,1,0,0,0,0,0,0,0,0,0,0
550218,2,1,0,0,0,0,0,0,0,0,0,0
550219,1,1,0,0,0,0,0,0,0,0,0,0
550219,2,1,0,0,0,0,0,0,0,0,0,0
550220,1,1,2,2,2,2,2,2,2,2,2,2
550220,2,1,0,0,0,0,0,0,0,0,0,0
550221,0,1,0,0,0,0,0,0,0,0,0,0
550221,1,1,0,0,0,0,0,0,0,0,0,0
550222,1,1,0,0,0,0,0,0,0,0,0,0
550222,2,1,0,0,0,0,0,0,0,0,0,0
550223,1,1,0,0,0,0,0,0,0,0,0,0
550223,2,1,0,0,0,0,0,0,0,0,0,0
550224,1,1,0,0,0,0,0,0,0,0,0,0
550224,2,1,0,0,0,22,6,0,0,0,0,0
550225,1,1,0,0,0,0,0,0,0,0,0,0
550226,1,1,19,19,19,19,19,19,19,19,19,19
550227,1,1,0,0,0,0,0,0,0,0,0,0
550227,2,1,0,0,0,0,0,0,0,0,0,0
550228,1,1,0,0,0,0,0,0,0,0,0,0
550228,2,1,0,0,0,0,0,0,0,0,0,0
550229,1,1,26,26,26,26,26,26,26,26,26,26
550231,1,1,0,0,0,0,0,0,0,14,0,0
550232,1,1,15,15,15,15,15,15,15,15,15,15
550233,1,1,0,0,0,0,0,0,0,0,0,0
550234,1,1,0,0,0,0,0,0,0,0,0,0
550235,0,1,0,0,0,0,0,0,0,0,0,0
550235,1,1,0,0,0,0,0,0,0,0,0,0
550236,1,1,0,0,0,0,0,0,0,0,0,0
550236,2,1,0,0,0,0,0,0,0,0,0,0
550237,1,1,11,11,11,11,11,11,11,11,11,11
550238,1,1,22,22,22,22,22,22,22,22,22,22
550239,1,1,19,19,19,19,19,19,19,19,19,19
550239,2,1,0,0,0,0,0,0,0,0,0,0
550240,1,1,0,0,0,0,0,0,0,0,0,0
550241,1,1,17,17,17,17,17,17,17,17,17,17
550242,1,1,4,4,4,4,4,4,4,4,4,4
550242,2,1,0,0,12,0,7,3,0,0,0,0
550242,3,1,0,0,0,0,0,0,0,0,0,0
550243,0,1,26,26,26,26,26,26,26,26,26,26
550243,1,1,0,0,0,0,0,0,0,0,0,0
550244,1,1,0,0,0,0,0,0,0,0,0,0
550244,2,1,0,0,0,0,0,0,0,0,0,0
550245,1,1,16,16,16,16,16,16,16,16,16,16
550245,2,1,12,0,0,0,0,0,0,0,0,0
550246,1,1,32,32,32,32,32,32,32,32,32,32
550247,1,1,0,0,0,0,0,0,0,0,0,0
550247,2,1,0,0,0,0,0,0,0,0,0,0
550248,1,1,14,14,14,14,14,14,14,14,14,14
550249,1,1,0,0,0,0,0,0,0,0,0,0
550249,2,1,0,9,31,0,9,0,0,4,0,0
550250,1,1,22,22,22,22,22,22,22,22,22,22
550251,1,1,0,0,0,0,0,0,0,0,0,0
550251,2,1,0,0,0,0,0,0,0,0,0,0
550252,1,1,0,0,0,0,0,0,0,0,0,0
550253,1,1,0,0,0,0,0,0,0,0,0,0
550254,1,1,0,0,0,0,0,0,0,0,0,0
550255,1,1,0,0,0,0,6,0,18,0,0,13
550256,1,1,16,16,16,16,16,16,16,16,16,16
550257,1,1,21,21,21,21,21,21,21,21,21,21
550257,2,1,0,0,0,0,0,0,0,0,0,0
550258,1,1,12,12,12,12,12,12,12,12,12,12
550259,1,1,0,0,0,0,0,0,0,0,0,0
550259,2,1,21,0,0,0,0,24,0,0,0,0
550260,1,1,0,0,0,0,0,0,0,0,0,0
550260,2,1,0,0,0,0,0,0,0,0,0,0
550261,1,1,8,8,8,8,8,8,8,8,8,8
550261,2,1,10,10,10,10,10,10,10,10,10,10
550262,1,1,0,0,0,0,0,0,0,0,0,0
550262,2,1,0,0,0,0,0,0,0,0,0,0
550263,1,1,0,0,0,0,0,0,0,0,0,0
550263,2,1,0,0,0,0,0,0,0,0,0,0
550264,1,1,17,17,17,17,17,17,17,17,17,17
550265,1,1,0,0,0,0,0,0,0,0,0,0
550266,1,1,0,0,0,0,0,0,0,0,0,0
550266,2,1,0,0,0,0,0,0,0,0,0,0
550266,3,1,0,0,0,0,0,0,0,0,0,0
550267,1,1,27,27,27,27,27,27,27,27,27,27
550268,0,1,0,0,0,0,0,0,0,0,0,0
550268,1,1,0,0,0,0,0,0,0,0,0,0
550269,1,1,15,15,15,15,15,15,15,15,15,15
550269,2,1,0,0,0,0,0,18,0,0,0,0
550270,1,1,0,0,0,0,0,0,0,0,0,0
550270,2,1,0,0,0,0,0,0,0,0,0,0
550271,1,1,0,0,0,0,0,0,0,0,0,0
550272,1,1,0,0,0,5,0,0,0,0,0,0
550272,2,1,0,0,0,0,30,0,0,0,0,0
550273,1,1,0,0,0,0,0,0,0,0,0,0
550274,0,1,28,28,28,28,28,28,28,28,28,28
550274,1,1,15,7,13,16,8,24,27,0,10,0
550275,1,1,0,0,0,0,0,0,0,0,0,0
550275,2,1,17,17,17,17,17,17,17,17,17,17
550276,1,1,17,17,17,17,17,17,17,17,17,17
550277,1,1,17,17,17,17,17,17,17,17,17,17
550278,1,1,0,0,0,0,0,0,0,0,0,0
550279,1,1,0,0,0,0,0,0,0,0,0,0
550279,2,1,0,0,0,0,0,0,0,0,15,0
550280,1,1,0,0,0,0,0,0,0,0,0,0
550281,1,1,0,0,0,0,0,0,0,0,0,0
550281,2,1,0,0,0,0,0,0,0,0,0,0
550282,1,1,12,12,12,12,12,12,12,12,12,12
550283,1,1,0,0,0,0,0,0,0,0,0,0
550283,2,1,11,8,0,0,0,0,17,4,0,0
550284,1,1,19,19,19,19,19,19,19,19,19,19
550285,1,1,0,0,0,0,0,0,0,0,0,0
550285,2,1,48,48,48,48,48,48,48,48,48,48
550286,1,1,0,0,0,0,0,0,0,0,0,0
550286,2,1,0,0,0,0,0,0,0,0,0,0
550287,1,1,0,0,0,0,0,0,0,0,0,0
550287,2,1,0,0,0,0,0,0,0,0,0,0
550288,1,1,0,0,0,0,0,0,0,0,0,0
550289,1,1,0,0,0,0,0,0,0,0,0,0
550290,1,1,18,18,18,18,18,18,18,18,18,18
550291,0,1,19,19,19,19,19,19,19,19,19,19
550291,1,1,0,0,0,10,15,0,31,21,0,0
550292,1,1,17,17,17,17,17,17,17,17,17,17
550292,2,1,0,0,0,0,0,0,0,0,0,0
550293,1,1,0,0,0,0,0,0,0,0,0,0
550293,2,1,0,0,0,0,0,0,0,0,0,0
550293,3,1,0,0,0,0,0,0,0,0,0,0
550294,1,1,0,0,0,0,0,0,0,0,0,0
550294,2,1,0,0,0,0,0,0,0,0,0,0
550295,1,1,0,6,0,0,13,0,0,0,0,0
550295,2,1,0,0,0,0,0,0,0,0,0,0
550295,3,1,0,0,0,0,0,0,0,0,0,0
550296,1,1,0,0,0,0,0,0,0,0,0,0
550296,2,1,0,0,0,0,0,0,0,0,0,0
550297,1,1,0,0,0,0,0,0,0,0,0,0
550297,2,1,0,0,0,0,0,0,0,0,0,0
550298,1,1,0,0,0,0,0,0,0,0,0,0
550298,2,1,0,0,0,0,0,0,0,0,0,0
550299,0,1,0,0,0,0,19,0,0,0,0,0
550299,0,2,0,0,0,0,0,0,0,0,0,0
550299,1,1,0,0,0,0,0,0,7,0,0,0
550300,1,1,0,0,0,0,0,0,0,0,0,0
550301,1,1,12,12,12,12,12,12,12,12,12,12
550301,2,1,6,6,6,6,6,6,6,6,6,6
550302,1,1,17,17,17,17,17,17,17,17,17,17
550302,2,1,0,0,0,0,0,0,6,0,0,0
550303,0,1,29,29,29,29,29,29,29,29,29,29
550303,1,1,0,0,0,0,0,0,0,0,0,0
550304,1,1,11,0,18,0,0,0,0,12,11,0
550305,1,1,17,17,17,17,17,17,17,17,17,17
550305,2,1,0,0,0,0,0,0,0,0,0,0
550306,1,1,13,13,13,13,13,13,13,13,13,13
550306,2,1,0,0,0,0,0,0,0,0,0,0
550307,1,1,0,0,0,0,0,0,0,0,0,0
550307,2,1,0,0,0,0,0,0,0,0,0,0
550308,1,1,0,0,0,0,0,0,0,0,0,0
550308,2,1,0,0,0,0,0,0,0,0,0,0
550309,1,1,0,0,0,0,0,0,0,0,0,0
550309,2,1,0,0,0,0,0,0,0,0,0,0
550310,1,1,0,0,0,0,0,0,0,0,0,0
550310,2,1,0,0,0,0,0,0,0,0,0,0
550311,0,1,15,15,15,15,15,15,15,15,15,15
550311,1,1,0,0,0,0,0,0,20,0,0,0
550312,1,1,0,0,0,0,0,0,0,0,0,0
550312,2,1,0,0,0,0,0,0,0,0,0,0
550313,1,1,0,0,0,0,0,0,0,0,0,0
550313,2,1,0,0,0,0,0,0,0,0,0,0
550314,1,1,0,0,0,0,0,0,0,0,0,0
550315,1,1,11,11,11,11,11,11,11,11,11,11
550316,1,1,0,0,0,0,0,0,0,0,0,0
550316,2,1,0,0,0,0,0,18,0,0,0,0
550317,1,1,23,23,23,23,23,23,23,23,23,23
550318,1,1,0,0,0,0,0,0,0,0,0,0
550319,1,1,11,11,11,11,11,11,11,11,11,11
550320,1,1,15,15,15,15,15,15,15,15,15,15
550321,1,1,29,29,29,29,29,29,29,29,29,29
550322,1,1,29,29,29,29,29,29,29,29,29,29
550323,1,1,18,18,18,18,18,18,18,18,18,18
550324,1,1,0,0,0,0,0,0,0,0,0,0
550325,1,1,0,0,0,0,0,0,0,0,0,0
550326,1,1,0,0,0,0,0,0,0,0,0,0
550326,2,1,0,0,0,0,0,0,0,0,0,0
550327,1,1,0,0,0,0,0,0,0,0,0,0
550327,2,1,0,0,0,0,0,0,0,0,0,0
550328,1,1,0,0,0,0,0,0,0,0,0,0
550328,2,1,0,0,0,0,0,0,0,0,0,0
550328,3,1,0,0,0,0,0,0,0,0,0,0
550329,1,1,0,0,0,0,0,0,0,0,0,0
550330,1,1,15,15,15,15,15,15,15,15,15,15
550331,1,1,24,24,24,24,24,24,24,24,24,24
550331,2,1,0,0,0,0,0,0,0,0,0,0
550332,1,1,0,0,0,0,0,0,0,0,0,0
550332,2,1,0,0,0,0,0,0,0,0,0,0
550333,1,1,0,0,11,0,12,13,0,0,0,0
550333,2,1,19,19,19,19,19,19,19,19,19,19
550334,0,1,14,14,14,14,14,14,14,14,14,14
550334,1,1,18,18,18,18,18,18,18,18,18,18
550335,1,1,0,0,0,0,0,0,0,0,0,0
550335,2,1,0,0,0,0,0,0,0,0,0,0
550335,3,1,0,0,0,0,0,0,0,0,0,0
550336,1,1,0,0,0,0,0,3,0,0,0,0
550337,1,1,0,0,0,0,0,0,0,0,0,0
550337,2,1,0,0,0,0,0,0,0,0,0,0
550338,0,1,17,17,17,17,17,17,17,17,17,17
550338,1,1,0,0,0,30,0,0,0,0,0,0
550338,2,1,12,12,12,12,12,12,12,12,12,12
550339,1,1,14,14,14,14,14,14,14,14,14,14
550339,2,1,13,13,13,13,13,13,13,13,13,13
550340,0,1,0,0,0,0,0,0,0,0,0,0
550340,1,1,0,0,0,0,0,0,0,0,0,0
550341,1,1,0,0,0,0,0,0,0,0,0,0
550341,2,1,0,0,0,0,0,0,0,0,0,0
550342,1,1,0,0,0,0,0,0,0,0,0,0