ST_CASE,VEH_NO,PER_NO,P1,P2,P3,P4,P5,P6,P7,P8,P9,P10
550343,1,1,0,0,0,0,0,0,0,0,0,0
550343,2,1,0,15,10,12,4,0,0,0,0,0
550344,1,1,5,5,5,5,5,5,5,5,5,5
550345,1,1,0,0,0,0,0,0,0,0,0,0
550346,1,1,0,0,0,0,0,0,0,0,0,0
550346,2,1,0,0,0,0,0,0,0,0,0,0
550346,3,1,0,0,0,0,0,0,0,0,0,0
550346,4,1,0,0,0,0,0,0,0,0,0,0
550347,1,1,0,0,0,0,0,0,0,0,0,0
550347,2,1,0,0,0,0,0,0,0,0,0,0
550348,1,1,0,0,0,0,0,0,0,0,0,0
550348,2,1,0,0,0,0,0,0,0,0,0,0
550349,1,1,0,0,0,0,0,0,0,0,0,0
550349,2,1,0,0,0,0,0,0,0,0,0,0
550350,1,1,0,0,0,0,0,0,0,0,0,0
550350,2,1,0,0,0,0,0,0,0,0,0,0
550351,1,1,0,0,0,0,0,0,0,0,0,0
550351,2,1,0,0,0,0,0,0,0,0,0,0
550352,1,1,0,0,0,0,0,0,0,0,0,0
550352,2,1,0,0,0,0,0,0,0,0,0,0
550352,3,1,0,0,25,0,0,0,0,0,0,0
550353,1,1,0,0,0,0,0,0,0,0,0,0
550353,2,1,1,1,1,1,1,1,1,1,1,1
550354,1,1,0,0,0,0,0,0,0,0,0,0
550354,2,1,0,0,0,0,0,0,0,0,0,0
550355,1,1,0,0,0,0,0,0,0,0,0,0
550355,2,1,0,0,0,0,0,0,0,0,0,0
550356,1,1,28,28,28,28,28,28,28,28,28,28
550357,1,1,0,0,0,0,0,0,0,0,0,0
550357,2,1,0,0,0,0,0,0,0,0,0,0
550358,1,1,0,0,27,17,0,0,3,0,17,0
550359,1,1,0,0,0,0,0,0,0,0,0,0
550359,2,1,7,7,7,7,7,7,7,7,7,7
550360,1,1,1,1,1,1,1,1,1,1,1,1
550360,2,1,0,0,0,0,0,0,0,0,0,0
550361,1,1,0,0,0,0,0,0,0,0,0,0
550362,0,1,8,8,8,8,8,8,8,8,8,8
550362,1,1,0,0,0,0,0,0,0,16,0,0
550362,2,1,0,0,0,0,0,0,0,0,0,0
550362,3,1,0,0,0,0,0,0,0,0,0,0
550363,1,1,6,6,6,6,6,6,6,6,6,6
550364,1,1,20,20,20,20,20,20,20,20,20,20
550365,1,1,6,6,6,6,6,6,6,6,6,6
550366,1,1,16,16,16,16,16,16,16,16,16,16
550367,1,1,0,20,3,14,0,0,0,20,11,0
550367,2,1,18,18,18,18,18,18,18,18,18,18
550368,1,1,0,0,0,0,0,0,0,0,0,0
550369,1,1,18,18,18,18,18,18,18,18,18,18
550370,1,1,11,11,11,11,11,11,11,11,11,11
550371,1,1,24,24,24,24,24,24,24,24,24,24
550372,1,1,0,0,0,0,0,0,0,0,0,0
550372,2,1,0,0,0,0,0,0,0,0,0,0
550372,3,1,0,0,0,0,0,0,0,0,0,0
550373,1,1,18,18,18,18,18,18,18,18,18,18
550374,1,1,28,28,28,28,28,28,28,28,28,28
550375,1,1,0,0,0,0,0,0,0,0,0,0
550376,1,1,0,0,0,0,0,0,0,0,0,0
550377,0,1,29,29,29,29,29,29,29,29,29,29
550377,1,1,0,0,0,0,0,0,0,0,0,0
550378,1,1,22,22,22,22,22,22,22,22,22,22
550379,1,1,0,0,0,0,0,0,0,0,0,0
550380,1,1,24,24,24,24,24,24,24,24,24,24
550381,1,1,5,5,5,5,5,5,5,5,5,5
550382,1,1,0,0,0,0,0,0,0,0,0,0
550383,1,1,0,0,0,0,0,0,0,0,0,0
550384,1,1,31,31,31,31,31,31,31,31,31,31
550385,1,1,19,19,19,19,19,19,19,19,19,19
550386,1,1,9,9,9,9,9,9,9,9,9,9
550387,1,1,0,11,15,0,27,27,18,13,6,4
550388,1,1,0,0,0,0,0,0,0,0,0,0
550389,1,1,24,24,24,24,24,24,24,24,24,24
550389,2,1,0,0,0,0,0,0,0,0,0,0
550389,3,1,5,5,5,5,5,5,5,5,5,5
550389,4,1,17,17,17,17,17,17,17,17,17,17
550390,1,1,0,0,0,0,0,0,0,0,0,0
550390,2,1,0,0,0,0,0,25,0,0,0,0
550390,3,1,0,0,0,0,0,0,0,0,0,0
550391,1,1,6,10,0,0,0,29,21,0,0,0
550392,1,1,0,0,0,0,0,0,0,0,0,0
550392,2,1,0,0,0,0,0,0,0,0,0,0
550393,1,1,0,0,0,0,0,0,0,0,0,0
550393,2,1,0,0,0,0,0,0,0,0,0,0
550394,1,1,24,24,24,24,24,24,24,24,24,24
550395,1,1,0,0,0,0,0,0,0,0,0,0
550395,2,1,9,0,0,0,0,0,0,0,0,0
550395,3,1,0,0,0,0,0,0,0,0,0,0
550395,4,1,0,0,14,0,0,0,0,15,20,0
550395,5,1,0,0,0,0,0,0,0,0,0,8
550396,0,1,0,0,0,0,0,0,0,0,0,0
550396,1,1,0,0,0,0,0,0,0,0,0,0
550397,0,1,0,0,0,0,0,0,0,0,0,0
550397,1,1,0,0,0,0,0,0,0,0,0,0
550398,1,1,0,0,0,0,0,0,0,0,0,0
550399,1,1,24,24,24,24,24,24,24,24,24,24
550399,2,1,0,0,0,0,0,0,0,0,0,0
550400,1,1,0,0,0,33,0,0,0,0,0,0
550400,2,1,0,0,0,0,0,0,0,0,0,0
550401,1,1,0,0,0,0,0,0,0,0,0,0
550401,2,1,0,0,0,0,0,0,0,0,0,0
550402,1,1,0,0,0,0,0,0,0,0,0,0
550402,2,1,0,0,0,0,0,0,0,0,0,0
550403,1,1,0,0,0,0,0,0,0,0,0,0
550404,0,1,0,0,0,7,0,0,0,0,2,0
550404,1,1,0,0,0,0,0,0,0,0,0,0
550404,2,1,0,0,0,0,0,0,0,0,0,0
550405,1,1,13,13,13,13,13,13,13,13,13,13
550406,0,1,0,0,0,0,0,0,0,0,0,0
550406,1,1,26,0,0,0,9,0,0,7,11,0
550407,1,1,6,6,6,6,6,6,6,6,6,6
550408,0,1,0,0,0,0,0,0,0,0,0,0
550408,1,1,0,0,0,0,0,0,0,0,0,0
550409,1,1,0,0,0,0,0,0,0,0,0,0
550409,2,1,0,0,0,0,0,0,0,0,0,0
550409,3,1,0,0,0,0,0,0,0,0,0,0
550410,1,1,0,0,0,0,0,0,0,0,0,0
550410,2,1,0,0,0,0,0,0,0,0,0,0
550411,1,1,0,0,0,0,0,0,0,0,0,0
550412,1,1,0,0,0,0,0,0,0,0,0,0
550412,2,1,0,0,0,0,0,0,0,25,0,0
550413,1,1,26,26,26,26,26,26,26,26,26,26
550414,1,1,0,0,0,0,0,0,0,0,0,0
550414,2,1,0,0,0,0,0,0,0,0,0,0
550415,1,1,17,17,17,17,17,17,17,17,17,17
550416,0,1,0,0,0,0,0,0,0,0,0,0
550416,0,2,0,0,0,0,0,0,0,0,0,0
550416,1,1,0,0,0,0,0,0,0,0,0,0
550417,1,1,0,0,0,0,0,0,0,0,0,0
550418,1,1,26,26,26,26,26,26,26,26,26,26
550418,2,1,19,0,0,0,30,0,5,0,0,0
550418,3,1,0,0,0,0,0,0,0,12,0,0
550418,4,1,0,0,0,9,0,0,0,0,0,0
550419,0,1,0,0,0,0,0,0,0,0,0,0
550419,0,2,0,0,0,0,0,0,0,0,0,0
550419,1,1,16,16,16,16,16,16,16,16,16,16
550420,0,1,0,0,0,0,0,0,0,0,0,0
550420,1,1,0,0,0,0,0,0,0,0,0,0
550421,0,1,50,50,50,50,50,50,50,50,50,50
550421,1,1,2,2,2,2,2,2,2,2,2,2
550422,1,1,0,0,0,0,0,0,0,0,0,0
550422,2,1,0,0,0,0,0,0,0,0,0,0
550423,1,1,15,15,15,15,15,15,15,15,15,15
550424,1,1,0,0,0,0,0,0,0,0,0,0
550425,1,1,0,0,0,0,0,0,0,0,0,0
550426,1,1,0,0,0,0,0,0,0,0,0,0
550426,2,1,0,0,0,0,0,0,0,0,0,0
550427,1,1,9,9,9,9,9,9,9,9,9,9
550428,1,1,16,16,16,16,16,16,16,16,16,16
550429,1,1,31,31,31,31,31,31,31,31,31,31
550430,1,1,0,0,0,0,0,0,0,0,0,0
550431,1,1,0,0,0,0,0,0,0,0,0,0
550431,2,1,0,0,0,0,0,0,0,0,0,0
550432,1,1,12,12,12,12,12,12,12,12,12,12
550433,1,1,29,29,29,29,29,29,29,29,29,29
550434,0,1,0,0,0,0,0,0,0,0,0,0
550434,1,1,0,0,0,0,0,0,0,0,0,0
550437,1,1,0,0,0,0,0,0,0,0,0,0
550438,1,1,0,0,0,0,0,0,0,0,0,0
550439,1,1,21,21,21,21,21,21,21,21,21,21
550440,1,1,27,27,27,27,27,27,27,27,27,27
550441,1,1,0,0,0,0,0,0,0,0,0,0
550442,1,1,0,0,0,0,0,0,0,0,0,0
550442,2,1,0,0,0,0,0,0,0,0,0,0
550443,1,1,22,22,22,22,22,22,22,22,22,22
550444,0,1,0,0,0,0,0,0,0,0,0,0
550444,1,1,0,0,0,0,0,0,0,0,0,0
550445,1,1,5,5,5,5,5,5,5,5,5,5
550445,2,1,0,0,0,0,0,0,0,0,0,0
550446,1,1,0,0,0,0,0,0,0,0,0,0
550447,1,1,0,0,0,0,0,0,0,0,0,0
550448,1,1,6,6,6,6,6,6,6,6,6,6
550449,1,1,20,20,20,20,20,20,20,20,20,20
550450,1,1,0,0,0,0,0,0,0,0,0,0
550450,2,1,0,0,0,0,0,0,0,0,0,0
550451,1,1,23,23,23,23,23,23,23,23,23,23
550452,1,1,6,6,6,6,6,6,6,6,6,6
550453,1,1,17,17,17,17,17,17,17,17,17,17
550454,0,1,16,16,16,16,16,16,16,16,16,16
550454,1,1,23,23,23,23,23,23,23,23,23,23
550455,1,1,16,16,16,16,16,16,16,16,16,16
550456,1,1,0,0,0,0,0,0,0,0,0,0
550456,2,1,0,0,0,0,0,0,0,0,0,19
550457,1,1,28,28,28,28,28,28,28,28,28,28
550458,1,1,0,0,0,0,0,0,0,0,0,0
550459,1,1,12,12,12,12,12,12,12,12,12,12
550460,1,1,0,0,0,0,0,0,0,0,0,0
550460,2,1,0,0,0,0,0,0,0,0,0,0
550461,0,1,13,13,13,13,13,13,13,13,13,13
550461,1,1,0,0,0,0,0,0,0,0,0,0
550462,0,1,17,17,17,17,17,17,17,17,17,17
550462,1,1,0,0,0,0,0,0,0,0,0,0
550463,1,1,22,22,22,22,22,22,22,22,22,22
550463,2,1,0,0,0,0,0,22,0,0,0,0
550464,1,1,14,14,14,14,14,14,14,14,14,14
550465,1,1,0,0,0,0,0,0,0,0,0,0
550466,0,1,31,31,31,31,31,31,31,31,31,31
550466,1,1,0,0,0,0,0,0,0,0,0,0
550467,1,1,0,0,0,0,0,0,0,0,0,0
550467,2,1,0,0,0,0,0,0,0,0,0,0
550468,1,1,0,0,0,0,0,0,0,0,0,0
550469,1,1,4,4,4,4,4,4,4,4,4,4
550470,1,1,0,0,0,0,0,0,0,0,0,0
550471,1,1,0,0,0,0,0,0,0,0,0,0
550471,2,1,0,0,0,0,0,0,0,0,0,0
550471,3,1,0,0,0,0,0,0,0,0,0,0
550472,1,1,0,0,0,0,0,0,0,0,0,0
550473,1,1,17,17,17,17,17,17,17,17,17,17
550474,1,1,0,0,0,0,0,0,0,0,0,0
550474,2,1,0,0,0,0,0,0,0,0,0,0
550475,1,1,27,27,27,27,27,27,27,27,27,27
550476,1,1,15,15,15,15,15,15,15,15,15,15
550477,1,1,0,0,0,0,0,0,0,0,0,0
550478,1,1,0,0,0,11,0,0,0,0,0,0
550479,1,1,0,0,0,0,0,0,0,0,0,0
550480,1,1,0,0,0,0,0,0,0,0,0,0
550481,0,1,0,0,0,0,0,0,0,0,0,0
550481,1,1,0,0,0,0,0,0,0,0,0,0
550482,0,1,0,0,0,0,0,0,0,0,0,0
550482,1,1,0,0,0,0,0,0,0,0,0,0
550483,0,1,0,0,0,0,0,0,0,0,0,0
550483,1,1,0,0,0,0,0,0,0,0,0,0
550484,1,1,0,0,4,0,23,0,3,0,14,8
550484,2,1,0,0,0,0,0,0,0,0,0,0
550485,1,1,0,0,0,0,0,0,0,0,0,0
550486,1,1,0,0,0,0,0,0,0,0,0,0
550486,2,1,0,0,0,0,0,0,0,0,0,0
550487,1,1,16,16,16,16,16,16,16,16,16,16
550488,1,1,0,0,0,0,0,0,0,0,0,0
550488,2,1,0,0,0,0,0,0,0,0,0,0
550488,3,1,0,10,22,0,19,18,30,23,27,18
550489,1,1,0,0,0,0,0,0,0,0,0,0
550489,2,1,0,0,0,0,0,0,0,0,0,0
550490,0,1,0,0,0,0,0,0,0,0,0,0
550490,1,1,0,0,0,0,0,0,0,0,0,0
550491,1,1,0,0,0,0,0,0,0,0,0,0
550491,2,1,0,0,0,0,0,0,0,0,0,0
550492,1,1,0,0,0,0,0,0,0,0,0,0
550492,2,1,0,0,0,0,0,0,0,0,0,0
550493,1,1,0,0,0,0,0,0,0,0,0,0
550493,2,1,0,0,0,0,0,0,0,0,0,0
550494,1,1,12,12,12,12,12,12,12,12,12,12
550494,2,1,0,0,0,0,0,0,0,0,0,0
550495,1,1,1,1,1,1,1,1,1,1,1,1
550495,2,1,0,0,0,0,0,0,0,0,0,0
550496,1,1,6,6,6,6,6,6,6,6,6,6
550497,1,1,0,0,0,0,0,0,0,0,0,0
550497,2,1,0,0,0,0,0,0,0,0,0,0
550497,3,1,0,0,0,0,0,0,0,0,0,0
550497,4,1,0,0,0,0,0,0,0,0,0,0
550498,1,1,0,0,0,0,0,0,0,0,0,0
550498,2,1,0,0,0,0,0,0,0,0,0,0
550499,1,1,15,15,15,15,15,15,15,15,15,15
550500,1,1,26,26,26,26,26,26,26,26,26,26
550501,1,1,22,22,22,22,22,22,22,22,22,22
550502,1,1,20,20,20,20,20,20,20,20,20,20
550503,1,1,0,0,0,0,0,0,0,0,0,0
550503,2,1,0,0,0,0,0,0,0,0,0,0
550503,3,1,0,0,0,0,0,0,0,0,0,0
550505,1,1,0,0,0,0,0,0,0,0,0,0
550505,2,1,0,0,0,0,0,0,0,0,0,0
550506,1,1,0,0,0,0,0,0,0,0,0,0
550507,1,1,0,0,0,0,0,0,0,0,0,0
550507,2,1,0,0,0,0,0,0,0,0,0,0
550508,1,1,0,0,0,0,0,0,0,0,0,0
550509,0,1,0,0,0,0,0,0,0,0,0,0
550509,1,1,0,0,0,0,0,0,0,0,0,0
550510,1,1,0,0,0,0,0,0,0,0,0,0
550511,1,1,10,10,10,10,10,10,10,10,10,10
550512,0,1,0,0,0,0,0,0,0,0,0,0
550512,0,2,0,0,0,0,0,0,0,0,0,0
550512,0,3,0,0,0,0,0,0,0,0,0,0
550512,1,1,0,0,0,0,0,0,0,0,0,0
550513,1,1,0,0,0,0,0,0,0,0,0,0
550513,2,1,0,0,0,0,0,0,0,0,0,0
550513,3,1,0,0,0,0,0,0,0,0,0,0
550513,4,1,0,0,0,0,0,0,0,0,0,0
550513,5,1,0,0,0,0,0,0,0,0,0,0
550514,0,1,0,0,0,0,0,0,0,0,0,0
550514,1,1,0,0,0,0,0,0,0,0,0,0
550515,1,1,0,0,0,0,0,0,0,0,0,0
550515,2,1,0,0,0,0,0,0,0,0,0,0
550516,1,1,0,0,0,0,0,0,0,0,0,0
550516,2,1,0,0,0,0,0,0,0,0,0,0
550517,1,1,0,0,0,0,0,0,0,0,0,0
550517,2,1,5,5,5,5,5,5,5,5,5,5
550517,3,1,0,0,0,0,0,0,0,0,0,0
550517,4,1,0,0,0,0,0,0,0,0,0,0
550517,5,1,0,0,0,0,0,0,0,0,0,0
550518,1,1,0,0,0,0,0,0,0,0,0,0
550518,2,1,0,0,0,0,0,18,0,0,0,0
550519,1,1,0,0,0,0,0,0,0,0,0,0
550519,2,1,0,0,0,0,0,0,0,0,0,0
550520,0,1,2,2,2,2,2,2,2,2,2,2
550520,1,1,0,0,0,0,0,0,0,0,0,0
550521,1,1,0,0,0,0,0,0,0,0,0,0
550521,2,1,0,0,0,0,0,0,0,0,0,0
550521,3,1,0,0,0,0,0,0,0,0,0,0
550522,1,1,0,0,0,0,0,0,0,0,0,0
550522,2,1,0,0,0,0,0,0,0,0,0,0
550523,1,1,0,0,0,0,0,0,0,0,0,0
550524,1,1,0,0,0,0,0,0,0,0,0,0
550524,2,1,0,0,0,0,0,0,0,0,0,0
550525,1,1,0,0,0,0,0,0,0,0,0,0
550525,2,1,0,0,0,0,0,0,0,0,0,0
550526,1,1,0,0,0,0,0,0,0,0,0,0
550526,2,1,0,0,0,0,0,0,0,0,0,0
550527,1,1,0,0,0,0,0,0,0,0,0,0
550527,2,1,0,0,0,0,0,0,0,0,0,0
550528,0,1,0,0,0,0,0,0,0,0,0,0
550528,1,1,0,0,0,0,0,0,0,0,0,0
550529,1,1,0,0,0,0,0,0,0,0,0,0
550529,2,1,0,0,0,0,0,0,0,0,0,0
550530,1,1,0,0,0,0,0,0,0,0,0,0
550530,2,1,0,0,0,0,0,0,0,0,0,0
550531,1,1,0,0,0,0,0,0,0,0,0,0
550531,2,1,0,0,0,0,0,0,0,0,0,0
550532,1,1,0,0,0,0,0,0,0,0,0,0
550532,2,1,0,0,0,0,0,0,0,0,0,0
550533,1,1,0,0,0,0,0,0,0,0,0,0
550533,2,1,0,0,0,0,0,0,0,0,0,0
550534,0,1,0,0,0,0,0,0,0,0,0,0
550534,1,1,0,0,0,0,0,0,0,0,0,0
550535,1,1,26,26,26,26,26,26,26,26,26,26
550536,1,1,30,30,30,30,30,30,30,30,30,30
560001,1,1,0,0,0,0,0,0,0,0,0,0
560001,2,1,0,0,0,0,0,0,0,0,0,0
560001,3,1,0,0,0,0,0,0,0,0,0,0
560002,1,1,0,0,0,0,0,0,0,0,0,0
560003,1,1,0,0,0,0,0,0,0,0,0,0
560003,2,1,0,0,0,0,0,0,0,0,0,0
560004,1,1,0,0,0,19,0,0,0,0,0,0
560005,1,1,32,32,32,32,32,32,32,32,32,32
560006,1,1,21,21,21,21,21,21,21,21,21,21
560007,1,1,0,0,0,0,0,0,0,0,0,0
560007,2,1,0,0,0,0,0,0,0,0,0,0
560008,1,1,0,0,0,0,0,0,0,0,0,0
560009,1,1,21,21,21,21,21,21,21,21,21,21
560010,1,1,15,15,15,15,15,15,15,15,15,15
560011,1,1,10,10,10,10,10,10,10,10,10,10
560012,1,1,0,0,0,0,0,0,0,0,0,0
560012,2,1,0,0,0,0,0,0,0,0,0,0
560013,1,1,20,20,20,20,20,20,20,20,20,20
560014,1,1,0,0,11,0,0,22,0,0,0,0
560015,1,1,0,0,0,0,0,0,0,0,0,0
560016,1,1,1,1,1,1,1,1,1,1,1,1
560016,2,1,0,0,0,0,0,0,0,0,0,0
560017,1,1,0,0,0,0,0,0,0,0,0,0
560017,2,1,0,0,0,0,0,0,0,0,0,0
560018,1,1,0,0,0,0,0,0,0,0,0,0
560019,1,1,22,22,22,22,22,22,22,22,22,22
560019,2,1,0,0,0,0,0,0,0,0,0,0
560019,3,1,0,0,0,0,0,0,0,0,0,0
560020,1,1,0,0,0,0,0,0,0,0,0,0
560021,1,1,0,0,0,0,0,0,0,0,0,0
560021,2,1,0,0,0,0,0,0,0,0,0,0
560022,1,1,0,0,0,0,0,0,0,0,0,0
560022,2,1,0,0,0,0,0,0,0,0,0,0
560023,1,1,0,0,0,0,0,0,0,0,0,0
560024,1,1,37,37,37,37,37,37,37,37,37,37
560025,1,1,11,11,11,11,11,11,11,11,11,11
560026,1,1,20,20,20,20,20,20,20,20,20,20
560027,1,1,18,18,18,18,18,18,18,18,18,18
560028,1,1,23,23,23,23,23,23,23,23,23,23
560028,2,1,0,0,0,12,0,0,0,0,0,0
560029,1,1,0,0,0,0,0,0,0,0,0,0
560030,1,1,15,15,15,15,15,15,15,15,15,15
560031,1,1,0,0,0,0,0,0,0,0,0,0
560032,1,1,18,18,18,18,18,18,18,18,18,18
560033,1,1,21,21,21,21,21,21,21,21,21,21
560034,1,1,0,0,0,0,0,0,0,0,0,0
560035,1,1,0,0,0,0,0,0,0,0,0,0
560035,2,1,0,0,0,0,0,0,0,0,0,0
560036,1,1,0,0,0,0,0,0,0,0,0,0
560036,2,1,0,0,0,0,0,0,0,0,0,0
560036,3,1,0,0,0,0,0,0,0,0,0,0
560037,1,1,15,15,15,15,15,15,15,15,15,15
560038,1,1,0,0,0,0,0,0,0,0,0,0
560039,0,1,0,0,0,0,0,0,0,0,0,0
560039,1,1,0,0,0,0,0,0,0,0,0,34
560040,1,1,16,16,16,16,16,16,16,16,16,16
560041,1,1,0,0,0,0,0,0,0,0,0,0
560042,1,1,0,0,0,0,0,0,0,0,0,0
560043,1,1,0,0,0,0,0,23,0,0,0,0
560044,1,1,0,0,0,0,0,0,0,0,0,0
560044,2,1,0,0,0,0,0,0,0,0,0,0
560045,1,1,13,13,13,13,13,13,13,13,13,13
560046,1,1,0,0,0,0,0,0,0,0,0,0
560047,1,1,0,0,0,0,0,0,0,0,0,0
560047,2,1,0,0,0,0,0,0,0,0,0,0
560048,1,1,12,11,16,13,16,13,15,12,6,18
560049,1,1,10,10,10,10,10,10,10,10,10,10
560050,1,1,11,11,11,11,11,11,11,11,11,11
560050,2,1,0,0,0,0,0,0,0,0,0,0
560051,1,1,0,0,0,0,0,0,0,0,0,0
560052,2,1,0,0,0,0,0,0,0,0,0,0
560053,1,1,1,1,1,1,1,1,1,1,1,1
560054,1,1,0,0,0,0,0,0,0,0,0,0
560054,2,1,0,0,0,0,0,0,0,0,0,0
560055,0,1,0,0,0,0,0,0,0,0,0,0
560055,1,1,0,0,0,0,0,0,0,0,0,0
560056,1,1,20,20,20,20,20,20,20,20,20,20
560057,1,1,0,19,0,0,0,0,0,0,0,0
560058,1,1,0,0,0,0,0,0,0,0,0,0
560059,1,1,20,20,20,20,20,20,20,20,20,20
560060,1,1,0,0,0,0,0,0,0,0,0,0
560061,0,1,8,8,8,8,8,8,8,8,8,8
560061,1,1,0,0,0,0,0,0,0,0,0,0
560062,1,1,0,0,0,0,0,0,0,0,0,0
560063,1,1,0,0,0,0,0,0,0,0,0,0
560063,2,1,0,0,0,0,0,0,0,0,0,0
560064,1,1,32,32,32,32,32,32,32,32,32,32
560065,1,1,25,25,25,25,25,25,25,25,25,25
560066,1,1,27,27,27,27,27,27,27,27,27,27
560066,2,1,0,0,0,0,0,0,0,0,0,0
560067,1,1,0,0,0,0,0,0,0,0,0,0
560068,1,1,0,0,0,0,0,0,15,0,0,0
560069,1,1,0,0,0,0,0,0,0,0,0,0
560070,1,1,10,10,10,10,10,10,10,10,10,10
560070,2,1,0,0,6,0,0,0,0,0,0,0
560070,3,1,0,0,8,0,0,0,4,0,0,10
560070,4,1,0,0,0,0,0,0,0,0,0,0
560070,5,1,0,0,0,0,6,0,0,0,0,0
560070,6,1,0,0,0,0,0,4,0,0,0,0
560071,1,1,0,0,0,0,0,0,0,0,0,0
560072,1,1,17,17,17,17,17,17,17,17,17,17
560073,1,1,12,12,12,12,12,12,12,12,12,12
560074,1,1,0,0,0,0,0,0,0,0,0,0
560074,2,1,0,11,0,0,10,0,0,0,0,0
560075,1,1,0,0,0,0,0,0,0,0,0,0
560076,1,1,0,0,0,0,0,0,0,0,0,0
560077,1,1,0,0,0,0,0,0,0,0,0,0
560078,1,1,33,33,33,33,33,33,33,33,33,33
560078,2,1,0,0,0,0,0,0,0,0,0,0
560079,1,1,0,0,0,0,0,0,0,0,0,0
560079,2,1,0,0,0,0,0,0,0,0,0,0
560080,1,1,14,18,9,12,18,0,10,21,17,11
560081,1,1,0,0,0,0,0,0,0,0,0,0
560081,2,1,0,0,0,0,0,0,0,0,0,0
560082,1,1,0,0,0,0,0,0,0,0,0,0
560083,1,1,18,18,18,18,18,18,18,18,18,18
560084,1,1,0,0,0,0,0,0,0,0,0,0
560085,1,1,0,0,0,0,0,0,0,0,0,0
560086,1,1,0,0,0,0,0,0,0,0,0,0
560086,2,1,0,0,0,0,0,0,0,0,0,0
560087,1,1,0,0,0,0,0,0,0,0,0,0
560087,2,1,0,0,0,0,0,0,0,0,0,0
560088,1,1,0,0,0,0,0,0,0,0,0,0
560089,1,1,0,0,0,0,0,0,0,0,0,0
560089,2,1,0,0,0,0,0,0,0,0,0,0
560090,1,1,0,0,0,0,0,0,0,0,0,0
560091,1,1,0,0,0,0,0,0,0,0,0,0
560091,2,1,0,0,0,0,0,0,0,0,0,0
560092,1,1,0,0,0,0,0,0,0,0,0,0
560092,2,1,0,0,0,0,0,0,0,0,0,0
560093,1,1,0,0,0,0,0,0,0,0,0,0
560093,2,1,0,0,0,0,0,0,0,0,0,0
560094,1,1,20,20,20,20,20,20,20,20,20,20
560095,1,1,0,0,0,0,0,0,0,0,0,0
560095,2,1,0,0,0,0,0,0,0,0,0,0
560096,1,1,0,0,0,0,0,0,0,0,0,0
560097,1,1,0,0,0,0,0,0,0,0,0,0
560097,2,1,0,0,0,0,0,0,0,0,0,0
560098,1,1,0,0,0,0,0,0,0,0,0,0
560099,1,1,26,26,26,26,26,26,26,26,26,26
560100,1,1,33,33,33,33,33,33,33,33,33,33
560101,1,1,0,0,0,0,0,0,0,0,0,0
560101,2,1,0,0,0,0,0,0,0,0,0,0
560102,1,1,20,20,20,20,20,20,20,20,20,20
560103,1,1,17,4,12,10,6,9,7,26,25,2
560104,1,1,20,20,20,20,20,20,20,20,20,20
560105,1,1,12,12,12,12,12,12,12,12,12,12
560105,2,1,19,19,19,19,19,19,19,19,19,19
560106,1,1,26,26,26,26,26,26,26,26,26,26
560107,1,1,9,9,9,9,9,9,9,9,9,9
560108,1,1,0,0,0,0,0,0,0,0,0,0
560109,1,1,28,28,28,28,28,28,28,28,28,28
560110,1,1,0,0,0,0,0,0,0,0,0,0
560111,1,1,0,0,0,0,0,0,0,0,0,0
560112,1,1,0,0,0,0,0,0,0,0,0,0
560113,1,1,14,14,14,14,14,14,14,14,14,14
560114,1,1,0,0,0,0,0,0,0,0,0,0
560115,1,1,0,0,0,0,0,0,0,0,0,0
560115,2,1,0,0,0,0,0,0,0,0,0,0
560116,1,1,0,0,0,0,0,0,0,0,0,0
560117,1,1,7,0,0,0,0,0,0,9,0,0
560118,1,1,0,0,0,16,0,0,0,0,0,0
560119,1,1,6,0,0,0,18,0,0,0,0,0
560120,1,1,24,0,0,0,0,0,0,0,17,0
560121,1,1,28,28,28,28,28,28,28,28,28,28
560122,1,1,15,15,15,15,15,15,15,15,15,15
560123,1,1,0,0,0,0,0,0,0,0,0,0
560124,1,1,0,0,0,0,0,0,0,0,14,0
560125,1,1,8,8,8,8,8,8,8,8,8,8
560126,1,1,0,0,0,0,0,0,0,0,0,0
560126,2,1,0,0,0,0,0,0,0,0,0,0
560126,3,1,0,0,0,0,0,0,0,0,0,0
560127,1,1,0,0,0,0,0,0,0,0,0,0
560128,1,1,16,16,16,16,16,16,16,16,16,16
560128,2,1,0,0,0,0,0,0,0,0,0,0
560129,1,1,0,0,0,0,0,0,0,0,0,0
560130,1,1,0,20,0,0,10,20,0,0,0,20
560131,1,1,0,0,0,0,0,35,0,0,9,0
560131,2,1,0,0,0,0,0,0,0,0,0,0
560132,1,1,2,2,2,2,2,2,2,2,2,2
560133,1,1,18,18,18,18,18,18,18,18,18,18
560134,1,1,0,0,0,0,0,15,0,9,0,0
560135,1,1,0,0,0,0,0,0,0,0,0,0
560136,1,1,16,0,0,0,0,0,0,0,0,0
560137,1,1,0,0,0,15,0,0,9,0,0,0
560138,1,1,0,0,0,0,0,0,0,0,0,0
560139,1,1,0,0,11,0,12,0,0,0,0,10
560139,2,1,0,0,0,0,0,0,0,0,0,0