ST_CASE,VEH_NO,PER_NO,P1,P2,P3,P4,P5,P6,P7,P8,P9,P10
60001,1,1,16,16,16,16,16,16,16,16,16,16
60002,0,1,0,0,0,0,0,0,0,0,0,0
60002,1,1,0,0,0,0,0,0,0,0,0,0
60003,1,1,13,13,13,13,13,13,13,13,13,13
60003,2,1,0,0,0,0,0,0,0,0,0,0
60003,3,1,0,0,0,0,0,0,0,0,0,0
60004,1,1,0,0,0,0,0,0,0,0,0,0
60004,2,1,0,0,0,0,14,0,0,0,0,0
60005,1,1,0,0,0,0,0,0,0,0,0,0
60005,2,1,0,0,0,0,0,0,0,0,0,0
60006,1,1,0,0,0,0,0,0,0,0,0,0
60006,2,1,0,0,0,0,0,0,0,0,0,0
60006,3,1,0,0,5,0,0,0,0,0,0,0
60007,1,1,25,25,25,25,25,25,25,25,25,25
60008,1,1,19,19,19,19,19,19,19,19,19,19
60009,1,1,0,0,0,0,0,0,0,0,0,0
60010,0,1,0,0,0,0,0,0,0,0,0,0
60010,1,1,0,0,0,0,0,0,0,0,0,0
60011,1,1,0,0,0,0,0,0,0,0,0,0
60011,2,1,0,0,0,0,0,0,0,0,0,0
60012,0,1,0,0,0,0,0,0,0,0,0,0
60012,1,1,0,0,0,0,0,0,0,0,0,0
60013,1,1,3,3,3,3,3,3,3,3,3,3
60014,1,1,0,0,0,0,0,0,0,0,0,0
60015,1,1,11,28,30,14,23,11,16,4,12,11
60015,2,1,0,0,0,0,0,0,0,0,0,16
60015,3,1,0,0,0,15,0,0,0,0,24,0
60015,4,1,0,0,0,21,0,0,0,0,16,0
60016,1,1,26,26,26,26,26,26,26,26,26,26
60016,2,1,0,0,0,0,0,0,0,0,0,0
60016,3,1,0,0,0,0,0,0,11,3,0,0
60016,4,1,0,0,0,4,0,0,0,0,0,0
60017,0,1,19,19,19,19,19,19,19,19,19,19
60017,1,1,0,0,0,0,0,0,26,11,5,0
60018,1,1,11,11,11,11,11,11,11,11,11,11
60019,0,1,0,11,0,18,27,30,25,13,0,0
60019,1,1,0,0,0,0,0,0,0,0,0,0
60020,0,1,0,0,0,0,0,0,0,0,0,0
60020,1,1,0,0,0,0,0,9,0,0,0,0
60021,0,1,0,0,0,0,0,0,0,0,0,0
60021,1,1,0,0,8,0,11,0,0,0,0,0
60022,1,1,0,0,0,0,0,0,0,0,0,0
60023,1,1,18,18,18,18,18,18,18,18,18,18
60024,1,1,0,0,0,0,0,0,0,0,0,0
60024,2,1,18,18,18,18,18,18,18,18,18,18
60025,1,1,0,0,0,0,0,0,0,0,0,0
60026,1,1,0,0,0,0,0,0,0,0,0,0
60027,1,1,0,0,0,0,0,0,0,0,0,0
60028,1,1,0,0,0,0,0,0,0,0,0,0
60028,2,1,0,0,0,0,0,0,0,0,0,0
60029,1,1,0,0,0,0,0,0,0,0,0,0
60030,1,1,7,7,7,7,7,7,7,7,7,7
60031,1,1,17,17,17,17,17,17,17,17,17,17
60032,1,1,0,0,0,0,0,0,0,0,0,0
60032,2,1,0,0,0,0,0,0,0,0,0,0
60033,1,1,0,0,0,0,0,0,0,0,0,0
60034,1,1,14,14,14,14,14,14,14,14,14,14
60035,1,1,10,10,10,10,10,10,10,10,10,10
60035,2,1,0,0,0,0,0,0,0,0,0,0
60036,1,1,0,0,0,0,0,0,0,0,0,0
60036,2,1,0,0,0,0,0,0,0,0,0,0
60037,0,1,19,19,19,19,19,19,19,19,19,19
60037,1,1,0,0,0,0,0,0,0,0,0,0
60038,1,1,26,26,26,26,26,26,26,26,26,26
60038,2,1,0,0,0,0,0,0,0,0,0,0
60039,1,1,0,0,0,0,0,0,0,0,0,0
60040,1,1,0,0,23,0,0,0,32,0,0,16
60040,2,1,0,0,0,0,0,0,0,0,0,0
60041,1,1,0,0,0,0,0,0,0,0,0,0
60041,2,1,0,0,0,0,0,0,0,0,0,0
60042,1,1,37,37,37,37,37,37,37,37,37,37
60043,1,1,6,6,6,6,6,6,6,6,6,6
60044,1,1,15,15,15,15,15,15,15,15,15,15
60045,1,1,12,0,0,0,0,0,0,0,0,0
60046,1,1,0,0,0,0,0,0,0,0,0,0
60047,1,1,0,0,0,0,0,0,0,0,0,0
60048,1,1,0,0,0,0,0,0,0,0,0,0
60048,2,1,0,18,0,0,0,10,28,11,19,13
60049,0,1,10,10,10,10,10,10,10,10,10,10
60049,1,1,0,0,0,0,0,0,0,0,0,0
60050,1,1,0,0,0,0,0,0,0,0,0,0
60050,2,1,0,0,0,0,0,0,0,0,0,11
60051,1,1,0,0,0,0,0,0,0,0,0,0
60051,2,1,0,0,0,0,0,0,0,0,0,0
60051,3,1,14,0,0,0,0,0,0,0,10,0
60052,1,1,0,0,0,0,0,0,0,0,0,0
60052,2,1,0,0,0,0,0,0,0,0,0,0
60053,1,1,0,0,0,0,0,0,0,0,0,0
60053,2,1,0,0,0,0,0,0,0,0,0,0
60054,1,1,0,0,0,0,0,0,0,0,0,0
60054,2,1,0,0,0,0,0,0,23,0,0,0
60055,1,1,0,0,0,0,0,0,0,0,0,0
60055,2,1,0,0,0,0,0,0,0,0,0,0
60056,1,1,0,0,0,0,0,0,0,0,0,0
60056,2,1,0,0,0,0,0,0,0,0,17,0
60056,3,1,0,0,0,0,0,0,0,0,0,0
60057,1,1,0,0,0,0,0,0,0,0,0,0
60057,2,1,0,0,0,0,0,0,0,0,0,0
60058,0,1,0,0,0,0,0,0,0,0,0,0
60058,1,1,0,0,0,0,0,0,0,0,0,0
60059,1,1,0,0,0,0,0,0,0,0,0,0
60060,1,1,0,0,0,0,0,0,0,0,0,0
60060,2,1,0,0,0,0,0,0,0,0,0,0
60060,3,1,0,0,0,0,0,0,0,0,0,0
60061,0,1,0,0,0,0,0,0,0,0,0,0
60061,1,1,0,0,0,0,0,0,0,0,0,0
60062,0,1,12,14,0,0,0,0,22,0,16,0
60062,1,1,0,0,0,11,0,0,7,0,0,0
60063,1,1,0,0,0,0,0,0,0,0,0,0
60064,1,1,0,8,6,0,0,0,0,24,0,0
60065,1,1,0,0,0,0,0,0,0,0,0,0
60065,2,1,0,6,0,0,0,6,0,0,7,0
60066,0,1,0,0,0,0,0,0,0,0,0,0
60066,1,1,0,0,0,0,0,0,0,5,0,0
60067,0,1,0,0,0,0,0,0,0,0,0,0
60067,1,1,0,0,0,0,0,0,0,0,0,0
60068,1,1,0,0,0,22,0,0,0,0,0,0
60068,2,1,0,0,0,0,0,0,0,0,0,0
60068,3,1,0,0,0,0,0,0,0,0,0,0
60069,0,1,0,0,0,0,0,0,0,0,0,0
60069,1,1,0,0,0,0,0,0,0,0,0,0
60070,1,1,11,11,11,11,11,11,11,11,11,11
60070,2,1,0,0,0,2,0,0,0,0,6,0
60070,3,1,0,0,0,0,0,0,0,0,0,0
60071,0,1,23,23,23,23,23,23,23,23,23,23
60071,0,2,18,18,18,18,18,18,18,18,18,18
60071,1,1,0,0,0,0,0,0,0,0,0,0
60072,1,1,0,0,0,0,0,0,0,0,0,0
60072,2,1,0,0,0,0,0,0,0,0,0,0
60073,0,1,0,0,0,0,0,15,0,0,0,0
60073,1,1,0,0,0,0,0,0,0,0,0,0
60074,0,1,3,3,3,3,3,3,3,3,3,3
60074,0,2,0,0,0,0,0,0,0,14,15,9
60074,0,3,15,0,4,32,0,21,0,0,0,0
60074,1,1,0,0,0,0,0,0,0,0,0,0
60075,1,1,0,0,0,0,0,0,0,0,0,0
60076,0,1,13,13,13,13,13,13,13,13,13,13
60076,1,1,0,0,0,0,0,0,17,0,0,0
60077,1,1,0,0,0,0,0,0,0,0,0,0
60077,2,1,0,0,0,0,0,0,0,0,0,0
60078,0,1,20,20,20,20,20,20,20,20,20,20
60078,1,1,4,0,0,8,10,5,0,7,14,0
60079,1,1,0,0,0,0,0,0,0,6,0,0
60080,1,1,0,0,0,0,0,0,0,0,0,0
60081,1,1,16,16,16,16,16,16,16,16,16,16
60082,1,1,0,0,0,0,0,0,0,0,0,0
60083,1,1,0,0,0,0,0,0,0,0,0,0
60084,1,1,0,0,0,0,0,0,0,0,0,0
60085,1,1,17,17,17,17,17,17,17,17,17,17
60086,1,1,0,0,0,0,0,0,0,0,0,0
60086,2,1,0,0,0,0,0,0,0,0,0,38
60087,0,1,15,15,15,15,15,15,15,15,15,15
60087,1,1,0,0,0,0,0,0,0,0,0,0
60088,1,1,0,0,0,0,0,0,0,0,0,0
60088,2,1,0,0,0,0,0,0,0,0,0,0
60089,1,1,0,0,0,0,0,0,0,0,0,0
60089,2,1,0,0,24,0,0,0,0,0,0,0
60090,1,1,0,0,0,0,0,10,0,0,0,0
60090,2,1,18,18,18,18,18,18,18,18,18,18
60091,1,1,0,0,0,0,0,0,0,0,0,0
60092,1,1,0,0,0,0,0,0,0,0,0,0
60092,2,1,0,0,0,0,0,0,0,0,0,0
60093,0,1,0,0,0,0,0,0,0,0,0,0
60093,1,1,0,0,0,0,0,0,0,0,0,0
60094,0,1,0,0,0,0,0,0,0,0,0,0
60094,1,1,0,0,0,0,0,0,0,0,0,0
60095,0,1,31,31,31,31,31,31,31,31,31,31
60095,1,1,0,0,0,0,0,0,0,0,0,0
60096,0,1,0,0,0,0,0,0,0,0,0,0
60096,1,1,0,0,0,12,0,9,0,0,0,0
60097,1,1,0,0,0,0,0,0,0,0,0,0
60097,2,1,0,0,0,0,0,0,0,0,0,0
60098,0,1,28,28,28,28,28,28,28,28,28,28
60098,1,1,0,0,0,0,0,0,0,0,0,0
60099,0,1,0,12,0,0,0,0,19,0,0,0
60099,1,1,0,0,0,0,0,0,0,0,0,11
60100,1,1,0,0,0,0,0,0,0,0,0,0
60100,2,1,0,0,0,0,0,0,0,0,0,0
60101,1,1,0,0,0,0,0,0,0,0,0,0
60101,2,1,0,0,0,0,0,0,0,0,0,0
60102,0,1,0,0,0,0,0,0,0,0,0,0
60102,1,1,0,0,0,0,0,0,0,0,0,0
60103,1,1,12,12,12,12,12,12,12,12,12,12
60103,2,1,0,0,0,0,21,0,19,0,13,0
60104,0,1,0,0,0,0,0,0,0,0,0,0
60104,1,1,0,0,0,0,0,0,0,0,0,0
60105,0,1,0,0,0,0,0,0,0,0,0,0
60105,1,1,0,0,0,0,0,0,0,0,0,0
60106,1,1,0,0,0,0,0,0,0,0,0,0
60107,0,1,3,3,3,3,3,3,3,3,3,3
60107,1,1,0,0,0,0,0,0,0,0,0,0
60107,2,1,0,0,0,0,0,0,0,0,0,0
60108,0,1,16,16,16,16,16,16,16,16,16,16
60108,1,1,0,0,0,0,0,0,0,0,0,0
60109,0,1,25,25,25,25,25,25,25,25,25,25
60109,1,1,0,0,0,0,0,0,0,0,0,0
60110,0,1,31,31,31,31,31,31,31,31,31,31
60110,1,1,0,0,0,0,0,0,0,0,0,0
60111,1,1,0,0,0,0,0,0,0,0,0,0
60112,1,1,0,0,0,0,0,0,0,0,0,0
60113,1,1,0,0,0,0,0,0,0,0,0,0
60113,2,1,9,9,9,9,9,9,9,9,9,9
60114,1,1,9,9,9,9,9,9,9,9,9,9
60115,1,1,0,11,0,0,0,0,15,0,0,0
60115,2,1,0,0,0,0,0,0,0,0,0,0
60116,1,1,0,0,0,0,0,0,0,0,0,0
60116,2,1,0,0,0,0,0,0,0,0,0,0
60117,0,1,0,0,0,0,0,0,0,0,0,0
60117,1,1,0,0,0,0,0,0,0,0,0,0
60118,1,1,0,0,29,0,0,0,0,0,0,0
60118,2,1,0,0,0,0,0,0,0,0,0,0
60118,3,1,0,0,0,0,0,0,0,0,0,0
60118,4,1,0,6,0,0,0,0,0,0,0,0
60119,1,1,0,21,18,0,0,7,0,0,21,10
60120,0,1,0,0,0,0,0,0,0,0,0,0
60120,1,1,0,0,0,0,0,0,0,0,0,0
60121,1,1,11,11,11,11,11,11,11,11,11,11
60122,1,1,0,0,0,0,0,0,0,0,0,0
60122,2,1,2,2,2,2,2,2,2,2,2,2
60123,1,1,20,20,20,20,20,20,20,20,20,20
60124,1,1,0,0,0,0,0,0,0,0,0,0
60125,0,1,0,0,0,0,0,0,0,0,0,0
60125,1,1,0,0,0,0,0,0,0,0,0,0
60126,0,1,9,9,9,9,9,9,9,9,9,9
60126,1,1,0,0,0,0,0,0,0,0,0,0
60127,1,1,0,0,0,0,0,0,0,0,0,0
60127,2,1,0,0,0,13,0,0,0,0,0,0
60128,0,1,0,0,0,0,0,0,0,0,0,0
60128,1,1,0,0,0,0,0,0,0,0,0,0
60129,0,1,0,0,0,19,0,0,0,0,0,40
60129,1,1,5,5,5,5,5,5,5,5,5,5
60130,0,1,0,0,0,0,0,0,0,0,0,0
60130,1,1,0,0,0,0,0,0,0,0,0,0
60131,0,1,0,0,0,0,0,0,0,0,0,0
60131,1,1,0,22,0,0,0,0,0,0,0,0
60132,1,1,0,0,0,0,0,21,0,0,0,0
60132,2,1,0,0,0,0,0,0,0,0,0,0
60133,1,1,0,0,0,0,0,0,0,0,0,0
60133,2,1,0,0,0,0,0,0,0,0,0,0
60134,0,1,0,0,0,0,0,0,0,0,0,0
60134,1,1,0,0,0,0,0,0,0,0,0,0
60135,1,1,0,0,0,0,0,0,0,0,0,0
60136,1,1,0,0,0,0,0,0,0,0,0,0
60137,1,1,0,0,0,0,0,0,0,0,0,0
60138,1,1,0,0,0,0,0,0,0,0,0,0
60138,2,1,0,0,0,0,0,0,0,0,0,0
60139,0,1,0,0,0,0,0,0,0,0,0,0
60139,1,1,0,0,0,0,0,0,0,0,0,0
60139,2,1,0,0,0,0,0,0,0,0,0,0
60140,0,1,0,0,0,0,0,0,0,0,0,0
60140,1,1,22,22,27,22,34,14,4,20,16,7
60141,1,1,18,18,18,18,18,18,18,18,18,18
60142,1,1,21,21,21,21,21,21,21,21,21,21
60143,0,1,0,0,0,11,0,0,0,24,0,11
60143,1,1,0,0,0,0,0,0,0,0,0,0
60144,1,1,0,0,0,0,0,0,5,0,0,0
60144,2,1,0,0,0,0,0,0,0,0,0,0
60145,0,1,13,13,13,13,13,13,13,13,13,13
60145,1,1,0,0,0,0,0,0,0,0,0,0
60146,1,1,0,0,0,0,0,0,0,0,0,0
60146,2,1,0,0,0,0,0,0,0,0,0,0
60147,0,1,0,0,0,0,0,0,0,0,0,0
60147,1,1,0,0,0,0,0,0,0,0,0,0
60148,1,1,27,27,27,27,27,27,27,27,27,27
60149,1,1,0,0,0,0,0,0,0,0,0,0
60149,2,1,0,0,0,0,0,0,0,10,0,0
60150,0,1,0,0,0,0,0,0,0,0,0,0
60150,0,2,0,0,0,3,0,0,0,0,0,26
60150,1,1,0,0,0,0,0,0,0,0,0,0
60151,1,1,0,0,0,0,0,0,0,0,0,0
60151,2,1,0,0,0,0,0,0,0,0,0,0
60152,1,1,0,0,0,0,0,0,0,0,0,0
60152,2,1,0,0,0,0,0,0,0,0,0,0
60153,0,1,3,3,3,3,3,3,3,3,3,3
60153,1,1,0,0,0,0,0,0,0,0,0,0
60154,1,1,0,0,0,0,0,0,0,0,0,0
60154,2,1,0,0,0,0,0,0,0,0,0,0
60155,0,1,39,39,39,39,39,39,39,39,39,39
60155,1,1,0,0,0,14,0,0,0,0,4,0
60156,0,1,15,15,15,15,15,15,15,15,15,15
60156,1,1,6,6,6,6,6,6,6,6,6,6
60156,2,1,0,0,0,0,0,0,0,0,20,0
60157,1,1,0,0,0,0,0,0,0,0,0,0
60157,2,1,31,31,31,31,31,31,31,31,31,31
60158,1,1,13,13,13,13,13,13,13,13,13,13
60158,2,1,0,0,0,0,0,0,0,0,0,0
60159,0,1,0,0,25,28,0,0,19,22,0,0
60159,1,1,0,0,0,0,0,0,0,0,0,0
60160,0,1,30,30,30,30,30,30,30,30,30,30
60160,1,1,0,0,0,0,0,0,0,0,0,0
60161,0,1,14,14,14,14,14,14,14,14,14,14
60161,1,1,0,0,0,0,0,8,20,0,0,0
60162,1,1,27,5,15,20,20,14,13,18,30,27
60163,1,1,26,26,26,26,26,26,26,26,26,26
60164,1,1,0,0,0,0,0,0,0,0,0,0
60164,2,1,0,0,0,0,0,0,0,0,0,0
60165,0,1,0,0,0,0,0,0,0,0,0,0
60165,1,1,0,0,0,0,0,0,0,0,0,0
60166,0,1,0,0,0,0,0,0,0,0,0,0
60166,1,1,0,0,0,0,0,0,0,0,0,0
60167,1,1,44,44,44,44,44,44,44,44,44,44
60168,0,1,19,19,19,19,19,19,19,19,19,19
60168,1,1,0,0,0,0,0,0,0,0,0,0
60169,1,1,0,0,0,0,0,0,0,0,9,0
60169,2,1,0,0,10,0,0,0,0,0,0,0
60170,1,1,0,0,0,0,0,0,0,0,0,0
60171,0,1,15,15,15,15,15,15,15,15,15,15
60171,1,1,0,0,0,0,0,0,0,0,0,0
60172,1,1,34,34,34,34,34,34,34,34,34,34
60173,1,1,0,0,0,0,0,0,0,0,0,0
60174,1,1,11,11,11,11,11,11,11,11,11,11
60175,1,1,0,0,0,0,0,0,0,0,0,0
60176,1,1,14,14,14,14,14,14,14,14,14,14
60177,1,1,24,24,24,24,24,24,24,24,24,24
60178,1,1,0,0,0,0,0,0,0,0,0,0
60178,2,1,0,0,0,0,0,0,0,0,0,0
60179,0,1,0,0,0,0,0,0,0,0,0,0
60179,1,1,0,0,0,0,0,0,0,0,0,0
60180,1,1,0,33,8,16,24,22,10,0,0,9
60181,1,1,0,0,0,0,0,0,0,0,0,0
60181,2,1,0,0,0,0,0,0,0,0,0,0
60182,1,1,15,15,15,15,15,15,15,15,15,15
60182,2,1,13,13,13,13,13,13,13,13,13,13
60183,0,1,13,13,13,13,13,13,13,13,13,13
60183,1,1,0,0,0,0,0,0,0,0,0,0
60184,0,1,0,0,0,0,0,0,0,0,0,0
60184,1,1,0,0,0,0,0,0,0,0,0,0
60185,1,1,25,25,25,25,25,25,25,25,25,25
60186,1,1,2,2,2,2,2,2,2,2,2,2
60186,2,1,0,0,0,14,11,0,0,0,32,0
60187,0,1,18,18,18,18,18,18,18,18,18,18
60187,1,1,0,0,0,0,0,0,0,0,0,0
60188,1,1,30,30,30,30,30,30,30,30,30,30
60188,2,1,0,0,10,0,0,0,0,0,0,0
60189,1,1,0,0,0,0,0,0,0,0,25,0
60189,2,1,0,0,0,0,0,0,0,0,0,0
60190,1,1,18,18,18,18,18,18,18,18,18,18
60191,0,1,0,0,0,0,0,0,0,0,0,0
60191,1,1,0,0,0,0,0,0,0,0,0,0
60192,0,1,0,30,26,0,20,0,10,0,0,21
60192,1,1,0,0,0,0,0,0,0,0,0,0
60193,1,1,3,3,3,3,3,3,3,3,3,3
60194,0,1,30,30,30,30,30,30,30,30,30,30
60194,1,1,0,0,0,0,0,0,0,0,0,0
60195,1,1,20,20,20,20,20,20,20,20,20,20
60196,1,1,12,12,12,12,12,12,12,12,12,12
60196,2,1,0,0,0,0,0,0,0,0,0,0
60197,1,1,17,17,17,17,17,17,17,17,17,17
60197,2,1,0,0,0,0,0,0,0,0,0,0
60198,1,1,19,19,19,19,19,19,19,19,19,19
60198,2,1,13,13,13,13,13,13,13,13,13,13
60199,1,1,94,94,94,94,94,94,94,94,94,94
60199,2,1,0,0,0,0,0,0,0,0,0,0
60199,3,1,0,0,0,0,0,0,0,0,0,0
60200,1,1,23,23,23,23,23,23,23,23,23,23
60200,2,1,0,0,0,0,0,0,0,0,0,0
60201,1,1,0,0,0,0,0,0,0,0,0,0
60202,0,1,0,0,0,0,0,0,0,0,0,0
60202,0,2,0,0,0,0,0,0,0,0,0,0
60202,1,1,0,0,0,0,0,0,0,0,0,0
60203,1,1,0,0,0,0,0,0,0,0,0,0
60204,1,1,22,0,0,0,0,0,0,0,0,0
60205,0,1,0,0,0,0,0,0,0,0,0,0
60205,1,1,0,0,0,0,0,0,0,0,0,0
60206,0,1,13,21,51,11,10,38,32,19,18,14
60206,1,1,22,0,0,10,8,21,0,0,0,0
60207,1,1,0,0,0,0,0,0,0,0,0,0
60207,2,1,0,0,0,0,0,0,0,0,0,0
60208,0,1,0,0,0,0,0,0,0,0,0,0
60208,1,1,0,0,0,22,0,0,0,0,0,0
60209,1,1,0,0,0,0,0,0,0,0,0,0
60209,2,1,0,0,0,0,0,0,0,0,0,0
60210,1,1,0,0,0,0,0,0,0,0,0,0
60211,0,1,0,0,0,0,0,0,0,0,0,0
60211,1,1,0,0,0,0,0,0,0,0,0,0
60212,1,1,25,25,25,25,25,25,25,25,25,25
60212,2,1,0,0,0,0,0,0,0,0,0,0
60213,1,1,0,0,0,0,0,0,0,0,0,0
60214,1,1,11,11,11,11,11,11,11,11,11,11
60215,1,1,0,0,0,0,0,0,0,0,0,0
60216,0,1,19,19,19,19,19,19,19,19,19,19
60216,1,1,0,0,0,0,0,0,0,0,0,0
60217,1,1,31,31,31,31,31,31,31,31,31,31
60217,2,1,0,0,0,0,7,0,0,0,0,0
60218,1,1,23,23,23,23,23,23,23,23,23,23
60218,2,1,0,0,0,0,0,0,0,0,0,0
60219,1,1,18,18,18,18,18,18,18,18,18,18
60220,1,1,10,10,10,10,10,10,10,10,10,10
60221,1,1,0,0,0,0,0,0,0,0,0,0
60222,1,1,19,19,19,19,19,19,19,19,19,19
60223,0,1,0,0,0,0,0,0,0,0,0,0
60223,1,1,0,0,0,0,0,0,0,0,0,21
60224,0,1,24,24,24,24,24,24,24,24,24,24
60224,1,1,0,0,0,0,0,0,0,0,0,0
60225,0,1,0,0,0,0,0,0,0,0,0,0
60225,1,1,0,0,0,11,0,0,0,0,0,0
60226,1,1,0,0,0,0,0,0,0,0,0,0
60226,2,1,0,0,0,0,0,0,0,0,0,0
60227,0,1,21,21,21,21,21,21,21,21,21,21
60227,1,1,0,0,0,0,0,0,0,0,0,0
60227,2,1,0,0,0,0,0,0,0,0,0,0
60228,0,1,0,0,0,0,0,0,0,0,0,0
60228,1,1,0,0,0,0,0,0,0,0,0,0
60229,1,1,0,0,0,0,0,0,0,0,0,0
60229,2,1,0,0,0,0,0,0,0,0,0,0
60230,1,1,14,14,14,14,14,14,14,14,14,14
60231,1,1,0,0,0,0,0,0,0,0,0,0
60232,1,1,0,0,0,0,0,0,0,0,0,0
60232,2,1,0,0,0,0,0,0,0,0,0,0
60233,0,1,0,0,0,0,0,0,0,0,0,0
60233,1,1,11,0,0,9,0,0,0,4,0,0
60234,1,1,18,18,18,18,18,18,18,18,18,18
60235,1,1,0,0,0,0,10,0,0,0,0,0
60235,2,1,0,0,0,0,0,0,0,11,0,0
60236,1,1,0,0,0,0,0,0,0,0,0,0
60236,2,1,0,0,0,0,0,0,0,0,0,0
60237,1,1,0,0,0,0,0,0,0,0,0,0
60237,2,1,0,0,0,0,0,0,0,0,0,0
60238,0,1,0,0,0,0,0,0,0,0,0,0
60238,1,1,0,0,0,0,0,0,0,0,0,0
60239,0,1,0,0,0,0,0,0,0,0,0,0
60239,1,1,0,14,0,5,19,0,0,16,0,0
60240,0,1,19,19,19,19,19,19,19,19,19,19
60240,1,1,0,0,0,0,10,0,0,4,0,26
60241,0,1,14,14,14,14,14,14,14,14,14,14
60241,1,1,0,0,0,0,0,0,0,0,0,0
60241,2,1,0,14,0,0,0,0,0,0,0,0
60242,0,1,0,0,0,0,0,0,0,0,0,0
60242,1,1,0,0,0,0,0,0,0,0,0,0
60242,2,1,0,0,0,0,0,0,0,0,0,0
60243,1,1,0,0,0,0,0,0,0,0,0,0
60243,2,1,0,0,0,0,0,0,0,0,0,0
60244,1,1,28,28,28,28,28,28,28,28,28,28
60244,2,1,0,8,0,0,0,0,0,0,0,0
60245,1,1,0,6,0,0,0,0,0,0,0,0
60246,0,1,0,0,0,0,0,0,0,0,0,0
60246,0,2,12,0,0,0,8,0,0,20,0,22
60246,1,1,0,0,0,0,0,0,0,0,0,0
60246,3,1,0,0,0,0,0,0,0,0,0,0
60247,0,1,5,5,5,5,5,5,5,5,5,5
60247,1,1,0,0,0,0,0,0,12,0,25,0
60248,1,1,28,28,28,28,28,28,28,28,28,28
60248,2,1,0,0,0,0,0,0,0,0,0,0
60249,0,1,16,16,16,16,16,16,16,16,16,16
60249,1,1,13,13,13,13,13,13,13,13,13,13
60250,1,1,0,0,0,0,0,0,0,0,0,0
60250,2,1,0,0,0,0,0,0,0,0,9,0
60251,0,1,27,27,27,27,27,27,27,27,27,27
60251,1,1,0,0,0,0,0,0,0,0,0,0
60252,0,1,4,4,4,4,4,4,4,4,4,4
60252,1,1,0,0,0,17,5,8,0,0,0,0
60252,2,1,20,0,0,0,10,9,0,0,7,0
60253,1,1,27,27,27,27,27,27,27,27,27,27
60254,0,1,0,0,0,0,0,0,0,0,0,0
60254,1,1,0,0,0,0,0,0,0,0,0,0
60255,0,1,10,27,8,37,19,36,29,30,29,25
60255,1,1,0,0,0,0,0,0,0,0,0,0
60256,1,1,0,0,0,0,0,0,0,0,0,0
60256,2,1,0,0,0,0,0,0,0,0,0,0
60257,0,1,0,0,0,0,0,0,0,0,0,0
60257,1,1,0,0,0,0,0,0,0,0,0,0
60258,1,1,5,5,5,5,5,5,5,5,5,5
60258,2,1,0,0,0,0,0,0,0,0,0,0
60259,0,1,0,0,0,0,0,0,0,0,0,0
60260,0,1,0,0,0,0,0,0,0,0,0,0
60260,1,1,0,0,0,0,0,0,0,0,0,0
60260,2,1,0,0,0,0,0,0,7,0,25,17
60261,0,1,28,28,28,28,28,28,28,28,28,28
60261,1,1,0,0,0,0,0,0,0,0,0,33
60262,0,1,0,0,0,0,0,0,0,0,0,0
60262,1,1,0,0,0,0,0,0,0,0,0,0
60263,0,1,23,0,0,0,0,0,0,0,0,0
60263,0,2,0,0,0,0,0,0,0,0,0,0
60263,1,1,0,0,0,0,0,0,0,0,0,0
60264,0,1,0,0,0,0,0,0,0,0,0,0
60264,1,1,0,0,0,0,0,0,0,0,0,0
60265,0,1,0,0,0,0,0,0,0,0,0,0
60265,1,1,0,0,0,0,0,0,0,0,0,0
60266,0,1,0,0,0,0,0,0,0,0,0,0
60266,1,1,0,0,0,0,0,0,0,0,0,0
60267,1,1,16,16,16,16,16,16,16,16,16,16
60267,2,1,0,0,0,0,0,0,0,0,0,0
60268,0,1,19,19,19,19,19,19,19,19,19,19
60268,1,1,0,0,0,0,0,0,0,0,0,0
60269,1,1,23,23,23,23,23,23,23,23,23,23
60270,1,1,18,18,18,18,18,18,18,18,18,18
60271,1,1,1,1,1,1,1,1,1,1,1,1
60272,1,1,0,0,0,0,0,0,0,0,0,0
60273,0,1,0,0,0,0,0,0,0,0,0,0