ST_CASE,VEH_NO,PER_NO,P1,P2,P3,P4,P5,P6,P7,P8,P9,P10
60273,1,1,0,0,0,0,0,0,0,0,0,0
60274,0,1,0,0,0,0,0,0,0,0,0,0
60274,1,1,17,17,17,17,17,17,17,17,17,17
60275,1,1,15,15,15,15,15,15,15,15,15,15
60276,1,1,0,0,0,0,0,0,0,0,0,0
60276,2,1,0,0,0,0,0,0,0,0,0,0
60277,1,1,0,0,0,0,0,0,0,0,0,0
60278,1,1,0,0,0,0,0,0,0,0,0,0
60278,2,1,0,0,0,0,0,0,0,0,0,0
60279,1,1,0,0,0,0,0,0,0,0,0,0
60280,1,1,0,0,0,0,2,0,0,0,0,0
60281,2,1,4,10,16,17,23,26,23,16,24,20
60282,0,1,36,36,36,36,36,36,36,36,36,36
60282,1,1,18,18,18,18,18,18,18,18,18,18
60283,1,1,17,17,17,17,17,17,17,17,17,17
60283,2,1,0,0,0,0,0,0,0,0,0,0
60283,3,1,0,0,0,0,0,0,0,0,0,0
60284,1,1,9,9,9,9,9,9,9,9,9,9
60285,0,1,14,14,14,14,14,14,14,14,14,14
60285,1,1,0,0,0,0,0,0,0,0,0,0
60286,1,1,18,18,18,18,18,18,18,18,18,18
60286,2,1,18,18,18,18,18,18,18,18,18,18
60287,1,1,0,0,0,0,0,6,0,0,0,0
60287,2,1,0,0,0,0,0,0,0,0,0,0
60288,1,1,32,32,32,32,32,32,32,32,32,32
60288,2,1,9,9,9,9,9,9,9,9,9,9
60289,1,1,18,18,18,18,18,18,18,18,18,18
60289,2,1,0,17,0,0,0,0,0,0,20,15
60289,3,1,30,0,0,0,0,0,0,12,0,0
60290,1,1,0,0,0,0,0,0,0,0,0,0
60291,1,1,14,0,0,0,0,0,0,0,0,0
60291,2,1,0,0,0,0,0,0,0,0,0,0
60291,3,1,0,0,0,0,0,0,0,0,0,0
60292,1,1,13,13,13,13,13,13,13,13,13,13
60292,2,1,0,0,0,0,0,0,0,0,0,0
60293,1,1,0,0,0,0,0,0,0,0,0,0
60294,1,1,12,12,12,12,12,12,12,12,12,12
60295,1,1,0,0,0,0,0,0,0,0,0,0
60295,2,1,0,0,0,0,0,0,0,0,0,0
60296,0,1,21,21,21,21,21,21,21,21,21,21
60296,1,1,0,30,0,0,0,0,0,0,26,0
60297,0,1,0,0,0,0,0,0,0,0,9,0
60297,1,1,0,0,0,0,0,0,0,0,0,0
60298,1,1,0,0,0,0,0,0,0,0,0,0
60299,0,1,0,0,0,0,0,0,0,0,0,0
60299,1,1,0,0,0,0,0,0,0,0,0,0
60300,1,1,0,0,0,0,0,0,0,0,0,0
60300,2,1,0,0,0,0,0,0,0,0,0,0
60301,1,1,0,0,0,0,0,0,0,0,0,0
60301,2,1,0,0,0,0,0,0,0,0,0,0
60302,1,1,0,0,0,0,0,0,0,0,0,0
60303,1,1,21,21,21,21,21,21,21,21,21,21
60304,1,1,0,0,0,0,0,0,0,0,0,0
60305,1,1,0,0,0,0,0,0,0,0,0,0
60305,2,1,0,0,0,4,0,0,0,0,0,0
60306,1,1,0,0,0,0,0,0,0,0,0,0
60307,1,1,26,26,26,26,26,26,26,26,26,26
60307,2,1,0,0,0,0,0,0,0,0,0,0
60308,1,1,25,25,25,25,25,25,25,25,25,25
60309,1,1,11,0,0,27,0,0,6,0,0,0
60310,1,1,0,0,0,0,0,0,0,0,0,0
60310,2,1,0,0,0,0,0,0,0,0,0,0
60311,1,1,0,0,0,0,0,0,0,0,0,0
60312,1,1,23,23,23,23,23,23,23,23,23,23
60312,2,1,0,0,0,0,0,0,0,0,0,0
60313,1,1,0,0,0,0,0,0,0,0,0,0
60314,1,1,18,18,18,18,18,18,18,18,18,18
60315,1,1,0,0,0,15,18,16,17,0,15,11
60316,1,1,0,0,0,0,0,0,0,0,0,0
60317,0,1,0,0,0,0,0,0,0,0,0,0
60317,1,1,11,22,0,0,0,37,0,0,0,26
60317,2,1,0,0,0,0,0,0,0,0,0,0
60318,0,1,0,0,0,0,0,0,0,0,0,0
60318,1,1,0,0,0,0,0,0,0,0,0,0
60319,0,1,0,0,0,0,0,0,0,0,0,0
60319,1,1,0,0,0,0,0,0,0,0,0,0
60320,1,1,0,0,0,40,0,0,24,0,0,17
60321,1,1,23,23,23,23,23,23,23,23,23,23
60322,1,1,19,19,19,19,19,19,19,19,19,19
60323,1,1,0,0,0,0,0,0,0,0,0,0
60323,2,1,0,0,0,0,0,0,0,0,0,0
60324,1,1,10,10,10,10,10,10,10,10,10,10
60325,0,1,0,0,0,0,0,0,0,0,0,0
60325,1,1,0,0,0,0,0,0,0,0,0,0
60326,0,1,0,0,0,0,0,0,0,0,0,0
60326,1,1,0,0,0,0,0,0,0,0,0,0
60327,0,1,0,0,0,0,0,0,0,0,0,0
60327,1,1,0,0,0,0,0,0,7,13,0,0
60328,0,1,0,0,0,0,0,0,0,0,0,0
60328,1,1,0,0,0,0,0,0,0,0,0,0
60329,0,1,16,16,16,16,16,16,16,16,16,16
60329,1,1,0,0,0,0,0,0,0,0,0,0
60330,1,1,7,7,7,7,7,7,7,7,7,7
60330,2,1,0,0,0,0,0,0,0,0,0,0
60330,3,1,15,0,0,0,0,0,0,27,0,0
60331,1,1,26,26,26,26,26,26,26,26,26,26
60332,1,1,0,0,0,0,0,0,0,0,0,0
60332,2,1,0,0,0,0,0,0,0,0,0,0
60333,0,1,24,24,24,24,24,24,24,24,24,24
60333,1,1,0,0,0,0,0,0,0,0,0,0
60334,1,1,0,0,0,0,0,0,0,0,0,0
60334,2,1,0,0,0,0,0,0,0,0,0,0
60335,1,1,0,0,0,0,0,0,0,7,0,0
60336,0,1,0,0,0,0,0,0,0,0,0,0
60336,0,2,0,0,0,0,15,0,0,0,0,0
60336,1,1,0,0,0,0,0,0,0,0,0,0
60336,2,1,0,0,0,0,0,0,0,0,0,0
60336,3,1,0,10,0,0,0,0,0,0,0,0
60336,4,1,0,0,0,0,0,0,0,0,0,0
60337,1,1,0,0,0,0,0,0,0,0,0,0
60337,2,1,0,0,0,0,0,0,0,0,0,10
60338,1,1,0,0,0,0,0,0,0,0,0,0
60338,2,1,0,0,0,0,0,0,0,0,0,0
60339,1,1,23,23,23,23,23,23,23,23,23,23
60339,2,1,0,0,0,0,0,0,0,0,0,0
60339,3,1,0,0,0,0,0,0,0,0,0,0
60340,1,1,0,0,0,0,0,0,0,0,0,0
60340,2,1,0,0,0,0,0,0,0,0,0,0
60340,3,1,0,0,0,0,0,0,0,0,0,0
60342,1,1,0,0,0,0,0,0,0,0,0,0
60342,2,1,0,0,0,0,0,0,0,0,7,0
60343,0,1,0,0,0,0,0,0,0,0,0,0
60343,1,1,0,0,0,0,0,0,14,13,0,0
60344,1,1,0,0,0,0,0,0,0,0,0,0
60345,1,1,10,10,10,10,10,10,10,10,10,10
60345,2,1,0,0,0,0,0,0,0,0,0,0
60346,1,1,16,16,16,16,16,16,16,16,16,16
60347,1,1,18,18,18,18,18,18,18,18,18,18
60347,2,1,0,0,0,0,0,0,0,0,0,0
60348,0,1,0,0,0,0,0,0,0,0,0,0
60348,1,1,0,0,0,0,0,0,0,0,0,0
60349,0,1,0,0,0,0,0,0,0,0,0,0
60349,1,1,0,0,0,0,0,0,0,0,0,0
60349,2,1,0,0,0,0,0,0,0,0,0,0
60350,1,1,0,0,0,0,0,0,0,0,0,0
60350,2,1,0,0,0,11,0,0,0,0,0,0
60351,1,1,0,0,0,0,0,0,0,0,0,0
60351,2,1,0,0,0,0,0,0,0,0,0,0
60352,1,1,0,0,0,0,0,0,0,0,0,0
60352,2,1,0,0,0,0,0,0,0,0,0,0
60353,1,1,0,0,0,33,0,0,0,0,0,0
60353,2,1,18,0,0,0,0,0,0,0,0,0
60354,1,1,0,0,0,0,0,0,0,0,0,0
60354,2,1,0,0,0,0,0,0,0,0,0,0
60355,0,1,0,0,0,0,0,0,0,0,0,0
60355,1,1,0,0,0,0,0,0,0,0,0,0
60356,1,1,0,0,0,0,0,0,0,0,0,0
60356,2,1,0,0,0,0,0,0,0,0,0,0
60357,0,1,0,0,0,0,0,0,0,0,0,0
60357,1,1,0,0,0,0,0,0,0,0,0,0
60358,0,1,25,25,25,25,25,25,25,25,25,25
60358,1,1,0,0,0,0,0,0,0,0,0,12
60359,1,1,0,0,0,0,0,0,0,0,0,0
60359,2,1,0,0,0,0,0,0,0,0,0,0
60360,0,1,0,0,0,0,0,0,0,0,0,0
60360,1,1,0,0,0,0,0,0,0,0,0,0
60360,2,1,0,0,0,0,0,0,0,15,0,0
60361,0,1,0,0,0,0,0,0,0,0,0,0
60361,1,1,0,0,0,0,11,0,0,15,0,0
60362,1,1,8,8,8,8,8,8,8,8,8,8
60363,1,1,0,0,0,0,14,0,0,0,0,0
60364,0,1,0,0,0,0,0,0,0,0,0,0
60364,1,1,0,0,0,0,0,0,0,0,0,0
60365,0,1,31,31,31,31,31,31,31,31,31,31
60365,1,1,0,0,0,0,0,0,0,0,0,0
60366,1,1,0,0,0,0,0,0,0,0,0,0
60366,2,1,0,0,0,0,0,0,0,0,0,0
60367,0,1,0,0,0,0,0,0,0,0,0,0
60367,1,1,0,0,17,0,0,0,0,13,0,0
60368,0,1,0,0,0,0,0,0,0,0,0,0
60368,1,1,0,0,0,0,0,0,0,0,0,0
60369,1,1,0,0,0,0,0,0,0,0,0,0
60369,2,1,0,0,0,0,0,0,0,0,0,0
60370,1,1,0,0,0,0,0,0,0,0,0,0
60370,2,1,0,0,0,0,0,0,0,0,0,0
60371,1,1,0,0,0,0,0,0,0,0,0,0
60371,3,1,0,0,0,0,0,0,0,0,0,0
60372,1,1,0,0,0,0,0,0,0,0,0,0
60373,1,1,0,0,0,0,0,0,0,0,0,0
60373,2,1,0,0,0,0,0,0,0,0,0,0
60374,1,1,0,0,0,0,0,0,0,0,0,0
60374,2,1,0,0,0,0,0,0,0,0,0,0
60375,0,1,0,0,0,0,0,0,0,0,0,0
60375,1,1,5,5,5,5,5,5,5,5,5,5
60375,2,1,0,0,0,0,0,0,0,0,0,0
60376,1,1,13,36,13,0,8,0,0,0,0,0
60376,2,1,0,0,0,0,0,0,0,0,0,0
60377,1,1,0,0,0,0,0,0,0,0,0,0
60378,0,1,14,14,14,14,14,14,14,14,14,14
60378,1,1,0,0,0,0,0,0,0,0,0,0
60379,0,1,0,0,20,36,17,19,0,21,21,0
60379,1,1,0,0,0,0,22,0,0,0,0,0
60380,0,1,37,37,37,37,37,37,37,37,37,37
60380,1,1,0,0,0,0,0,0,0,0,0,0
60381,0,1,31,31,31,31,31,31,31,31,31,31
60381,1,1,0,0,0,0,0,0,0,12,19,0
60382,0,1,30,30,30,30,30,30,30,30,30,30
60382,1,1,0,0,0,0,0,0,0,0,0,0
60383,1,1,0,0,0,0,0,0,0,0,0,0
60384,0,1,0,0,0,0,0,0,0,0,0,0
60384,1,1,0,0,0,0,0,0,0,0,0,0
60385,1,1,16,16,16,16,16,16,16,16,16,16
60386,1,1,0,0,0,0,0,0,0,0,0,0
60386,2,1,0,0,0,0,0,0,0,0,0,0
60386,3,1,0,0,0,0,0,0,0,0,0,0
60387,1,1,0,0,0,0,0,0,0,9,0,0
60388,0,1,22,23,27,16,0,10,20,0,0,0
60388,1,1,0,0,0,0,0,0,0,0,0,0
60389,1,1,0,0,0,0,0,0,0,0,0,0
60389,2,1,0,0,0,0,0,0,0,0,0,0
60390,0,1,0,0,0,0,0,0,0,0,0,0
60390,1,1,0,0,0,0,0,0,0,0,0,0
60391,1,1,15,15,15,15,15,15,15,15,15,15
60392,1,1,25,25,25,25,25,25,25,25,25,25
60392,2,1,0,0,0,0,0,0,0,0,0,0
60393,1,1,26,26,26,26,26,26,26,26,26,26
60394,1,1,18,18,18,18,18,18,18,18,18,18
60395,1,1,0,0,0,0,0,0,0,0,0,0
60395,2,1,0,0,0,0,0,0,0,0,0,0
60396,0,1,0,0,0,0,0,0,0,0,0,0
60396,1,1,0,0,0,0,0,0,0,0,0,0
60397,0,1,0,0,0,0,0,0,0,0,0,0
60397,1,1,16,0,20,0,21,0,0,0,0,0
60398,0,1,0,0,0,0,0,0,0,0,0,0
60398,1,1,0,0,0,0,0,0,0,0,0,0
60399,1,1,0,0,0,0,0,0,0,0,0,0
60400,0,1,0,0,0,0,0,0,0,0,0,0
60400,1,1,0,0,0,0,15,0,0,0,0,0
60401,1,1,0,0,0,0,0,0,0,0,0,0
60401,2,1,5,0,0,0,0,0,0,0,0,19
60402,1,1,9,9,9,9,9,9,9,9,9,9
60403,0,1,23,23,23,23,23,23,23,23,23,23
60403,1,1,0,0,0,0,0,0,0,0,0,0
60404,0,1,34,34,34,34,34,34,34,34,34,34
60404,1,1,0,0,0,0,0,0,0,0,0,0
60405,1,1,0,0,0,0,0,0,0,0,0,0
60406,1,1,0,0,0,0,0,0,0,0,0,0
60406,2,1,0,0,0,0,0,0,0,0,0,0
60406,3,1,0,0,0,0,0,0,0,0,0,0
60406,4,1,0,0,0,0,0,0,0,0,0,0
60407,0,1,0,0,0,0,0,0,0,0,0,0
60407,1,1,0,0,0,0,0,0,0,0,0,0
60408,1,1,0,0,0,0,0,0,0,0,0,0
60409,1,1,0,0,0,0,0,0,0,0,0,0
60410,0,1,0,0,0,0,0,0,0,0,0,0
60410,2,1,0,0,0,0,0,0,0,0,0,19
60411,1,1,0,0,0,0,0,0,0,0,0,0
60411,2,1,0,0,0,0,0,0,0,0,0,0
60412,1,1,0,0,0,0,0,0,0,0,0,0
60412,2,1,0,0,0,0,0,0,0,0,0,0
60413,0,1,0,0,0,0,0,0,0,0,7,0
60413,1,1,0,0,0,0,0,0,0,0,0,0
60414,1,1,31,31,31,31,31,31,31,31,31,31
60415,0,1,33,33,33,33,33,33,33,33,33,33
60415,1,1,0,0,0,24,0,0,0,0,0,0
60416,1,1,10,10,10,10,10,10,10,10,10,10
60417,1,1,0,0,0,0,0,0,0,0,0,0
60418,0,1,0,0,0,0,0,0,0,0,0,0
60418,1,1,8,8,8,8,8,8,8,8,8,8
60419,0,1,0,0,0,0,0,0,0,0,0,0
60419,1,1,0,0,0,0,0,0,0,0,0,0
60420,1,1,10,10,10,10,10,10,10,10,10,10
60420,2,1,0,0,0,0,0,6,0,0,0,0
60421,0,1,0,0,0,0,0,0,0,0,0,0
60421,1,1,0,0,0,0,0,0,0,0,0,0
60422,1,1,23,23,23,23,23,23,23,23,23,23
60422,2,1,0,0,0,0,0,0,0,0,0,0
60423,0,1,0,0,0,0,0,6,19,11,0,18
60423,1,1,0,0,0,0,0,15,16,0,0,0
60424,0,1,22,22,22,22,22,22,22,22,22,22
60424,1,1,0,0,0,0,0,0,0,0,9,0
60425,1,1,0,0,0,0,0,0,0,0,0,0
60425,2,1,0,0,0,0,0,0,0,0,0,0
60426,1,1,0,0,0,0,0,0,0,0,0,0
60426,2,1,0,0,0,0,0,0,0,17,0,0
60427,1,1,0,0,0,0,0,0,0,0,0,0
60427,2,1,0,0,0,0,0,0,0,0,0,0
60428,0,1,18,18,18,18,18,18,18,18,18,18
60428,1,1,22,27,20,15,15,7,0,2,24,11
60429,1,1,16,16,16,16,16,16,16,16,16,16
60430,1,1,22,13,33,23,3,12,14,18,19,0
60430,2,1,0,0,17,0,0,0,0,0,0,0
60431,1,1,0,0,0,0,0,0,0,0,0,0
60431,2,1,0,0,0,0,0,0,0,0,0,0
60431,3,1,0,0,0,0,0,0,0,0,0,0
60431,4,1,0,0,0,0,0,0,0,0,0,0
60431,5,1,0,0,0,0,0,0,0,0,0,0
60432,1,1,1,1,1,1,1,1,1,1,1,1
60433,1,1,0,0,0,0,0,0,15,0,0,0
60433,2,1,0,0,0,0,0,0,0,0,0,0
60434,1,1,6,6,6,6,6,6,6,6,6,6
60435,1,1,0,0,0,0,0,0,0,0,0,0
60435,2,1,0,0,17,0,0,0,0,0,0,0
60436,1,1,0,0,0,0,0,0,0,0,0,0
60436,2,1,0,0,0,0,0,0,0,0,0,0
60437,1,1,0,9,0,0,0,0,0,0,0,0
60437,2,1,0,0,0,0,0,0,0,0,0,0
60438,1,1,9,9,9,9,9,9,9,9,9,9
60439,1,1,12,12,12,12,12,12,12,12,12,12
60439,2,1,0,0,0,0,0,0,0,0,0,0
60440,1,1,0,0,0,0,0,0,0,0,0,0
60440,2,1,0,0,0,0,0,0,0,0,0,0
60441,1,1,0,0,0,0,0,0,0,0,0,0
60442,1,1,28,28,28,28,28,28,28,28,28,28
60442,2,1,0,0,0,0,0,0,0,0,0,0
60443,0,1,26,49,17,14,16,13,26,21,12,25
60443,1,1,21,0,21,31,6,30,29,13,19,13
60444,0,1,0,0,0,0,0,0,0,0,0,0
60444,1,1,0,0,0,0,0,0,0,0,0,0
60445,1,1,0,0,0,0,0,0,0,0,0,0
60445,2,1,0,0,0,0,0,0,0,0,0,0
60446,1,1,18,18,18,18,18,18,18,18,18,18
60446,2,1,0,0,0,0,0,0,0,0,0,0
60446,3,1,0,0,0,0,0,0,0,0,0,0
60447,1,1,16,16,16,16,16,16,16,16,16,16
60447,2,1,0,0,0,0,0,0,0,0,0,0
60448,1,1,0,0,0,0,0,0,0,0,0,0
60449,1,1,0,0,0,0,0,0,0,0,0,0
60449,2,1,0,0,0,0,0,0,0,0,0,0
60450,1,1,0,0,0,0,0,0,0,0,0,0
60450,2,1,0,0,0,0,0,0,0,0,0,0
60451,0,1,0,0,0,0,0,0,0,0,0,0
60451,1,1,0,0,0,0,0,0,0,0,0,0
60452,1,1,30,30,30,30,30,30,30,30,30,30
60453,1,1,0,0,0,0,8,0,0,0,0,0
60453,2,1,0,0,0,0,0,0,0,0,0,0
60454,1,1,0,0,0,0,0,0,0,0,0,0
60455,0,1,0,0,0,0,0,0,0,0,0,0
60455,1,1,0,0,13,11,27,23,13,15,17,12
60456,0,1,0,0,0,0,0,0,0,0,0,0
60456,1,1,0,0,0,0,0,0,0,0,0,0
60457,1,1,0,0,0,0,0,0,0,0,0,0
60458,0,1,33,33,33,33,33,33,33,33,33,33
60458,1,1,0,0,0,0,0,0,0,0,0,0
60459,1,1,23,23,23,23,23,23,23,23,23,23
60460,1,1,25,25,25,25,25,25,25,25,25,25
60461,1,1,0,0,0,0,0,0,0,0,0,0
60461,2,1,17,17,17,17,17,17,17,17,17,17
60462,1,1,0,0,0,0,0,0,0,0,0,0
60463,1,1,0,0,0,9,0,0,0,0,0,0
60464,1,1,0,0,0,0,0,0,0,0,0,0
60464,2,1,0,0,0,21,0,0,3,0,0,0
60465,1,1,10,10,10,10,10,10,10,10,10,10
60466,1,1,22,22,22,22,22,22,22,22,22,22
60467,1,1,0,0,0,0,0,0,0,0,0,0
60467,2,1,0,0,0,0,0,0,0,0,0,0
60468,1,1,0,0,0,0,0,0,0,0,0,0
60468,2,1,0,0,0,0,0,0,0,0,0,0
60469,1,1,0,0,0,0,0,0,0,0,0,0
60469,2,1,0,0,0,0,0,0,0,0,0,0
60469,3,1,0,11,0,0,0,0,0,0,0,0
60469,4,1,22,0,0,0,0,0,0,0,0,0
60470,1,1,0,0,0,0,0,0,0,0,0,0
60471,1,1,0,0,0,0,0,0,0,0,0,0
60471,2,1,0,0,0,0,0,0,0,0,0,0
60472,1,1,0,0,0,0,0,0,0,0,0,0
60472,2,1,0,0,0,0,0,0,0,0,0,0
60473,1,1,0,0,0,0,0,0,0,0,0,0
60473,2,1,0,0,0,0,0,0,0,0,0,0
60474,1,1,0,0,0,0,0,0,0,0,0,0
60474,2,1,0,0,0,0,0,0,0,0,0,0
60475,1,1,0,0,0,0,0,0,0,0,0,0
60475,2,1,0,0,0,0,0,0,0,0,0,0
60475,3,1,0,9,0,20,0,0,0,0,0,0
60475,4,1,0,0,0,0,0,5,0,0,0,0
60475,5,1,0,0,0,0,17,0,0,0,0,0
60475,6,1,0,0,0,0,0,0,0,0,0,0
60476,1,1,24,23,11,7,16,17,18,13,15,0
60477,1,1,22,22,22,22,22,22,22,22,22,22
60478,1,1,9,9,9,9,9,9,9,9,9,9
60479,1,1,0,0,0,0,0,0,0,0,0,0
60479,2,1,0,0,0,0,0,0,0,0,0,0
60480,1,1,0,0,0,0,0,0,0,0,0,0
60481,1,1,15,15,15,15,15,15,15,15,15,15
60481,2,1,0,0,0,0,0,0,0,0,0,0
60482,1,1,12,12,12,12,12,12,12,12,12,12
60483,1,1,0,0,0,0,0,0,0,0,0,0
60484,1,1,21,21,21,21,21,21,21,21,21,21
60485,1,1,0,0,0,0,0,0,0,0,0,0
60486,1,1,13,13,13,13,13,13,13,13,13,13
60487,1,1,12,12,12,12,12,12,12,12,12,12
60488,1,1,0,0,0,0,0,0,0,0,0,0
60488,2,1,0,0,0,0,0,0,0,0,0,0
60489,0,1,0,0,0,0,0,0,0,0,0,0
60489,1,1,0,0,0,0,0,0,0,0,0,0
60490,1,1,0,0,0,0,0,0,0,0,0,0
60490,2,1,0,0,0,0,0,0,0,0,0,0
60491,1,1,0,0,0,0,0,0,0,0,0,0
60491,2,1,0,0,0,0,0,0,0,0,0,0
60492,1,1,0,0,0,0,0,0,0,0,0,0
60493,1,1,0,0,0,0,0,0,0,0,0,0
60494,0,1,10,10,10,10,10,10,10,10,10,10
60494,1,1,0,0,0,0,0,0,0,0,0,0
60495,1,1,0,0,0,0,0,0,0,0,0,0
60496,0,1,11,11,11,11,11,11,11,11,11,11
60496,1,1,0,0,0,0,0,0,0,0,0,0
60497,1,1,0,0,17,0,0,0,0,0,0,0
60497,2,1,0,0,0,0,0,0,0,0,0,0
60498,0,1,0,8,0,0,0,0,0,0,16,0
60498,1,1,0,0,0,0,0,0,0,0,0,0
60499,1,1,16,16,16,16,16,16,16,16,16,16
60500,1,1,22,22,22,22,22,22,22,22,22,22
60500,2,1,0,0,0,0,0,0,0,0,0,0
60501,1,1,0,0,0,0,0,0,0,0,0,0
60501,2,1,18,18,18,18,18,18,18,18,18,18
60502,1,1,15,15,15,15,15,15,15,15,15,15
60503,1,1,0,0,0,0,0,0,0,0,0,0
60504,1,1,17,17,17,17,17,17,17,17,17,17
60505,1,1,0,0,0,0,0,0,0,0,0,0
60505,2,1,0,0,0,0,0,0,0,0,0,0
60506,0,1,0,0,0,0,0,0,0,0,0,0
60506,1,1,0,0,0,0,0,0,0,0,0,0
60507,1,1,30,30,30,30,30,30,30,30,30,30
60508,1,1,30,30,30,30,30,30,30,30,30,30
60509,1,1,0,0,0,0,0,0,0,0,0,0
60510,1,1,21,21,21,21,21,21,21,21,21,21
60511,1,1,0,0,0,0,0,0,0,0,0,0
60511,2,1,0,0,0,0,0,0,0,0,0,0
60512,1,1,7,7,7,7,7,7,7,7,7,7
60513,1,1,0,0,0,0,0,0,10,0,0,0
60514,1,1,28,28,28,28,28,28,28,28,28,28
60515,1,1,26,26,26,26,26,26,26,26,26,26
60516,1,1,16,16,16,16,16,16,16,16,16,16
60516,2,1,0,0,0,0,0,0,0,0,0,0
60517,1,1,0,0,0,0,0,0,0,0,0,0
60517,2,1,0,0,0,0,0,0,0,0,0,0
60518,1,1,0,0,0,0,0,0,0,0,0,0
60518,2,1,0,0,0,0,0,0,0,0,0,0
60519,1,1,0,0,0,0,0,0,0,0,0,0
60520,1,1,0,0,0,0,0,0,0,0,0,0
60520,2,1,0,0,0,0,0,0,0,0,0,0
60521,1,1,0,0,0,0,0,19,0,0,0,0
60522,1,1,0,0,0,0,0,0,0,0,0,0
60522,2,1,0,0,0,0,0,0,0,0,0,0
60523,1,1,29,16,0,28,0,0,0,22,15,0
60523,2,1,11,0,0,0,0,0,0,0,0,0
60524,1,1,0,0,0,0,0,0,0,0,0,0
60524,2,1,0,0,0,0,0,0,0,0,0,0
60525,1,1,0,0,0,0,0,0,0,0,0,0
60525,2,1,0,0,0,0,0,0,0,0,0,0
60526,1,1,13,13,13,13,13,13,13,13,13,13
60527,1,1,0,0,0,0,0,0,0,0,0,0
60527,2,1,0,0,0,0,0,0,0,0,0,0
60528,1,1,21,21,21,21,21,21,21,21,21,21
60529,1,1,0,0,0,0,0,0,0,0,0,0
60530,1,1,28,28,28,28,28,28,28,28,28,28
60530,2,1,0,0,0,0,0,0,0,0,0,0
60531,0,1,0,0,0,0,0,0,0,0,0,0
60531,1,1,0,0,0,0,0,9,0,0,8,0
60532,0,1,11,11,11,11,11,11,11,11,11,11
60532,1,1,0,0,0,0,0,0,0,0,0,0
60533,1,1,24,24,24,24,24,24,24,24,24,24
60534,1,1,0,0,0,0,0,0,0,0,0,0
60535,1,1,0,0,0,0,0,0,0,0,0,0
60535,2,1,0,0,0,0,0,0,0,0,0,0
60536,1,1,0,19,0,0,0,5,19,0,0,4
60536,2,1,0,0,0,14,0,0,0,12,0,0
60536,4,1,0,0,0,0,0,0,0,0,0,0
60537,1,1,0,0,0,0,0,0,0,0,0,0
60538,1,1,26,26,26,26,26,26,26,26,26,26
60538,2,1,0,0,0,0,0,0,0,0,0,0
60539,0,1,0,0,0,0,0,0,0,0,0,0
60539,1,1,0,0,0,0,0,0,0,0,0,0
60540,1,1,0,0,0,0,0,0,0,0,0,0
60540,2,1,0,0,0,0,0,0,0,0,0,0
60541,1,1,0,0,0,0,0,0,0,0,0,0
60541,2,1,0,0,0,0,0,0,0,0,0,0
60542,1,1,17,17,17,17,17,17,17,17,17,17
60542,2,1,0,0,0,0,0,0,0,0,0,0
60543,1,1,6,6,6,6,6,6,6,6,6,6
60544,0,1,28,28,28,28,28,28,28,28,28,28
60544,1,1,8,0,9,0,0,23,0,17,5,0
60545,1,1,0,0,0,0,0,0,0,0,0,0
60545,2,1,0,0,0,0,0,0,0,0,0,0
60546,1,1,0,0,0,0,0,0,0,0,0,0
60547,0,1,20,20,20,20,20,20,20,20,20,20
60547,1,1,21,21,21,21,21,21,21,21,21,21
60548,1,1,0,0,0,0,0,0,0,0,0,0
60548,2,1,0,0,0,0,10,0,0,0,0,0
60548,3,1,0,0,0,0,0,0,0,0,0,0
60549,1,1,26,26,26,26,26,26,26,26,26,26
60550,1,1,0,0,0,0,0,0,0,0,0,0
60550,2,1,0,0,0,0,0,0,0,0,0,0
60551,1,1,0,0,0,0,0,0,0,0,0,0
60551,2,1,0,0,0,0,0,0,0,0,0,0
60552,1,1,32,32,32,32,32,32,32,32,32,32
60552,2,1,0,0,0,0,0,0,0,0,0,0
60552,3,1,0,0,0,0,0,0,0,0,0,0
60553,0,1,23,23,23,23,23,23,23,23,23,23
60553,1,1,0,29,11,28,0,0,0,0,0,9