ST_CASE,VEH_NO,PER_NO,P1,P2,P3,P4,P5,P6,P7,P8,P9,P10
61125,1,1,0,0,0,0,0,0,0,0,0,0
61126,1,1,25,25,25,25,25,25,25,25,25,25
61127,1,1,0,0,0,0,0,0,0,0,0,0
61127,2,1,24,0,0,0,0,0,0,0,0,0
61128,1,1,0,0,0,0,0,0,0,0,0,8
61130,1,1,16,16,16,16,16,16,16,16,16,16
61131,1,1,0,0,0,0,0,0,0,0,0,0
61131,2,1,0,0,0,0,0,0,0,0,0,0
61131,3,1,0,0,0,0,0,0,0,0,0,0
61132,1,1,0,0,0,0,0,0,0,0,0,0
61132,2,1,0,0,0,0,0,0,5,0,0,0
61133,1,1,0,0,0,0,0,0,0,0,0,0
61133,2,1,0,0,0,0,0,0,0,0,0,0
61134,1,1,5,5,5,5,5,5,5,5,5,5
61135,1,1,0,0,0,0,0,0,0,0,0,0
61135,2,1,0,0,0,0,0,0,0,0,0,0
61136,1,1,0,0,0,0,0,0,0,0,0,0
61137,1,1,0,0,0,0,0,0,0,0,0,0
61138,1,1,0,0,0,0,0,0,0,0,0,0
61139,0,1,0,0,0,0,0,0,0,0,0,0
61139,1,1,0,0,0,0,0,0,0,0,0,16
61140,0,1,0,0,0,0,0,0,0,0,0,0
61140,1,1,0,0,0,0,0,0,0,0,0,0
61141,0,1,0,0,0,0,0,0,0,0,0,0
61141,1,1,0,0,44,0,15,0,0,0,0,0
61142,0,1,33,33,33,33,33,33,33,33,33,33
61142,1,1,0,0,0,0,0,0,0,0,0,0
61143,1,1,0,0,0,0,0,0,0,0,0,0
61143,2,1,0,0,0,0,0,0,0,0,0,0
61144,1,1,0,0,0,0,0,0,0,0,0,0
61145,1,1,18,18,18,18,18,18,18,18,18,18
61145,2,1,0,0,0,0,0,0,0,0,0,0
61145,3,1,0,0,0,0,0,0,0,0,0,0
61146,0,1,0,0,0,0,0,0,0,0,0,0
61146,1,1,22,22,22,22,22,22,22,22,22,22
61147,0,1,20,20,20,20,20,20,20,20,20,20
61147,1,1,0,0,0,0,0,0,0,0,0,0
61148,0,1,24,24,24,24,24,24,24,24,24,24
61148,1,1,0,0,0,0,0,0,0,0,0,0
61148,2,1,7,7,7,7,7,7,7,7,7,7
61149,1,1,30,30,30,30,30,30,30,30,30,30
61150,1,1,0,0,0,0,0,0,0,0,0,13
61151,0,1,16,16,16,16,16,16,16,16,16,16
61151,1,1,0,0,0,0,0,0,0,0,0,0
61152,1,1,0,0,0,0,0,0,0,0,0,0
61152,2,1,0,0,0,0,0,0,0,0,0,0
61152,3,1,0,0,0,0,0,0,0,0,0,0
61153,1,1,0,0,0,0,0,0,0,0,0,0
61153,2,1,0,0,0,0,0,0,0,0,0,0
61154,1,1,9,9,9,9,9,9,9,9,9,9
61154,2,1,0,0,0,0,0,0,0,0,0,0
61155,0,1,0,0,0,0,0,0,0,0,0,0
61155,0,2,0,0,0,0,0,0,0,0,0,0
61155,1,1,8,0,0,31,0,10,0,0,0,0
61156,1,1,0,0,0,0,0,0,0,0,0,0
61157,0,1,28,28,28,28,28,28,28,28,28,28
61157,1,1,0,0,0,0,0,0,0,0,7,0
61157,2,1,13,0,0,4,4,0,0,8,0,0
61157,3,1,0,0,0,0,0,11,0,16,0,0
61158,0,1,19,19,19,19,19,19,19,19,19,19
61158,1,1,0,16,0,0,0,0,0,0,23,0
61159,1,1,0,0,0,0,0,0,0,0,0,0
61160,1,1,15,15,15,15,15,15,15,15,15,15
61161,1,1,27,27,27,27,27,27,27,27,27,27
61162,1,1,0,0,0,0,0,0,0,0,0,0
61162,2,1,0,0,0,0,0,0,0,0,0,0
61163,1,1,0,0,0,0,0,0,0,0,0,0
61164,1,1,0,0,0,0,0,0,0,0,0,0
61164,2,1,0,0,0,0,14,0,0,0,0,0
61165,1,1,19,19,19,19,19,19,19,19,19,19
61165,2,1,15,15,15,15,15,15,15,15,15,15
61166,1,1,0,0,0,0,0,0,0,0,0,0
61166,2,1,11,0,0,0,0,0,0,0,10,0
61167,1,1,0,0,0,0,0,0,0,0,0,0
61167,2,1,0,0,0,13,0,0,0,0,0,17
61168,1,1,0,0,0,0,0,0,0,0,0,0
61168,2,1,0,0,0,0,0,0,0,0,0,0
61169,1,1,0,0,0,0,0,0,0,0,0,0
61169,2,1,0,0,0,0,0,0,0,0,0,0
61170,1,1,0,0,0,0,0,0,0,0,0,0
61170,2,1,0,0,0,0,0,0,0,0,0,0
61171,1,1,0,0,0,0,0,18,17,0,18,0
61171,2,1,0,0,0,0,0,0,0,0,0,0
61171,3,1,0,0,0,0,0,0,0,0,0,0
61172,1,1,0,0,0,0,0,0,0,0,0,0
61173,1,1,12,12,12,12,12,12,12,12,12,12
61173,2,1,0,0,0,0,0,0,0,0,0,0
61174,1,1,0,0,0,0,0,0,0,0,0,0
61175,1,1,12,16,18,0,18,10,10,10,14,21
61176,1,1,20,20,20,20,20,20,20,20,20,20
61177,1,1,0,0,0,0,0,0,0,17,0,0
61177,2,1,2,2,2,2,2,2,2,2,2,2
61178,1,1,21,21,21,21,21,21,21,21,21,21
61178,2,1,0,0,0,0,0,0,0,0,0,0
61179,1,1,19,19,19,19,19,19,19,19,19,19
61179,2,1,0,0,0,0,0,0,0,0,0,0
61180,1,1,0,0,0,0,0,0,0,0,0,0
61180,2,1,0,0,0,0,0,0,0,0,0,0
61181,1,1,0,0,0,0,0,0,0,28,0,0
61181,2,1,0,0,0,0,0,0,0,0,0,0
61182,1,1,0,0,0,0,0,0,0,0,0,0
61182,2,1,0,0,0,0,0,0,0,0,0,0
61182,3,1,0,0,0,0,0,0,0,0,0,0
61182,4,1,0,0,18,0,0,0,5,0,0,0
61183,1,1,0,0,0,0,0,0,0,0,0,0
61183,2,1,0,0,0,0,0,0,0,0,0,0
61184,1,1,10,10,10,10,10,10,10,10,10,10
61185,1,1,0,0,0,0,0,0,0,0,0,0
61186,1,1,0,0,0,0,0,0,0,0,0,0
61186,2,1,0,0,0,0,0,0,0,0,0,0
61187,1,1,0,0,0,0,0,0,0,18,0,0
61187,2,1,0,0,0,0,0,0,0,0,0,0
61187,3,1,0,0,0,0,0,0,0,0,0,0
61188,1,1,16,16,16,16,16,16,16,16,16,16
61189,1,1,0,0,0,0,0,0,0,0,0,0
61189,2,1,0,0,0,0,0,10,0,0,0,0
61190,1,1,0,0,0,0,0,0,0,0,0,0
61190,2,1,0,0,0,0,0,0,0,0,0,0
61190,3,1,0,0,0,0,0,0,0,0,0,0
61191,1,1,22,18,33,0,10,17,23,14,17,24
61191,2,1,0,0,0,0,0,0,0,0,0,0
61192,1,1,13,13,13,13,13,13,13,13,13,13
61192,2,1,0,0,0,0,0,0,0,0,0,0
61193,1,1,0,0,0,0,0,0,0,0,0,0
61193,2,1,0,0,0,0,0,0,0,0,0,0
61194,1,1,0,0,0,0,0,0,0,0,0,0
61194,2,1,0,0,0,0,0,0,0,0,0,0
61195,1,1,0,0,0,0,0,0,0,0,0,0
61195,2,1,23,21,0,0,0,0,0,0,0,0
61196,1,1,3,3,3,3,3,3,3,3,3,3
61196,2,1,0,0,0,0,0,0,0,0,0,0
61196,3,1,0,0,0,34,0,0,0,0,0,0
61196,4,1,0,0,0,0,0,0,0,0,0,0
61197,1,1,0,0,0,0,19,0,0,0,0,0
61197,2,1,3,0,0,0,0,0,0,0,0,0
61198,1,1,0,0,0,0,0,0,0,0,0,0
61198,2,1,0,0,0,0,0,0,0,0,0,0
61199,1,1,0,0,0,0,0,0,0,0,0,0
61199,2,1,0,0,0,0,0,0,0,0,0,0
61200,1,1,14,14,14,14,14,14,14,14,14,14
61200,2,1,0,0,0,0,0,0,0,0,0,0
61201,1,1,17,17,17,17,17,17,17,17,17,17
61201,3,1,0,0,0,0,0,0,0,0,0,0
61202,1,1,2,2,2,2,2,2,2,2,2,2
61202,2,1,0,0,0,0,0,0,0,0,10,0
61203,1,1,0,0,0,0,0,0,16,0,0,23
61203,2,1,0,0,0,0,0,0,0,0,0,0
61204,1,1,4,4,4,4,4,4,4,4,4,4
61204,2,1,0,0,0,0,0,0,0,0,0,0
61205,1,1,17,17,17,17,17,17,17,17,17,17
61205,2,1,0,0,0,0,0,0,0,0,0,0
61206,1,1,23,19,3,11,28,13,23,12,20,28
61206,2,1,0,0,0,0,0,0,0,0,0,0
61207,1,1,0,0,0,0,0,0,0,0,0,0
61207,2,1,0,0,0,0,0,0,0,0,0,0
61207,3,1,0,0,0,0,0,0,0,0,0,0
61207,4,1,0,0,0,0,0,0,0,0,0,0
61208,1,1,0,0,0,0,0,0,0,0,0,0
61208,2,1,0,0,0,0,0,0,0,0,0,0
61209,1,1,15,15,15,15,15,15,15,15,15,15
61210,1,1,21,21,21,21,21,21,21,21,21,21
61210,2,1,0,0,0,0,0,0,0,0,0,0
61211,1,1,10,10,10,10,10,10,10,10,10,10
61211,2,1,0,0,0,0,0,0,0,0,0,0
61212,1,1,23,23,23,23,23,23,23,23,23,23
61213,1,1,0,0,0,0,12,0,14,0,0,0
61214,1,1,17,17,17,17,17,17,17,17,17,17
61214,2,1,0,0,0,0,0,0,0,12,0,0
61214,3,1,0,0,0,0,0,0,0,0,0,0
61215,1,1,0,0,0,5,0,0,0,0,0,0
61215,2,1,0,0,0,0,0,0,0,0,0,0
61216,1,1,0,0,0,0,0,0,0,0,0,0
61216,2,1,0,0,9,11,0,0,0,0,0,15
61217,1,1,0,0,0,0,0,0,0,0,0,0
61218,1,1,0,0,0,0,0,0,0,0,0,0
61218,2,1,0,0,0,0,0,0,0,0,0,0
61219,1,1,0,0,0,0,0,0,0,0,0,0
61220,1,1,0,0,0,0,0,0,0,0,0,0
61221,1,1,0,0,0,0,16,0,0,0,0,0
61221,2,1,0,0,0,0,0,0,0,0,0,0
61222,1,1,0,0,0,0,0,0,0,0,0,0
61223,1,1,0,0,0,0,0,0,0,0,0,0
61224,1,1,31,31,31,31,31,31,31,31,31,31
61225,1,1,0,0,0,0,0,0,0,37,0,0
61225,2,1,0,0,0,0,0,0,0,0,0,13
61226,1,1,0,0,0,0,0,0,0,0,0,0
61226,2,1,0,0,0,0,0,0,0,0,0,0
61227,1,1,2,2,2,2,2,2,2,2,2,2
61227,2,1,0,0,0,0,0,0,0,0,0,0
61228,1,1,0,0,0,0,0,0,0,0,0,0
61228,2,1,0,0,0,0,0,0,0,0,0,0
61229,1,1,25,25,25,25,25,25,25,25,25,25
61230,1,1,0,0,0,0,0,0,0,0,0,0
61230,2,1,0,0,0,0,0,0,0,0,0,0
61231,1,1,0,0,0,0,0,0,0,0,0,0
61231,2,1,0,0,0,0,0,0,0,0,0,0
61232,1,1,18,18,18,18,18,18,18,18,18,18
61232,2,1,0,0,0,0,0,0,0,0,0,0
61233,1,1,0,0,0,0,0,0,0,0,0,0
61233,2,1,0,0,0,0,22,0,0,0,0,0
61234,1,1,0,0,0,0,0,0,0,0,0,0
61234,2,1,0,0,0,0,0,0,0,0,0,0
61235,1,1,15,15,15,15,15,15,15,15,15,15
61236,1,1,7,27,42,11,9,4,21,14,25,9
61236,2,1,0,0,0,14,0,0,0,0,0,0
61236,3,1,14,0,0,0,0,0,0,0,0,0
61237,1,1,10,10,10,10,10,10,10,10,10,10
61237,2,1,20,16,0,0,0,0,0,0,0,32
61238,1,1,0,0,0,0,0,0,0,0,0,0
61239,1,1,0,0,0,0,0,0,0,0,0,0
61240,1,1,20,20,20,20,20,20,20,20,20,20
61240,2,1,0,0,0,0,0,0,0,0,0,0
61241,1,1,25,25,25,25,25,25,25,25,25,25
61242,1,1,0,0,0,0,0,0,0,0,0,0
61242,2,1,0,0,0,0,0,0,0,2,0,0
61242,3,1,0,0,0,0,0,0,0,0,0,0
61243,1,1,0,0,0,0,0,0,0,0,0,0
61244,1,1,0,0,0,0,0,0,0,0,0,0
61245,1,1,0,0,0,0,0,0,0,0,0,0
61246,1,1,0,0,0,0,0,0,0,0,0,0
61246,2,1,0,0,0,0,0,0,0,0,0,0
61247,1,1,0,0,0,0,0,0,0,0,0,0
61247,2,1,0,0,0,0,0,0,0,0,0,0
61248,1,1,3,3,3,3,3,3,3,3,3,3
61248,2,1,0,0,0,0,0,0,0,0,0,0
61249,1,1,0,0,0,0,0,0,0,0,0,0
61250,1,1,10,10,10,10,10,10,10,10,10,10
61251,1,1,0,0,0,0,0,0,0,0,0,0
61252,1,1,0,0,0,0,0,0,0,0,0,0
61253,1,1,0,0,0,0,0,0,0,0,0,0
61253,2,1,0,0,0,0,0,0,0,0,0,0
61254,1,1,0,0,0,0,0,0,0,0,0,0
61254,2,1,0,0,0,0,0,0,0,0,0,0
61255,1,1,0,0,0,0,0,0,0,0,0,0
61256,1,1,0,0,0,0,0,0,0,0,0,0
61256,2,1,0,0,0,0,0,0,0,0,0,0
61257,1,1,0,0,0,0,0,0,0,0,0,0
61258,1,1,0,0,0,0,0,0,0,0,0,0
61258,2,1,0,0,0,0,0,0,0,0,0,0
61259,1,1,16,16,16,16,16,16,16,16,16,16
61260,0,1,0,0,0,0,0,0,0,0,0,0
61260,1,1,0,0,0,28,10,0,0,0,0,0
61261,0,1,19,25,12,0,23,16,0,15,17,0
61261,1,1,11,0,0,0,0,0,0,0,0,0
61262,0,1,0,0,0,0,0,0,0,0,0,0
61262,1,1,0,0,0,0,17,0,0,0,0,0
61263,0,1,0,0,0,0,0,0,0,0,0,0
61263,1,1,0,0,0,0,0,0,0,0,0,0
61264,0,1,15,15,15,15,15,15,15,15,15,15
61264,1,1,0,0,0,20,7,9,0,0,0,0
61266,0,1,0,0,0,0,0,0,0,0,0,0
61266,1,1,0,0,0,0,0,0,0,0,0,0
61267,0,1,0,0,0,0,0,0,0,0,0,0
61267,1,1,0,0,0,0,0,0,0,0,0,0
61268,0,1,0,0,0,0,0,0,0,0,0,0
61268,1,1,0,0,0,0,0,0,0,0,0,0
61269,1,1,0,0,0,0,0,0,0,0,0,0
61270,1,1,2,2,2,2,2,2,2,2,2,2
61271,1,1,0,0,0,0,0,0,0,0,0,0
61272,0,1,0,0,0,0,0,0,0,0,0,0
61272,1,1,0,0,0,0,0,0,0,0,0,0
61273,0,1,0,0,0,0,0,0,0,0,0,0
61273,1,1,0,0,0,0,0,0,0,0,0,5
61274,0,1,0,0,0,0,0,0,0,0,0,0
61274,1,1,0,0,0,0,0,0,0,0,0,0
61275,1,1,0,0,0,0,0,0,0,0,0,0
61276,1,1,0,0,0,0,0,0,0,0,0,0
61277,1,1,0,0,0,0,0,0,0,0,0,0
61277,2,1,0,0,0,0,0,0,0,0,0,0
61278,0,1,0,0,0,0,0,0,0,0,15,0
61278,1,1,16,16,16,16,16,16,16,16,16,16
61279,0,1,0,0,0,0,0,0,0,0,0,0
61279,1,1,0,0,0,0,0,0,0,0,0,0
61280,1,1,16,16,16,16,16,16,16,16,16,16
61281,0,1,0,0,0,0,0,0,0,0,0,0
61281,1,1,0,0,0,0,0,0,0,0,0,0
61282,0,1,0,0,0,0,0,0,0,0,0,0
61282,1,1,0,0,0,0,0,0,0,0,0,0
61282,2,1,0,0,0,0,12,0,0,0,0,0
61282,3,1,0,0,0,0,0,0,0,0,0,0
61283,1,1,15,15,15,15,15,15,15,15,15,15
61284,0,1,0,0,0,0,0,0,0,0,0,0
61284,1,1,0,0,0,24,0,0,0,0,0,0
61285,1,1,23,23,23,23,23,23,23,23,23,23
61286,1,1,21,21,21,21,21,21,21,21,21,21
61287,0,1,24,24,24,24,24,24,24,24,24,24
61287,1,1,0,0,0,0,0,31,0,0,0,0
61288,0,1,0,0,0,0,0,0,0,0,0,0
61288,1,1,0,0,0,0,0,0,0,0,0,0
61289,1,1,0,0,0,0,0,0,0,0,0,0
61290,0,1,0,0,0,0,0,0,0,0,11,0
61290,1,1,0,0,0,0,0,0,0,0,0,0
61291,1,1,0,0,0,0,0,0,0,0,0,0
61292,1,1,0,0,0,0,0,0,0,0,0,0
61292,2,1,0,0,0,0,0,0,0,0,0,0
61292,3,1,19,0,0,0,0,0,0,0,0,0
61293,1,1,0,0,0,0,0,0,0,0,0,0
61294,1,1,27,27,27,27,27,27,27,27,27,27
61295,1,1,0,0,0,0,0,0,0,0,0,0
61295,2,1,0,0,0,0,0,0,0,0,0,0
61296,1,1,0,0,0,0,0,0,0,0,0,0
61296,2,1,0,0,0,0,0,0,0,0,0,0
61296,3,1,0,0,0,0,0,0,0,0,0,0
61297,1,1,0,0,0,0,0,0,0,0,0,9
61298,1,1,0,0,0,0,0,0,0,0,15,0
61299,1,1,0,0,0,0,0,0,0,0,0,0
61299,2,1,0,0,0,0,0,0,0,0,0,0
61300,0,1,26,26,26,26,26,26,26,26,26,26
61300,1,1,21,0,0,8,16,0,0,0,6,0
61301,0,1,0,0,0,0,0,0,0,0,0,0
61301,1,1,31,15,0,0,0,0,0,0,0,0
61302,1,1,0,0,0,0,0,0,0,0,0,0
61303,0,1,0,0,0,0,0,0,0,0,0,0
61303,1,1,0,0,0,0,0,0,0,0,0,0
61304,1,1,0,0,0,0,0,0,0,0,0,0
61305,1,1,18,29,13,12,20,16,11,17,25,11
61305,2,1,0,29,6,0,0,0,20,0,0,16
61306,1,1,0,0,0,0,0,0,0,0,0,0
61307,1,1,21,21,21,21,21,21,21,21,21,21
61308,0,1,0,0,0,0,0,0,0,0,0,0
61308,1,1,0,0,0,0,0,0,0,0,0,0
61309,0,1,0,0,0,0,0,0,0,0,0,0
61309,1,1,0,0,0,0,0,0,0,0,0,0
61310,0,1,0,0,0,0,0,0,0,0,0,0
61310,1,1,0,0,0,0,0,0,0,0,0,0
61311,1,1,0,0,0,0,0,0,0,0,0,0
61311,2,1,0,0,0,0,0,0,0,0,0,0
61311,3,1,0,0,0,0,0,0,0,0,0,0
61311,4,1,0,0,0,0,0,7,0,0,0,0
61311,5,1,0,0,0,0,0,0,0,0,0,11
61312,0,1,0,0,0,0,0,0,0,0,0,0
61312,0,2,0,0,12,0,0,22,0,44,0,23
61312,1,1,25,25,25,25,25,25,25,25,25,25
61313,0,1,0,0,0,0,0,0,0,0,0,0
61313,1,1,19,19,19,19,19,19,19,19,19,19
61314,1,1,30,30,30,30,30,30,30,30,30,30
61315,1,1,15,15,15,15,15,15,15,15,15,15
61316,0,1,32,32,32,32,32,32,32,32,32,32
61316,1,1,12,0,0,13,3,9,0,22,0,0
61317,1,1,0,0,0,0,0,0,0,0,0,0
61317,2,1,0,0,0,0,0,0,0,0,0,0
61318,0,1,30,30,30,30,30,30,30,30,30,30
61318,1,1,0,0,0,0,0,0,0,0,0,11
61319,0,1,0,0,0,0,0,0,0,0,0,0
61319,1,1,0,0,0,0,0,0,0,0,0,0
61320,1,1,0,0,0,0,0,0,0,0,0,0
61320,2,1,0,0,0,0,0,0,0,0,0,0
61320,3,1,0,0,0,0,0,0,0,0,0,0
61320,4,1,0,0,0,0,0,0,0,0,0,0
61320,5,1,0,0,0,0,0,0,0,0,0,0
61320,6,1,0,0,0,0,0,0,0,0,0,0
61320,7,1,0,0,0,0,0,0,0,0,0,0
61320,8,1,0,0,1,0,0,0,0,0,0,0
61321,1,1,20,20,20,20,20,20,20,20,20,20
61321,2,1,0,0,0,0,0,0,0,13,0,0
61322,0,1,0,0,0,0,0,0,0,0,0,0
61322,1,1,0,0,0,0,17,25,0,0,0,0
61322,2,1,19,19,19,19,19,19,19,19,19,19
61322,3,1,0,0,0,0,0,0,0,0,0,0
61322,4,1,0,0,0,0,0,0,0,0,5,0
61323,1,1,4,4,4,4,4,4,4,4,4,4
61324,1,1,0,0,0,0,0,0,0,0,0,0
61325,1,1,19,19,19,19,19,19,19,19,19,19
61326,1,1,15,15,15,15,15,15,15,15,15,15
61327,0,1,0,0,13,9,0,0,0,0,0,25
61327,1,1,0,0,0,0,0,0,0,0,0,0
61328,1,1,0,0,0,14,0,0,0,14,0,0
61328,2,1,0,0,0,0,0,0,0,0,0,0
61328,3,1,0,0,0,0,0,0,0,0,0,0
61328,4,1,0,0,0,0,0,0,0,0,0,0
61328,5,1,0,0,0,0,0,0,21,0,0,0
61329,0,1,0,0,0,0,0,0,0,0,0,0
61329,1,1,9,9,9,9,9,9,9,9,9,9
61330,0,1,6,6,6,6,6,6,6,6,6,6
61330,0,2,21,21,21,21,21,21,21,21,21,21
61330,1,1,23,23,23,23,23,23,23,23,23,23
61331,0,1,0,0,0,0,0,0,0,0,0,0
61331,1,1,10,10,10,10,10,10,10,10,10,10
61332,0,1,0,0,0,0,13,0,23,14,25,3
61332,1,1,11,0,0,17,15,4,0,0,25,0
61333,1,1,29,29,29,29,29,29,29,29,29,29
61334,1,1,16,16,16,16,16,16,16,16,16,16
61335,1,1,0,0,0,0,0,0,0,0,0,0
61335,2,1,0,0,0,0,0,0,0,0,0,0
61335,3,1,0,0,0,0,0,0,0,0,0,0
61336,0,1,0,0,0,0,0,0,0,0,0,0
61336,1,1,0,0,0,0,0,0,0,0,0,0
61337,0,1,0,0,0,0,0,0,0,0,0,0
61337,1,1,28,0,13,11,27,12,6,22,0,0
61338,0,1,0,0,0,0,0,0,0,0,0,0
61338,1,1,0,0,0,0,0,0,0,0,0,0
61339,0,1,0,0,0,0,0,0,0,0,0,0
61339,1,1,0,0,0,0,0,0,0,0,0,0
61340,0,1,0,0,0,0,0,0,0,0,0,0
61340,1,1,0,0,0,0,0,0,0,0,0,0
61341,1,1,2,2,2,2,2,2,2,2,2,2
61342,0,1,15,15,15,15,15,15,15,15,15,15
61342,1,1,6,6,6,6,6,6,6,6,6,6
61343,1,1,0,0,0,0,22,0,0,0,0,0
61343,2,1,0,0,0,0,0,0,0,0,0,0
61344,0,1,15,15,15,15,15,15,15,15,15,15
61344,1,1,0,0,0,0,0,0,0,0,0,0
61345,1,1,0,0,0,0,0,0,0,0,0,0
61345,2,1,0,0,0,0,0,0,0,0,0,0
61345,3,1,0,0,0,0,0,0,0,0,0,0
61346,0,1,0,0,0,0,0,0,0,0,0,0
61346,1,1,0,0,0,0,0,0,0,0,0,0
61347,0,1,17,17,17,17,17,17,17,17,17,17
61347,1,1,0,0,0,0,0,0,0,0,0,0
61348,0,1,0,0,0,0,0,0,0,0,0,0
61348,1,1,4,0,10,13,0,6,18,0,0,0
61349,1,1,0,0,15,0,0,0,0,18,0,29
61349,2,1,0,0,0,0,0,0,0,0,0,0
61350,0,1,2,2,2,2,2,2,2,2,2,2
61350,1,1,0,0,8,7,14,14,2,20,14,0
61351,1,1,0,0,0,0,0,0,0,0,0,0
61351,2,1,0,0,0,0,0,0,0,0,0,0
61352,0,1,0,0,0,0,0,0,0,0,0,0
61352,1,1,0,0,0,0,0,19,0,0,0,0
61353,1,1,21,21,21,21,21,21,21,21,21,21
61354,0,1,0,0,0,0,0,0,0,0,0,0
61354,1,1,0,0,0,0,20,0,0,0,0,0
61355,1,1,14,14,14,14,14,14,14,14,14,14
61356,0,1,0,0,0,0,0,0,0,0,0,0
61356,1,1,0,0,0,0,0,0,0,0,0,0
61357,0,1,0,0,0,0,0,0,0,0,0,0
61357,1,1,0,0,0,0,0,0,0,0,0,0
61358,1,1,0,0,0,0,0,0,0,0,0,0
61358,2,1,0,0,0,0,0,0,0,0,0,0
61358,3,1,0,0,0,0,0,0,0,0,0,0
61359,1,1,0,8,0,4,0,0,0,0,0,0
61360,0,1,0,0,0,0,0,0,0,0,0,0
61360,1,1,0,0,0,0,0,0,0,0,0,0
61361,1,1,0,0,0,0,0,0,0,0,0,0
61362,1,1,19,19,19,19,19,19,19,19,19,19
61363,0,1,0,0,0,0,0,0,0,0,0,0
61363,1,1,0,0,0,0,0,0,0,0,0,0
61364,1,1,0,0,0,0,0,0,0,0,0,0
61364,2,1,0,0,0,0,0,0,0,0,0,0
61365,0,1,0,0,0,0,0,0,0,0,0,0
61365,1,1,0,0,0,0,0,0,0,0,0,0
61366,0,1,36,36,36,36,36,36,36,36,36,36
61366,1,1,0,0,0,0,0,0,0,0,0,0
61367,1,1,0,0,0,0,0,0,0,0,0,0
61367,2,1,0,0,0,0,0,0,0,0,0,0
61368,0,1,0,0,0,0,0,0,0,0,0,0
61368,1,1,0,0,0,0,0,0,0,0,0,0
61369,1,1,0,0,0,0,0,0,0,0,0,0
61369,2,1,0,0,0,0,0,0,0,0,0,0
61370,1,1,7,7,7,7,7,7,7,7,7,7
61371,1,1,28,28,28,28,28,28,28,28,28,28
61371,2,1,0,20,0,0,0,0,0,0,0,0
61371,3,1,0,0,0,0,0,0,21,0,0,0
61372,1,1,3,3,3,3,3,3,3,3,3,3
61373,0,1,0,0,0,0,0,0,0,0,0,0
61373,0,2,0,0,0,0,0,0,0,0,6,0
61373,1,1,0,0,0,11,0,0,0,0,0,0
61374,1,1,0,0,0,0,0,0,0,0,0,0
61374,2,1,0,0,0,0,0,0,0,0,0,0
61374,3,1,0,0,0,0,0,0,0,0,0,0
61374,4,1,0,0,32,0,0,0,0,0,0,0
61375,0,1,0,0,0,0,0,0,0,0,0,0
61375,1,1,0,0,0,0,0,0,0,0,0,0
61376,0,1,0,0,0,0,0,0,0,0,0,0
61376,1,1,0,0,0,0,0,0,0,0,0,0
61376,2,1,0,0,0,0,0,0,0,0,0,0
61377,0,1,0,0,0,0,0,0,0,0,0,0
61377,1,1,0,0,0,0,0,0,0,0,0,0
61378,1,1,0,0,0,0,0,0,0,0,0,0
61379,1,1,0,0,0,0,0,0,0,0,0,0
61380,1,1,0,0,0,0,0,0,0,0,0,0
61381,0,1,19,19,19,19,19,19,19,19,19,19
61381,1,1,0,9,27,4,18,0,1,0,3,0
61382,1,1,0,0,0,0,0,0,0,0,0,0
61383,0,1,0,0,0,0,0,0,0,0,0,0
61383,1,1,0,0,0,0,0,0,0,0,0,25
61384,1,1,10,10,10,10,10,10,10,10,10,10
61385,0,1,22,22,22,22,22,22,22,22,22,22
61385,1,1,0,0,0,0,0,0,0,0,0,0
61386,0,1,22,22,22,22,22,22,22,22,22,22
61386,1,1,21,0,0,18,0,12,21,0,0,0
61387,0,1,0,0,0,0,0,0,0,0,0,0
61387,1,1,13,13,13,13,13,13,13,13,13,13
61388,1,1,8,8,8,8,8,8,8,8,8,8
61388,2,1,0,0,16,0,0,0,0,0,0,0
61389,0,1,0,0,0,0,0,0,0,0,0,0
61389,1,1,0,0,0,0,0,0,0,0,0,0
61390,0,1,0,0,0,0,0,0,0,0,0,0
61390,1,1,15,15,15,15,15,15,15,15,15,15
61391,1,1,8,0,0,0,8,0,0,26,36,0
61392,0,1,0,0,0,0,0,0,0,0,0,0
61392,1,1,17,0,0,0,0,0,0,0,0,25
61393,0,1,14,14,14,14,14,14,14,14,14,14