ST_CASE,VEH_NO,PER_NO,P1,P2,P3,P4,P5,P6,P7,P8,P9,P10
61393,1,1,0,0,0,0,0,0,0,0,0,0
61394,0,1,0,0,0,0,0,0,0,0,0,0
61394,1,1,0,0,0,0,13,0,0,0,27,0
61395,1,1,22,22,22,22,22,22,22,22,22,22
61396,1,1,0,0,0,0,0,0,0,0,0,0
61396,2,1,0,0,0,0,0,0,0,0,0,0
61397,0,1,0,0,0,0,0,0,0,0,0,0
61397,1,1,0,0,0,0,0,0,0,0,0,0
61398,0,1,22,15,19,20,8,18,20,35,17,0
61398,1,1,0,14,0,0,0,0,0,0,0,0
61398,2,1,0,0,0,0,0,0,0,0,0,0
61399,0,1,13,13,13,13,13,13,13,13,13,13
61399,1,1,0,0,0,0,0,0,0,0,0,0
61400,1,1,0,0,0,0,0,0,0,0,0,0
61401,0,1,0,0,0,0,0,0,0,0,0,0
61401,1,1,10,10,10,10,10,10,10,10,10,10
61402,1,1,0,0,0,0,0,0,0,0,0,0
61403,1,1,0,0,0,0,0,0,0,0,0,0
61404,0,1,0,0,0,0,0,0,0,0,0,0
61404,1,1,0,0,0,0,0,0,0,0,0,0
61405,1,1,2,2,2,2,2,2,2,2,2,2
61406,0,1,0,0,0,0,0,0,0,0,0,0
61406,1,1,0,0,0,0,0,0,0,0,0,0
61407,1,1,0,0,0,0,0,0,0,0,0,0
61408,0,1,0,0,0,0,0,0,0,0,0,0
61408,1,1,0,0,0,0,0,0,0,0,0,0
61408,2,1,0,0,0,0,0,0,0,0,0,0
61408,3,1,0,0,0,0,0,0,0,0,0,0
61409,0,1,0,0,0,0,0,0,0,0,0,0
61409,1,1,0,0,0,0,0,0,0,0,0,0
61410,1,1,6,6,6,6,6,6,6,6,6,6
61410,2,1,0,0,0,0,0,0,0,0,0,0
61411,1,1,0,0,0,0,0,0,0,0,0,0
61412,1,1,25,0,0,0,28,6,0,0,0,0
61412,2,1,0,0,0,0,0,0,0,0,0,0
61413,0,1,17,10,23,7,23,10,29,27,27,29
61413,1,1,0,0,0,0,0,16,0,0,0,0
61414,0,1,0,0,0,0,0,0,0,0,0,0
61414,1,1,0,0,0,0,0,0,0,0,0,0
61415,1,1,0,0,0,0,0,0,0,0,0,0
61416,1,1,0,0,0,0,0,0,0,0,0,0
61417,1,1,0,0,0,0,0,0,0,0,0,0
61417,2,1,0,0,0,0,0,0,0,0,0,0
61418,1,1,0,0,0,0,0,0,0,0,0,0
61419,1,1,7,7,7,7,7,7,7,7,7,7
61420,1,1,16,16,16,16,16,16,16,16,16,16
61420,2,1,0,29,15,0,0,0,0,0,0,0
61421,1,1,21,21,21,21,21,21,21,21,21,21
61422,0,1,0,0,0,0,0,0,0,0,0,0
61422,1,1,0,0,0,0,0,0,0,0,0,0
61423,1,1,0,0,0,0,0,0,0,0,0,0
61423,2,1,0,0,0,0,0,0,0,0,0,0
61424,0,1,0,0,0,0,0,0,0,0,0,0
61424,1,1,0,0,0,6,11,0,0,0,0,0
61425,0,1,0,0,0,0,0,0,0,0,0,0
61425,1,1,15,15,15,15,15,15,15,15,15,15
61426,0,1,19,19,19,19,19,19,19,19,19,19
61426,1,1,0,0,0,3,0,0,0,0,0,0
61427,0,1,0,0,0,0,0,0,0,0,0,0
61427,1,1,0,0,0,0,0,0,0,0,0,0
61428,0,1,34,34,34,34,34,34,34,34,34,34
61428,1,1,0,0,0,0,0,0,0,0,0,0
61429,0,1,0,0,0,0,0,0,0,0,0,0
61429,1,1,0,0,0,0,0,0,0,0,0,0
61430,1,1,0,0,0,0,0,0,0,0,0,0
61430,2,1,0,0,0,0,0,0,0,0,0,0
61431,1,1,0,0,0,0,0,0,0,0,0,0
61431,2,1,0,0,0,0,0,0,0,0,0,0
61431,3,1,0,0,0,0,12,0,0,0,0,0
61431,4,1,0,0,0,0,0,0,0,0,0,0
61431,5,1,0,0,0,0,0,0,0,0,0,0
61432,1,1,21,21,21,21,21,21,21,21,21,21
61432,2,1,0,0,0,0,0,0,0,0,0,0
61433,1,1,10,10,10,10,10,10,10,10,10,10
61433,2,1,26,26,26,26,26,26,26,26,26,26
61434,1,1,0,0,0,0,0,0,0,0,0,0
61434,2,1,0,0,0,0,0,0,0,0,0,0
61435,1,1,15,15,15,15,15,15,15,15,15,15
61436,1,1,0,0,0,0,0,0,0,0,0,0
61437,1,1,21,21,21,21,21,21,21,21,21,21
61437,2,1,0,0,0,0,0,0,0,0,0,0
61437,3,1,0,0,0,0,0,0,0,0,0,0
61438,1,1,0,0,0,0,0,0,0,0,0,0
61438,2,1,0,0,0,0,0,0,0,0,0,10
61439,1,1,7,7,7,7,7,7,7,7,7,7
61440,1,1,27,27,27,27,27,27,27,27,27,27
61441,1,1,0,0,0,0,0,0,0,0,0,0
61441,2,1,0,0,0,0,0,0,0,0,0,0
61442,1,1,0,0,0,0,0,0,0,0,0,0
61443,1,1,26,26,26,26,26,26,26,26,26,26
61443,2,1,0,0,0,0,0,0,0,0,0,0
61444,1,1,0,0,0,0,0,0,0,0,0,0
61445,1,1,0,0,0,0,0,0,0,0,0,0
61446,1,1,0,0,0,0,0,0,0,0,0,0
61447,1,1,0,0,0,0,0,0,0,0,0,0
61448,1,1,0,0,0,0,0,0,0,0,0,0
61448,2,1,0,0,0,0,0,0,0,0,0,0
61449,1,1,10,10,10,10,10,10,10,10,10,10
61449,2,1,0,0,0,0,0,0,0,0,0,0
61450,1,1,0,0,0,0,0,0,0,0,0,0
61451,1,1,0,0,0,0,0,0,0,0,0,0
61452,1,1,21,21,21,21,21,21,21,21,21,21
61453,1,1,3,3,3,3,3,3,3,3,3,3
61454,1,1,0,0,0,0,0,0,0,0,0,0
61454,2,1,0,0,0,0,0,0,0,0,0,0
61455,1,1,0,0,0,0,0,0,0,0,0,0
61456,1,1,0,0,0,0,0,0,0,0,0,0
61457,1,1,0,0,0,0,0,0,0,0,0,0
61458,1,1,9,0,0,0,4,0,24,0,0,0
61459,1,1,18,18,18,18,18,18,18,18,18,18
61460,1,1,27,27,27,27,27,27,27,27,27,27
61461,1,1,0,0,0,0,0,0,0,0,0,0
61462,1,1,0,0,0,0,0,0,20,0,0,0
61462,2,1,0,0,0,0,0,0,0,0,0,0
61463,1,1,0,0,0,0,0,0,0,0,0,0
61463,2,1,0,0,0,0,0,0,0,0,0,0
61464,1,1,0,0,0,0,0,0,0,6,0,0
61465,1,1,9,9,9,9,9,9,9,9,9,9
61466,1,1,9,9,9,9,9,9,9,9,9,9
61467,1,1,0,0,0,0,0,0,0,0,0,0
61467,2,1,0,0,0,0,0,0,0,0,0,0
61468,1,1,0,0,0,0,0,0,0,0,0,0
61469,1,1,0,0,0,0,0,0,0,0,0,0
61470,1,1,0,0,0,0,0,0,0,0,0,0
61470,2,1,0,0,0,0,0,0,0,0,0,0
61471,1,1,0,0,0,0,0,0,0,0,0,0
61472,1,1,0,0,0,0,0,0,0,0,0,0
61473,1,1,0,0,0,0,0,0,0,0,0,0
61474,1,1,0,0,0,11,0,0,0,0,0,27
61475,1,1,0,0,0,0,0,0,0,0,0,0
61475,2,1,0,0,0,0,0,0,0,0,0,0
61476,1,1,0,0,0,0,0,0,0,0,0,0
61476,2,1,0,0,0,0,0,0,0,0,0,0
61476,3,1,0,0,0,0,0,0,0,0,0,0
61476,4,1,0,0,0,0,0,30,0,17,0,0
61477,1,1,0,0,0,0,0,0,0,0,0,0
61477,2,1,0,0,0,0,0,0,0,0,0,0
61478,1,1,0,0,0,0,0,0,0,0,0,0
61479,1,1,25,11,0,0,0,0,10,0,0,0
61480,1,1,3,3,3,3,3,3,3,3,3,3
61480,2,1,0,0,0,0,0,0,0,0,0,0
61481,1,1,0,0,0,0,0,0,0,0,0,0
61481,2,1,0,0,0,0,0,0,0,0,0,0
61482,0,1,0,0,0,0,0,0,0,0,0,0
61482,1,1,0,0,0,0,0,0,0,0,0,0
61483,1,1,0,0,0,0,0,0,0,0,0,0
61483,2,1,0,0,0,0,0,0,0,0,0,0
61484,0,1,0,0,0,0,0,0,0,0,0,0
61484,2,1,0,0,0,0,0,11,0,0,0,0
61485,0,1,0,0,0,0,0,0,0,0,0,0
61485,0,2,0,0,0,0,0,0,0,0,17,0
61485,1,1,0,0,0,0,0,0,0,0,0,0
61486,1,1,0,0,0,0,0,0,0,0,0,5
61486,2,1,0,0,0,0,0,0,0,0,0,0
61487,1,1,0,0,0,0,0,0,0,0,0,0
61488,0,1,0,0,0,0,0,0,0,0,0,0
61488,1,1,0,0,0,0,0,0,0,9,0,0
61489,0,1,0,0,0,0,0,0,0,0,0,0
61489,1,1,0,0,0,0,0,0,0,0,0,0
61490,1,1,67,67,67,67,67,67,67,67,67,67
61490,2,1,0,0,0,0,0,0,0,0,0,0
61491,0,1,0,0,0,0,0,0,0,0,0,0
61491,1,1,0,0,0,0,0,0,0,0,0,0
61492,1,1,0,0,0,0,0,0,0,0,0,0
61493,1,1,11,11,11,11,11,11,11,11,11,11
61494,0,1,0,0,0,0,0,0,0,0,0,0
61494,1,1,0,0,0,0,0,0,0,0,0,0
61495,0,1,26,26,26,26,26,26,26,26,26,26
61495,1,1,0,0,0,0,13,0,0,0,0,0
61496,0,1,0,0,0,0,0,0,0,0,0,0
61496,1,1,0,0,0,0,0,0,0,0,0,0
61497,0,1,0,0,0,0,0,0,0,0,0,0
61497,1,1,0,0,0,24,0,0,0,30,10,0
61498,0,1,0,0,0,0,0,0,0,0,0,0
61498,1,1,6,0,0,7,0,0,0,21,0,0
61499,0,1,0,0,0,0,0,0,0,0,0,0
61499,1,1,0,0,0,0,0,0,0,0,0,0
61500,1,1,0,0,0,0,0,0,0,0,0,0
61501,1,1,38,38,38,38,38,38,38,38,38,38
61501,2,1,0,23,0,0,0,0,0,0,0,0
61502,1,1,0,0,0,0,0,0,0,0,0,0
61502,2,1,28,28,28,28,28,28,28,28,28,28
61503,0,1,30,30,30,30,30,30,30,30,30,30
61503,1,1,0,0,0,0,0,0,0,0,0,0
61504,1,1,0,0,0,0,0,0,16,0,0,0
61504,2,1,0,0,0,0,0,0,0,0,0,0
61505,0,1,0,0,0,0,0,0,0,0,0,0
61505,1,1,0,0,0,0,0,0,0,0,0,0
61506,0,1,19,19,19,19,19,19,19,19,19,19
61506,1,1,0,0,0,0,0,0,0,0,0,0
61507,1,1,79,79,79,79,79,79,79,79,79,79
61508,0,1,0,0,0,0,0,0,0,0,0,0
61508,1,1,0,0,0,0,0,0,0,0,0,0
61509,0,1,0,0,0,0,0,0,0,0,0,0
61509,1,1,0,0,0,0,0,0,0,0,0,0
61510,0,1,0,0,0,0,0,0,0,0,0,0
61510,0,2,0,0,0,0,0,0,0,0,0,0
61510,1,1,0,0,0,0,0,0,0,0,0,0
61511,0,1,0,0,0,0,0,0,0,0,0,0
61511,1,1,0,0,0,0,0,0,15,0,0,0
61512,1,1,0,0,0,0,0,0,0,0,0,0
61513,1,1,0,0,0,0,0,0,0,0,0,0
61514,1,1,0,0,0,0,0,0,0,0,0,0
61515,1,1,0,0,0,0,0,0,16,0,0,10
61516,1,1,29,29,29,29,29,29,29,29,29,29
61517,1,1,25,25,25,25,25,25,25,25,25,25
61518,1,1,20,20,20,20,20,20,20,20,20,20
61519,1,1,15,15,15,15,15,15,15,15,15,15
61519,2,1,0,0,0,0,0,0,0,0,0,0
61520,1,1,0,0,0,0,0,0,0,0,0,0
61521,1,1,20,20,20,20,20,20,20,20,20,20
61522,1,1,4,4,4,4,4,4,4,4,4,4
61523,1,1,0,0,0,0,0,35,14,0,0,0
61524,1,1,0,0,0,0,0,0,0,0,0,0
61525,1,1,0,0,0,0,0,0,0,0,0,0
61526,1,1,0,0,0,0,0,0,0,0,0,0
61527,1,1,0,0,0,0,0,0,0,0,0,0
61528,1,1,0,0,0,0,0,0,0,11,0,0
61529,1,1,15,15,15,15,15,15,15,15,15,15
61529,2,1,0,0,0,0,0,0,0,0,0,0
61530,1,1,0,0,0,0,0,0,0,0,0,0
61531,1,1,0,0,0,0,0,0,0,0,0,0
61531,2,1,0,0,0,7,0,0,0,0,0,0
61532,1,1,23,23,23,23,23,23,23,23,23,23
61533,1,1,14,14,14,14,14,14,14,14,14,14
61534,1,1,11,11,11,11,11,11,11,11,11,11
61535,1,1,11,11,11,11,11,11,11,11,11,11
61536,1,1,23,23,23,23,23,23,23,23,23,23
61537,1,1,21,21,21,21,21,21,21,21,21,21
61538,1,1,12,12,12,12,12,12,12,12,12,12
61538,2,1,0,0,0,0,0,0,0,0,0,0
61539,1,1,0,0,0,0,0,0,0,0,0,0
61539,2,1,0,0,0,0,0,0,0,0,0,0
61539,3,1,0,0,0,0,0,0,0,0,0,0
61540,1,1,0,0,0,0,0,0,0,0,0,0
61541,1,1,0,0,0,0,0,0,0,0,0,0
61541,2,1,0,0,0,0,0,0,0,12,0,0
61542,1,1,16,0,0,0,13,0,0,0,0,16
61543,1,1,11,11,11,11,11,11,11,11,11,11
61544,1,1,0,0,0,0,0,0,0,0,0,0
61545,1,1,4,4,4,4,4,4,4,4,4,4
61546,1,1,0,0,0,0,0,0,0,0,0,0
61547,1,1,0,0,0,0,0,0,0,0,0,0
61548,1,1,0,0,0,0,0,0,0,0,0,0
61549,1,1,0,0,0,0,0,0,0,0,0,0
61550,1,1,0,0,0,9,0,0,0,0,0,0
61550,2,1,0,0,0,0,0,0,0,0,0,0
61551,1,1,0,0,0,0,0,0,0,0,0,0
61551,2,1,0,0,0,0,0,0,0,0,0,0
61552,1,1,0,0,0,0,0,0,0,0,0,0
61553,1,1,8,8,8,8,8,8,8,8,8,8
61553,2,1,0,0,0,0,0,0,0,0,0,0
61554,1,1,3,3,3,3,3,3,3,3,3,3
61555,1,1,0,0,0,0,0,0,0,0,0,0
61555,2,1,0,0,0,0,0,0,0,0,0,0
61556,1,1,22,22,22,22,22,22,22,22,22,22
61557,1,1,0,0,0,0,0,0,0,0,0,0
61558,1,1,0,0,0,0,0,0,0,0,0,0
61559,1,1,15,15,15,15,15,15,15,15,15,15
61559,2,1,0,0,0,0,0,0,0,0,0,0
61559,3,1,0,0,0,0,0,23,0,0,0,0
61559,4,1,0,0,0,12,0,13,0,0,0,0
61559,5,1,0,0,0,0,0,0,0,0,0,0
61559,6,1,0,0,0,0,0,0,23,0,17,0
61560,1,1,0,0,0,0,0,0,0,0,0,0
61561,1,1,0,0,0,0,0,0,0,0,0,0
61561,2,1,0,0,22,0,0,0,0,0,0,0
61562,1,1,30,11,21,20,0,13,14,12,31,5
61563,1,1,23,23,23,23,23,23,23,23,23,23
61564,0,1,0,0,0,0,0,0,0,0,0,0
61564,0,2,0,0,0,9,0,0,0,9,0,0
61564,1,1,0,0,0,0,0,0,0,0,0,0
61565,0,1,0,0,0,0,0,0,0,0,0,0
61565,1,1,0,0,0,0,0,0,0,0,0,0
61566,1,1,0,0,0,0,0,0,0,0,0,0
61567,0,1,0,0,0,0,0,0,0,0,0,0
61567,1,1,0,0,0,0,0,0,0,0,0,0
61568,0,1,10,10,10,10,10,10,10,10,10,10
61568,1,1,0,0,0,0,0,0,0,0,0,0
61569,0,1,0,0,0,0,0,0,0,0,0,0
61569,1,1,0,25,0,0,0,21,0,0,0,0
61570,0,1,1,1,1,1,1,1,1,1,1,1
61570,1,1,0,4,16,0,0,0,17,22,0,19
61571,0,1,40,40,40,40,40,40,40,40,40,40
61571,1,1,0,0,0,0,0,0,0,0,0,0
61572,1,1,0,0,0,0,0,0,0,0,0,0
61573,1,1,0,0,0,0,0,0,0,0,0,0
61573,2,1,0,0,0,0,0,0,0,0,0,0
61574,0,1,0,0,0,0,0,0,0,0,0,0
61574,1,1,0,0,0,0,0,0,0,0,0,20
61575,1,1,0,0,0,0,0,0,0,0,0,0
61575,2,1,0,0,0,0,0,0,0,0,0,0
61575,3,1,0,0,0,0,0,0,0,0,0,16
61576,0,1,0,0,0,6,0,0,0,0,0,0
61576,1,1,0,0,0,0,0,0,0,0,0,0
61577,0,1,0,0,0,0,0,0,0,0,0,0
61577,0,2,0,0,0,0,0,0,0,0,0,0
61577,0,3,0,0,0,0,0,0,0,0,0,0
61577,1,1,0,0,0,0,0,0,0,0,0,0
61577,2,1,0,0,0,0,0,0,0,0,0,0
61578,0,1,7,7,7,7,7,7,7,7,7,7
61578,1,1,0,0,0,0,0,0,0,0,0,0
61579,1,1,0,0,0,0,0,0,0,0,0,0
61579,2,1,0,0,0,0,0,0,0,0,0,0
61580,0,1,0,0,0,0,0,0,0,0,0,0
61580,1,1,21,0,0,12,8,3,20,10,0,0
61581,0,1,0,0,0,0,0,0,0,0,0,0
61581,1,1,10,0,0,25,0,16,0,8,13,0
61582,0,1,0,0,0,0,0,0,0,0,0,0
61582,1,1,0,0,3,0,0,0,0,0,0,0
61583,1,1,0,0,0,0,0,0,0,0,0,0
61584,0,1,0,13,0,0,0,6,0,0,0,0
61584,1,1,0,0,0,0,0,0,0,0,0,0
61585,1,1,0,0,0,0,0,0,0,0,0,0
61585,2,1,0,0,0,0,0,0,0,0,0,0
61585,3,1,0,0,0,0,0,0,0,25,0,0
61586,1,1,16,0,0,9,0,0,0,3,27,0
61586,2,1,0,0,0,0,0,0,0,0,0,0
61587,0,1,28,28,28,28,28,28,28,28,28,28
61587,1,1,8,16,29,13,16,20,22,15,10,30
61588,0,1,0,0,0,0,0,0,0,0,0,0
61588,1,1,0,0,11,12,0,0,17,0,8,0
61589,0,1,0,0,0,0,0,0,0,0,0,0
61589,1,1,0,0,0,0,0,0,0,0,2,0
61590,0,1,0,0,0,0,0,0,0,0,0,0
61590,1,1,0,0,0,0,0,0,15,0,0,0
61591,0,1,0,0,0,0,0,0,0,0,0,0
61591,1,1,0,0,0,0,0,0,0,0,0,0
61592,0,1,0,0,0,0,0,0,0,0,0,0
61592,1,1,0,0,0,0,0,0,0,0,0,0
61593,0,1,0,0,0,0,0,0,0,0,0,0
61593,1,1,0,0,0,0,0,0,0,0,0,0
61594,0,1,21,21,21,21,21,21,21,21,21,21
61594,1,1,0,0,0,23,0,0,0,0,0,18
61595,1,1,16,16,16,16,16,16,16,16,16,16
61596,0,1,0,0,0,0,0,0,0,0,0,0
61596,1,1,0,0,0,0,0,0,0,0,0,0
61597,0,1,0,0,0,0,0,0,0,0,0,0
61597,1,1,0,0,0,0,0,0,0,0,0,0
61598,0,1,0,0,0,0,0,0,0,0,0,0
61598,1,1,0,0,0,0,0,0,0,0,0,0
61599,0,1,12,0,0,18,0,0,0,0,0,0
61599,1,1,0,0,0,0,0,0,0,0,0,0
61600,0,1,0,0,0,0,0,0,0,0,0,0
61600,0,2,0,0,0,0,0,7,0,0,20,0
61600,1,1,9,17,9,10,19,6,15,16,14,18
61601,1,1,0,0,0,0,0,0,0,0,0,0
61601,2,1,0,0,0,0,0,15,0,0,0,0
61602,1,1,36,36,36,36,36,36,36,36,36,36
61602,2,1,9,9,9,9,9,9,9,9,9,9
61603,1,1,20,20,20,20,20,20,20,20,20,20
61603,2,1,0,0,0,0,0,0,0,0,0,0
61604,1,1,0,0,0,0,0,0,0,0,0,0
61604,2,1,0,0,0,0,0,0,0,0,0,0
61605,1,1,0,0,0,0,0,0,0,0,0,0
61605,2,1,0,0,0,0,0,0,0,0,0,0
61606,1,1,16,16,16,16,16,16,16,16,16,16
61606,2,1,0,0,0,0,0,0,0,0,0,0
61607,0,1,0,0,0,0,0,0,0,0,0,0
61607,1,1,0,0,0,0,0,0,0,0,0,0
61608,0,1,0,0,0,0,0,0,0,0,0,0
61608,1,1,13,0,10,0,0,0,0,4,0,0
61609,1,1,0,0,0,0,17,0,0,0,0,0
61610,0,1,0,0,0,0,0,0,0,0,0,0
61610,1,1,0,0,0,0,0,0,0,0,0,0
61611,0,1,17,17,17,17,17,17,17,17,17,17
61611,0,2,0,0,32,0,19,0,0,26,15,25
61611,1,1,0,0,0,0,0,0,0,0,0,0
61612,0,1,19,19,19,19,19,19,19,19,19,19
61612,1,1,0,0,0,0,0,0,0,0,0,0
61613,0,1,0,0,0,0,0,0,0,0,0,0
61613,1,1,0,0,0,0,0,0,0,0,0,0
61614,1,1,0,0,0,0,0,0,0,0,0,0
61615,1,1,0,0,0,0,0,0,0,0,0,0
61616,1,1,0,0,0,0,0,0,0,0,0,0
61616,2,1,0,0,0,0,0,0,0,0,0,0
61617,1,1,0,0,0,0,0,0,0,0,0,0
61617,2,1,0,0,0,0,0,0,0,0,0,0
61618,1,1,0,0,0,0,0,0,0,0,0,0
61619,0,1,18,18,18,18,18,18,18,18,18,18
61619,1,1,16,16,16,16,16,16,16,16,16,16
61620,0,1,17,17,17,17,17,17,17,17,17,17
61620,1,1,0,0,0,0,0,0,0,0,0,0
61621,0,1,0,0,0,0,0,0,0,0,0,0
61621,1,1,19,10,0,12,10,10,0,3,0,0
61622,1,1,0,0,0,0,0,0,0,0,0,0
61623,1,1,0,0,0,0,0,0,0,0,0,0
61623,2,1,0,0,0,0,0,0,0,0,0,0
61623,3,1,0,0,0,0,0,0,0,0,0,0
61624,1,1,14,14,14,14,14,14,14,14,14,14
61625,0,1,27,27,27,27,27,27,27,27,27,27
61625,1,1,0,0,0,0,0,0,0,0,0,0
61625,2,1,0,0,0,27,0,0,0,0,0,0
61625,3,1,0,0,0,0,0,0,0,0,0,0
61626,0,1,0,0,0,0,0,0,0,0,0,0
61626,1,1,0,0,0,0,0,0,0,0,0,0
61627,1,1,0,0,0,0,0,0,0,0,0,0
61628,1,1,0,0,0,0,0,0,0,0,27,19
61628,2,1,0,0,0,8,0,0,0,0,0,0
61629,1,1,0,0,0,0,0,0,0,0,0,0
61630,0,1,29,29,29,29,29,29,29,29,29,29
61630,1,1,0,0,0,0,0,0,0,12,0,0
61631,0,1,35,35,35,35,35,35,35,35,35,35
61631,1,1,0,0,0,0,0,0,0,28,0,0
61632,0,1,33,33,33,33,33,33,33,33,33,33
61632,1,1,0,0,0,0,0,0,0,0,0,0
61633,1,1,0,0,0,0,0,0,0,0,0,0
61634,0,1,0,0,0,0,0,0,0,0,0,0
61634,1,1,0,0,0,0,0,0,0,0,0,0
61635,0,1,16,16,16,16,16,16,16,16,16,16
61635,1,1,0,0,0,15,14,0,0,16,0,0
61636,0,1,25,25,25,25,25,25,25,25,25,25
61636,1,1,0,0,0,0,0,0,0,0,0,0
61637,0,1,31,34,25,19,33,16,15,17,41,23
61637,1,1,0,0,0,24,20,5,20,13,0,0
61638,0,1,9,9,9,9,9,9,9,9,9,9
61638,1,1,0,0,0,0,0,0,0,0,0,0
61639,0,1,20,20,20,20,20,20,20,20,20,20
61639,1,1,0,35,0,0,0,0,0,0,0,0
61640,1,1,0,0,0,0,0,0,0,17,0,0
61640,2,1,0,0,0,0,0,0,0,0,0,0
61641,1,1,0,0,0,0,0,0,0,0,0,0
61642,0,1,0,0,0,0,0,0,0,0,0,0
61642,0,2,0,0,0,0,0,0,0,0,0,0
61642,0,3,0,0,0,0,0,0,0,0,0,0
61642,1,1,0,0,0,0,0,0,0,0,0,0
61643,0,1,0,0,0,0,0,0,0,0,0,0
61643,1,1,0,0,0,0,0,0,0,0,0,0
61644,0,1,0,0,0,0,0,0,0,0,0,0
61644,1,1,0,0,0,0,0,0,0,0,0,0
61645,0,1,33,33,33,33,33,33,33,33,33,33
61645,1,1,0,0,0,0,0,0,0,0,0,0
61646,0,1,0,0,0,0,0,0,0,0,0,0
61646,1,1,0,0,0,0,0,12,0,0,0,0
61647,1,1,0,0,0,0,0,0,0,0,0,0
61647,2,1,41,38,0,23,0,25,0,13,0,32
61647,3,1,0,0,0,0,0,0,0,0,0,0
61648,0,1,0,0,0,0,0,0,0,0,0,0
61648,0,2,0,0,0,0,0,0,0,0,0,0
61648,1,1,0,0,0,0,0,0,0,0,0,0
61649,1,1,16,16,16,16,16,16,16,16,16,16
61650,1,1,22,22,22,22,22,22,22,22,22,22
61651,1,1,18,18,18,18,18,18,18,18,18,18
61651,2,1,0,0,0,0,0,0,0,0,0,0
61652,1,1,14,14,14,14,14,14,14,14,14,14
61652,2,1,0,0,0,0,0,0,0,0,0,0
61653,1,1,24,24,24,24,24,24,24,24,24,24
61653,2,1,0,0,0,0,0,0,0,0,0,0
61654,1,1,11,11,11,11,11,11,11,11,11,11
61655,1,1,0,0,0,0,0,0,0,0,0,0
61655,2,1,0,0,0,0,0,46,0,0,0,0
61656,1,1,0,0,0,0,0,0,0,0,0,0
61656,2,1,0,0,0,0,0,0,0,0,0,0
61657,1,1,0,0,0,0,0,0,0,0,0,0
61658,1,1,7,7,7,7,7,7,7,7,7,7
61659,1,1,17,17,17,17,17,17,17,17,17,17
61660,1,1,0,0,6,0,0,0,0,0,0,0
61660,2,1,0,0,0,0,0,0,0,15,0,0
61661,1,1,22,22,22,22,22,22,22,22,22,22
61662,1,1,16,16,16,16,16,16,16,16,16,16
61662,2,1,0,0,0,0,0,0,0,17,0,0
61663,1,1,0,0,0,0,0,0,0,0,0,0
61663,2,1,0,0,0,0,0,0,0,0,0,0
61664,1,1,28,28,28,28,28,28,28,28,28,28
61665,1,1,0,0,0,0,0,0,0,0,0,0
61665,2,1,0,0,0,0,0,0,0,0,0,0
61666,1,1,7,7,7,7,7,7,7,7,7,7
61666,2,1,0,0,0,0,0,0,0,15,0,0
61667,1,1,14,14,14,14,14,14,14,14,14,14
61668,1,1,0,0,0,0,0,0,0,0,0,0
61669,1,1,13,13,13,13,13,13,13,13,13,13
61670,0,1,0,0,0,0,0,0,0,0,0,0
61670,1,1,0,0,0,0,0,0,0,0,0,0
61670,2,1,0,0,0,0,0,0,0,0,0,0
61671,0,1,0,0,0,0,0,0,0,0,0,0
61671,1,1,0,0,0,0,0,0,0,0,0,0
61672,1,1,11,11,11,11,11,11,11,11,11,11
61673,0,1,0,0,0,0,0,0,0,0,16,0
61673,1,1,0,0,11,0,0,0,0,0,0,0
61674,0,1,0,0,0,0,0,0,0,0,0,0
61674,1,1,0,0,14,0,0,0,0,23,0,0
61675,1,1,0,0,0,0,0,0,0,0,0,0
61676,1,1,0,0,0,0,0,0,0,0,0,0
61676,2,1,26,15,16,6,12,18,20,22,14,0
61677,0,1,16,16,16,16,16,16,16,16,16,16
61677,1,1,0,0,0,0,0,0,0,0,0,0
61677,2,1,0,0,0,0,0,0,20,0,0,0
61678,0,1,23,23,23,23,23,23,23,23,23,23
61678,1,1,0,0,0,0,0,0,0,0,0,0
61679,0,1,26,26,26,26,26,26,26,26,26,26
61679,1,1,9,0,13,14,7,20,0,13,10,0
61680,0,1,0,0,0,0,0,0,0,0,0,0