ST_CASE,VEH_NO,PER_NO,P1,P2,P3,P4,P5,P6,P7,P8,P9,P10
61680,1,1,0,0,0,0,0,0,18,0,0,0
61681,0,1,14,0,0,0,0,0,0,0,0,0
61681,1,1,0,0,0,0,0,0,0,0,0,0
61682,0,1,0,0,0,0,0,0,0,0,0,0
61682,1,1,0,0,0,0,0,0,0,0,0,0
61683,0,1,0,0,0,0,0,0,0,0,0,0
61683,1,1,0,0,0,0,0,0,15,0,0,0
61684,0,1,0,0,0,0,13,0,0,0,9,0
61684,1,1,0,0,0,0,0,0,0,0,0,0
61685,0,1,0,0,0,0,0,0,0,0,0,0
61685,1,1,0,0,0,0,0,0,0,0,0,0
61686,0,1,0,0,0,0,0,0,0,0,0,0
61686,1,1,0,0,0,0,0,0,0,0,0,0
61686,2,1,0,0,0,0,0,0,0,0,0,0
61687,0,1,26,26,26,26,26,26,26,26,26,26
61687,1,1,0,0,25,0,0,0,0,0,0,0
61688,1,1,8,8,8,8,8,8,8,8,8,8
61689,0,1,0,0,0,0,0,0,0,0,0,0
61689,1,1,0,0,0,0,0,0,0,0,0,0
61690,0,1,0,0,0,0,0,0,0,0,0,0
61690,1,1,0,0,0,0,0,0,0,0,0,0
61691,1,1,28,28,28,28,28,28,28,28,28,28
61692,0,1,0,0,0,0,0,0,0,0,0,0
61692,1,1,0,0,0,0,0,0,0,0,0,0
61693,1,1,0,0,0,0,0,0,0,0,0,0
61693,2,1,0,0,0,0,0,0,0,0,0,0
61694,0,1,0,0,0,0,0,0,0,0,0,0
61694,1,1,0,0,0,0,0,0,0,0,0,0
61694,2,1,18,0,0,14,0,0,0,0,28,0
61695,0,1,3,3,3,3,3,3,3,3,3,3
61695,1,1,0,12,27,0,0,0,0,0,0,13
61696,0,1,18,18,18,18,18,18,18,18,18,18
61696,1,1,0,27,0,0,0,0,0,0,0,0
61697,0,1,0,0,0,0,0,0,0,0,0,0
61697,1,1,13,0,0,22,12,18,0,25,4,0
61698,0,1,0,0,0,0,0,0,0,0,0,0
61698,1,1,0,0,0,0,0,0,0,0,0,0
61699,1,1,0,0,0,0,0,0,0,0,0,0
61699,2,1,0,0,0,0,0,0,0,0,0,0
61700,0,1,0,0,0,0,0,0,0,0,0,0
61700,1,1,0,0,0,0,0,0,0,0,0,0
61701,0,1,0,0,0,0,13,0,7,0,0,0
61701,1,1,0,0,0,0,0,0,0,0,0,17
61702,0,1,0,0,0,0,0,0,0,0,0,0
61702,1,1,15,0,11,0,0,6,0,0,22,0
61703,0,1,0,0,0,0,0,0,0,0,0,0
61703,1,1,0,0,0,0,0,0,0,0,0,0
61704,0,1,35,35,35,35,35,35,35,35,35,35
61704,1,1,0,0,0,0,0,0,0,0,0,0
61705,0,1,0,0,0,0,0,0,0,0,0,0
61705,1,1,0,0,0,0,0,0,0,23,7,0
61706,0,1,0,0,0,0,0,0,0,0,0,0
61706,1,1,0,0,0,0,0,0,0,0,0,0
61707,0,1,17,17,17,17,17,17,17,17,17,17
61707,1,1,0,0,0,0,0,0,0,0,0,0
61708,0,1,0,0,0,0,0,0,0,0,0,0
61708,1,1,0,0,0,0,0,0,0,0,0,0
61709,1,1,0,0,0,0,0,0,0,0,0,0
61710,1,1,14,14,14,14,14,14,14,14,14,14
61710,2,1,0,0,0,0,0,0,0,0,0,0
61711,0,1,0,0,0,0,0,0,0,0,0,0
61711,1,1,0,0,0,0,0,0,0,0,0,0
61712,0,1,6,6,6,6,6,6,6,6,6,6
61712,1,1,21,15,8,14,10,36,8,24,19,13
61713,0,1,0,0,0,0,0,0,0,0,0,0
61713,1,1,0,0,0,0,0,0,0,0,0,0
61714,0,1,0,0,0,0,0,0,0,0,0,0
61714,1,1,0,0,0,0,0,0,0,0,0,0
61715,0,1,0,0,0,0,0,0,0,0,0,0
61715,1,1,0,0,0,0,0,0,0,0,0,0
61716,0,1,3,3,3,3,3,3,3,3,3,3
61716,1,1,0,0,0,0,0,0,4,0,0,0
61717,0,1,6,7,41,32,23,25,22,39,20,40
61717,1,1,0,0,0,0,0,0,0,0,0,0
61718,0,1,0,0,0,0,0,14,0,0,0,0
61718,1,1,0,0,0,0,0,0,0,0,0,0
61719,0,1,0,0,0,0,0,0,0,0,0,0
61719,1,1,0,0,0,0,21,14,0,0,10,0
61720,0,1,5,5,5,5,5,5,5,5,5,5
61720,1,1,0,32,0,0,0,0,0,0,0,0
61721,1,1,18,18,18,18,18,18,18,18,18,18
61722,0,1,0,0,0,0,0,0,0,0,0,0
61723,0,1,8,8,8,8,8,8,8,8,8,8
61723,1,1,9,9,9,9,9,9,9,9,9,9
61724,0,1,0,0,0,0,0,0,0,0,0,0
61724,1,1,0,0,0,0,0,0,0,0,0,0
61725,0,1,0,0,0,0,0,0,0,0,0,0
61725,1,1,0,0,0,0,0,0,0,0,0,0
61726,0,1,0,0,0,0,0,0,0,0,0,0
61726,1,1,0,0,0,0,0,0,0,0,0,0
61727,0,1,0,25,0,0,44,0,0,16,0,2
61727,2,1,0,0,0,0,0,0,0,0,10,0
61728,0,1,24,24,24,24,24,24,24,24,24,24
61728,1,1,8,0,0,8,0,0,0,13,0,0
61729,0,1,0,0,0,0,0,0,0,0,0,0
61729,1,1,26,26,26,26,26,26,26,26,26,26
61730,0,1,19,19,19,19,19,19,19,19,19,19
61730,1,1,9,0,0,14,13,0,13,19,0,0
61731,0,1,0,0,0,0,0,0,0,0,0,0
61732,1,1,0,0,10,0,19,0,4,0,0,0
61733,1,1,0,0,0,0,0,0,0,0,0,0
61734,1,1,0,24,20,18,5,8,10,30,0,7
61735,1,1,0,0,0,0,0,0,0,0,0,0
61736,1,1,18,18,18,18,18,18,18,18,18,18
61737,1,1,0,0,0,0,0,0,0,0,0,0
61738,1,1,0,0,0,0,0,0,0,0,0,0
61738,2,1,0,0,0,0,0,0,0,0,0,0
61739,1,1,1,1,1,1,1,1,1,1,1,1
61739,2,1,32,0,0,0,0,0,0,0,0,0
61740,1,1,24,24,24,24,24,24,24,24,24,24
61741,1,1,0,0,0,0,0,0,0,0,0,0
61741,2,1,0,0,0,0,0,0,0,0,0,0
61742,1,1,0,0,0,0,0,0,0,0,0,0
61742,3,1,0,0,0,0,0,0,0,0,0,0
61743,1,1,0,0,0,0,0,0,0,0,0,0
61744,1,1,0,0,0,0,0,0,0,0,0,0
61744,2,1,0,0,0,0,0,0,0,0,0,0
61745,1,1,12,12,12,12,12,12,12,12,12,12
61746,1,1,20,20,20,20,20,20,20,20,20,20
61747,1,1,0,0,0,0,0,0,0,0,0,0
61748,1,1,18,18,18,18,18,18,18,18,18,18
61749,1,1,0,0,0,0,0,0,0,0,0,0
61750,1,1,0,0,0,0,0,0,0,0,0,0
61750,2,1,0,0,0,0,0,0,0,0,0,0
61751,1,1,9,9,9,9,9,9,9,9,9,9
61752,1,1,0,0,0,0,0,0,0,0,0,0
61753,1,1,0,0,0,0,0,0,8,0,0,12
61754,1,1,0,0,0,0,0,0,0,0,0,0
61754,2,1,0,0,0,0,0,0,0,0,0,0
61755,1,1,0,0,0,0,0,0,0,0,0,0
61755,2,1,0,0,0,0,0,0,0,0,0,0
61756,1,1,16,16,16,16,16,16,16,16,16,16
61756,2,1,0,0,0,0,0,0,0,0,0,0
61757,1,1,7,7,7,7,7,7,7,7,7,7
61758,1,1,12,12,12,12,12,12,12,12,12,12
61758,2,1,0,19,0,0,0,0,0,0,0,0
61759,1,1,0,0,0,0,0,0,0,0,0,0
61760,1,1,0,0,0,0,0,0,0,0,0,0
61761,1,1,48,48,48,48,48,48,48,48,48,48
61762,1,1,25,25,25,25,25,25,25,25,25,25
61763,1,1,4,21,21,13,14,12,11,23,7,8
61764,1,1,0,0,0,7,7,18,0,0,0,19
61765,1,1,0,0,0,0,0,20,0,0,0,0
61765,2,1,0,0,0,0,0,0,0,0,0,6
61766,1,1,0,0,0,0,0,0,0,0,0,0
61766,2,1,0,0,0,0,0,0,0,0,0,0
61767,1,1,0,0,0,0,0,0,0,0,0,0
61767,2,1,0,0,0,0,0,0,0,0,0,0
61768,1,1,0,0,0,0,0,0,0,0,0,0
61768,2,1,0,0,0,0,0,0,0,0,0,0
61769,1,1,16,16,16,16,16,16,16,16,16,16
61770,1,1,0,0,0,0,0,0,0,0,0,0
61771,1,1,0,0,0,0,0,0,0,0,0,0
61771,2,1,0,0,0,0,0,0,0,0,0,0
61772,1,1,0,0,0,0,0,0,0,0,0,0
61773,1,1,36,36,36,36,36,36,36,36,36,36
61773,2,1,0,0,0,0,0,0,0,0,14,0
61773,3,1,0,0,0,0,0,0,0,0,0,0
61773,4,1,0,0,18,20,0,0,0,0,0,0
61773,5,1,0,0,0,0,0,0,0,0,0,0
61774,1,1,1,1,1,1,1,1,1,1,1,1
61775,1,1,11,11,11,11,11,11,11,11,11,11
61776,1,1,13,13,13,13,13,13,13,13,13,13
61777,1,1,8,8,8,8,8,8,8,8,8,8
61778,1,1,9,9,9,9,9,9,9,9,9,9
61778,2,1,0,0,0,0,0,0,0,0,0,4
61779,1,1,0,0,0,0,0,0,0,0,0,0
61780,1,1,0,0,0,0,0,0,0,0,0,0
61780,2,1,0,0,0,0,0,0,0,0,0,0
61781,1,1,0,0,0,0,0,0,0,0,0,0
61781,2,1,0,0,0,0,0,0,0,0,0,0
61781,3,1,0,0,0,0,0,0,0,0,0,0
61782,1,1,28,28,28,28,28,28,28,28,28,28
61783,1,1,29,29,29,29,29,29,29,29,29,29
61784,1,1,13,13,13,13,13,13,13,13,13,13
61785,1,1,0,0,0,0,0,0,0,0,0,0
61786,1,1,0,0,0,0,0,0,0,0,0,0
61786,2,1,0,0,0,3,0,0,0,0,0,0
61787,1,1,0,0,0,0,0,0,0,0,0,0
61788,1,1,0,0,0,0,0,0,0,0,0,0
61788,2,1,0,0,0,0,0,0,0,0,0,0
61789,1,1,19,19,19,19,19,19,19,19,19,19
61790,1,1,12,12,12,12,12,12,12,12,12,12
61790,2,1,0,0,0,0,0,0,0,0,0,0
61791,1,1,5,5,5,5,5,5,5,5,5,5
61792,1,1,0,0,0,0,0,0,0,0,0,0
61793,1,1,0,0,0,0,0,0,0,0,17,0
61793,2,1,0,0,0,0,0,0,0,0,0,0
61794,1,1,15,15,15,15,15,15,15,15,15,15
61795,1,1,32,32,32,32,32,32,32,32,32,32
61795,2,1,0,0,0,0,0,0,0,0,0,0
61796,1,1,0,0,0,0,0,0,0,0,0,0
61796,2,1,0,0,0,0,0,0,0,0,0,0
61796,3,1,3,0,0,0,0,0,0,0,4,0
61797,1,1,0,20,25,7,0,13,23,0,0,0
61798,1,1,0,0,0,0,0,0,0,0,0,0
61798,2,1,0,0,0,0,0,0,0,0,0,0
61798,3,1,0,0,0,0,0,0,0,0,0,0
61798,4,1,0,0,0,0,0,0,0,0,0,0
61799,1,1,0,0,0,0,0,0,0,0,0,0
61799,2,1,0,0,0,0,0,0,0,0,0,0
61800,1,1,0,0,0,0,0,0,0,0,0,0
61800,2,1,0,0,0,0,0,0,0,0,0,0
61801,1,1,0,0,0,0,0,0,0,0,0,0
61802,1,1,0,0,0,0,0,0,0,0,0,0
61802,2,1,0,0,0,0,0,0,0,0,0,0
61803,1,1,24,24,24,24,24,24,24,24,24,24
61804,1,1,0,0,0,0,0,0,0,0,0,0
61805,1,1,0,0,0,0,0,0,0,0,0,0
61806,1,1,0,0,0,0,0,0,0,21,0,0
61806,2,1,0,0,0,0,0,0,0,0,0,0
61807,1,1,0,0,0,0,0,0,0,0,0,0
61808,1,1,6,8,2,1,22,13,11,13,0,20
61809,1,1,0,0,0,0,0,0,0,0,0,0
61809,2,1,0,0,0,0,0,0,0,0,0,0
61810,1,1,0,0,0,0,0,0,0,0,0,0
61811,1,1,0,0,0,0,0,0,0,0,0,0
61811,2,1,0,0,0,0,0,0,0,0,0,0
61812,1,1,0,12,0,0,0,0,0,0,0,26
61812,2,1,0,0,0,0,0,0,0,0,0,0
61813,1,1,0,0,0,0,0,0,0,0,0,0
61813,2,1,0,0,0,0,0,0,0,0,0,0
61813,3,1,0,0,0,0,0,0,0,0,0,0
61814,0,1,0,0,0,0,0,0,4,6,0,0
61814,0,2,36,0,0,0,0,0,0,0,0,0
61814,1,1,0,0,0,0,0,0,0,0,0,0
61815,1,1,0,0,0,0,0,0,0,0,0,0
61816,1,1,0,0,0,0,0,0,0,0,0,0
61816,2,1,0,0,0,0,0,0,0,0,0,0
61817,1,1,0,0,0,0,0,0,10,0,2,0
61817,2,1,0,0,0,0,0,24,0,0,0,0
61818,1,1,11,11,11,11,11,11,11,11,11,11
61818,2,1,0,0,0,0,0,0,0,0,0,0
61819,1,1,34,34,34,34,34,34,34,34,34,34
61819,2,1,0,0,0,0,0,0,0,0,0,0
61820,1,1,2,2,2,2,2,2,2,2,2,2
61821,1,1,6,6,6,6,6,6,6,6,6,6
61821,2,1,0,0,0,0,0,0,3,0,19,0
61822,1,1,0,0,0,0,0,0,0,0,0,0
61822,2,1,27,0,0,0,0,0,0,0,0,0
61823,0,1,22,22,22,22,22,22,22,22,22,22
61823,1,1,4,0,0,19,0,15,0,0,0,0
61823,2,1,0,0,20,0,0,0,0,0,0,0
61823,3,1,0,0,0,0,0,5,0,0,0,0
61824,1,1,21,21,21,21,21,21,21,21,21,21
61825,1,1,0,0,0,0,0,0,4,0,0,0
61826,1,1,29,29,29,29,29,29,29,29,29,29
61827,1,1,0,0,0,0,0,0,0,0,0,0
61827,2,1,0,0,0,0,0,0,0,0,0,0
61827,3,1,0,0,0,0,0,0,0,0,0,0
61828,1,1,0,0,0,0,0,0,0,0,0,0
61829,1,1,15,15,15,15,15,15,15,15,15,15
61829,2,1,0,0,0,0,0,0,0,0,0,0
61830,1,1,0,0,0,0,0,0,0,0,0,0
61830,2,1,0,0,0,0,0,0,0,0,0,0
61831,1,1,17,17,17,17,17,17,17,17,17,17
61832,1,1,0,0,0,0,0,0,0,0,0,0
61833,1,1,27,27,27,27,27,27,27,27,27,27
61834,1,1,0,0,0,0,0,0,0,0,0,0
61835,1,1,0,0,0,0,0,0,0,0,0,0
61836,1,1,0,0,0,0,0,0,0,0,0,0
61837,1,1,37,37,37,37,37,37,37,37,37,37
61838,1,1,22,22,22,22,22,22,22,22,22,22
61839,1,1,22,0,0,0,0,0,11,0,0,0
61840,1,1,8,8,8,8,8,8,8,8,8,8
61840,2,1,0,0,0,0,0,0,0,0,0,0
61841,1,1,0,0,0,0,0,0,5,0,0,0
61841,2,1,0,0,0,0,0,0,0,0,0,0
61842,1,1,0,0,0,0,0,0,0,0,0,0
61842,2,1,0,0,0,0,9,0,0,0,0,0
61843,1,1,13,13,13,13,13,13,13,13,13,13
61843,2,1,22,0,8,0,0,0,0,0,0,0
61844,1,1,20,20,20,20,20,20,20,20,20,20
61845,1,1,0,0,0,0,0,0,0,0,0,0
61846,1,1,0,0,0,0,0,0,0,0,0,0
61846,2,1,0,0,0,0,0,0,0,0,0,0
61847,1,1,19,19,19,19,19,19,19,19,19,19
61847,2,1,0,0,0,0,0,0,0,0,0,0
61848,1,1,0,0,0,0,0,0,0,0,0,0
61848,2,1,0,0,0,0,0,14,0,0,0,0
61849,1,1,0,0,0,0,0,0,0,0,0,0
61850,1,1,0,0,11,17,12,0,27,0,0,0
61850,2,1,0,0,0,0,0,0,0,0,0,0
61851,1,1,0,0,0,0,0,0,0,0,0,0
61852,1,1,0,0,0,0,0,0,0,0,0,0
61853,1,1,0,0,0,0,0,0,0,0,0,0
61853,2,1,0,0,0,0,0,0,0,0,0,0
61854,1,1,13,13,13,13,13,13,13,13,13,13
61855,1,1,0,0,0,0,0,0,0,15,0,0
61855,2,1,0,0,0,6,0,0,0,0,0,0
61856,1,1,0,0,0,0,0,0,0,0,0,0
61857,0,1,0,0,0,0,0,0,0,0,0,0
61857,1,1,0,0,0,0,0,0,2,0,0,0
61858,0,1,8,8,8,8,8,8,8,8,8,8
61858,1,1,0,0,0,0,0,0,0,0,0,0
61858,2,1,0,0,0,0,0,0,0,0,0,0
61859,0,1,0,0,0,0,0,0,0,0,13,0
61859,1,1,0,0,0,0,0,0,18,11,0,0
61860,0,1,27,27,27,27,27,27,27,27,27,27
61860,1,1,0,0,0,0,0,0,0,0,0,0
61861,0,1,21,21,21,21,21,21,21,21,21,21
61861,1,1,0,0,0,0,0,0,0,0,0,0
61862,0,1,0,0,0,0,0,0,0,0,0,0
61862,1,1,0,0,0,0,0,0,0,0,0,0
61863,0,1,0,0,0,0,0,0,0,0,0,0
61863,1,1,0,0,16,13,0,4,7,4,13,0
61864,0,1,0,0,0,0,0,0,0,0,0,0
61864,1,1,0,0,0,0,0,0,0,0,0,0
61865,1,1,0,0,0,0,0,0,0,0,0,0
61865,2,1,0,0,0,0,0,8,0,0,0,0
61865,3,1,0,0,0,0,0,0,0,0,0,0
61866,1,1,26,26,26,26,26,26,26,26,26,26
61867,1,1,0,0,0,0,0,0,0,0,0,0
61867,2,1,0,0,0,0,0,0,0,0,0,0
61868,0,1,0,0,0,0,0,0,0,0,0,0
61868,1,1,0,0,0,0,12,0,0,0,0,15
61869,1,1,0,0,0,0,0,0,0,0,0,0
61869,2,1,0,0,0,0,10,21,0,0,0,0
61870,1,1,0,0,0,0,0,0,0,0,0,0
61871,1,1,0,0,0,0,0,0,0,0,0,0
61872,0,1,0,0,0,0,0,0,0,0,0,0
61872,1,1,0,0,0,0,0,0,0,0,0,0
61873,0,1,35,35,35,35,35,35,35,35,35,35
61873,1,1,0,0,0,0,0,0,0,0,0,0
61874,0,1,0,0,0,0,0,0,0,0,0,0
61874,1,1,0,0,0,0,21,0,0,0,0,0
61875,0,1,12,12,12,12,12,12,12,12,12,12
61875,1,1,9,0,0,25,28,20,10,18,17,0
61876,1,1,0,0,0,0,0,0,0,0,0,0
61876,2,1,0,0,0,0,0,0,0,0,0,0
61877,0,1,12,12,12,12,12,12,12,12,12,12
61877,1,1,6,6,6,6,6,6,6,6,6,6
61878,1,1,8,8,8,8,8,8,8,8,8,8
61879,0,1,17,17,17,17,17,17,17,17,17,17
61879,1,1,19,19,19,19,19,19,19,19,19,19
61880,0,1,0,0,0,0,0,0,0,0,0,0
61880,1,1,0,0,0,0,0,0,0,0,0,0
61881,1,1,0,0,0,0,0,0,0,0,0,0
61881,2,1,0,0,0,0,0,0,0,0,23,0
61882,1,1,22,22,22,22,22,22,22,22,22,22
61883,1,1,0,0,0,0,0,0,0,0,0,0
61883,2,1,0,0,0,0,0,0,0,0,0,0
61883,3,1,0,0,0,0,0,0,0,0,0,0
61884,1,1,0,0,0,0,11,0,0,0,8,0
61885,1,1,0,0,0,0,0,0,0,0,0,0
61885,2,1,0,0,0,0,0,0,0,0,0,0
61886,0,1,0,0,0,0,0,0,0,0,0,0
61886,0,2,0,0,0,0,0,0,0,0,0,0
61886,1,1,0,0,0,0,0,0,0,0,0,0
61886,2,1,0,0,0,0,0,0,0,0,0,0
61887,0,1,0,0,0,0,0,0,0,0,0,0
61887,1,1,0,0,0,0,0,0,0,10,0,0
61888,0,1,0,0,0,0,0,0,0,0,0,0
61888,1,1,0,7,0,0,0,0,0,0,0,0
61889,0,1,0,0,0,0,0,0,0,0,0,0
61889,1,1,13,13,13,13,13,13,13,13,13,13
61890,1,1,0,0,0,0,0,0,0,0,0,0
61890,2,1,0,0,0,15,0,0,0,0,0,0
61891,0,1,0,0,0,0,0,0,0,0,0,0
61891,1,1,0,0,0,0,0,0,0,0,0,0
61892,0,1,0,0,0,0,0,0,0,0,0,0
61892,1,1,0,0,0,0,0,0,0,0,0,0
61893,0,1,0,0,0,0,0,0,0,0,0,0
61893,1,1,0,0,0,0,0,0,0,0,0,0
61894,0,1,25,25,25,25,25,25,25,25,25,25
61894,1,1,23,23,23,23,23,23,23,23,23,23
61895,0,1,0,0,13,4,0,0,0,0,0,0
61895,1,1,0,0,0,0,0,0,0,0,0,0
61896,0,1,27,27,27,27,27,27,27,27,27,27
61896,1,1,17,17,17,17,17,17,17,17,17,17
61897,1,1,14,14,14,14,14,14,14,14,14,14
61898,0,1,6,8,0,7,13,15,0,16,22,0
61898,1,1,0,0,0,12,0,0,0,0,0,0
61899,0,1,0,0,0,0,0,0,0,0,0,0
61899,1,1,0,0,0,0,0,0,0,0,0,0
61900,0,1,0,23,22,0,0,13,0,7,0,0
61900,1,1,0,0,0,0,0,0,0,0,0,0
61901,0,1,0,0,0,0,0,0,0,0,0,0
61901,1,1,0,0,0,0,0,15,0,0,0,0
61901,2,1,0,0,0,0,0,0,0,0,0,0
61902,0,1,13,13,13,13,13,13,13,13,13,13
61902,1,1,14,0,0,7,0,0,0,0,25,0
61903,0,1,15,15,15,15,15,15,15,15,15,15
61903,1,1,22,13,41,29,11,21,12,17,18,5
61904,0,1,0,0,0,0,0,0,0,0,0,0
61904,1,1,0,0,0,0,0,0,0,0,0,0
61905,0,1,0,0,0,0,0,0,0,0,0,0
61905,1,1,0,0,0,0,0,0,0,0,0,0
61906,0,1,1,1,1,1,1,1,1,1,1,1
61906,1,1,16,16,16,16,16,16,16,16,16,16
61907,0,1,18,18,18,18,18,18,18,18,18,18
61907,1,1,0,0,0,0,13,0,0,0,0,0
61908,0,1,2,2,2,2,2,2,2,2,2,2
61908,1,1,0,0,24,19,24,4,11,5,4,0
61909,0,1,15,15,15,15,15,15,15,15,15,15
61909,1,1,0,0,0,0,0,0,0,0,0,0
61910,0,1,29,29,29,29,29,29,29,29,29,29
61910,1,1,0,0,0,0,0,0,0,0,0,0
61911,0,1,11,11,11,11,11,11,11,11,11,11
61911,1,1,0,0,0,0,0,4,0,0,0,0
61912,0,1,0,0,0,0,0,0,0,0,0,0
61912,1,1,0,0,0,0,0,0,22,0,5,0
61913,0,1,0,0,0,0,0,0,0,0,0,0
61913,0,2,0,0,0,0,0,0,0,0,0,0
61913,1,1,0,0,0,0,0,0,0,0,0,0
61914,0,1,0,0,0,0,0,0,0,0,0,0
61914,1,1,0,0,0,30,0,0,0,0,0,0
61915,0,1,0,0,0,0,0,0,0,0,0,0
61915,1,1,0,0,0,0,0,0,0,0,0,0
61916,0,1,25,25,25,25,25,25,25,25,25,25
61916,1,1,0,0,0,0,0,0,0,0,0,0
61917,0,1,0,0,0,0,0,0,0,0,0,0
61917,1,1,0,0,0,0,0,0,0,7,0,0
61918,0,1,25,25,25,25,25,25,25,25,25,25
61918,1,1,0,0,0,0,0,0,0,0,0,0
61918,2,1,4,13,10,8,6,19,10,0,16,5
61918,3,1,0,10,0,0,0,0,0,0,0,0
61919,1,1,10,10,10,10,10,10,10,10,10,10
61919,2,1,17,17,17,17,17,17,17,17,17,17
61920,1,1,19,19,19,19,19,19,19,19,19,19
61920,2,1,0,0,0,0,0,0,0,0,0,0
61921,0,1,0,0,0,0,0,0,0,0,0,0
61921,1,1,0,0,0,0,0,0,0,0,0,0
61922,0,1,0,0,0,0,0,0,0,9,0,0
61922,1,1,0,0,0,0,0,0,0,0,0,0
61923,0,1,0,0,0,0,0,0,0,0,0,0
61923,1,1,0,0,0,0,0,0,0,0,0,0
61924,0,1,0,0,0,0,0,0,0,0,0,0
61924,1,1,0,0,0,0,0,0,0,0,0,0
61925,0,1,0,0,0,0,0,0,0,0,0,0
61925,1,1,9,0,13,15,0,0,0,0,0,0
61926,0,1,0,0,0,0,0,0,0,0,0,0
61926,1,1,0,0,0,0,0,0,0,0,0,0
61927,0,1,11,21,16,0,14,27,35,12,13,5
61927,1,1,0,0,0,0,0,0,0,0,0,0
61928,1,1,8,8,8,8,8,8,8,8,8,8
61928,2,1,0,0,0,0,0,0,0,0,0,0
61929,1,1,0,0,0,0,0,0,0,0,0,0
61931,0,1,0,0,0,0,0,0,0,0,0,0
61931,1,1,0,0,0,0,0,0,0,0,0,0
61931,2,1,0,0,0,0,0,0,0,0,0,20
61932,0,1,0,0,0,0,0,0,0,0,0,0
61932,1,1,0,0,17,0,0,0,0,0,0,0
61933,0,1,16,16,16,16,16,16,16,16,16,16
61933,1,1,0,0,0,0,0,0,0,0,0,0
61934,1,1,28,0,0,0,25,26,0,0,0,0
61935,0,1,0,0,0,0,0,0,0,0,0,0
61935,1,1,0,0,0,0,0,0,0,0,0,0
61936,0,1,0,0,0,0,0,0,0,0,0,0
61936,1,1,0,0,0,0,0,15,0,0,0,0
61937,0,1,20,20,20,20,20,20,20,20,20,20
61937,1,1,20,0,18,9,26,13,0,31,10,15
61938,0,1,0,0,0,0,0,0,0,0,0,0
61938,1,1,0,0,0,0,0,0,0,0,0,0
61938,2,1,0,0,0,0,0,0,0,0,0,0
61939,1,1,22,22,22,22,22,22,22,22,22,22
61940,0,1,19,19,19,19,19,19,19,19,19,19
61940,1,1,0,0,0,0,0,0,0,0,0,0
61941,0,1,19,19,19,19,19,19,19,19,19,19
61941,1,1,0,0,0,0,0,0,0,0,0,0
61942,0,1,30,30,30,30,30,30,30,30,30,30
61942,1,1,0,0,0,0,0,0,0,0,0,0
61943,0,1,0,0,0,0,0,0,0,0,0,0
61943,0,2,0,0,14,0,6,5,0,0,14,0
61943,0,3,0,12,0,0,0,5,4,0,17,0
61943,0,4,0,0,0,10,0,14,18,30,18,0
61943,1,1,0,0,0,0,0,0,0,0,0,0
61944,0,1,0,0,0,0,0,0,0,0,0,0
61944,0,2,0,0,0,0,0,0,0,0,0,0
61944,1,1,0,0,0,0,0,0,0,0,0,0
61944,3,1,0,0,0,0,0,0,9,0,0,0
61945,0,1,16,16,16,16,16,16,16,16,16,16
61945,1,1,0,0,0,0,0,0,0,0,0,0
61946,0,1,34,34,34,34,34,34,34,34,34,34
61946,0,2,39,39,39,39,39,39,39,39,39,39
61946,1,1,0,0,0,0,0,0,0,0,0,0
61947,0,1,0,0,0,0,0,0,0,0,0,0
61947,1,1,0,0,0,0,15,0,0,0,0,0
61947,2,1,0,0,0,0,0,0,0,0,0,0
61948,0,1,2,2,2,2,2,2,2,2,2,2
61948,1,1,0,0,0,0,0,0,0,0,0,0
61949,1,1,0,0,0,0,0,0,0,0,0,0
61950,0,1,0,0,0,0,0,0,0,0,0,0
61950,1,1,0,0,18,0,16,11,0,0,2,0
61951,0,1,0,0,0,0,0,0,0,0,0,0
61951,1,1,0,0,0,6,0,0,0,0,0,0
61953,0,1,0,0,0,0,0,0,0,0,0,0
61953,1,1,0,0,0,0,0,0,0,0,0,0
61954,0,1,32,32,32,32,32,32,32,32,32,32
61954,1,1,6,6,6,6,6,6,6,6,6,6
61955,0,1,11,11,11,11,11,11,11,11,11,11
61955,1,1,0,0,0,0,0,0,0,0,0,0