ST_CASE,VEH_NO,PER_NO,P1,P2,P3,P4,P5,P6,P7,P8,P9,P10
61956,0,1,0,0,0,0,0,0,0,0,0,0
61956,1,1,15,0,0,0,0,0,0,0,0,0
61957,0,1,0,0,0,0,0,0,0,0,0,0
61957,1,1,0,0,0,0,0,0,0,0,0,0
61958,0,1,0,0,0,0,0,0,0,0,0,0
61958,1,1,0,0,0,0,10,0,0,0,0,0
61959,1,1,0,0,0,0,0,0,0,0,0,0
61959,2,1,0,20,0,0,0,0,0,0,0,0
61959,3,1,0,0,0,0,0,0,0,0,0,0
61960,0,1,0,0,0,0,27,0,0,0,0,0
61960,1,1,0,0,0,0,0,7,0,0,0,0
61961,0,1,0,0,0,0,0,0,0,0,0,0
61961,1,1,0,0,0,0,0,0,0,0,0,0
61962,0,1,0,0,0,0,0,0,0,0,0,0
61962,0,2,17,0,0,0,0,0,0,0,0,0
61962,1,1,0,0,0,0,0,0,0,0,0,0
61962,3,1,0,0,0,0,0,0,0,12,0,0
61963,0,1,0,0,0,0,0,0,0,0,0,0
61963,1,1,7,0,0,20,16,0,0,16,0,0
61964,0,1,0,0,0,0,0,0,0,0,0,0
61964,1,1,0,0,0,10,13,17,0,20,0,0
61965,0,1,0,0,0,0,0,0,0,0,0,0
61965,1,1,0,0,0,0,0,0,0,0,0,0
61966,0,1,0,0,0,0,0,0,0,0,0,0
61966,1,1,0,0,0,0,0,0,0,0,0,0
61967,0,1,0,0,0,0,0,0,0,0,0,0
61967,0,2,0,0,0,0,0,0,0,0,0,0
61967,1,1,0,0,0,0,0,0,0,0,0,0
61968,0,1,0,0,0,0,0,0,0,0,0,0
61968,2,1,0,0,0,0,0,0,0,0,0,0
61968,3,1,0,0,0,0,0,0,0,0,0,0
61969,0,1,0,0,0,0,0,0,0,0,0,0
61969,1,1,0,0,0,0,0,0,0,0,0,0
61970,0,1,0,0,0,0,0,0,0,0,0,0
61970,0,2,0,0,0,0,0,0,0,0,0,0
61970,1,1,0,0,0,0,0,0,0,0,0,0
61971,0,1,25,25,25,25,25,25,25,25,25,25
61971,1,1,0,0,0,0,0,0,0,0,0,0
61972,0,1,20,20,20,20,20,20,20,20,20,20
61972,1,1,17,17,17,17,17,17,17,17,17,17
61973,0,1,0,0,0,0,0,0,0,0,0,0
61973,1,1,25,0,0,17,0,7,0,0,0,0
61974,0,1,39,39,39,39,39,39,39,39,39,39
61974,1,1,0,0,0,0,0,0,0,0,0,0
61975,0,1,23,16,18,0,15,0,18,5,7,0
61975,1,1,0,0,0,0,0,0,0,0,0,0
61975,2,1,0,0,0,0,0,0,0,0,0,0
61976,0,1,21,18,24,28,30,11,17,21,26,23
61976,1,1,0,0,0,11,0,2,0,14,0,0
61977,0,1,0,0,0,0,0,0,0,0,0,0
61977,1,1,1,1,1,1,1,1,1,1,1,1
61977,2,1,0,0,0,0,0,0,0,0,0,13
61978,1,1,25,25,25,25,25,25,25,25,25,25
61979,0,1,0,0,0,0,0,0,0,0,0,0
61979,1,1,0,0,0,0,0,0,0,0,0,0
61980,0,1,0,0,0,0,0,0,0,0,0,0
61980,1,1,18,18,18,18,18,18,18,18,18,18
61981,0,1,0,0,0,0,0,0,0,0,0,0
61981,1,1,0,0,0,0,0,0,0,0,0,0
61982,1,1,17,17,17,17,17,17,17,17,17,17
61982,2,1,0,0,0,0,0,16,0,9,0,6
61983,0,1,0,0,0,0,0,0,0,0,0,0
61983,1,1,0,0,0,0,0,0,0,0,0,0
61983,2,1,0,0,0,0,0,0,0,0,0,0
61983,3,1,0,0,0,0,0,0,0,0,0,0
61984,0,1,2,2,2,2,2,2,2,2,2,2
61984,1,1,0,0,0,0,8,0,6,26,0,0
61985,0,1,3,3,3,3,3,3,3,3,3,3
61985,1,1,9,0,0,0,21,0,0,14,0,0
61986,0,1,0,0,0,0,0,0,0,0,0,0
61986,1,1,0,0,0,0,0,0,0,0,0,0
61987,0,1,20,20,20,20,20,20,20,20,20,20
61987,1,1,0,0,0,0,0,0,0,0,0,0
61988,0,1,0,0,0,0,0,0,0,0,0,0
61988,1,1,0,0,0,0,0,0,0,0,0,0
61989,0,1,0,0,0,0,0,0,0,0,12,0
61989,1,1,0,0,0,8,0,0,0,11,0,0
61990,0,1,0,0,0,0,0,0,0,0,0,0
61990,1,1,0,19,0,0,0,0,0,0,0,0
61991,0,1,0,0,0,0,0,0,0,0,0,0
61991,1,1,0,0,0,0,0,0,0,13,0,0
61992,1,1,0,0,0,0,0,0,0,0,0,0
61992,2,1,0,0,0,0,0,0,0,0,0,0
61993,0,1,0,0,0,0,0,0,0,0,0,0
61993,1,1,0,0,0,0,0,0,0,0,0,0
61994,0,1,0,0,0,0,0,0,0,0,0,0
61994,1,1,0,0,0,0,0,0,0,0,0,0
61995,0,1,0,0,0,0,0,0,0,0,0,0
61995,1,1,0,0,0,0,0,0,0,0,0,0
61996,0,1,0,0,0,0,0,0,0,0,0,0
61996,1,1,0,0,0,0,0,0,0,0,0,0
61997,0,1,0,0,0,0,0,0,0,0,0,0
61997,1,1,0,0,0,12,7,0,0,5,0,0
61998,0,1,0,7,0,0,0,0,0,14,0,10
61998,1,1,0,0,0,0,0,0,0,0,0,0
61999,0,1,0,0,0,0,0,0,0,0,0,0
61999,1,1,0,0,0,0,0,0,0,0,0,0
62000,0,1,0,0,0,0,0,0,0,0,0,0
62000,1,1,0,0,0,0,0,0,0,0,0,0
62001,0,1,19,19,19,19,19,19,19,19,19,19
62001,1,1,0,0,18,0,0,0,0,0,0,0
62002,0,1,0,0,0,0,0,0,0,0,0,0
62002,1,1,0,0,0,0,0,0,0,0,0,0
62003,0,1,0,0,0,0,0,0,0,0,0,0
62003,1,1,0,20,0,0,0,0,0,0,0,0
62004,0,1,0,0,0,0,0,0,0,0,0,0
62004,1,1,0,0,0,0,0,0,0,0,0,0
62005,0,1,14,14,14,14,14,14,14,14,14,14
62005,1,1,11,0,0,0,0,0,0,0,0,0
62005,2,1,0,0,0,0,0,0,0,0,16,0
62006,1,1,0,0,0,0,0,0,0,0,0,0
62006,2,1,0,0,0,0,0,0,0,0,0,0
62007,1,1,0,0,0,0,0,0,0,0,0,0
62008,1,1,0,0,0,0,0,0,0,0,0,0
62009,1,1,0,0,0,0,0,0,0,0,0,0
62009,2,1,0,0,0,0,0,0,0,0,0,0
62010,1,1,0,0,0,0,0,0,0,0,0,0
62011,1,1,10,10,10,10,10,10,10,10,10,10
62012,1,1,0,0,0,0,0,0,0,0,0,0
62013,1,1,0,14,32,0,0,0,27,6,0,0
62014,1,1,0,0,0,0,0,0,0,0,0,0
62014,2,1,0,0,0,0,0,0,0,0,0,0
62015,1,1,23,23,23,23,23,23,23,23,23,23
62016,1,1,9,9,9,9,9,9,9,9,9,9
62016,2,1,0,0,0,0,0,0,0,0,0,0
62017,1,1,32,32,32,32,32,32,32,32,32,32
62018,1,1,0,0,0,0,0,0,0,0,0,0
62018,2,1,0,0,0,0,0,0,0,0,0,0
62019,1,1,0,0,0,0,0,0,0,0,0,0
62020,1,1,0,0,0,0,0,0,0,0,0,0
62020,2,1,0,0,0,0,14,0,0,0,0,0
62020,3,1,0,0,0,0,0,0,10,0,0,0
62021,1,1,30,30,30,30,30,30,30,30,30,30
62022,1,1,18,18,18,18,18,18,18,18,18,18
62023,1,1,0,0,0,0,0,0,0,0,0,0
62023,2,1,0,0,0,0,0,0,0,0,0,0
62023,3,1,0,0,0,0,0,0,0,0,0,0
62023,4,1,0,0,0,0,0,0,0,0,0,0
62023,5,1,0,0,0,0,0,0,0,0,0,0
62023,6,1,0,0,0,0,0,0,0,0,0,0
62024,1,1,0,0,0,0,0,0,0,0,0,0
62025,1,1,0,0,0,0,0,0,0,0,0,0
62026,1,1,0,0,0,0,0,0,0,0,0,0
62026,2,1,0,0,0,0,0,0,0,0,0,0
62027,1,1,18,18,18,18,18,18,18,18,18,18
62028,1,1,0,0,0,0,0,0,0,0,0,0
62029,1,1,18,18,18,18,18,18,18,18,18,18
62030,1,1,4,4,4,4,4,4,4,4,4,4
62030,2,1,0,0,0,0,0,0,0,0,0,0
62031,1,1,0,0,0,0,0,0,0,0,0,0
62032,1,1,23,23,23,23,23,23,23,23,23,23
62033,1,1,26,26,26,26,26,26,26,26,26,26
62034,1,1,4,0,0,0,0,0,0,0,0,0
62035,1,1,0,0,0,0,0,0,0,0,0,0
62036,1,1,0,0,0,0,0,0,0,0,0,0
62036,2,1,0,0,0,0,0,0,0,0,0,0
62037,1,1,0,0,0,0,0,0,0,0,0,0
62037,2,1,0,0,0,0,0,0,0,0,0,0
62038,1,1,0,0,0,0,0,0,0,0,0,0
62038,2,1,0,0,0,0,0,0,0,0,0,0
62038,3,1,0,0,0,0,0,0,0,0,0,0
62038,4,1,0,0,0,0,0,0,0,0,0,0
62039,1,1,0,0,0,0,0,0,0,0,0,0
62040,1,1,0,0,0,0,0,0,0,0,0,0
62041,1,1,0,0,0,0,0,0,0,0,0,0
62041,2,1,0,0,0,0,0,0,0,0,0,0
62041,3,1,0,0,0,0,0,0,0,0,0,0
62042,1,1,0,0,0,0,0,0,0,0,0,0
62042,2,1,0,0,0,0,0,0,0,0,0,0
62042,3,1,0,0,0,0,0,0,0,0,0,0
62043,1,1,0,0,0,0,0,0,0,0,0,0
62044,1,1,0,0,0,0,0,0,0,0,0,0
62044,2,1,0,0,0,4,0,0,0,0,0,0
62045,1,1,15,15,15,15,15,15,15,15,15,15
62045,2,1,0,0,0,0,0,0,0,0,0,0
62046,1,1,40,40,40,40,40,40,40,40,40,40
62047,1,1,14,14,14,14,14,14,14,14,14,14
62048,1,1,20,20,20,20,20,20,20,20,20,20
62049,1,1,0,0,0,0,0,0,0,0,0,0
62049,2,1,0,0,0,0,0,0,0,0,0,0
62050,1,1,0,0,0,0,0,0,0,0,0,0
62050,2,1,0,0,0,38,0,0,0,0,0,0
62051,1,1,15,15,15,15,15,15,15,15,15,15
62052,1,1,0,0,0,0,0,0,0,0,0,0
62053,1,1,0,0,0,0,0,0,0,0,0,0
62053,2,1,0,0,0,0,0,0,0,0,0,7
62054,1,1,14,14,14,14,14,14,14,14,14,14
62055,1,1,19,19,19,19,19,19,19,19,19,19
62056,0,1,0,0,0,0,0,0,0,0,0,0
62056,2,1,0,0,0,0,0,0,0,0,0,0
62057,1,1,0,0,0,0,0,0,0,0,0,0
62057,2,1,0,0,0,0,0,0,0,0,0,0
62057,3,1,0,0,0,0,0,0,0,0,0,0
62057,4,1,0,0,0,0,0,0,0,0,0,0
62058,1,1,27,27,27,27,27,27,27,27,27,27
62058,2,1,0,0,0,0,0,0,0,0,0,0
62058,3,1,0,0,0,0,0,0,0,0,0,0
62059,0,1,21,21,21,21,21,21,21,21,21,21
62059,1,1,0,0,0,0,0,0,0,0,0,0
62060,0,1,0,0,0,0,0,0,0,0,0,0
62060,1,1,0,0,0,0,0,0,0,0,0,0
62061,0,1,25,25,25,25,25,25,25,25,25,25
62061,1,1,0,0,0,0,0,0,0,0,0,0
62062,0,1,0,0,0,0,0,0,0,0,0,0
62062,1,1,0,0,0,5,0,8,0,0,0,0
62063,0,1,0,0,0,0,0,0,0,0,0,0
62063,1,1,0,0,0,0,0,0,0,0,0,0
62064,0,1,0,0,0,0,0,0,0,0,0,0
62064,1,1,0,0,0,0,0,0,0,0,0,0
62065,0,1,14,14,14,14,14,14,14,14,14,14
62065,1,1,0,0,0,0,0,2,0,0,20,0
62066,0,1,27,27,27,27,27,27,27,27,27,27
62066,1,1,0,0,0,0,0,0,0,0,0,0
62067,0,1,23,23,23,23,23,23,23,23,23,23
62067,1,1,0,0,0,0,0,0,0,0,0,0
62068,0,1,0,0,0,0,0,0,0,0,0,0
62068,1,1,6,0,0,0,0,11,0,0,0,0
62069,0,1,29,29,29,29,29,29,29,29,29,29
62069,1,1,0,0,0,0,0,0,0,0,0,0
62070,0,1,0,0,0,0,0,0,0,0,0,0
62070,1,1,0,0,0,0,0,0,0,0,0,0
62071,0,1,0,0,0,0,0,0,0,0,0,0
62071,1,1,0,0,0,0,0,0,0,0,0,0
62072,1,1,30,30,30,30,30,30,30,30,30,30
62072,2,1,0,0,0,0,0,0,0,0,0,0
62073,0,1,24,24,24,24,24,24,24,24,24,24
62073,1,1,0,0,7,0,0,0,0,0,0,0
62074,0,1,0,0,0,0,0,0,0,0,0,0
62074,1,1,0,0,0,0,0,0,0,0,0,0
62075,0,1,0,0,0,0,0,0,0,0,12,0
62075,1,1,0,0,0,0,0,0,0,0,0,0
62076,1,1,19,19,19,19,19,19,19,19,19,19
62077,1,1,7,7,7,7,7,7,7,7,7,7
62078,1,1,0,0,0,0,0,0,0,0,0,0
62078,2,1,0,0,0,0,0,0,0,0,0,0
62079,1,1,0,0,0,0,0,0,0,0,0,0
62079,2,1,0,0,0,0,0,0,0,0,0,0
62079,3,1,0,0,0,0,0,0,0,0,0,0
62080,1,1,17,17,17,17,17,17,17,17,17,17
62080,2,1,0,0,0,0,0,0,0,0,0,0
62081,1,1,0,0,0,0,0,0,0,0,0,0
62081,2,1,0,0,0,0,0,0,0,0,0,0
62082,1,1,0,0,0,0,0,0,0,0,0,0
62083,1,1,15,15,15,15,15,15,15,15,15,15
62084,1,1,19,19,19,19,19,19,19,19,19,19
62084,2,1,3,3,3,3,3,3,3,3,3,3
62085,1,1,0,0,0,0,0,0,0,0,0,0
62086,1,1,25,25,25,25,25,25,25,25,25,25
62087,1,1,0,0,0,0,0,0,0,0,0,0
62087,2,1,0,0,0,0,0,0,0,0,0,0
62088,1,1,0,0,0,0,0,0,0,0,0,0
62088,2,1,0,0,0,0,0,0,0,0,0,0
62089,1,1,22,22,22,22,22,22,22,22,22,22
62089,2,1,0,0,43,0,0,0,0,0,0,0
62090,1,1,0,0,0,0,0,0,0,0,0,0
62090,2,1,12,19,18,7,0,18,14,6,11,0
62091,1,1,11,11,11,11,11,11,11,11,11,11
62092,1,1,22,22,22,22,22,22,22,22,22,22
62092,2,1,0,0,0,0,0,0,0,0,0,0
62093,1,1,0,0,0,0,0,0,0,0,0,0
62094,1,1,0,0,0,0,0,0,0,0,0,0
62095,1,1,0,0,0,0,0,0,0,0,0,0
62096,1,1,0,0,0,0,0,0,0,0,0,0
62097,1,1,0,0,0,0,0,0,0,0,0,0
62098,1,1,0,0,0,0,0,0,0,0,0,0
62098,2,1,0,0,0,0,0,0,0,0,0,0
62098,3,1,0,0,0,0,0,0,0,0,0,0
62099,1,1,11,0,0,0,0,0,5,0,13,0
62100,1,1,17,17,17,17,17,17,17,17,17,17
62101,1,1,0,0,0,0,0,0,0,0,0,0
62102,1,1,0,0,0,0,0,0,0,0,0,0
62102,2,1,10,16,0,5,8,17,2,6,0,13
62103,1,1,24,24,24,24,24,24,24,24,24,24
62103,2,1,0,0,0,0,0,0,0,0,0,18
62104,1,1,21,21,21,21,21,21,21,21,21,21
62105,1,1,17,17,17,17,17,17,17,17,17,17
62106,1,1,3,3,3,3,3,3,3,3,3,3
62107,1,1,0,0,0,0,0,0,0,0,0,0
62107,2,1,0,0,0,0,0,0,0,0,0,0
62108,1,1,0,0,0,0,0,0,0,0,0,0
62109,1,1,0,0,0,0,0,0,0,0,0,0
62109,2,1,0,0,0,0,0,0,0,0,0,0
62109,3,1,0,0,0,0,0,0,0,0,0,0
62109,4,1,0,0,0,0,0,0,0,0,0,0
62110,1,1,0,0,0,0,0,0,0,0,0,0
62110,2,1,0,0,0,0,0,0,0,0,0,0
62111,1,1,0,0,0,0,0,0,0,0,0,0
62112,1,1,0,0,0,0,0,0,0,0,0,0
62112,2,1,0,0,0,0,0,0,0,0,0,0
62113,1,1,0,0,0,0,0,0,0,0,0,0
62113,2,1,0,0,0,0,0,0,0,0,0,0
62114,1,1,12,12,12,12,12,12,12,12,12,12
62115,1,1,12,12,12,12,12,12,12,12,12,12
62116,1,1,0,0,0,0,0,0,0,0,0,0
62116,2,1,0,0,0,0,0,0,0,0,0,0
62117,1,1,0,0,0,0,0,0,0,0,0,0
62117,2,1,0,0,0,0,0,0,0,0,0,0
62118,1,1,0,0,0,0,0,0,0,0,0,0
62118,2,1,0,0,0,0,0,0,0,0,0,0
62119,1,1,0,0,0,0,0,0,0,0,0,0
62120,1,1,30,0,0,0,16,17,35,32,9,7
62120,2,1,0,0,0,0,0,0,0,0,0,0
62120,3,1,0,0,0,0,0,0,0,0,0,0
62121,1,1,0,0,0,0,0,0,12,0,0,0
62121,2,1,0,0,0,0,0,9,0,0,0,0
62121,3,1,0,0,0,0,0,0,0,0,0,0
62122,1,1,0,0,0,0,0,0,0,0,0,0
62122,2,1,0,0,0,0,0,0,0,0,0,0
62123,1,1,0,0,0,0,0,0,0,0,0,0
62124,1,1,23,23,23,23,23,23,23,23,23,23
62125,1,1,0,0,0,0,0,0,0,0,0,0
62125,2,1,0,0,0,0,0,0,0,0,0,0
62126,1,1,17,17,17,17,17,17,17,17,17,17
62127,1,1,0,0,0,0,0,0,0,0,0,0
62127,2,1,0,0,0,0,0,0,0,0,0,0
62128,1,1,5,5,5,5,5,5,5,5,5,5
62129,1,1,0,0,0,0,0,0,0,0,0,0
62129,2,1,0,0,0,0,0,0,0,0,0,0
62130,1,1,0,0,0,0,0,0,0,0,0,0
62131,1,1,0,0,0,0,0,0,0,0,0,0
62132,1,1,27,27,27,27,27,27,27,27,27,27
62133,1,1,0,0,0,0,0,5,0,0,0,0
62134,1,1,27,27,27,27,27,27,27,27,27,27
62135,1,1,0,0,0,0,0,0,0,0,0,0
62135,2,1,0,6,0,0,0,0,0,0,10,0
62136,1,1,0,0,0,0,0,0,0,0,0,0
62136,2,1,0,0,0,0,0,0,0,0,0,0
62137,1,1,23,23,23,23,23,23,23,23,23,23
62138,1,1,0,0,0,0,0,0,0,0,0,0
62138,2,1,0,0,0,0,0,0,0,0,0,0
62139,1,1,13,13,13,13,13,13,13,13,13,13
62140,1,1,15,15,15,15,15,15,15,15,15,15
62141,1,1,17,17,17,17,17,17,17,17,17,17
62142,1,1,21,21,21,21,21,21,21,21,21,21
62143,1,1,24,24,24,24,24,24,24,24,24,24
62144,1,1,17,17,17,17,17,17,17,17,17,17
62144,2,1,0,0,0,0,0,10,0,0,6,0
62144,3,1,16,0,0,0,0,36,0,0,0,0
62144,4,1,0,0,0,0,0,0,0,0,14,0
62145,1,1,13,13,13,13,13,13,13,13,13,13
62145,2,1,0,0,0,0,0,0,0,0,0,0
62146,1,1,0,0,0,0,0,0,0,0,0,0
62147,1,1,0,0,0,0,0,0,0,0,0,0
62148,1,1,0,0,0,0,0,0,0,0,0,0
62148,2,1,0,0,0,6,0,0,0,0,0,0
62149,1,1,0,0,0,0,0,0,0,0,0,0
62150,1,1,15,15,15,15,15,15,15,15,15,15
62150,2,1,0,0,0,0,0,0,0,0,0,0
62151,1,1,22,22,22,22,22,22,22,22,22,22
62152,1,1,0,0,0,0,0,0,0,0,0,0
62153,1,1,23,23,23,23,23,23,23,23,23,23
62154,1,1,0,0,0,0,0,0,0,0,0,0
62155,1,1,0,0,0,0,0,0,0,0,0,0
62155,2,1,0,0,0,0,0,0,0,0,0,0
62156,1,1,0,0,0,0,0,0,0,0,0,0
62157,1,1,0,0,0,0,0,0,0,0,0,0
62157,2,1,0,0,0,0,0,0,0,0,0,0
62158,1,1,15,15,15,15,15,15,15,15,15,15
62159,1,1,0,0,0,0,0,0,0,0,0,0
62160,1,1,0,0,0,0,12,0,0,0,0,0
62161,1,1,0,0,0,0,0,0,0,0,0,3
62162,1,1,12,12,12,12,12,12,12,12,12,12
62162,2,1,0,0,0,0,0,0,0,0,0,0
62163,1,1,0,0,0,0,0,0,0,0,0,0
62164,1,1,0,0,0,0,0,0,0,0,0,0
62164,2,1,1,1,1,1,1,1,1,1,1,1
62165,1,1,0,0,0,0,0,0,0,0,0,0
62165,2,1,15,15,15,15,15,15,15,15,15,15
62166,1,1,0,0,0,0,0,0,0,0,0,0
62166,2,1,0,0,0,0,0,0,0,0,0,0
62167,1,1,0,0,0,37,6,16,0,7,0,0
62167,2,1,27,27,27,27,27,27,27,27,27,27
62168,1,1,0,0,0,0,0,0,0,0,0,0
62168,2,1,0,0,0,0,0,0,0,0,0,0
62169,1,1,0,0,0,0,0,0,0,0,0,0
62169,2,1,0,0,0,0,0,0,0,0,0,0
62170,1,1,18,18,18,18,18,18,18,18,18,18
62170,2,1,0,0,0,0,0,0,0,0,0,0
62171,1,1,0,0,0,0,0,0,0,0,0,0
62172,1,1,0,0,0,0,0,0,0,0,0,0
62173,1,1,0,0,32,0,0,23,0,0,0,10
62174,1,1,5,5,5,5,5,5,5,5,5,5
62175,1,1,0,0,0,0,0,0,0,0,0,0
62175,2,1,0,0,0,0,0,0,0,0,0,0
62176,1,1,0,0,0,11,0,0,0,17,0,0
62177,1,1,0,0,0,0,0,0,0,0,0,0
62177,2,1,0,0,0,0,0,0,0,0,0,0
62177,3,1,0,0,0,0,0,0,0,0,0,0
62178,1,1,14,14,14,14,14,14,14,14,14,14
62178,2,1,21,21,21,21,21,21,21,21,21,21
62179,1,1,0,0,0,0,0,0,0,0,0,0
62179,2,1,0,0,0,0,8,26,0,26,0,0
62180,1,1,7,7,7,7,7,7,7,7,7,7
62181,1,1,0,23,0,0,0,0,0,0,15,0
62181,2,1,0,0,0,0,0,0,0,0,0,0
62182,1,1,0,0,0,0,0,0,0,0,0,0
62183,1,1,15,15,15,15,15,15,15,15,15,15
62184,1,1,0,0,0,0,0,0,0,0,0,0
62184,2,1,0,0,0,0,0,0,0,0,0,0
62185,1,1,31,31,31,31,31,31,31,31,31,31
62186,1,1,0,0,0,0,0,0,0,0,0,0
62187,1,1,0,0,0,0,0,0,0,0,9,0
62187,2,1,0,0,0,0,0,0,0,0,0,0
62188,1,1,0,0,0,0,0,0,0,0,0,0
62189,1,1,25,25,25,25,25,25,25,25,25,25
62190,0,1,0,0,0,0,0,0,0,0,0,0
62190,1,1,0,0,0,0,11,0,0,0,0,0
62191,0,1,20,20,20,20,20,20,20,20,20,20
62191,1,1,0,0,0,0,0,15,0,0,0,0
62192,0,1,0,0,0,0,0,0,0,0,0,0
62192,1,1,0,0,0,0,0,0,0,0,0,0
62193,0,1,0,0,0,0,0,0,0,0,0,0
62193,1,1,0,0,0,0,0,0,0,0,0,0
62194,0,1,0,0,0,0,0,0,0,0,0,0
62194,1,1,0,2,0,0,0,0,0,0,0,0
62195,0,1,26,26,26,26,26,26,26,26,26,26
62195,1,1,0,0,9,0,17,0,0,0,0,0
62196,0,1,19,19,19,19,19,19,19,19,19,19
62196,1,1,0,0,0,0,0,0,0,0,0,0
62197,1,1,0,0,0,0,0,0,0,0,0,0
62198,1,1,3,0,0,11,7,16,7,0,0,0
62199,0,1,0,0,0,24,0,0,0,0,0,13
62199,1,1,6,0,0,0,7,7,0,0,0,0
62200,0,1,32,32,32,32,32,32,32,32,32,32
62200,1,1,33,33,33,33,33,33,33,33,33,33
62201,0,1,0,0,0,0,0,0,0,0,0,0
62201,1,1,0,0,0,0,0,0,0,0,0,0
62202,1,1,0,0,0,0,0,0,0,0,0,0
62202,2,1,0,0,0,0,0,0,0,0,0,0
62203,1,1,5,5,5,5,5,5,5,5,5,5
62204,0,1,19,0,18,0,0,0,0,0,23,0
62204,1,1,0,0,0,11,0,0,0,0,0,0
62205,1,1,0,0,0,0,0,0,0,0,0,0
62206,1,1,25,25,25,25,25,25,25,25,25,25
62207,0,1,0,0,0,0,0,0,0,0,0,0
62207,1,1,20,20,20,20,20,20,20,20,20,20
62208,0,1,0,0,0,0,0,0,0,0,0,0
62208,1,1,0,0,0,0,0,0,0,0,0,0
62209,0,1,0,0,0,0,0,0,0,0,0,0
62209,1,1,12,12,12,12,12,12,12,12,12,12
62210,0,1,23,23,23,23,23,23,23,23,23,23
62210,1,1,13,0,0,27,27,15,0,14,11,0
62211,1,1,20,20,20,20,20,20,20,20,20,20
62211,2,1,0,0,0,0,0,0,0,0,0,0
62212,0,1,26,26,26,26,26,26,26,26,26,26
62212,1,1,0,0,0,0,0,0,0,0,0,0
62213,1,1,16,16,16,16,16,16,16,16,16,16
62214,1,1,20,20,20,20,20,20,20,20,20,20
62214,2,1,0,0,0,0,0,0,0,0,0,0
62215,0,1,0,0,0,0,0,0,0,0,0,0
62215,1,1,0,0,0,0,0,0,0,0,0,0
62216,0,1,0,0,0,0,0,0,0,9,0,16
62216,1,1,19,19,19,19,19,19,19,19,19,19
62217,0,1,0,0,0,0,0,0,0,0,0,0
62217,1,1,0,0,0,0,0,0,0,0,0,0
62218,0,1,0,0,0,0,0,0,0,0,0,0
62218,1,1,0,0,0,0,0,0,0,0,0,0
62219,1,1,13,13,13,13,13,13,13,13,13,13
62219,2,1,0,0,0,0,0,0,0,0,0,0
62220,1,1,0,0,0,0,0,0,0,0,0,0
62220,2,1,0,0,0,0,0,0,0,0,0,0
62221,0,1,0,0,0,0,0,0,0,0,0,0
62221,1,1,0,0,0,3,0,0,0,0,0,0
62222,0,1,24,24,24,24,24,24,24,24,24,24
62222,1,1,0,0,0,0,0,0,0,0,0,0
62223,0,1,20,20,20,20,20,20,20,20,20,20
62223,1,1,19,0,20,0,0,0,0,0,0,0
62224,0,1,12,12,12,12,12,12,12,12,12,12
62224,1,1,29,29,29,29,29,29,29,29,29,29
62225,1,1,0,0,0,0,0,0,0,0,0,0
62226,1,1,0,0,0,0,0,0,0,0,0,0
62227,0,1,0,0,0,0,0,0,0,0,0,0
62227,1,1,0,0,0,0,0,0,0,0,0,0
62228,0,1,15,0,22,0,25,0,0,6,0,0
62228,1,1,0,0,0,0,0,0,0,0,0,0
62229,0,1,2,2,2,2,2,2,2,2,2,2
62229,1,1,0,0,0,0,0,0,0,0,0,0
62230,0,1,0,0,0,0,0,0,0,0,0,0
62230,1,1,0,0,0,0,0,0,0,0,0,0
62231,0,1,0,16,0,0,0,32,14,0,0,22
62231,1,1,0,0,5,0,0,0,10,0,0,0
62232,0,1,14,14,14,14,14,14,14,14,14,14
62232,1,1,21,0,0,14,6,18,9,0,19,0
62233,0,1,0,0,0,0,0,0,0,0,0,0
62233,1,1,0,0,0,0,0,0,0,0,0,0
62234,0,1,2,2,2,2,2,2,2,2,2,2
62234,1,1,0,0,0,0,0,0,0,0,0,0
62235,1,1,17,17,17,17,17,17,17,17,17,17
62236,1,1,0,0,0,0,0,0,0,0,0,0
62236,2,1,0,0,0,0,0,0,0,0,0,0