ST_CASE,VEH_NO,PER_NO,P1,P2,P3,P4,P5,P6,P7,P8,P9,P10
62237,0,1,0,0,0,0,0,0,7,0,0,0
62237,1,1,0,0,0,0,0,0,0,0,0,0
62238,0,1,0,0,0,0,0,0,0,0,0,0
62238,1,1,0,0,0,0,0,0,0,0,0,0
62239,0,1,0,0,0,0,0,0,0,0,0,0
62239,1,1,0,0,0,13,14,0,0,21,0,0
62240,0,1,0,0,0,0,0,0,0,0,0,0
62240,0,2,0,0,0,0,0,0,0,0,0,0
62240,1,1,0,0,0,0,0,0,0,0,0,0
62241,1,1,0,0,0,0,0,0,0,0,0,0
62242,0,1,0,0,0,0,0,0,29,0,0,0
62242,1,1,0,0,0,0,0,0,23,0,0,0
62243,1,1,20,20,20,20,20,20,20,20,20,20
62244,1,1,0,0,0,0,0,0,0,0,0,0
62245,1,1,0,0,0,0,0,0,0,0,0,0
62245,2,1,0,0,0,0,0,0,0,0,0,0
62246,1,1,0,0,0,0,0,0,0,0,0,0
62246,2,1,0,0,0,0,0,0,0,0,18,0
62247,1,1,9,9,9,9,9,9,9,9,9,9
62248,1,1,0,0,0,0,0,0,0,0,0,0
62249,1,1,0,0,0,14,0,0,0,23,0,0
62249,2,1,0,0,0,0,0,0,0,0,0,0
62250,1,1,0,0,0,0,0,0,0,0,0,0
62250,2,1,0,0,0,0,0,0,0,0,0,0
62250,3,1,0,0,0,0,0,0,0,0,0,0
62251,1,1,12,12,12,12,12,12,12,12,12,12
62251,2,1,0,0,0,0,0,0,0,0,0,11
62251,3,1,0,0,0,0,0,0,0,0,0,0
62252,1,1,0,0,0,0,0,0,0,0,0,0
62253,1,1,7,7,7,7,7,7,7,7,7,7
62254,1,1,9,9,9,9,9,9,9,9,9,9
62255,1,1,0,0,0,0,0,0,0,0,0,0
62256,1,1,0,0,0,0,0,0,0,0,0,0
62256,2,1,0,0,0,0,0,0,0,0,0,0
62257,1,1,0,0,0,0,0,0,0,0,0,0
62258,1,1,0,0,0,0,0,0,0,0,0,0
62259,1,1,0,23,22,0,0,0,18,17,0,15
62260,1,1,23,23,23,23,23,23,23,23,23,23
62261,1,1,14,14,14,14,14,14,14,14,14,14
62261,2,1,0,0,0,0,0,0,0,0,0,5
62262,1,1,0,0,0,0,0,0,0,0,0,0
62263,1,1,34,34,34,34,34,34,34,34,34,34
62263,2,1,0,0,0,0,0,0,0,0,0,0
62263,3,1,0,0,0,0,0,0,0,0,0,0
62263,4,1,0,0,0,0,0,0,0,0,0,0
62263,5,1,0,0,0,0,0,0,0,0,14,0
62264,1,1,0,0,0,0,0,0,8,0,0,0
62265,1,1,0,0,0,0,0,0,0,0,0,0
62266,1,1,24,24,24,24,24,24,24,24,24,24
62267,1,1,0,0,0,0,0,0,0,0,0,0
62268,1,1,0,0,0,0,0,0,0,0,0,0
62268,2,1,0,0,0,0,0,0,0,0,0,0
62269,1,1,0,0,0,0,0,0,0,0,0,0
62269,2,1,0,0,0,0,0,0,0,0,0,0
62270,1,1,0,0,0,0,0,0,0,0,0,0
62270,2,1,0,0,0,0,0,0,0,0,0,0
62271,1,1,17,17,17,17,17,17,17,17,17,17
62272,1,1,30,30,30,30,30,30,30,30,30,30
62272,2,1,0,0,0,0,0,0,0,0,0,0
62273,1,1,13,13,13,13,13,13,13,13,13,13
62274,0,1,0,0,0,0,0,0,0,0,0,0
62274,1,1,0,0,0,0,0,0,0,0,0,0
62275,0,1,0,0,0,0,0,0,0,9,9,0
62275,0,2,0,0,0,0,0,0,0,0,0,0
62275,2,1,0,0,0,0,0,0,0,0,0,0
62276,0,1,7,7,7,7,7,7,7,7,7,7
62276,1,1,0,0,0,0,0,0,0,0,0,0
62277,0,1,19,19,19,19,19,19,19,19,19,19
62277,1,1,0,0,0,0,0,0,0,0,0,0
62278,1,1,0,0,0,0,0,0,0,0,0,0
62278,2,1,0,0,0,0,0,0,0,0,0,0
62279,1,1,14,14,14,14,14,14,14,14,14,14
62280,1,1,0,0,0,0,0,0,0,0,0,0
62280,2,1,0,0,0,0,19,0,0,0,23,0
62281,1,1,0,0,0,0,0,0,0,0,0,0
62281,2,1,0,0,0,0,0,0,0,0,0,0
62282,1,1,0,0,0,0,0,0,0,0,0,0
62282,2,1,0,0,0,0,0,0,0,0,0,0
62283,1,1,13,13,13,13,13,13,13,13,13,13
62284,1,1,0,0,0,0,0,0,0,0,0,0
62285,1,1,0,10,20,0,0,16,0,0,0,4
62286,1,1,22,22,22,22,22,22,22,22,22,22
62287,1,1,0,0,0,0,0,0,0,0,0,0
62288,1,1,0,0,0,0,0,0,0,0,0,0
62288,2,1,0,0,0,0,0,0,0,0,0,0
62289,1,1,0,0,0,0,0,0,0,0,0,0
62289,2,1,0,0,0,0,0,0,0,0,0,0
62289,3,1,0,0,0,0,10,0,0,0,0,0
62289,4,1,9,0,0,9,0,0,0,0,0,0
62289,5,1,0,20,0,0,22,0,0,0,0,0
62290,1,1,0,0,0,0,0,0,0,0,0,0
62291,1,1,0,0,0,0,0,0,0,0,0,0
62291,2,1,0,0,0,0,0,0,0,0,0,0
62292,1,1,0,0,0,0,0,0,0,0,0,0
62292,2,1,0,0,0,0,0,0,0,0,0,0
62293,1,1,21,21,21,21,21,21,21,21,21,21
62293,2,1,0,0,0,0,0,0,0,0,0,0
62294,1,1,0,0,0,0,0,0,0,0,0,0
62294,2,1,0,0,0,0,0,0,0,0,0,0
62294,3,1,0,0,0,0,0,0,0,0,0,0
62295,1,1,18,18,18,18,18,18,18,18,18,18
62296,1,1,0,0,0,0,0,0,0,0,0,0
62296,2,1,0,0,0,0,0,0,0,0,0,0
62297,1,1,0,0,0,0,0,0,0,0,0,0
62297,2,1,0,0,0,0,0,16,0,0,0,0
62298,1,1,0,0,34,0,0,0,0,0,0,0
62298,2,1,0,0,0,0,0,0,0,0,0,0
62298,3,1,0,0,0,0,0,0,0,0,0,0
62299,1,1,0,0,0,0,0,0,0,0,0,0
62300,1,1,0,0,0,0,0,0,0,0,0,0
62300,2,1,0,0,0,0,0,0,0,0,0,0
62300,3,1,0,0,0,0,0,0,0,0,0,0
62301,1,1,14,14,14,14,14,14,14,14,14,14
62302,1,1,0,0,0,0,9,11,0,14,0,0
62302,2,1,0,0,0,0,0,0,0,0,0,0
62302,3,1,0,0,0,0,0,0,0,0,0,0
62303,1,1,0,0,0,0,0,0,0,0,0,0
62303,2,1,0,0,0,0,0,0,0,0,0,0
62304,1,1,0,0,0,0,0,0,0,0,0,0
62304,2,1,5,0,0,0,0,0,0,0,0,0
62305,1,1,0,0,0,0,0,0,0,0,0,0
62305,2,1,0,0,0,0,0,0,0,0,0,0
62306,1,1,0,0,0,0,0,0,0,0,0,0
62306,2,1,0,0,0,0,0,0,0,0,0,0
62307,1,1,0,0,0,0,0,0,0,0,0,0
62308,1,1,0,0,0,0,0,0,0,0,0,0
62309,1,1,0,0,0,0,0,0,0,0,0,0
62309,2,1,0,0,0,0,0,0,0,0,0,0
62309,3,1,0,0,0,0,0,0,0,0,0,0
62309,4,1,0,0,0,0,0,0,0,0,0,0
62309,5,1,0,0,0,0,0,0,0,0,0,0
62310,1,1,0,0,0,0,0,0,0,0,0,0
62311,1,1,21,21,21,21,21,21,21,21,21,21
62312,1,1,0,5,0,0,0,0,0,8,9,0
62313,1,1,0,0,0,0,0,0,0,0,0,0
62313,2,1,0,0,0,0,0,0,0,0,0,0
62314,1,1,0,0,0,0,0,0,0,0,0,0
62314,2,1,0,0,0,0,0,0,0,0,0,0
62314,3,1,0,0,0,0,0,0,0,0,0,0
62315,1,1,0,0,0,13,14,0,0,0,0,0
62315,2,1,0,0,0,0,0,0,0,0,0,0
62316,1,1,15,15,15,15,15,15,15,15,15,15
62316,2,1,0,21,0,0,0,0,0,0,0,0
62317,1,1,0,0,0,0,0,0,0,0,0,0
62317,2,1,0,0,0,0,0,0,0,0,0,0
62317,3,1,0,0,0,0,0,0,0,0,0,0
62317,4,1,0,0,0,0,0,0,0,0,0,0
62317,5,1,0,0,0,0,0,0,0,0,0,0
62317,6,1,0,0,0,0,0,0,0,0,0,0
62317,7,1,0,0,0,0,0,0,0,0,0,0
62317,8,1,0,0,0,0,0,0,0,0,0,0
62317,9,1,0,0,0,34,0,7,0,0,0,0
62317,10,1,0,0,0,0,0,0,0,0,0,0
62317,11,1,0,0,0,0,0,0,0,0,0,0
62317,12,1,0,0,0,0,0,0,0,0,0,0
62317,13,1,0,0,0,0,0,0,0,0,0,0
62317,14,1,10,0,0,0,0,0,0,0,0,0
62318,1,1,2,2,2,2,2,2,2,2,2,2
62318,2,1,0,0,0,0,0,0,0,0,0,0
62319,1,1,0,0,0,0,0,0,0,0,0,0
62320,1,1,4,4,4,4,4,4,4,4,4,4
62320,2,1,0,3,0,34,20,0,0,0,0,0
62321,1,1,0,0,0,0,0,0,0,0,0,0
62322,1,1,0,0,0,0,0,0,0,0,0,0
62322,2,1,0,0,0,0,0,0,0,0,0,0
62323,1,1,0,0,0,0,0,0,0,0,0,0
62323,2,1,0,0,0,0,0,0,0,0,0,0
62324,1,1,0,0,0,0,0,0,0,0,0,0
62324,2,1,0,0,0,0,0,0,0,0,0,2
62325,1,1,0,0,0,0,0,0,0,0,0,0
62325,2,1,0,0,0,0,0,0,0,0,0,25
62325,3,1,0,0,0,0,0,0,0,0,0,0
62326,1,1,0,0,0,0,0,0,0,0,0,0
62326,2,1,0,0,0,0,0,0,0,0,0,0
62327,1,1,0,0,0,0,0,0,0,0,0,0
62328,0,1,24,24,24,24,24,24,24,24,24,24
62328,1,1,0,0,0,0,0,0,0,0,0,0
62329,1,1,0,0,0,0,0,0,0,0,0,0
62330,0,1,0,0,0,0,0,0,0,0,0,0
62330,1,1,0,0,0,21,0,0,0,0,0,0
62331,0,1,0,0,0,0,0,0,0,0,0,0
62331,1,1,0,0,0,13,17,19,2,12,23,0
62332,0,1,31,31,31,31,31,31,31,31,31,31
62332,1,1,0,0,0,0,0,0,0,0,0,0
62332,2,1,0,0,0,0,0,0,0,0,0,0
62333,0,1,30,30,30,30,30,30,30,30,30,30
62333,1,1,0,0,4,0,0,0,0,0,0,0
62334,1,1,20,20,20,20,20,20,20,20,20,20
62335,0,1,27,27,27,27,27,27,27,27,27,27
62335,1,1,0,0,0,0,0,0,0,0,0,0
62336,0,1,8,8,8,8,8,8,8,8,8,8
62336,1,1,0,0,0,0,0,0,0,9,0,0
62337,1,1,0,0,0,0,0,3,0,0,0,0
62338,0,1,13,13,13,13,13,13,13,13,13,13
62338,1,1,0,0,0,0,0,0,0,0,0,0
62339,0,1,6,6,6,6,6,6,6,6,6,6
62339,1,1,0,0,0,0,0,0,0,0,0,0
62340,0,1,0,0,0,0,0,0,0,0,0,0
62340,1,1,0,0,0,0,0,0,0,0,0,0
62341,1,1,2,2,2,2,2,2,2,2,2,2
62342,1,1,0,0,0,0,0,0,0,0,0,0
62342,2,1,0,0,0,0,0,0,0,0,0,0
62343,1,1,0,0,0,0,0,0,0,0,0,0
62344,1,1,0,0,0,0,0,0,0,0,0,0
62344,2,1,0,0,0,0,0,0,0,25,0,0
62345,1,1,17,17,17,17,17,17,17,17,17,17
62346,1,1,24,24,24,24,24,24,24,24,24,24
62347,1,1,0,0,0,0,0,0,0,0,0,0
62348,1,1,0,0,0,0,0,0,0,0,0,0
62349,1,1,0,0,0,0,0,0,0,0,0,0
62350,1,1,22,22,22,22,22,22,22,22,22,22
62350,2,1,0,0,0,0,0,0,0,0,0,0
62351,1,1,0,0,0,0,0,0,0,0,0,0
62351,2,1,0,0,0,0,0,0,0,0,0,0
62351,3,1,0,0,0,0,0,0,0,0,0,0
62351,4,1,8,8,0,0,0,0,0,0,0,0
62351,5,1,0,0,0,0,0,0,0,0,0,0
62351,6,1,0,0,0,0,0,0,0,0,0,0
62351,7,1,0,0,0,0,0,0,0,0,0,0
62352,1,1,0,0,0,0,0,0,0,0,0,0
62353,1,2,0,0,16,18,0,10,13,0,0,0
62354,1,1,2,2,2,2,2,2,2,2,2,2
62354,2,1,0,0,0,0,0,0,0,0,0,0
62355,1,1,0,0,0,0,0,0,0,0,0,0
62355,2,1,18,0,0,23,0,0,0,0,0,0
62355,3,1,0,0,0,0,0,0,0,0,0,0
62356,1,1,2,2,2,2,2,2,2,2,2,2
62357,1,1,0,0,0,0,0,0,0,0,0,0
62357,2,1,0,0,0,0,0,0,0,0,0,0
62358,1,1,0,0,0,11,0,24,0,0,0,0
62358,2,1,0,0,0,0,0,0,0,0,0,0
62359,1,1,0,0,0,0,0,0,0,0,0,0
62360,1,1,0,0,0,0,0,0,0,0,0,0
62360,2,1,0,0,0,0,5,0,0,0,0,0
62361,1,1,0,0,0,17,0,0,0,0,14,0
62361,2,1,0,0,0,0,0,4,0,0,0,0
62361,3,1,0,0,0,0,0,0,0,0,0,0
62362,1,1,0,0,0,0,0,0,0,0,0,0
62362,2,1,0,0,0,0,0,0,0,0,0,0
62362,3,1,0,0,0,0,0,0,0,0,0,0
62362,4,1,0,0,0,0,0,0,0,0,0,0
62363,1,1,0,0,0,0,0,0,0,0,0,0
62364,1,1,0,0,0,0,0,0,0,0,0,0
62364,2,1,0,0,0,0,0,0,0,0,0,0
62365,1,1,0,0,0,0,0,0,0,0,0,0
62366,1,1,19,19,19,19,19,19,19,19,19,19
62366,2,1,0,0,0,0,0,0,0,0,0,0
62367,1,1,0,0,0,0,0,0,0,0,0,0
62367,2,1,0,0,0,0,0,0,0,0,0,0
62368,1,1,0,0,0,0,0,0,0,0,0,0
62368,2,1,0,0,0,0,0,0,0,0,0,0
62369,1,1,17,17,17,17,17,17,17,17,17,17
62370,1,1,0,0,0,0,0,0,0,0,0,0
62370,2,1,0,0,0,0,0,0,0,0,0,0
62371,1,1,0,0,0,0,0,0,0,0,0,0
62371,2,1,0,0,0,0,0,0,0,0,0,0
62371,3,1,0,0,0,0,0,0,0,0,0,0
62372,1,1,0,0,0,0,0,0,0,0,0,0
62372,2,1,0,0,0,0,0,0,0,0,0,0
62373,1,1,0,0,0,0,0,0,0,0,0,0
62373,2,1,0,0,0,0,0,0,0,0,0,0
62374,1,1,0,0,0,0,0,0,0,0,0,0
62374,2,1,0,0,0,0,0,0,0,0,0,0
62375,1,1,0,0,0,0,0,0,0,0,0,0
62376,0,1,0,0,0,0,0,0,0,0,0,0
62376,1,1,0,0,0,0,0,0,0,0,0,0
62377,0,1,25,0,0,0,15,29,29,0,19,0
62377,1,1,0,0,0,0,0,0,0,0,0,0
62378,0,1,0,0,0,0,0,0,0,0,0,0
62378,1,1,0,0,0,0,0,0,0,0,0,0
62379,1,1,0,0,0,0,0,0,0,0,0,0
62379,2,1,0,0,0,0,0,0,0,0,0,0
62380,1,1,24,24,24,24,24,24,24,24,24,24
62380,2,1,0,0,0,0,0,0,0,0,0,0
62381,1,1,0,0,0,0,0,0,0,0,0,0
62382,1,1,12,12,12,12,12,12,12,12,12,12
62383,1,1,9,9,9,9,9,9,9,9,9,9
62384,1,1,3,3,3,3,3,3,3,3,3,3
62385,1,1,0,0,0,0,0,0,0,0,0,0
62385,2,1,0,0,0,0,0,0,0,0,0,0
62386,1,1,0,0,0,0,0,0,0,0,0,0
62387,1,1,10,10,10,10,10,10,10,10,10,10
62388,1,1,0,0,0,0,0,0,0,0,0,0
62388,2,1,17,0,0,0,0,0,0,0,0,0
62388,3,1,0,0,0,0,0,0,0,0,0,0
62389,1,1,0,0,0,0,0,0,0,0,0,0
62390,1,1,0,0,0,0,0,0,0,0,0,0
62391,1,1,0,0,0,0,0,0,0,0,0,0
62391,2,1,0,0,0,0,0,0,0,0,0,0
62391,3,1,0,0,0,0,0,0,0,0,0,0
62392,1,1,0,0,0,0,0,0,0,0,0,0
62392,2,1,0,0,0,0,0,0,0,0,0,0
62392,3,1,0,0,0,0,0,0,0,0,0,0
62393,1,1,0,0,0,0,0,0,0,0,0,0
62393,2,1,0,0,0,0,0,0,0,0,0,0
62394,1,1,0,0,0,0,0,0,0,0,0,0
62394,2,1,0,0,0,0,0,5,0,0,0,0
62395,1,1,32,32,32,32,32,32,32,32,32,32
62396,1,1,0,0,0,0,0,0,0,0,0,0
62396,2,1,0,0,0,0,0,0,0,0,0,0
62397,0,1,0,0,0,0,0,0,0,0,0,0
62397,1,1,0,0,0,0,0,0,0,0,0,0
62398,1,1,15,15,15,15,15,15,15,15,15,15
62399,1,1,0,0,0,0,0,0,0,0,0,0
62399,2,1,0,0,0,0,0,0,0,0,0,0
62400,1,1,0,0,0,0,0,0,0,0,0,0
62400,2,1,0,0,0,0,0,0,0,0,0,0
62401,1,1,16,16,16,16,16,16,16,16,16,16
62402,1,1,8,8,8,8,8,8,8,8,8,8
62403,1,1,0,0,0,0,0,0,0,0,0,0
62403,2,1,0,0,0,0,0,0,0,0,0,0
62403,3,1,0,0,0,0,0,0,0,0,0,0
62404,1,1,12,12,12,12,12,12,12,12,12,12
62405,1,1,24,24,24,24,24,24,24,24,24,24
62406,1,1,0,0,0,0,0,0,0,0,0,0
62407,1,1,0,0,0,0,0,0,0,0,0,0
62407,2,1,0,0,0,0,0,0,0,0,0,0
62408,1,1,0,13,0,0,0,0,14,0,28,16
62409,1,1,0,0,0,0,0,0,0,0,0,0
62409,2,1,7,0,0,0,0,0,0,0,0,0
62410,0,1,0,0,0,0,0,0,0,0,0,0
62410,1,1,0,0,0,0,0,0,0,0,0,0
62411,0,1,0,0,0,0,0,0,0,0,0,0
62411,1,1,0,0,0,0,0,0,0,0,0,0
62412,1,1,31,31,31,31,31,31,31,31,31,31
62413,1,1,0,0,0,0,0,0,0,0,0,0
62413,2,1,0,0,0,0,0,0,0,0,0,0
62414,1,1,0,0,0,0,0,0,0,0,0,0
62415,1,1,0,0,0,0,0,0,9,0,0,0
62415,2,1,0,0,0,0,0,0,0,0,0,0
62415,3,1,0,0,0,0,0,0,0,0,0,0
62416,1,1,0,0,0,0,0,0,0,0,0,0
62416,2,1,10,10,10,10,10,10,10,10,10,10
62417,1,1,0,0,0,0,0,0,0,0,0,0
62417,2,1,0,0,0,0,0,0,0,0,0,0
62418,1,1,26,26,26,26,26,26,26,26,26,26
62419,1,1,0,0,0,0,0,0,0,0,0,0
62419,2,1,0,0,0,0,0,0,0,0,0,0
62420,1,1,0,0,0,0,0,0,0,0,0,0
62421,1,1,20,20,20,20,20,20,20,20,20,20
62421,2,1,0,0,0,0,0,0,0,0,0,0
62421,3,1,0,0,0,0,0,0,0,0,0,0
62422,1,1,0,0,0,0,0,0,0,0,0,0
62422,2,1,0,0,0,0,0,0,0,0,0,0
62422,3,1,0,0,0,0,0,0,0,0,0,0
62423,1,1,0,0,0,0,0,0,0,0,0,0
62424,0,1,0,0,0,0,0,0,0,0,0,0
62424,1,1,16,0,0,0,0,0,0,0,0,0
62424,2,1,0,0,0,0,0,0,0,0,0,0
62425,1,1,26,26,26,26,26,26,26,26,26,26
62425,2,1,0,0,0,0,0,0,0,0,0,0
62426,1,1,0,0,0,0,0,0,0,0,0,0
62426,2,1,0,0,0,0,0,0,0,0,0,0
62427,1,1,13,13,13,13,13,13,13,13,13,13
62428,1,1,0,0,0,0,0,0,0,0,0,0
62429,1,1,18,18,18,18,18,18,18,18,18,18
62430,1,1,0,0,0,0,0,0,0,0,0,0
62430,2,1,0,0,0,0,0,0,0,0,0,0
62431,1,1,0,0,0,0,0,0,0,0,0,0
62432,1,1,0,0,0,0,0,0,0,0,0,0
62432,2,1,0,0,0,0,0,0,7,0,0,0
62432,3,1,0,0,0,0,0,0,0,0,0,0
62433,1,1,23,23,23,23,23,23,23,23,23,23
62434,1,1,18,24,21,19,24,0,13,5,14,13
62435,1,1,0,0,0,0,0,0,0,0,0,0
62436,1,1,0,0,0,0,0,0,0,0,0,0
62437,1,1,0,0,0,0,0,0,0,0,0,0
62438,1,1,23,13,28,18,20,10,23,16,25,18
62439,1,1,0,0,0,0,0,0,0,0,0,0
62440,1,1,0,0,0,0,7,0,0,10,12,14
62441,1,1,13,13,13,13,13,13,13,13,13,13
62442,1,1,0,0,0,0,0,0,0,0,0,0
62443,1,1,23,23,23,23,23,23,23,23,23,23
62444,1,1,0,0,0,0,0,0,0,0,0,0
62444,2,1,0,0,0,0,0,0,0,0,0,0
62445,1,1,6,6,6,6,6,6,6,6,6,6
62445,2,1,0,0,0,0,11,0,0,0,0,0
62446,1,1,0,0,0,0,0,0,0,0,0,0
62446,2,1,0,0,0,0,0,0,0,0,0,0
62447,0,1,26,26,26,26,26,26,26,26,26,26
62447,1,1,10,0,0,25,19,17,0,19,0,0
62448,1,1,0,0,0,0,0,0,0,0,0,0
62449,1,1,0,0,0,0,0,0,0,0,0,0
62450,1,1,0,0,0,0,0,0,0,0,0,0
62450,2,1,0,0,0,0,0,0,0,0,0,0
62451,1,1,0,0,0,0,0,0,0,0,0,0
62452,1,1,0,21,0,0,0,0,0,0,0,0
62452,2,1,0,0,0,0,0,0,0,0,0,0
62453,1,1,16,16,16,16,16,16,16,16,16,16
62454,1,1,0,0,0,0,0,0,0,0,0,0
62455,1,1,0,0,0,0,0,0,0,0,0,0
62456,1,1,14,14,14,14,14,14,14,14,14,14
62456,2,1,1,1,1,1,1,1,1,1,1,1
62457,0,1,0,0,0,0,0,0,0,0,0,0
62457,1,1,0,0,0,0,0,0,0,0,0,0
62458,1,1,12,12,12,12,12,12,12,12,12,12
62459,1,1,0,0,0,0,0,0,15,0,0,0
62459,2,1,0,0,0,0,0,0,0,0,0,0
62460,1,1,0,11,0,0,0,0,0,0,0,0
62460,2,1,0,0,0,0,0,0,0,0,0,0
62461,1,1,0,0,0,0,11,5,0,0,0,0
62462,1,1,0,0,0,0,0,0,0,0,0,0
62462,2,1,0,0,0,0,0,0,0,0,0,0
62463,1,1,20,20,20,20,20,20,20,20,20,20
62464,1,1,19,19,19,19,19,19,19,19,19,19
62464,2,1,0,0,0,0,0,0,0,0,0,0
62465,1,1,11,11,11,11,11,11,11,11,11,11
62465,2,1,0,0,0,0,0,0,0,0,0,0
62466,1,1,0,0,0,0,0,0,0,0,0,0
62466,2,1,0,0,0,0,0,0,0,0,0,0
62467,1,1,7,7,7,7,7,7,7,7,7,7
62467,2,1,0,0,0,0,0,0,0,0,0,0
62467,3,1,0,4,0,0,0,0,0,0,0,0
62468,1,1,0,9,0,27,17,7,0,27,0,12
62468,2,1,0,0,0,0,0,0,0,0,0,0
62469,1,1,0,13,0,0,0,0,0,0,0,0
62470,1,1,0,0,0,0,0,0,0,0,0,0
62470,2,1,0,0,0,0,0,0,0,0,0,0
62471,0,1,0,0,0,0,0,0,0,0,0,0
62471,1,1,0,0,0,0,0,0,0,0,0,0
62472,1,1,22,22,22,22,22,22,22,22,22,22
62473,1,1,5,5,5,5,5,5,5,5,5,5
62473,2,1,0,0,0,0,0,0,0,0,0,0
62474,1,1,8,8,8,8,8,8,8,8,8,8
62475,1,1,0,0,0,0,0,0,0,0,0,0
62475,2,1,0,0,0,0,0,0,0,0,0,0
62476,1,1,8,8,8,8,8,8,8,8,8,8
62477,1,1,0,0,0,0,0,0,0,0,0,0
62478,1,1,24,24,24,24,24,24,24,24,24,24
62478,2,1,0,0,0,0,0,14,0,0,0,0
62479,1,1,0,0,0,0,0,0,0,0,0,0
62479,2,1,0,0,0,0,0,0,0,0,0,0
62480,1,1,0,0,0,0,0,0,0,0,0,0
62480,2,1,0,0,0,0,0,0,0,0,0,0
62481,1,1,1,1,1,1,1,1,1,1,1,1
62481,2,1,0,0,0,0,0,0,0,0,0,0
62481,3,1,0,0,0,0,0,0,0,0,0,0
62482,1,1,17,17,17,17,17,17,17,17,17,17
62482,2,1,0,0,0,0,0,0,0,0,0,0
62483,0,1,0,0,0,0,0,0,0,0,0,0
62483,1,1,20,20,20,20,20,20,20,20,20,20
62484,1,1,0,0,0,0,0,0,0,0,0,0
62485,1,1,17,17,17,17,17,17,17,17,17,17
62486,0,1,29,29,29,29,29,29,29,29,29,29
62486,1,1,0,0,0,0,0,0,0,0,0,0
62487,0,1,11,11,11,11,11,11,11,11,11,11
62487,1,1,0,0,0,0,0,0,0,0,0,0
62487,2,1,0,0,0,0,0,0,0,0,0,0
62487,3,1,0,0,0,0,0,0,0,0,0,0
62488,0,1,31,31,31,31,31,31,31,31,31,31
62488,1,1,0,0,0,0,0,0,0,0,0,0
62489,1,1,0,0,0,0,0,0,0,0,0,0
62490,1,1,19,19,19,19,19,19,19,19,19,19
62491,1,1,0,0,0,0,0,0,0,0,0,0
62491,2,1,0,0,0,0,0,0,0,0,0,0
62491,3,1,0,0,0,0,0,0,0,0,20,0
62491,4,1,0,0,0,0,0,0,0,0,0,0
62491,5,1,0,0,0,0,0,0,0,0,0,0
62492,1,1,16,16,16,16,16,16,16,16,16,16
62493,1,1,0,0,0,0,0,0,0,0,0,0
62493,2,1,0,0,0,0,0,0,0,0,0,0
62493,3,1,0,20,0,0,0,0,0,32,0,0
62494,1,1,0,0,0,0,0,0,12,0,0,0
62494,2,1,0,0,0,0,0,0,0,0,0,0
62495,0,1,0,0,0,0,0,0,0,0,0,0
62495,1,1,0,0,0,14,0,0,0,0,0,0
62496,1,1,22,22,22,22,22,22,22,22,22,22
62497,0,1,0,0,0,0,0,0,0,0,0,0
62497,1,1,0,0,0,0,0,0,0,0,0,0
62498,1,1,10,10,10,10,10,10,10,10,10,10
62498,2,1,0,0,0,0,0,0,0,0,0,0
62499,1,1,0,0,0,0,0,0,0,0,0,0
62500,1,1,44,44,44,44,44,44,44,44,44,44
62501,1,1,21,21,21,21,21,21,21,21,21,21
62501,2,1,0,0,0,0,0,0,0,0,0,0
62502,0,1,5,5,5,5,5,5,5,5,5,5
62502,0,2,0,0,0,0,0,0,0,0,0,0
62502,1,1,0,0,0,0,0,0,0,0,0,0
62502,3,1,0,0,0,0,0,0,0,0,0,0
62502,4,1,14,0,0,0,0,0,0,0,0,12
62502,5,1,0,0,0,0,0,0,0,26,14,0
62503,1,1,11,11,11,11,11,11,11,11,11,11
62503,2,1,0,0,0,0,0,0,0,0,0,0
62503,3,1,0,0,0,0,0,0,0,0,0,0
62503,4,1,0,0,0,0,0,0,0,0,0,0
62504,0,1,38,38,38,38,38,38,38,38,38,38
62504,1,1,13,13,13,13,13,13,13,13,13,13
62505,0,1,1,1,1,1,1,1,1,1,1,1
62505,1,1,0,0,0,0,0,0,0,0,0,0
62506,1,1,0,0,0,0,0,0,0,0,0,0
62507,1,1,0,0,0,0,0,0,0,0,0,0
62507,2,1,0,0,0,0,0,0,0,0,0,0
62508,0,1,12,12,12,12,12,12,12,12,12,12
62508,1,1,0,0,0,0,0,0,0,0,0,0
62509,1,1,0,0,0,0,0,0,0,0,0,0
62510,0,1,31,31,31,31,31,31,31,31,31,31
62510,1,1,0,0,0,0,0,0,0,0,0,0